[INFO] project root: /mnt/core/MLonMCU_proj/software/ball_detection
[INFO] config path: /mnt/core/MLonMCU_proj/software/ball_detection/configs/ball_styolo_nano_simota.yaml
[INFO] dataset_root: /mnt/core/MLonMCU_proj/datasets/BALL
[INFO] images_dir: /mnt/core/MLonMCU_proj/datasets/BALL
[INFO] run directory: /mnt/core/MLonMCU_proj/software/ball_detection/runs/20260601-074845-smallimag_size_v3_smallhead_removed32
[INFO] reuse_splits: True
[WARN] image missing or unsupported extension skipped: /mnt/core/MLonMCU_proj/datasets/BALL/SPLDataset/eliza_ball_line_3/eliza_ball_line_30173.png
[WARN] image missing or unsupported extension skipped: /mnt/core/MLonMCU_proj/datasets/BALL/SPLDataset/eliza_ball_line_3/eliza_ball_line_30173.png
[WARN] image missing or unsupported extension skipped: /mnt/core/MLonMCU_proj/datasets/BALL/SPLDataset/eliza_ball_line_5/eliza_ball_line_50054.png
[WARN] image missing or unsupported extension skipped: /mnt/core/MLonMCU_proj/datasets/BALL/SPLDataset/eliza_ball_line_5/eliza_ball_line_50055.png
[WARN] image missing or unsupported extension skipped: /mnt/core/MLonMCU_proj/datasets/BALL/SPLDataset/oisin_ball_robot/oisin_ball_robot0171.png
[WARN] image missing or unsupported extension skipped: /mnt/core/MLonMCU_proj/datasets/BALL/SPLDataset/oisin_ball_robot/oisin_ball_robot0201.png
[WARN] image missing or unsupported extension skipped: /mnt/core/MLonMCU_proj/datasets/BALL/SPLDataset/oisin_ball_robot/oisin_ball_robot0316.png
[WARN] image missing or unsupported extension skipped: /mnt/core/MLonMCU_proj/datasets/BALL/SPLDataset/oisin_ball_robot/oisin_ball_robot0486.png
[WARN] image missing or unsupported extension skipped: /mnt/core/MLonMCU_proj/datasets/BALL/SPLDataset/robby_rc16_ball2/robby_rc16_ball20001.png
[WARN] image missing or unsupported extension skipped: /mnt/core/MLonMCU_proj/datasets/BALL/SPLDataset/robby_rc16_ball2/robby_rc16_ball20127.png
[WARN] image missing or unsupported extension skipped: /mnt/core/MLonMCU_proj/datasets/BALL/SPLDataset/robby_rc16_ball2/robby_rc16_ball20201.png
[WARN] image missing or unsupported extension skipped: /mnt/core/MLonMCU_proj/datasets/BALL/SPLDataset/robby_rc16_ball2/robby_rc16_ball20437.png
[WARN] image missing or unsupported extension skipped: /mnt/core/MLonMCU_proj/datasets/BALL/SPLDataset/robby_rc16_ball2/robby_rc16_ball20507.png
[WARN] image missing or unsupported extension skipped: /mnt/core/MLonMCU_proj/datasets/BALL/SPLDataset/robby_rc16_ball2/robby_rc16_ball20570.png
[WARN] image missing or unsupported extension skipped: /mnt/core/MLonMCU_proj/datasets/BALL/SPLDataset/robby_rc16_ball2/robby_rc16_ball20576.png
[WARN] image missing or unsupported extension skipped: /mnt/core/MLonMCU_proj/datasets/BALL/SPLDataset/robby_rc16_ball2/robby_rc16_ball20583.png
[WARN] image missing or unsupported extension skipped: /mnt/core/MLonMCU_proj/datasets/BALL/SPLDataset/robby_rc16_ball2/robby_rc16_ball20621.png
[WARN] image missing or unsupported extension skipped: /mnt/core/MLonMCU_proj/datasets/BALL/SPLDataset/robby_rc16_ball2/robby_rc16_ball20633.png
[WARN] image missing or unsupported extension skipped: /mnt/core/MLonMCU_proj/datasets/BALL/SPLDataset/robby_rc16_ball2/robby_rc16_ball20635.png
[WARN] image missing or unsupported extension skipped: /mnt/core/MLonMCU_proj/datasets/BALL/SPLDataset/robby_rc16_ball2/robby_rc16_ball20231.png
[WARN] image missing or unsupported extension skipped: /mnt/core/MLonMCU_proj/datasets/BALL/SPLDataset/robby_rc16_ball2/robby_rc16_ball20231.png
[INFO] Reusing existing split files: /mnt/core/MLonMCU_proj/software/ball_detection/splits/train.txt, /mnt/core/MLonMCU_proj/software/ball_detection/splits/val.txt
[INFO] dataset images: 3373
[INFO] train images: 2697 | val images: 676
[INFO] ball annotations used: 3495 (rows raw: 3495)
[INFO] images with/without ball: 2883/490
[INFO] images with/without annotation rows: 2883/490
[INFO] bbox format: {'spl': 'xywh_topleft', 'our': 'xywh_topleft'}
[INFO] duplicate policy: {'spl': 'append', 'our': 'append'}
[INFO] duplicate rows: 612
[INFO] duplicate row overwrites: 0
[INFO] annotation rows with missing image files: 21
[INFO] image read guard: validate_images=True skip_unreadable_images=True read_retry_count=8 unreadable_image_files=0
[INFO] dataset sources: ['spl', 'our']
[INFO] all images per source: {'our': 1041, 'spl': 2332}
[INFO] train images per source: {'our': 832, 'spl': 1865}
[INFO] val images per source: {'our': 209, 'spl': 467}
[INFO] source stats | our: images=1041 rows=1210 imgs_with/without_rows=925/116 boxes=1210 dup_rows=285 unreadable=0 bbox_format=xywh_topleft dup_policy=append
[INFO] source stats | spl: images=2332 rows=2285 imgs_with/without_rows=1958/374 boxes=2285 dup_rows=327 unreadable=0 bbox_format=xywh_topleft dup_policy=append
[INFO] train batch mixing: {'enabled': True, 'per_source_batch_count': {'our': 24, 'spl': 24}, 'num_batches': 78, 'strategy': 'balanced_cycle'}
[INFO] bbox size stats px | w(min/mean/max)=(6.00/71.40/364.00) h(min/mean/max)=(6.00/67.07/239.00)
[INFO] input: 384x288 | color_mode=rgb | channels=3 | resize_policy=resize
[INFO] model: ball_styolo_nano
[INFO] params: 1,489,290
[INFO] device: cuda
[INFO] batch_size: 48
[INFO] num_workers: 8
[INFO] assigner: simota_lite
[INFO] box_loss_type: diou
[INFO] early_stopping enabled=True monitor=val_map5095 mode=max patience=30 min_delta=0.0003
[INFO] train input previews: enabled=False max_per_epoch=5 dir=/mnt/core/MLonMCU_proj/software/ball_detection/runs/20260601-074845-smallimag_size_v3_smallhead_removed32/train_input_previews
[INFO] epoch 1/150 start | lr=0.001
[DEBUG] SimOTA train batch stats:
  images: 48
  empty_images: 6
  gt_count: 53
  candidate_count_mean/min/max: 67.55/35/265
  positives_total: 54
  positives_per_gt_mean/min/max: 1.02/1/2
  positives_stride8: 15
  positives_stride16: 39
  unmatched_gt_count: 0
  fallback_count: 0
  conflict_count: 0
  dynamic_k_mean/min/max: 1.02/1/2
  nonfinite_cost_count: 0
[DEBUG] SimOTA train batch stats:
  images: 48
  empty_images: 5
  gt_count: 61
  candidate_count_mean/min/max: 73.64/35/336
  positives_total: 162
  positives_per_gt_mean/min/max: 2.66/1/5
  positives_stride8: 130
  positives_stride16: 32
  unmatched_gt_count: 0
  fallback_count: 0
  conflict_count: 0
  dynamic_k_mean/min/max: 2.66/1/5
  nonfinite_cost_count: 0
[DEBUG] SimOTA train batch stats:
  images: 48
  empty_images: 6
  gt_count: 57
  candidate_count_mean/min/max: 77.26/30/231
  positives_total: 168
  positives_per_gt_mean/min/max: 2.95/0/5
  positives_stride8: 98
  positives_stride16: 70
  unmatched_gt_count: 4
  fallback_count: 0
  conflict_count: 5
  dynamic_k_mean/min/max: 3.04/1/5
  nonfinite_cost_count: 0
[DEBUG] SimOTA train batch stats:
  images: 48
  empty_images: 9
  gt_count: 49
  candidate_count_mean/min/max: 93.55/35/400
  positives_total: 174
  positives_per_gt_mean/min/max: 3.55/1/5
  positives_stride8: 95
  positives_stride16: 79
  unmatched_gt_count: 0
  fallback_count: 0
  conflict_count: 0
  dynamic_k_mean/min/max: 3.55/1/5
  nonfinite_cost_count: 0
[DEBUG] SimOTA val batch stats:
  images: 48
  empty_images: 1
  gt_count: 47
  candidate_count_mean/min/max: 93.02/49/151
  positives_total: 210
  positives_per_gt_mean/min/max: 4.47/1/5
  positives_stride8: 80
  positives_stride16: 130
  unmatched_gt_count: 0
  fallback_count: 0
  conflict_count: 0
  dynamic_k_mean/min/max: 4.47/1/5
  nonfinite_cost_count: 0
[INFO] epoch summary | train loss=2.5084 obj=0.0237 box=0.4969 pos=163.65 | val loss=2.2392 map50=0.0001 map5095=0.0000 P=0.0000 R=0.0000 F1=0.0000
[INFO] val extras | mean_iou=0.0000 center_err_px(mean/med/p95)=0.00/0.00/0.00 center_err_norm_diag(mean/med/p95)=0.0000/0.0000/0.0000 fp/img=0.0000 small/med/large recall=0.0000/0.0000/0.0000 counts=233/223/215
[INFO] saved per-epoch checkpoint: /mnt/core/MLonMCU_proj/software/ball_detection/runs/20260601-074845-smallimag_size_v3_smallhead_removed32/checkpoints/001_epoch.pt
[INFO] new best checkpoint at epoch 1: /mnt/core/MLonMCU_proj/software/ball_detection/runs/20260601-074845-smallimag_size_v3_smallhead_removed32/checkpoints/best.pt
[INFO] epoch 2/150 start | lr=0.00099989
[DEBUG] SimOTA train batch stats:
  images: 48
  empty_images: 7
  gt_count: 51
  candidate_count_mean/min/max: 75.76/30/212
  positives_total: 209
  positives_per_gt_mean/min/max: 4.10/1/5
  positives_stride8: 100
  positives_stride16: 109
  unmatched_gt_count: 0
  fallback_count: 0
  conflict_count: 0
  dynamic_k_mean/min/max: 4.10/1/5
  nonfinite_cost_count: 0
[DEBUG] SimOTA train batch stats:
  images: 48
  empty_images: 6
  gt_count: 47
  candidate_count_mean/min/max: 81.38/50/250
  positives_total: 188
  positives_per_gt_mean/min/max: 4.00/1/5
  positives_stride8: 89
  positives_stride16: 99
  unmatched_gt_count: 0
  fallback_count: 0
  conflict_count: 0
  dynamic_k_mean/min/max: 4.00/1/5
  nonfinite_cost_count: 0
[DEBUG] SimOTA train batch stats:
  images: 48
  empty_images: 4
  gt_count: 56
  candidate_count_mean/min/max: 75.62/27/250
  positives_total: 231
  positives_per_gt_mean/min/max: 4.12/1/5
  positives_stride8: 98
  positives_stride16: 133
  unmatched_gt_count: 0
  fallback_count: 0
  conflict_count: 0
  dynamic_k_mean/min/max: 4.12/1/5
  nonfinite_cost_count: 0
[DEBUG] SimOTA train batch stats:
  images: 48
  empty_images: 4
  gt_count: 51
  candidate_count_mean/min/max: 68.02/49/180
  positives_total: 228
  positives_per_gt_mean/min/max: 4.47/2/5
  positives_stride8: 98
  positives_stride16: 130
  unmatched_gt_count: 0
  fallback_count: 0
  conflict_count: 0
  dynamic_k_mean/min/max: 4.47/2/5
  nonfinite_cost_count: 0
[DEBUG] SimOTA val batch stats:
  images: 48
  empty_images: 11
  gt_count: 37
  candidate_count_mean/min/max: 58.78/45/151
  positives_total: 126
  positives_per_gt_mean/min/max: 3.41/1/5
  positives_stride8: 75
  positives_stride16: 51
  unmatched_gt_count: 0
  fallback_count: 0
  conflict_count: 0
  dynamic_k_mean/min/max: 3.41/1/5
  nonfinite_cost_count: 0
[INFO] epoch summary | train loss=1.8929 obj=0.0028 box=0.3780 pos=214.15 | val loss=1.8263 map50=0.0019 map5095=0.0006 P=0.0000 R=0.0000 F1=0.0000
[INFO] val extras | mean_iou=0.0000 center_err_px(mean/med/p95)=0.00/0.00/0.00 center_err_norm_diag(mean/med/p95)=0.0000/0.0000/0.0000 fp/img=0.0000 small/med/large recall=0.0000/0.0000/0.0000 counts=233/223/215
[INFO] saved per-epoch checkpoint: /mnt/core/MLonMCU_proj/software/ball_detection/runs/20260601-074845-smallimag_size_v3_smallhead_removed32/checkpoints/002_epoch.pt
[INFO] new best checkpoint at epoch 2: /mnt/core/MLonMCU_proj/software/ball_detection/runs/20260601-074845-smallimag_size_v3_smallhead_removed32/checkpoints/best.pt
[INFO] epoch 3/150 start | lr=0.000999562
[DEBUG] SimOTA train batch stats:
  images: 48
  empty_images: 2
  gt_count: 56
  candidate_count_mean/min/max: 88.88/35/418
  positives_total: 236
  positives_per_gt_mean/min/max: 4.21/1/5
  positives_stride8: 96
  positives_stride16: 140
  unmatched_gt_count: 0
  fallback_count: 0
  conflict_count: 0
  dynamic_k_mean/min/max: 4.21/1/5
  nonfinite_cost_count: 0
[DEBUG] SimOTA train batch stats:
  images: 48
  empty_images: 7
  gt_count: 49
  candidate_count_mean/min/max: 70.49/45/218
  positives_total: 217
  positives_per_gt_mean/min/max: 4.43/1/5
  positives_stride8: 95
  positives_stride16: 122
  unmatched_gt_count: 0
  fallback_count: 0
  conflict_count: 0
  dynamic_k_mean/min/max: 4.43/1/5
  nonfinite_cost_count: 0
[DEBUG] SimOTA train batch stats:
  images: 48
  empty_images: 9
  gt_count: 53
  candidate_count_mean/min/max: 82.57/35/227
  positives_total: 238
  positives_per_gt_mean/min/max: 4.49/1/5
  positives_stride8: 78
  positives_stride16: 160
  unmatched_gt_count: 0
  fallback_count: 0
  conflict_count: 0
  dynamic_k_mean/min/max: 4.49/1/5
  nonfinite_cost_count: 0
[DEBUG] SimOTA train batch stats:
  images: 48
  empty_images: 14
  gt_count: 44
  candidate_count_mean/min/max: 87.57/45/348
  positives_total: 208
  positives_per_gt_mean/min/max: 4.73/2/5
  positives_stride8: 49
  positives_stride16: 159
  unmatched_gt_count: 0
  fallback_count: 0
  conflict_count: 0
  dynamic_k_mean/min/max: 4.73/2/5
  nonfinite_cost_count: 0
[INFO] epoch summary | train loss=1.6046 obj=0.0027 box=0.3204 pos=233.00 | val loss=1.5827 map50=0.0833 map5095=0.0382 P=0.0000 R=0.0000 F1=0.0000
[INFO] val extras | mean_iou=0.0000 center_err_px(mean/med/p95)=0.00/0.00/0.00 center_err_norm_diag(mean/med/p95)=0.0000/0.0000/0.0000 fp/img=0.0000 small/med/large recall=0.0000/0.0000/0.0000 counts=233/223/215
[INFO] saved per-epoch checkpoint: /mnt/core/MLonMCU_proj/software/ball_detection/runs/20260601-074845-smallimag_size_v3_smallhead_removed32/checkpoints/003_epoch.pt
[INFO] new best checkpoint at epoch 3: /mnt/core/MLonMCU_proj/software/ball_detection/runs/20260601-074845-smallimag_size_v3_smallhead_removed32/checkpoints/best.pt
[INFO] epoch 4/150 start | lr=0.000999014
[DEBUG] SimOTA train batch stats:
  images: 48
  empty_images: 3
  gt_count: 52
  candidate_count_mean/min/max: 84.23/45/418
  positives_total: 241
  positives_per_gt_mean/min/max: 4.63/1/5
  positives_stride8: 68
  positives_stride16: 173
  unmatched_gt_count: 0
  fallback_count: 0
  conflict_count: 0
  dynamic_k_mean/min/max: 4.63/1/5
  nonfinite_cost_count: 0
[DEBUG] SimOTA train batch stats:
  images: 48
  empty_images: 11
  gt_count: 48
  candidate_count_mean/min/max: 80.42/35/392
  positives_total: 221
  positives_per_gt_mean/min/max: 4.60/1/5
  positives_stride8: 48
  positives_stride16: 173
  unmatched_gt_count: 0
  fallback_count: 0
  conflict_count: 0
  dynamic_k_mean/min/max: 4.60/1/5
  nonfinite_cost_count: 0
[DEBUG] SimOTA train batch stats:
  images: 48
  empty_images: 6
  gt_count: 54
  candidate_count_mean/min/max: 73.35/27/357
  positives_total: 244
  positives_per_gt_mean/min/max: 4.52/0/5
  positives_stride8: 68
  positives_stride16: 176
  unmatched_gt_count: 1
  fallback_count: 0
  conflict_count: 10
  dynamic_k_mean/min/max: 4.70/2/5
  nonfinite_cost_count: 0
[DEBUG] SimOTA train batch stats:
  images: 48
  empty_images: 10
  gt_count: 46
  candidate_count_mean/min/max: 71.09/45/546
  positives_total: 218
  positives_per_gt_mean/min/max: 4.74/2/5
  positives_stride8: 76
  positives_stride16: 142
  unmatched_gt_count: 0
  fallback_count: 0
  conflict_count: 0
  dynamic_k_mean/min/max: 4.74/2/5
  nonfinite_cost_count: 0
[DEBUG] SimOTA val batch stats:
  images: 48
  empty_images: 3
  gt_count: 75
  candidate_count_mean/min/max: 56.43/30/146
  positives_total: 306
  positives_per_gt_mean/min/max: 4.08/2/5
  positives_stride8: 113
  positives_stride16: 193
  unmatched_gt_count: 0
  fallback_count: 0
  conflict_count: 0
  dynamic_k_mean/min/max: 4.08/2/5
  nonfinite_cost_count: 0
[INFO] epoch summary | train loss=1.5636 obj=0.0023 box=0.3123 pos=240.55 | val loss=1.6679 map50=0.2444 map5095=0.1240 P=0.4167 R=0.0224 F1=0.0424
[INFO] val extras | mean_iou=0.7520 center_err_px(mean/med/p95)=3.24/3.34/5.25 center_err_norm_diag(mean/med/p95)=0.0041/0.0042/0.0066 fp/img=0.0311 small/med/large recall=0.0386/0.0269/0.0000 counts=233/223/215
[INFO] saved per-epoch checkpoint: /mnt/core/MLonMCU_proj/software/ball_detection/runs/20260601-074845-smallimag_size_v3_smallhead_removed32/checkpoints/004_epoch.pt
[INFO] new best checkpoint at epoch 4: /mnt/core/MLonMCU_proj/software/ball_detection/runs/20260601-074845-smallimag_size_v3_smallhead_removed32/checkpoints/best.pt
[INFO] epoch 5/150 start | lr=0.000998248
[DEBUG] SimOTA train batch stats:
  images: 48
  empty_images: 4
  gt_count: 51
  candidate_count_mean/min/max: 72.75/32/259
  positives_total: 235
  positives_per_gt_mean/min/max: 4.61/1/5
  positives_stride8: 46
  positives_stride16: 189
  unmatched_gt_count: 0
  fallback_count: 0
  conflict_count: 0
  dynamic_k_mean/min/max: 4.61/1/5
  nonfinite_cost_count: 0
[DEBUG] SimOTA train batch stats:
  images: 48
  empty_images: 6
  gt_count: 51
  candidate_count_mean/min/max: 77.35/45/392
  positives_total: 242
  positives_per_gt_mean/min/max: 4.75/2/5
  positives_stride8: 57
  positives_stride16: 185
  unmatched_gt_count: 0
  fallback_count: 0
  conflict_count: 0
  dynamic_k_mean/min/max: 4.75/2/5
  nonfinite_cost_count: 0
[DEBUG] SimOTA train batch stats:
  images: 48
  empty_images: 8
  gt_count: 52
  candidate_count_mean/min/max: 79.12/45/213
  positives_total: 247
  positives_per_gt_mean/min/max: 4.75/3/5
  positives_stride8: 53
  positives_stride16: 194
  unmatched_gt_count: 0
  fallback_count: 0
  conflict_count: 0
  dynamic_k_mean/min/max: 4.75/3/5
  nonfinite_cost_count: 0
[DEBUG] SimOTA train batch stats:
  images: 48
  empty_images: 10
  gt_count: 48
  candidate_count_mean/min/max: 74.81/35/320
  positives_total: 227
  positives_per_gt_mean/min/max: 4.73/1/5
  positives_stride8: 49
  positives_stride16: 178
  unmatched_gt_count: 0
  fallback_count: 0
  conflict_count: 1
  dynamic_k_mean/min/max: 4.75/1/5
  nonfinite_cost_count: 0
[DEBUG] SimOTA val batch stats:
  images: 48
  empty_images: 4
  gt_count: 48
  candidate_count_mean/min/max: 61.46/32/151
  positives_total: 209
  positives_per_gt_mean/min/max: 4.35/1/5
  positives_stride8: 55
  positives_stride16: 154
  unmatched_gt_count: 0
  fallback_count: 0
  conflict_count: 0
  dynamic_k_mean/min/max: 4.35/1/5
  nonfinite_cost_count: 0
[INFO] epoch summary | train loss=1.5207 obj=0.0021 box=0.3037 pos=244.42 | val loss=1.4614 map50=0.3840 map5095=0.2238 P=0.8469 R=0.1237 F1=0.2159
[INFO] val extras | mean_iou=0.8332 center_err_px(mean/med/p95)=2.27/2.02/5.19 center_err_norm_diag(mean/med/p95)=0.0028/0.0025/0.0065 fp/img=0.0222 small/med/large recall=0.1416/0.2242/0.0000 counts=233/223/215
[INFO] saved per-epoch checkpoint: /mnt/core/MLonMCU_proj/software/ball_detection/runs/20260601-074845-smallimag_size_v3_smallhead_removed32/checkpoints/005_epoch.pt
[INFO] new best checkpoint at epoch 5: /mnt/core/MLonMCU_proj/software/ball_detection/runs/20260601-074845-smallimag_size_v3_smallhead_removed32/checkpoints/best.pt
[INFO] epoch 6/150 start | lr=0.000997264
[DEBUG] SimOTA train batch stats:
  images: 48
  empty_images: 7
  gt_count: 50
  candidate_count_mean/min/max: 81.92/30/373
  positives_total: 236
  positives_per_gt_mean/min/max: 4.72/1/5
  positives_stride8: 47
  positives_stride16: 189
  unmatched_gt_count: 0
  fallback_count: 0
  conflict_count: 1
  dynamic_k_mean/min/max: 4.74/2/5
  nonfinite_cost_count: 0
[DEBUG] SimOTA train batch stats:
  images: 48
  empty_images: 4
  gt_count: 52
  candidate_count_mean/min/max: 82.96/30/540
  positives_total: 247
  positives_per_gt_mean/min/max: 4.75/1/5
  positives_stride8: 51
  positives_stride16: 196
  unmatched_gt_count: 0
  fallback_count: 0
  conflict_count: 0
  dynamic_k_mean/min/max: 4.75/1/5
  nonfinite_cost_count: 0
[DEBUG] SimOTA train batch stats:
  images: 48
  empty_images: 9
  gt_count: 47
  candidate_count_mean/min/max: 87.60/27/265
  positives_total: 230
  positives_per_gt_mean/min/max: 4.89/2/5
  positives_stride8: 44
  positives_stride16: 186
  unmatched_gt_count: 0
  fallback_count: 0
  conflict_count: 0
  dynamic_k_mean/min/max: 4.89/2/5
  nonfinite_cost_count: 0
[DEBUG] SimOTA train batch stats:
  images: 48
  empty_images: 9
  gt_count: 48
  candidate_count_mean/min/max: 84.00/45/373
  positives_total: 238
  positives_per_gt_mean/min/max: 4.96/3/5
  positives_stride8: 45
  positives_stride16: 193
  unmatched_gt_count: 0
  fallback_count: 0
  conflict_count: 0
  dynamic_k_mean/min/max: 4.96/3/5
  nonfinite_cost_count: 0
[INFO] epoch summary | train loss=1.4694 obj=0.0020 box=0.2935 pos=247.41 | val loss=1.4294 map50=0.4323 map5095=0.2652 P=0.8141 R=0.1893 F1=0.3071
[INFO] val extras | mean_iou=0.8433 center_err_px(mean/med/p95)=2.77/2.38/7.29 center_err_norm_diag(mean/med/p95)=0.0035/0.0030/0.0091 fp/img=0.0429 small/med/large recall=0.1202/0.4215/0.0233 counts=233/223/215
[INFO] saved per-epoch checkpoint: /mnt/core/MLonMCU_proj/software/ball_detection/runs/20260601-074845-smallimag_size_v3_smallhead_removed32/checkpoints/006_epoch.pt
[INFO] new best checkpoint at epoch 6: /mnt/core/MLonMCU_proj/software/ball_detection/runs/20260601-074845-smallimag_size_v3_smallhead_removed32/checkpoints/best.pt
[INFO] epoch 7/150 start | lr=0.000996061
[DEBUG] SimOTA train batch stats:
  images: 48
  empty_images: 7
  gt_count: 48
  candidate_count_mean/min/max: 71.10/35/373
  positives_total: 230
  positives_per_gt_mean/min/max: 4.79/2/5
  positives_stride8: 49
  positives_stride16: 181
  unmatched_gt_count: 0
  fallback_count: 0
  conflict_count: 0
  dynamic_k_mean/min/max: 4.79/2/5
  nonfinite_cost_count: 0
[DEBUG] SimOTA train batch stats:
  images: 48
  empty_images: 3
  gt_count: 54
  candidate_count_mean/min/max: 72.50/35/168
  positives_total: 261
  positives_per_gt_mean/min/max: 4.83/3/5
  positives_stride8: 61
  positives_stride16: 200
  unmatched_gt_count: 0
  fallback_count: 0
  conflict_count: 0
  dynamic_k_mean/min/max: 4.83/3/5
  nonfinite_cost_count: 0
[DEBUG] SimOTA train batch stats:
  images: 48
  empty_images: 8
  gt_count: 52
  candidate_count_mean/min/max: 72.15/37/243
  positives_total: 254
  positives_per_gt_mean/min/max: 4.88/4/5
  positives_stride8: 38
  positives_stride16: 216
  unmatched_gt_count: 0
  fallback_count: 0
  conflict_count: 1
  dynamic_k_mean/min/max: 4.90/4/5
  nonfinite_cost_count: 0
[DEBUG] SimOTA train batch stats:
  images: 48
  empty_images: 5
  gt_count: 58
  candidate_count_mean/min/max: 65.71/35/213
  positives_total: 280
  positives_per_gt_mean/min/max: 4.83/2/5
  positives_stride8: 46
  positives_stride16: 234
  unmatched_gt_count: 0
  fallback_count: 0
  conflict_count: 1
  dynamic_k_mean/min/max: 4.84/2/5
  nonfinite_cost_count: 0
[DEBUG] SimOTA val batch stats:
  images: 48
  empty_images: 9
  gt_count: 43
  candidate_count_mean/min/max: 49.35/25/62
  positives_total: 208
  positives_per_gt_mean/min/max: 4.84/3/5
  positives_stride8: 53
  positives_stride16: 155
  unmatched_gt_count: 0
  fallback_count: 0
  conflict_count: 0
  dynamic_k_mean/min/max: 4.84/3/5
  nonfinite_cost_count: 0
[INFO] epoch summary | train loss=1.4123 obj=0.0019 box=0.2821 pos=248.82 | val loss=1.4018 map50=0.5140 map5095=0.2966 P=0.9728 R=0.2131 F1=0.3496
[INFO] val extras | mean_iou=0.8166 center_err_px(mean/med/p95)=3.00/2.46/7.32 center_err_norm_diag(mean/med/p95)=0.0037/0.0031/0.0091 fp/img=0.0059 small/med/large recall=0.1202/0.4888/0.0279 counts=233/223/215
[INFO] saved per-epoch checkpoint: /mnt/core/MLonMCU_proj/software/ball_detection/runs/20260601-074845-smallimag_size_v3_smallhead_removed32/checkpoints/007_epoch.pt
[INFO] new best checkpoint at epoch 7: /mnt/core/MLonMCU_proj/software/ball_detection/runs/20260601-074845-smallimag_size_v3_smallhead_removed32/checkpoints/best.pt
[INFO] epoch 8/150 start | lr=0.000994642
[DEBUG] SimOTA train batch stats:
  images: 48
  empty_images: 6
  gt_count: 50
  candidate_count_mean/min/max: 74.42/35/320
  positives_total: 241
  positives_per_gt_mean/min/max: 4.82/3/5
  positives_stride8: 41
  positives_stride16: 200
  unmatched_gt_count: 0
  fallback_count: 0
  conflict_count: 0
  dynamic_k_mean/min/max: 4.82/3/5
  nonfinite_cost_count: 0
[DEBUG] SimOTA train batch stats:
  images: 48
  empty_images: 10
  gt_count: 48
  candidate_count_mean/min/max: 81.54/50/540
  positives_total: 226
  positives_per_gt_mean/min/max: 4.71/2/5
  positives_stride8: 38
  positives_stride16: 188
  unmatched_gt_count: 0
  fallback_count: 0
  conflict_count: 2
  dynamic_k_mean/min/max: 4.75/2/5
  nonfinite_cost_count: 0
[DEBUG] SimOTA train batch stats:
  images: 48
  empty_images: 10
  gt_count: 50
  candidate_count_mean/min/max: 72.24/45/224
  positives_total: 240
  positives_per_gt_mean/min/max: 4.80/2/5
  positives_stride8: 42
  positives_stride16: 198
  unmatched_gt_count: 0
  fallback_count: 0
  conflict_count: 0
  dynamic_k_mean/min/max: 4.80/2/5
  nonfinite_cost_count: 0
[DEBUG] SimOTA train batch stats:
  images: 48
  empty_images: 5
  gt_count: 59
  candidate_count_mean/min/max: 66.59/30/157
  positives_total: 270
  positives_per_gt_mean/min/max: 4.58/1/5
  positives_stride8: 46
  positives_stride16: 224
  unmatched_gt_count: 0
  fallback_count: 0
  conflict_count: 1
  dynamic_k_mean/min/max: 4.59/1/5
  nonfinite_cost_count: 0
[DEBUG] SimOTA val batch stats:
  images: 48
  empty_images: 4
  gt_count: 58
  candidate_count_mean/min/max: 80.17/44/289
  positives_total: 281
  positives_per_gt_mean/min/max: 4.84/2/5
  positives_stride8: 46
  positives_stride16: 235
  unmatched_gt_count: 0
  fallback_count: 0
  conflict_count: 0
  dynamic_k_mean/min/max: 4.84/2/5
  nonfinite_cost_count: 0
[INFO] epoch summary | train loss=1.4073 obj=0.0017 box=0.2811 pos=249.04 | val loss=1.3889 map50=0.4016 map5095=0.2334 P=0.6867 R=0.2548 F1=0.3717
[INFO] val extras | mean_iou=0.8173 center_err_px(mean/med/p95)=3.12/2.47/7.81 center_err_norm_diag(mean/med/p95)=0.0039/0.0031/0.0098 fp/img=0.1154 small/med/large recall=0.1888/0.5695/0.0000 counts=233/223/215
[INFO] saved per-epoch checkpoint: /mnt/core/MLonMCU_proj/software/ball_detection/runs/20260601-074845-smallimag_size_v3_smallhead_removed32/checkpoints/008_epoch.pt
[INFO] early stopping status: bad_epochs=1/30
[INFO] epoch 9/150 start | lr=0.000993005
[DEBUG] SimOTA train batch stats:
  images: 48
  empty_images: 7
  gt_count: 47
  candidate_count_mean/min/max: 83.45/36/265
  positives_total: 224
  positives_per_gt_mean/min/max: 4.77/0/5
  positives_stride8: 29
  positives_stride16: 195
  unmatched_gt_count: 1
  fallback_count: 0
  conflict_count: 2
  dynamic_k_mean/min/max: 4.81/1/5
  nonfinite_cost_count: 0
[DEBUG] SimOTA train batch stats:
  images: 48
  empty_images: 8
  gt_count: 51
  candidate_count_mean/min/max: 74.31/27/274
  positives_total: 238
  positives_per_gt_mean/min/max: 4.67/1/5
  positives_stride8: 35
  positives_stride16: 203
  unmatched_gt_count: 0
  fallback_count: 0
  conflict_count: 0
  dynamic_k_mean/min/max: 4.67/1/5
  nonfinite_cost_count: 0
[DEBUG] SimOTA train batch stats:
  images: 48
  empty_images: 14
  gt_count: 42
  candidate_count_mean/min/max: 79.55/50/289
  positives_total: 202
  positives_per_gt_mean/min/max: 4.81/2/5
  positives_stride8: 32
  positives_stride16: 170
  unmatched_gt_count: 0
  fallback_count: 0
  conflict_count: 0
  dynamic_k_mean/min/max: 4.81/2/5
  nonfinite_cost_count: 0
[DEBUG] SimOTA train batch stats:
  images: 48
  empty_images: 5
  gt_count: 55
  candidate_count_mean/min/max: 80.09/35/392
  positives_total: 264
  positives_per_gt_mean/min/max: 4.80/2/5
  positives_stride8: 28
  positives_stride16: 236
  unmatched_gt_count: 0
  fallback_count: 0
  conflict_count: 3
  dynamic_k_mean/min/max: 4.85/2/5
  nonfinite_cost_count: 0
[INFO] epoch summary | train loss=1.3752 obj=0.0016 box=0.2747 pos=249.10 | val loss=1.3221 map50=0.5190 map5095=0.3268 P=0.7537 R=0.2280 F1=0.3501
[INFO] val extras | mean_iou=0.8468 center_err_px(mean/med/p95)=2.50/1.92/7.24 center_err_norm_diag(mean/med/p95)=0.0031/0.0024/0.0090 fp/img=0.0740 small/med/large recall=0.1674/0.4933/0.0186 counts=233/223/215
[INFO] saved per-epoch checkpoint: /mnt/core/MLonMCU_proj/software/ball_detection/runs/20260601-074845-smallimag_size_v3_smallhead_removed32/checkpoints/009_epoch.pt
[INFO] new best checkpoint at epoch 9: /mnt/core/MLonMCU_proj/software/ball_detection/runs/20260601-074845-smallimag_size_v3_smallhead_removed32/checkpoints/best.pt
[INFO] epoch 10/150 start | lr=0.000991152
[DEBUG] SimOTA train batch stats:
  images: 48
  empty_images: 5
  gt_count: 56
  candidate_count_mean/min/max: 72.95/27/181
  positives_total: 276
  positives_per_gt_mean/min/max: 4.93/4/5
  positives_stride8: 37
  positives_stride16: 239
  unmatched_gt_count: 0
  fallback_count: 0
  conflict_count: 0
  dynamic_k_mean/min/max: 4.93/4/5
  nonfinite_cost_count: 0
[DEBUG] SimOTA train batch stats:
  images: 48
  empty_images: 4
  gt_count: 56
  candidate_count_mean/min/max: 73.04/30/315
  positives_total: 262
  positives_per_gt_mean/min/max: 4.68/1/5
  positives_stride8: 40
  positives_stride16: 222
  unmatched_gt_count: 0
  fallback_count: 0
  conflict_count: 0
  dynamic_k_mean/min/max: 4.68/1/5
  nonfinite_cost_count: 0
[DEBUG] SimOTA train batch stats:
  images: 48
  empty_images: 7
  gt_count: 50
  candidate_count_mean/min/max: 83.88/35/320
  positives_total: 240
  positives_per_gt_mean/min/max: 4.80/1/5
  positives_stride8: 25
  positives_stride16: 215
  unmatched_gt_count: 0
  fallback_count: 0
  conflict_count: 0
  dynamic_k_mean/min/max: 4.80/1/5
  nonfinite_cost_count: 0
[DEBUG] SimOTA train batch stats:
  images: 48
  empty_images: 10
  gt_count: 43
  candidate_count_mean/min/max: 73.72/27/195
  positives_total: 214
  positives_per_gt_mean/min/max: 4.98/4/5
  positives_stride8: 20
  positives_stride16: 194
  unmatched_gt_count: 0
  fallback_count: 0
  conflict_count: 0
  dynamic_k_mean/min/max: 4.98/4/5
  nonfinite_cost_count: 0
[DEBUG] SimOTA val batch stats:
  images: 48
  empty_images: 3
  gt_count: 45
  candidate_count_mean/min/max: 105.00/35/157
  positives_total: 224
  positives_per_gt_mean/min/max: 4.98/4/5
  positives_stride8: 9
  positives_stride16: 215
  unmatched_gt_count: 0
  fallback_count: 0
  conflict_count: 0
  dynamic_k_mean/min/max: 4.98/4/5
  nonfinite_cost_count: 0
[INFO] epoch summary | train loss=1.3611 obj=0.0015 box=0.2719 pos=250.58 | val loss=1.4025 map50=0.5350 map5095=0.3171 P=0.7570 R=0.2414 F1=0.3661
[INFO] val extras | mean_iou=0.8251 center_err_px(mean/med/p95)=3.68/2.74/9.08 center_err_norm_diag(mean/med/p95)=0.0046/0.0034/0.0114 fp/img=0.0769 small/med/large recall=0.1459/0.4978/0.0791 counts=233/223/215
[INFO] saved per-epoch checkpoint: /mnt/core/MLonMCU_proj/software/ball_detection/runs/20260601-074845-smallimag_size_v3_smallhead_removed32/checkpoints/010_epoch.pt
[INFO] early stopping status: bad_epochs=1/30
[INFO] epoch 11/150 start | lr=0.000989085
[DEBUG] SimOTA train batch stats:
  images: 48
  empty_images: 8
  gt_count: 47
  candidate_count_mean/min/max: 90.17/45/392
  positives_total: 228
  positives_per_gt_mean/min/max: 4.85/2/5
  positives_stride8: 25
  positives_stride16: 203
  unmatched_gt_count: 0
  fallback_count: 0
  conflict_count: 0
  dynamic_k_mean/min/max: 4.85/2/5
  nonfinite_cost_count: 0
[DEBUG] SimOTA train batch stats:
  images: 48
  empty_images: 7
  gt_count: 52
  candidate_count_mean/min/max: 85.83/30/418
  positives_total: 254
  positives_per_gt_mean/min/max: 4.88/2/5
  positives_stride8: 26
  positives_stride16: 228
  unmatched_gt_count: 0
  fallback_count: 0
  conflict_count: 1
  dynamic_k_mean/min/max: 4.90/3/5
  nonfinite_cost_count: 0
[DEBUG] SimOTA train batch stats:
  images: 48
  empty_images: 5
  gt_count: 55
  candidate_count_mean/min/max: 82.36/35/270
  positives_total: 274
  positives_per_gt_mean/min/max: 4.98/4/5
  positives_stride8: 26
  positives_stride16: 248
  unmatched_gt_count: 0
  fallback_count: 0
  conflict_count: 0
  dynamic_k_mean/min/max: 4.98/4/5
  nonfinite_cost_count: 0
[DEBUG] SimOTA train batch stats:
  images: 48
  empty_images: 9
  gt_count: 47
  candidate_count_mean/min/max: 90.66/45/392
  positives_total: 224
  positives_per_gt_mean/min/max: 4.77/2/5
  positives_stride8: 28
  positives_stride16: 196
  unmatched_gt_count: 0
  fallback_count: 0
  conflict_count: 1
  dynamic_k_mean/min/max: 4.79/2/5
  nonfinite_cost_count: 0
[DEBUG] SimOTA val batch stats:
  images: 48
  empty_images: 6
  gt_count: 52
  candidate_count_mean/min/max: 74.69/29/259
  positives_total: 242
  positives_per_gt_mean/min/max: 4.65/3/5
  positives_stride8: 20
  positives_stride16: 222
  unmatched_gt_count: 0
  fallback_count: 0
  conflict_count: 1
  dynamic_k_mean/min/max: 4.67/3/5
  nonfinite_cost_count: 0
[INFO] epoch summary | train loss=1.3708 obj=0.0014 box=0.2739 pos=249.74 | val loss=1.3699 map50=0.5565 map5095=0.3185 P=0.9097 R=0.1952 F1=0.3215
[INFO] val extras | mean_iou=0.8057 center_err_px(mean/med/p95)=3.94/2.98/9.13 center_err_norm_diag(mean/med/p95)=0.0049/0.0037/0.0114 fp/img=0.0192 small/med/large recall=0.1631/0.3901/0.0279 counts=233/223/215
[INFO] saved per-epoch checkpoint: /mnt/core/MLonMCU_proj/software/ball_detection/runs/20260601-074845-smallimag_size_v3_smallhead_removed32/checkpoints/011_epoch.pt
[INFO] early stopping status: bad_epochs=2/30
[INFO] epoch 12/150 start | lr=0.000986803
[DEBUG] SimOTA train batch stats:
  images: 48
  empty_images: 6
  gt_count: 53
  candidate_count_mean/min/max: 80.92/45/357
  positives_total: 251
  positives_per_gt_mean/min/max: 4.74/1/5
  positives_stride8: 28
  positives_stride16: 223
  unmatched_gt_count: 0
  fallback_count: 0
  conflict_count: 0
  dynamic_k_mean/min/max: 4.74/1/5
  nonfinite_cost_count: 0
[DEBUG] SimOTA train batch stats:
  images: 48
  empty_images: 7
  gt_count: 50
  candidate_count_mean/min/max: 78.94/50/336
  positives_total: 249
  positives_per_gt_mean/min/max: 4.98/4/5
  positives_stride8: 22
  positives_stride16: 227
  unmatched_gt_count: 0
  fallback_count: 0
  conflict_count: 0
  dynamic_k_mean/min/max: 4.98/4/5
  nonfinite_cost_count: 0
[DEBUG] SimOTA train batch stats:
  images: 48
  empty_images: 8
  gt_count: 52
  candidate_count_mean/min/max: 76.87/45/237
  positives_total: 252
  positives_per_gt_mean/min/max: 4.85/1/5
  positives_stride8: 22
  positives_stride16: 230
  unmatched_gt_count: 0
  fallback_count: 0
  conflict_count: 1
  dynamic_k_mean/min/max: 4.87/2/5
  nonfinite_cost_count: 0
[DEBUG] SimOTA train batch stats:
  images: 48
  empty_images: 8
  gt_count: 51
  candidate_count_mean/min/max: 66.41/30/265
  positives_total: 247
  positives_per_gt_mean/min/max: 4.84/3/5
  positives_stride8: 34
  positives_stride16: 213
  unmatched_gt_count: 0
  fallback_count: 0
  conflict_count: 0
  dynamic_k_mean/min/max: 4.84/3/5
  nonfinite_cost_count: 0
[INFO] epoch summary | train loss=1.3366 obj=0.0013 box=0.2671 pos=250.88 | val loss=1.3313 map50=0.6129 map5095=0.3170 P=0.7905 R=0.3711 F1=0.5051
[INFO] val extras | mean_iou=0.7930 center_err_px(mean/med/p95)=5.73/4.44/14.11 center_err_norm_diag(mean/med/p95)=0.0072/0.0055/0.0176 fp/img=0.0976 small/med/large recall=0.2489/0.5605/0.3070 counts=233/223/215
[INFO] saved per-epoch checkpoint: /mnt/core/MLonMCU_proj/software/ball_detection/runs/20260601-074845-smallimag_size_v3_smallhead_removed32/checkpoints/012_epoch.pt
[INFO] early stopping status: bad_epochs=3/30
[INFO] epoch 13/150 start | lr=0.000984307
[DEBUG] SimOTA train batch stats:
  images: 48
  empty_images: 3
  gt_count: 56
  candidate_count_mean/min/max: 77.04/35/215
  positives_total: 277
  positives_per_gt_mean/min/max: 4.95/3/5
  positives_stride8: 23
  positives_stride16: 254
  unmatched_gt_count: 0
  fallback_count: 0
  conflict_count: 2
  dynamic_k_mean/min/max: 4.98/4/5
  nonfinite_cost_count: 0
[DEBUG] SimOTA train batch stats:
  images: 48
  empty_images: 10
  gt_count: 47
  candidate_count_mean/min/max: 86.94/30/540
  positives_total: 226
  positives_per_gt_mean/min/max: 4.81/1/5
  positives_stride8: 20
  positives_stride16: 206
  unmatched_gt_count: 0
  fallback_count: 0
  conflict_count: 0
  dynamic_k_mean/min/max: 4.81/1/5
  nonfinite_cost_count: 0
[DEBUG] SimOTA train batch stats:
  images: 48
  empty_images: 9
  gt_count: 50
  candidate_count_mean/min/max: 77.02/45/265
  positives_total: 237
  positives_per_gt_mean/min/max: 4.74/0/5
  positives_stride8: 25
  positives_stride16: 212
  unmatched_gt_count: 2
  fallback_count: 0
  conflict_count: 5
  dynamic_k_mean/min/max: 4.84/2/5
  nonfinite_cost_count: 0
[DEBUG] SimOTA train batch stats:
  images: 48
  empty_images: 6
  gt_count: 53
  candidate_count_mean/min/max: 76.70/35/344
  positives_total: 259
  positives_per_gt_mean/min/max: 4.89/2/5
  positives_stride8: 24
  positives_stride16: 235
  unmatched_gt_count: 0
  fallback_count: 0
  conflict_count: 0
  dynamic_k_mean/min/max: 4.89/2/5
  nonfinite_cost_count: 0
[DEBUG] SimOTA val batch stats:
  images: 48
  empty_images: 12
  gt_count: 51
  candidate_count_mean/min/max: 56.25/30/125
  positives_total: 246
  positives_per_gt_mean/min/max: 4.82/3/5
  positives_stride8: 34
  positives_stride16: 212
  unmatched_gt_count: 0
  fallback_count: 0
  conflict_count: 0
  dynamic_k_mean/min/max: 4.82/3/5
  nonfinite_cost_count: 0
[INFO] epoch summary | train loss=1.3413 obj=0.0013 box=0.2680 pos=250.85 | val loss=1.2901 map50=0.7035 map5095=0.3699 P=0.9434 R=0.2981 F1=0.4530
[INFO] val extras | mean_iou=0.8015 center_err_px(mean/med/p95)=5.45/3.91/13.94 center_err_norm_diag(mean/med/p95)=0.0068/0.0049/0.0174 fp/img=0.0178 small/med/large recall=0.1888/0.3587/0.3535 counts=233/223/215
[INFO] saved per-epoch checkpoint: /mnt/core/MLonMCU_proj/software/ball_detection/runs/20260601-074845-smallimag_size_v3_smallhead_removed32/checkpoints/013_epoch.pt
[INFO] new best checkpoint at epoch 13: /mnt/core/MLonMCU_proj/software/ball_detection/runs/20260601-074845-smallimag_size_v3_smallhead_removed32/checkpoints/best.pt
[INFO] epoch 14/150 start | lr=0.0009816
[DEBUG] SimOTA train batch stats:
  images: 48
  empty_images: 4
  gt_count: 56
  candidate_count_mean/min/max: 67.09/27/140
  positives_total: 273
  positives_per_gt_mean/min/max: 4.88/3/5
  positives_stride8: 19
  positives_stride16: 254
  unmatched_gt_count: 0
  fallback_count: 0
  conflict_count: 0
  dynamic_k_mean/min/max: 4.88/3/5
  nonfinite_cost_count: 0
[DEBUG] SimOTA train batch stats:
  images: 48
  empty_images: 10
  gt_count: 51
  candidate_count_mean/min/max: 86.51/45/392
  positives_total: 253
  positives_per_gt_mean/min/max: 4.96/4/5
  positives_stride8: 24
  positives_stride16: 229
  unmatched_gt_count: 0
  fallback_count: 0
  conflict_count: 0
  dynamic_k_mean/min/max: 4.96/4/5
  nonfinite_cost_count: 0
[DEBUG] SimOTA train batch stats:
  images: 48
  empty_images: 5
  gt_count: 55
  candidate_count_mean/min/max: 84.31/30/373
  positives_total: 270
  positives_per_gt_mean/min/max: 4.91/4/5
  positives_stride8: 24
  positives_stride16: 246
  unmatched_gt_count: 0
  fallback_count: 0
  conflict_count: 0
  dynamic_k_mean/min/max: 4.91/4/5
  nonfinite_cost_count: 0
[DEBUG] SimOTA train batch stats:
  images: 48
  empty_images: 4
  gt_count: 55
  candidate_count_mean/min/max: 67.93/45/244
  positives_total: 268
  positives_per_gt_mean/min/max: 4.87/2/5
  positives_stride8: 20
  positives_stride16: 248
  unmatched_gt_count: 0
  fallback_count: 0
  conflict_count: 0
  dynamic_k_mean/min/max: 4.87/2/5
  nonfinite_cost_count: 0
[DEBUG] SimOTA val batch stats:
  images: 48
  empty_images: 6
  gt_count: 44
  candidate_count_mean/min/max: 84.43/50/280
  positives_total: 218
  positives_per_gt_mean/min/max: 4.95/3/5
  positives_stride8: 1
  positives_stride16: 217
  unmatched_gt_count: 0
  fallback_count: 0
  conflict_count: 0
  dynamic_k_mean/min/max: 4.95/3/5
  nonfinite_cost_count: 0
[INFO] epoch summary | train loss=1.3237 obj=0.0012 box=0.2645 pos=251.23 | val loss=1.3018 map50=0.6801 map5095=0.3347 P=0.9621 R=0.3025 F1=0.4603
[INFO] val extras | mean_iou=0.7793 center_err_px(mean/med/p95)=5.47/4.92/12.98 center_err_norm_diag(mean/med/p95)=0.0068/0.0062/0.0162 fp/img=0.0118 small/med/large recall=0.2446/0.4619/0.2000 counts=233/223/215
[INFO] saved per-epoch checkpoint: /mnt/core/MLonMCU_proj/software/ball_detection/runs/20260601-074845-smallimag_size_v3_smallhead_removed32/checkpoints/014_epoch.pt
[INFO] early stopping status: bad_epochs=1/30
[INFO] epoch 15/150 start | lr=0.000978681
[DEBUG] SimOTA train batch stats:
  images: 48
  empty_images: 7
  gt_count: 46
  candidate_count_mean/min/max: 94.37/50/265
  positives_total: 229
  positives_per_gt_mean/min/max: 4.98/4/5
  positives_stride8: 19
  positives_stride16: 210
  unmatched_gt_count: 0
  fallback_count: 0
  conflict_count: 0
  dynamic_k_mean/min/max: 4.98/4/5
  nonfinite_cost_count: 0
[DEBUG] SimOTA train batch stats:
  images: 48
  empty_images: 7
  gt_count: 49
  candidate_count_mean/min/max: 73.53/32/344
  positives_total: 237
  positives_per_gt_mean/min/max: 4.84/2/5
  positives_stride8: 29
  positives_stride16: 208
  unmatched_gt_count: 0
  fallback_count: 0
  conflict_count: 0
  dynamic_k_mean/min/max: 4.84/2/5
  nonfinite_cost_count: 0
[DEBUG] SimOTA train batch stats:
  images: 48
  empty_images: 9
  gt_count: 51
  candidate_count_mean/min/max: 83.33/35/546
  positives_total: 240
  positives_per_gt_mean/min/max: 4.71/1/5
  positives_stride8: 32
  positives_stride16: 208
  unmatched_gt_count: 0
  fallback_count: 0
  conflict_count: 0
  dynamic_k_mean/min/max: 4.71/1/5
  nonfinite_cost_count: 0
[DEBUG] SimOTA train batch stats:
  images: 48
  empty_images: 8
  gt_count: 45
  candidate_count_mean/min/max: 81.98/45/418
  positives_total: 206
  positives_per_gt_mean/min/max: 4.58/0/5
  positives_stride8: 18
  positives_stride16: 188
  unmatched_gt_count: 1
  fallback_count: 0
  conflict_count: 4
  dynamic_k_mean/min/max: 4.67/1/5
  nonfinite_cost_count: 0
[INFO] epoch summary | train loss=1.2907 obj=0.0012 box=0.2579 pos=250.65 | val loss=1.3231 map50=0.6262 map5095=0.3056 P=0.9005 R=0.2832 F1=0.4308
[INFO] val extras | mean_iou=0.7661 center_err_px(mean/med/p95)=5.69/5.30/13.06 center_err_norm_diag(mean/med/p95)=0.0071/0.0066/0.0163 fp/img=0.0311 small/med/large recall=0.2704/0.4709/0.1023 counts=233/223/215
[INFO] saved per-epoch checkpoint: /mnt/core/MLonMCU_proj/software/ball_detection/runs/20260601-074845-smallimag_size_v3_smallhead_removed32/checkpoints/015_epoch.pt
[INFO] early stopping status: bad_epochs=2/30
[INFO] epoch 16/150 start | lr=0.000975553
[DEBUG] SimOTA train batch stats:
  images: 48
  empty_images: 12
  gt_count: 41
  candidate_count_mean/min/max: 84.85/35/336
  positives_total: 204
  positives_per_gt_mean/min/max: 4.98/4/5
  positives_stride8: 23
  positives_stride16: 181
  unmatched_gt_count: 0
  fallback_count: 0
  conflict_count: 1
  dynamic_k_mean/min/max: 5.00/5/5
  nonfinite_cost_count: 0
[DEBUG] SimOTA train batch stats:
  images: 48
  empty_images: 7
  gt_count: 48
  candidate_count_mean/min/max: 80.88/50/265
  positives_total: 236
  positives_per_gt_mean/min/max: 4.92/4/5
  positives_stride8: 15
  positives_stride16: 221
  unmatched_gt_count: 0
  fallback_count: 0
  conflict_count: 0
  dynamic_k_mean/min/max: 4.92/4/5
  nonfinite_cost_count: 0
[DEBUG] SimOTA train batch stats:
  images: 48
  empty_images: 5
  gt_count: 59
  candidate_count_mean/min/max: 81.02/45/540
  positives_total: 292
  positives_per_gt_mean/min/max: 4.95/3/5
  positives_stride8: 32
  positives_stride16: 260
  unmatched_gt_count: 0
  fallback_count: 0
  conflict_count: 0
  dynamic_k_mean/min/max: 4.95/3/5
  nonfinite_cost_count: 0
[DEBUG] SimOTA train batch stats:
  images: 48
  empty_images: 5
  gt_count: 51
  candidate_count_mean/min/max: 80.51/35/265
  positives_total: 254
  positives_per_gt_mean/min/max: 4.98/4/5
  positives_stride8: 10
  positives_stride16: 244
  unmatched_gt_count: 0
  fallback_count: 0
  conflict_count: 0
  dynamic_k_mean/min/max: 4.98/4/5
  nonfinite_cost_count: 0
[DEBUG] SimOTA val batch stats:
  images: 48
  empty_images: 15
  gt_count: 37
  candidate_count_mean/min/max: 92.30/35/140
  positives_total: 178
  positives_per_gt_mean/min/max: 4.81/0/5
  positives_stride8: 3
  positives_stride16: 175
  unmatched_gt_count: 1
  fallback_count: 0
  conflict_count: 5
  dynamic_k_mean/min/max: 4.95/4/5
  nonfinite_cost_count: 0
[INFO] epoch summary | train loss=1.2799 obj=0.0012 box=0.2558 pos=252.38 | val loss=1.3548 map50=0.7343 map5095=0.3653 P=0.9643 R=0.5633 F1=0.7112
[INFO] val extras | mean_iou=0.7958 center_err_px(mean/med/p95)=6.09/5.42/13.15 center_err_norm_diag(mean/med/p95)=0.0076/0.0068/0.0164 fp/img=0.0207 small/med/large recall=0.3176/0.6278/0.7628 counts=233/223/215
[INFO] saved per-epoch checkpoint: /mnt/core/MLonMCU_proj/software/ball_detection/runs/20260601-074845-smallimag_size_v3_smallhead_removed32/checkpoints/016_epoch.pt
[INFO] early stopping status: bad_epochs=3/30
[INFO] epoch 17/150 start | lr=0.000972216
[DEBUG] SimOTA train batch stats:
  images: 48
  empty_images: 5
  gt_count: 55
  candidate_count_mean/min/max: 69.25/36/180
  positives_total: 264
  positives_per_gt_mean/min/max: 4.80/1/5
  positives_stride8: 26
  positives_stride16: 238
  unmatched_gt_count: 0
  fallback_count: 0
  conflict_count: 0
  dynamic_k_mean/min/max: 4.80/1/5
  nonfinite_cost_count: 0
[DEBUG] SimOTA train batch stats:
  images: 48
  empty_images: 9
  gt_count: 46
  candidate_count_mean/min/max: 89.22/30/392
  positives_total: 224
  positives_per_gt_mean/min/max: 4.87/1/5
  positives_stride8: 15
  positives_stride16: 209
  unmatched_gt_count: 0
  fallback_count: 0
  conflict_count: 0
  dynamic_k_mean/min/max: 4.87/1/5
  nonfinite_cost_count: 0
[DEBUG] SimOTA train batch stats:
  images: 48
  empty_images: 10
  gt_count: 52
  candidate_count_mean/min/max: 63.75/35/265
  positives_total: 248
  positives_per_gt_mean/min/max: 4.77/2/5
  positives_stride8: 27
  positives_stride16: 221
  unmatched_gt_count: 0
  fallback_count: 0
  conflict_count: 0
  dynamic_k_mean/min/max: 4.77/2/5
  nonfinite_cost_count: 0
[DEBUG] SimOTA train batch stats:
  images: 48
  empty_images: 11
  gt_count: 47
  candidate_count_mean/min/max: 76.60/27/265
  positives_total: 220
  positives_per_gt_mean/min/max: 4.68/1/5
  positives_stride8: 24
  positives_stride16: 196
  unmatched_gt_count: 0
  fallback_count: 0
  conflict_count: 5
  dynamic_k_mean/min/max: 4.79/1/5
  nonfinite_cost_count: 0
[DEBUG] SimOTA val batch stats:
  images: 48
  empty_images: 3
  gt_count: 62
  candidate_count_mean/min/max: 101.23/45/343
  positives_total: 301
  positives_per_gt_mean/min/max: 4.85/2/5
  positives_stride8: 20
  positives_stride16: 281
  unmatched_gt_count: 0
  fallback_count: 0
  conflict_count: 0
  dynamic_k_mean/min/max: 4.85/2/5
  nonfinite_cost_count: 0
[INFO] epoch summary | train loss=1.2546 obj=0.0011 box=0.2507 pos=252.90 | val loss=1.2768 map50=0.7553 map5095=0.3947 P=0.9792 R=0.4903 F1=0.6534
[INFO] val extras | mean_iou=0.8060 center_err_px(mean/med/p95)=5.87/5.03/14.03 center_err_norm_diag(mean/med/p95)=0.0073/0.0063/0.0175 fp/img=0.0104 small/med/large recall=0.2876/0.6233/0.5721 counts=233/223/215
[INFO] saved per-epoch checkpoint: /mnt/core/MLonMCU_proj/software/ball_detection/runs/20260601-074845-smallimag_size_v3_smallhead_removed32/checkpoints/017_epoch.pt
[INFO] new best checkpoint at epoch 17: /mnt/core/MLonMCU_proj/software/ball_detection/runs/20260601-074845-smallimag_size_v3_smallhead_removed32/checkpoints/best.pt
[INFO] epoch 18/150 start | lr=0.000968672
[DEBUG] SimOTA train batch stats:
  images: 48
  empty_images: 5
  gt_count: 53
  candidate_count_mean/min/max: 83.06/30/350
  positives_total: 260
  positives_per_gt_mean/min/max: 4.91/3/5
  positives_stride8: 17
  positives_stride16: 243
  unmatched_gt_count: 0
  fallback_count: 0
  conflict_count: 0
  dynamic_k_mean/min/max: 4.91/3/5
  nonfinite_cost_count: 0
[DEBUG] SimOTA train batch stats:
  images: 48
  empty_images: 7
  gt_count: 49
  candidate_count_mean/min/max: 77.14/30/392
  positives_total: 245
  positives_per_gt_mean/min/max: 5.00/5/5
  positives_stride8: 25
  positives_stride16: 220
  unmatched_gt_count: 0
  fallback_count: 0
  conflict_count: 0
  dynamic_k_mean/min/max: 5.00/5/5
  nonfinite_cost_count: 0
[DEBUG] SimOTA train batch stats:
  images: 48
  empty_images: 4
  gt_count: 55
  candidate_count_mean/min/max: 70.58/30/241
  positives_total: 252
  positives_per_gt_mean/min/max: 4.58/0/5
  positives_stride8: 32
  positives_stride16: 220
  unmatched_gt_count: 2
  fallback_count: 0
  conflict_count: 9
  dynamic_k_mean/min/max: 4.75/1/5
  nonfinite_cost_count: 0
[DEBUG] SimOTA val batch stats:
  images: 48
  empty_images: 14
  gt_count: 34
  candidate_count_mean/min/max: 104.62/35/157
  positives_total: 170
  positives_per_gt_mean/min/max: 5.00/5/5
  positives_stride8: 3
  positives_stride16: 167
  unmatched_gt_count: 0
  fallback_count: 0
  conflict_count: 0
  dynamic_k_mean/min/max: 5.00/5/5
  nonfinite_cost_count: 0
[INFO] epoch summary | train loss=1.2491 obj=0.0011 box=0.2496 pos=252.74 | val loss=1.2103 map50=0.7359 map5095=0.3479 P=0.9535 R=0.4888 F1=0.6463
[INFO] val extras | mean_iou=0.7749 center_err_px(mean/med/p95)=5.87/5.30/13.10 center_err_norm_diag(mean/med/p95)=0.0073/0.0066/0.0164 fp/img=0.0237 small/med/large recall=0.3820/0.7534/0.3302 counts=233/223/215
[INFO] saved per-epoch checkpoint: /mnt/core/MLonMCU_proj/software/ball_detection/runs/20260601-074845-smallimag_size_v3_smallhead_removed32/checkpoints/018_epoch.pt
[INFO] early stopping status: bad_epochs=1/30
[INFO] epoch 19/150 start | lr=0.000964923
[DEBUG] SimOTA train batch stats:
  images: 48
  empty_images: 7
  gt_count: 51
  candidate_count_mean/min/max: 77.25/27/265
  positives_total: 243
  positives_per_gt_mean/min/max: 4.76/0/5
  positives_stride8: 21
  positives_stride16: 222
  unmatched_gt_count: 1
  fallback_count: 0
  conflict_count: 2
  dynamic_k_mean/min/max: 4.80/1/5
  nonfinite_cost_count: 0
[DEBUG] SimOTA train batch stats:
  images: 48
  empty_images: 4
  gt_count: 58
  candidate_count_mean/min/max: 83.03/30/336
  positives_total: 271
  positives_per_gt_mean/min/max: 4.67/1/5
  positives_stride8: 22
  positives_stride16: 249
  unmatched_gt_count: 0
  fallback_count: 0
  conflict_count: 0
  dynamic_k_mean/min/max: 4.67/1/5
  nonfinite_cost_count: 0
[DEBUG] SimOTA train batch stats:
  images: 48
  empty_images: 9
  gt_count: 49
  candidate_count_mean/min/max: 89.59/45/373
  positives_total: 242
  positives_per_gt_mean/min/max: 4.94/4/5
  positives_stride8: 25
  positives_stride16: 217
  unmatched_gt_count: 0
  fallback_count: 0
  conflict_count: 0
  dynamic_k_mean/min/max: 4.94/4/5
  nonfinite_cost_count: 0
[DEBUG] SimOTA train batch stats:
  images: 48
  empty_images: 7
  gt_count: 54
  candidate_count_mean/min/max: 80.67/35/216
  positives_total: 257
  positives_per_gt_mean/min/max: 4.76/0/5
  positives_stride8: 20
  positives_stride16: 237
  unmatched_gt_count: 1
  fallback_count: 0
  conflict_count: 2
  dynamic_k_mean/min/max: 4.80/2/5
  nonfinite_cost_count: 0
[DEBUG] SimOTA val batch stats:
  images: 48
  empty_images: 13
  gt_count: 35
  candidate_count_mean/min/max: 69.69/45/150
  positives_total: 161
  positives_per_gt_mean/min/max: 4.60/1/5
  positives_stride8: 19
  positives_stride16: 142
  unmatched_gt_count: 0
  fallback_count: 0
  conflict_count: 0
  dynamic_k_mean/min/max: 4.60/1/5
  nonfinite_cost_count: 0
[INFO] epoch summary | train loss=1.2278 obj=0.0010 box=0.2454 pos=252.90 | val loss=1.2972 map50=0.6722 map5095=0.2989 P=0.8974 R=0.5082 F1=0.6489
[INFO] val extras | mean_iou=0.7707 center_err_px(mean/med/p95)=6.44/5.72/14.03 center_err_norm_diag(mean/med/p95)=0.0081/0.0072/0.0175 fp/img=0.0577 small/med/large recall=0.3605/0.7040/0.4651 counts=233/223/215
[INFO] saved per-epoch checkpoint: /mnt/core/MLonMCU_proj/software/ball_detection/runs/20260601-074845-smallimag_size_v3_smallhead_removed32/checkpoints/019_epoch.pt
[INFO] early stopping status: bad_epochs=2/30
[INFO] epoch 20/150 start | lr=0.000960971
[DEBUG] SimOTA train batch stats:
  images: 48
  empty_images: 11
  gt_count: 43
  candidate_count_mean/min/max: 84.37/41/540
  positives_total: 208
  positives_per_gt_mean/min/max: 4.84/1/5
  positives_stride8: 21
  positives_stride16: 187
  unmatched_gt_count: 0
  fallback_count: 0
  conflict_count: 0
  dynamic_k_mean/min/max: 4.84/1/5
  nonfinite_cost_count: 0
[DEBUG] SimOTA train batch stats:
  images: 48
  empty_images: 6
  gt_count: 54
  candidate_count_mean/min/max: 76.63/35/350
  positives_total: 264
  positives_per_gt_mean/min/max: 4.89/3/5
  positives_stride8: 26
  positives_stride16: 238
  unmatched_gt_count: 0
  fallback_count: 0
  conflict_count: 1
  dynamic_k_mean/min/max: 4.91/3/5
  nonfinite_cost_count: 0
[DEBUG] SimOTA train batch stats:
  images: 48
  empty_images: 5
  gt_count: 57
  candidate_count_mean/min/max: 77.14/35/265
  positives_total: 276
  positives_per_gt_mean/min/max: 4.84/1/5
  positives_stride8: 30
  positives_stride16: 246
  unmatched_gt_count: 0
  fallback_count: 0
  conflict_count: 2
  dynamic_k_mean/min/max: 4.88/3/5
  nonfinite_cost_count: 0
[DEBUG] SimOTA train batch stats:
  images: 48
  empty_images: 4
  gt_count: 56
  candidate_count_mean/min/max: 69.18/27/270
  positives_total: 278
  positives_per_gt_mean/min/max: 4.96/4/5
  positives_stride8: 31
  positives_stride16: 247
  unmatched_gt_count: 0
  fallback_count: 0
  conflict_count: 0
  dynamic_k_mean/min/max: 4.96/4/5
  nonfinite_cost_count: 0
[DEBUG] SimOTA val batch stats:
  images: 4
  empty_images: 2
  gt_count: 3
  candidate_count_mean/min/max: 58.00/50/74
  positives_total: 15
  positives_per_gt_mean/min/max: 5.00/5/5
  positives_stride8: 0
  positives_stride16: 15
  unmatched_gt_count: 0
  fallback_count: 0
  conflict_count: 0
  dynamic_k_mean/min/max: 5.00/5/5
  nonfinite_cost_count: 0
[INFO] epoch summary | train loss=1.2223 obj=0.0010 box=0.2443 pos=254.03 | val loss=1.2406 map50=0.7760 map5095=0.3933 P=0.9189 R=0.6587 F1=0.7674
[INFO] val extras | mean_iou=0.7882 center_err_px(mean/med/p95)=7.07/6.37/15.00 center_err_norm_diag(mean/med/p95)=0.0088/0.0080/0.0187 fp/img=0.0577 small/med/large recall=0.3605/0.7668/0.8698 counts=233/223/215
[INFO] saved per-epoch checkpoint: /mnt/core/MLonMCU_proj/software/ball_detection/runs/20260601-074845-smallimag_size_v3_smallhead_removed32/checkpoints/020_epoch.pt
[INFO] early stopping status: bad_epochs=3/30
[INFO] epoch 21/150 start | lr=0.000956816
[DEBUG] SimOTA train batch stats:
  images: 48
  empty_images: 7
  gt_count: 51
  candidate_count_mean/min/max: 69.78/35/200
  positives_total: 253
  positives_per_gt_mean/min/max: 4.96/4/5
  positives_stride8: 20
  positives_stride16: 233
  unmatched_gt_count: 0
  fallback_count: 0
  conflict_count: 0
  dynamic_k_mean/min/max: 4.96/4/5
  nonfinite_cost_count: 0
[DEBUG] SimOTA train batch stats:
  images: 48
  empty_images: 5
  gt_count: 54
  candidate_count_mean/min/max: 74.80/35/245
  positives_total: 263
  positives_per_gt_mean/min/max: 4.87/3/5
  positives_stride8: 29
  positives_stride16: 234
  unmatched_gt_count: 0
  fallback_count: 0
  conflict_count: 0
  dynamic_k_mean/min/max: 4.87/3/5
  nonfinite_cost_count: 0
[DEBUG] SimOTA train batch stats:
  images: 48
  empty_images: 5
  gt_count: 51
  candidate_count_mean/min/max: 75.80/35/281
  positives_total: 253
  positives_per_gt_mean/min/max: 4.96/4/5
  positives_stride8: 21
  positives_stride16: 232
  unmatched_gt_count: 0
  fallback_count: 0
  conflict_count: 0
  dynamic_k_mean/min/max: 4.96/4/5
  nonfinite_cost_count: 0
[DEBUG] SimOTA val batch stats:
  images: 48
  empty_images: 1
  gt_count: 47
  candidate_count_mean/min/max: 93.02/49/151
  positives_total: 235
  positives_per_gt_mean/min/max: 5.00/5/5
  positives_stride8: 4
  positives_stride16: 231
  unmatched_gt_count: 0
  fallback_count: 0
  conflict_count: 0
  dynamic_k_mean/min/max: 5.00/5/5
  nonfinite_cost_count: 0
[INFO] epoch summary | train loss=1.2151 obj=0.0010 box=0.2428 pos=254.00 | val loss=1.2773 map50=0.7724 map5095=0.3730 P=0.9379 R=0.6304 F1=0.7540
[INFO] val extras | mean_iou=0.7873 center_err_px(mean/med/p95)=6.66/5.90/14.44 center_err_norm_diag(mean/med/p95)=0.0083/0.0074/0.0181 fp/img=0.0414 small/med/large recall=0.4077/0.7444/0.7535 counts=233/223/215
[INFO] saved per-epoch checkpoint: /mnt/core/MLonMCU_proj/software/ball_detection/runs/20260601-074845-smallimag_size_v3_smallhead_removed32/checkpoints/021_epoch.pt
[INFO] early stopping status: bad_epochs=4/30
[INFO] epoch 22/150 start | lr=0.000952461
[DEBUG] SimOTA train batch stats:
  images: 48
  empty_images: 9
  gt_count: 48
  candidate_count_mean/min/max: 77.98/30/211
  positives_total: 240
  positives_per_gt_mean/min/max: 5.00/5/5
  positives_stride8: 25
  positives_stride16: 215
  unmatched_gt_count: 0
  fallback_count: 0
  conflict_count: 0
  dynamic_k_mean/min/max: 5.00/5/5
  nonfinite_cost_count: 0
[DEBUG] SimOTA train batch stats:
  images: 48
  empty_images: 10
  gt_count: 48
  candidate_count_mean/min/max: 85.83/47/400
  positives_total: 232
  positives_per_gt_mean/min/max: 4.83/0/5
  positives_stride8: 14
  positives_stride16: 218
  unmatched_gt_count: 1
  fallback_count: 0
  conflict_count: 2
  dynamic_k_mean/min/max: 4.88/2/5
  nonfinite_cost_count: 0
[DEBUG] SimOTA train batch stats:
  images: 48
  empty_images: 8
  gt_count: 52
  candidate_count_mean/min/max: 70.94/45/173
  positives_total: 254
  positives_per_gt_mean/min/max: 4.88/3/5
  positives_stride8: 24
  positives_stride16: 230
  unmatched_gt_count: 0
  fallback_count: 0
  conflict_count: 0
  dynamic_k_mean/min/max: 4.88/3/5
  nonfinite_cost_count: 0
[DEBUG] SimOTA train batch stats:
  images: 48
  empty_images: 5
  gt_count: 60
  candidate_count_mean/min/max: 68.62/35/252
  positives_total: 289
  positives_per_gt_mean/min/max: 4.82/0/5
  positives_stride8: 36
  positives_stride16: 253
  unmatched_gt_count: 1
  fallback_count: 0
  conflict_count: 2
  dynamic_k_mean/min/max: 4.85/2/5
  nonfinite_cost_count: 0
[DEBUG] SimOTA val batch stats:
  images: 48
  empty_images: 11
  gt_count: 37
  candidate_count_mean/min/max: 58.78/45/151
  positives_total: 179
  positives_per_gt_mean/min/max: 4.84/2/5
  positives_stride8: 49
  positives_stride16: 130
  unmatched_gt_count: 0
  fallback_count: 0
  conflict_count: 0
  dynamic_k_mean/min/max: 4.84/2/5
  nonfinite_cost_count: 0
[INFO] epoch summary | train loss=1.2030 obj=0.0010 box=0.2404 pos=253.00 | val loss=1.3121 map50=0.7168 map5095=0.3558 P=0.7456 R=0.6379 F1=0.6876
[INFO] val extras | mean_iou=0.7928 center_err_px(mean/med/p95)=5.97/5.40/13.04 center_err_norm_diag(mean/med/p95)=0.0075/0.0067/0.0163 fp/img=0.2160 small/med/large recall=0.4034/0.7354/0.7907 counts=233/223/215
[INFO] saved per-epoch checkpoint: /mnt/core/MLonMCU_proj/software/ball_detection/runs/20260601-074845-smallimag_size_v3_smallhead_removed32/checkpoints/022_epoch.pt
[INFO] early stopping status: bad_epochs=5/30
[INFO] epoch 23/150 start | lr=0.000947908
[DEBUG] SimOTA train batch stats:
  images: 48
  empty_images: 8
  gt_count: 53
  candidate_count_mean/min/max: 98.09/45/427
  positives_total: 252
  positives_per_gt_mean/min/max: 4.75/0/5
  positives_stride8: 13
  positives_stride16: 239
  unmatched_gt_count: 2
  fallback_count: 0
  conflict_count: 4
  dynamic_k_mean/min/max: 4.83/2/5
  nonfinite_cost_count: 0
[DEBUG] SimOTA train batch stats:
  images: 48
  empty_images: 9
  gt_count: 49
  candidate_count_mean/min/max: 86.96/30/350
  positives_total: 244
  positives_per_gt_mean/min/max: 4.98/4/5
  positives_stride8: 21
  positives_stride16: 223
  unmatched_gt_count: 0
  fallback_count: 0
  conflict_count: 0
  dynamic_k_mean/min/max: 4.98/4/5
  nonfinite_cost_count: 0
[DEBUG] SimOTA train batch stats:
  images: 48
  empty_images: 11
  gt_count: 46
  candidate_count_mean/min/max: 93.04/35/400
  positives_total: 223
  positives_per_gt_mean/min/max: 4.85/1/5
  positives_stride8: 13
  positives_stride16: 210
  unmatched_gt_count: 0
  fallback_count: 0
  conflict_count: 2
  dynamic_k_mean/min/max: 4.89/3/5
  nonfinite_cost_count: 0
[DEBUG] SimOTA train batch stats:
  images: 48
  empty_images: 7
  gt_count: 48
  candidate_count_mean/min/max: 69.54/45/215
  positives_total: 236
  positives_per_gt_mean/min/max: 4.92/2/5
  positives_stride8: 23
  positives_stride16: 213
  unmatched_gt_count: 0
  fallback_count: 0
  conflict_count: 1
  dynamic_k_mean/min/max: 4.94/3/5
  nonfinite_cost_count: 0
[INFO] epoch summary | train loss=1.1781 obj=0.0010 box=0.2354 pos=253.62 | val loss=1.2494 map50=0.7542 map5095=0.3680 P=0.8882 R=0.6036 F1=0.7187
[INFO] val extras | mean_iou=0.7887 center_err_px(mean/med/p95)=6.21/5.41/13.96 center_err_norm_diag(mean/med/p95)=0.0078/0.0068/0.0174 fp/img=0.0754 small/med/large recall=0.3820/0.7623/0.6791 counts=233/223/215
[INFO] saved per-epoch checkpoint: /mnt/core/MLonMCU_proj/software/ball_detection/runs/20260601-074845-smallimag_size_v3_smallhead_removed32/checkpoints/023_epoch.pt
[INFO] early stopping status: bad_epochs=6/30
[INFO] epoch 24/150 start | lr=0.000943159
[DEBUG] SimOTA train batch stats:
  images: 48
  empty_images: 10
  gt_count: 48
  candidate_count_mean/min/max: 76.25/30/315
  positives_total: 236
  positives_per_gt_mean/min/max: 4.92/2/5
  positives_stride8: 22
  positives_stride16: 214
  unmatched_gt_count: 0
  fallback_count: 0
  conflict_count: 0
  dynamic_k_mean/min/max: 4.92/2/5
  nonfinite_cost_count: 0
[DEBUG] SimOTA train batch stats:
  images: 48
  empty_images: 8
  gt_count: 53
  candidate_count_mean/min/max: 74.53/35/231
  positives_total: 256
  positives_per_gt_mean/min/max: 4.83/2/5
  positives_stride8: 34
  positives_stride16: 222
  unmatched_gt_count: 0
  fallback_count: 0
  conflict_count: 0
  dynamic_k_mean/min/max: 4.83/2/5
  nonfinite_cost_count: 0
[DEBUG] SimOTA train batch stats:
  images: 48
  empty_images: 10
  gt_count: 53
  candidate_count_mean/min/max: 73.75/45/216
  positives_total: 264
  positives_per_gt_mean/min/max: 4.98/4/5
  positives_stride8: 21
  positives_stride16: 243
  unmatched_gt_count: 0
  fallback_count: 0
  conflict_count: 0
  dynamic_k_mean/min/max: 4.98/4/5
  nonfinite_cost_count: 0
[DEBUG] SimOTA train batch stats:
  images: 48
  empty_images: 5
  gt_count: 58
  candidate_count_mean/min/max: 74.03/30/357
  positives_total: 278
  positives_per_gt_mean/min/max: 4.79/1/5
  positives_stride8: 32
  positives_stride16: 246
  unmatched_gt_count: 0
  fallback_count: 0
  conflict_count: 0
  dynamic_k_mean/min/max: 4.79/1/5
  nonfinite_cost_count: 0
[DEBUG] SimOTA val batch stats:
  images: 48
  empty_images: 3
  gt_count: 75
  candidate_count_mean/min/max: 56.43/30/146
  positives_total: 355
  positives_per_gt_mean/min/max: 4.73/3/5
  positives_stride8: 68
  positives_stride16: 287
  unmatched_gt_count: 0
  fallback_count: 0
  conflict_count: 0
  dynamic_k_mean/min/max: 4.73/3/5
  nonfinite_cost_count: 0
[INFO] epoch summary | train loss=1.1900 obj=0.0009 box=0.2378 pos=253.50 | val loss=1.2783 map50=0.6877 map5095=0.3180 P=0.8116 R=0.5648 F1=0.6661
[INFO] val extras | mean_iou=0.7713 center_err_px(mean/med/p95)=6.84/6.26/14.35 center_err_norm_diag(mean/med/p95)=0.0086/0.0078/0.0179 fp/img=0.1302 small/med/large recall=0.4206/0.7085/0.5721 counts=233/223/215
[INFO] saved per-epoch checkpoint: /mnt/core/MLonMCU_proj/software/ball_detection/runs/20260601-074845-smallimag_size_v3_smallhead_removed32/checkpoints/024_epoch.pt
[INFO] early stopping status: bad_epochs=7/30
[INFO] epoch 25/150 start | lr=0.000938215
[DEBUG] SimOTA train batch stats:
  images: 48
  empty_images: 6
  gt_count: 53
  candidate_count_mean/min/max: 93.02/35/266
  positives_total: 259
  positives_per_gt_mean/min/max: 4.89/1/5
  positives_stride8: 12
  positives_stride16: 247
  unmatched_gt_count: 0
  fallback_count: 0
  conflict_count: 5
  dynamic_k_mean/min/max: 4.98/4/5
  nonfinite_cost_count: 0
[DEBUG] SimOTA train batch stats:
  images: 48
  empty_images: 8
  gt_count: 47
  candidate_count_mean/min/max: 90.83/45/320
  positives_total: 229
  positives_per_gt_mean/min/max: 4.87/0/5
  positives_stride8: 24
  positives_stride16: 205
  unmatched_gt_count: 1
  fallback_count: 0
  conflict_count: 5
  dynamic_k_mean/min/max: 4.98/4/5
  nonfinite_cost_count: 0
[DEBUG] SimOTA train batch stats:
  images: 48
  empty_images: 4
  gt_count: 53
  candidate_count_mean/min/max: 67.70/27/373
  positives_total: 255
  positives_per_gt_mean/min/max: 4.81/1/5
  positives_stride8: 26
  positives_stride16: 229
  unmatched_gt_count: 0
  fallback_count: 0
  conflict_count: 0
  dynamic_k_mean/min/max: 4.81/1/5
  nonfinite_cost_count: 0
[DEBUG] SimOTA train batch stats:
  images: 48
  empty_images: 5
  gt_count: 54
  candidate_count_mean/min/max: 84.63/45/378
  positives_total: 268
  positives_per_gt_mean/min/max: 4.96/4/5
  positives_stride8: 15
  positives_stride16: 253
  unmatched_gt_count: 0
  fallback_count: 0
  conflict_count: 0
  dynamic_k_mean/min/max: 4.96/4/5
  nonfinite_cost_count: 0
[DEBUG] SimOTA val batch stats:
  images: 48
  empty_images: 4
  gt_count: 48
  candidate_count_mean/min/max: 61.46/32/151
  positives_total: 223
  positives_per_gt_mean/min/max: 4.65/2/5
  positives_stride8: 36
  positives_stride16: 187
  unmatched_gt_count: 0
  fallback_count: 0
  conflict_count: 0
  dynamic_k_mean/min/max: 4.65/2/5
  nonfinite_cost_count: 0
[INFO] epoch summary | train loss=1.1799 obj=0.0009 box=0.2358 pos=253.63 | val loss=1.1901 map50=0.7347 map5095=0.3750 P=0.7715 R=0.6289 F1=0.6929
[INFO] val extras | mean_iou=0.7956 center_err_px(mean/med/p95)=5.60/4.84/13.26 center_err_norm_diag(mean/med/p95)=0.0070/0.0060/0.0166 fp/img=0.1849 small/med/large recall=0.4120/0.7175/0.7721 counts=233/223/215
[INFO] saved per-epoch checkpoint: /mnt/core/MLonMCU_proj/software/ball_detection/runs/20260601-074845-smallimag_size_v3_smallhead_removed32/checkpoints/025_epoch.pt
[INFO] early stopping status: bad_epochs=8/30
[INFO] epoch 26/150 start | lr=0.00093308
[DEBUG] SimOTA train batch stats:
  images: 48
  empty_images: 9
  gt_count: 47
  candidate_count_mean/min/max: 71.74/30/280
  positives_total: 235
  positives_per_gt_mean/min/max: 5.00/5/5
  positives_stride8: 26
  positives_stride16: 209
  unmatched_gt_count: 0
  fallback_count: 0
  conflict_count: 0
  dynamic_k_mean/min/max: 5.00/5/5
  nonfinite_cost_count: 0
[DEBUG] SimOTA train batch stats:
  images: 48
  empty_images: 8
  gt_count: 57
  candidate_count_mean/min/max: 74.05/35/350
  positives_total: 275
  positives_per_gt_mean/min/max: 4.82/1/5
  positives_stride8: 29
  positives_stride16: 246
  unmatched_gt_count: 0
  fallback_count: 0
  conflict_count: 0
  dynamic_k_mean/min/max: 4.82/1/5
  nonfinite_cost_count: 0
[DEBUG] SimOTA train batch stats:
  images: 48
  empty_images: 8
  gt_count: 46
  candidate_count_mean/min/max: 72.65/35/184
  positives_total: 229
  positives_per_gt_mean/min/max: 4.98/4/5
  positives_stride8: 18
  positives_stride16: 211
  unmatched_gt_count: 0
  fallback_count: 0
  conflict_count: 0
  dynamic_k_mean/min/max: 4.98/4/5
  nonfinite_cost_count: 0
[DEBUG] SimOTA train batch stats:
  images: 48
  empty_images: 10
  gt_count: 47
  candidate_count_mean/min/max: 100.53/50/546
  positives_total: 229
  positives_per_gt_mean/min/max: 4.87/0/5
  positives_stride8: 16
  positives_stride16: 213
  unmatched_gt_count: 1
  fallback_count: 0
  conflict_count: 2
  dynamic_k_mean/min/max: 4.91/2/5
  nonfinite_cost_count: 0
[INFO] epoch summary | train loss=1.1401 obj=0.0009 box=0.2278 pos=253.94 | val loss=1.1887 map50=0.7718 map5095=0.3763 P=0.8708 R=0.6528 F1=0.7462
[INFO] val extras | mean_iou=0.7960 center_err_px(mean/med/p95)=6.17/5.58/13.14 center_err_norm_diag(mean/med/p95)=0.0077/0.0070/0.0164 fp/img=0.0962 small/med/large recall=0.4034/0.7892/0.7814 counts=233/223/215
[INFO] saved per-epoch checkpoint: /mnt/core/MLonMCU_proj/software/ball_detection/runs/20260601-074845-smallimag_size_v3_smallhead_removed32/checkpoints/026_epoch.pt
[INFO] early stopping status: bad_epochs=9/30
[INFO] epoch 27/150 start | lr=0.000927754
[DEBUG] SimOTA train batch stats:
  images: 48
  empty_images: 4
  gt_count: 50
  candidate_count_mean/min/max: 81.12/50/320
  positives_total: 249
  positives_per_gt_mean/min/max: 4.98/4/5
  positives_stride8: 23
  positives_stride16: 226
  unmatched_gt_count: 0
  fallback_count: 0
  conflict_count: 0
  dynamic_k_mean/min/max: 4.98/4/5
  nonfinite_cost_count: 0
[DEBUG] SimOTA train batch stats:
  images: 48
  empty_images: 5
  gt_count: 50
  candidate_count_mean/min/max: 84.96/45/265
  positives_total: 250
  positives_per_gt_mean/min/max: 5.00/5/5
  positives_stride8: 18
  positives_stride16: 232
  unmatched_gt_count: 0
  fallback_count: 0
  conflict_count: 0
  dynamic_k_mean/min/max: 5.00/5/5
  nonfinite_cost_count: 0
[DEBUG] SimOTA train batch stats:
  images: 48
  empty_images: 4
  gt_count: 50
  candidate_count_mean/min/max: 75.28/35/265
  positives_total: 248
  positives_per_gt_mean/min/max: 4.96/4/5
  positives_stride8: 13
  positives_stride16: 235
  unmatched_gt_count: 0
  fallback_count: 0
  conflict_count: 0
  dynamic_k_mean/min/max: 4.96/4/5
  nonfinite_cost_count: 0
[DEBUG] SimOTA train batch stats:
  images: 48
  empty_images: 5
  gt_count: 52
  candidate_count_mean/min/max: 79.58/45/392
  positives_total: 252
  positives_per_gt_mean/min/max: 4.85/2/5
  positives_stride8: 26
  positives_stride16: 226
  unmatched_gt_count: 0
  fallback_count: 0
  conflict_count: 0
  dynamic_k_mean/min/max: 4.85/2/5
  nonfinite_cost_count: 0
[DEBUG] SimOTA val batch stats:
  images: 48
  empty_images: 9
  gt_count: 43
  candidate_count_mean/min/max: 49.35/25/62
  positives_total: 212
  positives_per_gt_mean/min/max: 4.93/3/5
  positives_stride8: 27
  positives_stride16: 185
  unmatched_gt_count: 0
  fallback_count: 0
  conflict_count: 0
  dynamic_k_mean/min/max: 4.93/3/5
  nonfinite_cost_count: 0
[INFO] epoch summary | train loss=1.1375 obj=0.0009 box=0.2273 pos=253.59 | val loss=1.1784 map50=0.7854 map5095=0.3813 P=0.8642 R=0.7303 F1=0.7916
[INFO] val extras | mean_iou=0.7846 center_err_px(mean/med/p95)=5.76/5.19/12.78 center_err_norm_diag(mean/med/p95)=0.0072/0.0065/0.0160 fp/img=0.1139 small/med/large recall=0.5107/0.8430/0.8512 counts=233/223/215
[INFO] saved per-epoch checkpoint: /mnt/core/MLonMCU_proj/software/ball_detection/runs/20260601-074845-smallimag_size_v3_smallhead_removed32/checkpoints/027_epoch.pt
[INFO] early stopping status: bad_epochs=10/30
[INFO] epoch 28/150 start | lr=0.000922242
[DEBUG] SimOTA train batch stats:
  images: 48
  empty_images: 6
  gt_count: 51
  candidate_count_mean/min/max: 81.18/35/540
  positives_total: 252
  positives_per_gt_mean/min/max: 4.94/3/5
  positives_stride8: 26
  positives_stride16: 226
  unmatched_gt_count: 0
  fallback_count: 0
  conflict_count: 0
  dynamic_k_mean/min/max: 4.94/3/5
  nonfinite_cost_count: 0
[DEBUG] SimOTA train batch stats:
  images: 48
  empty_images: 3
  gt_count: 53
  candidate_count_mean/min/max: 78.23/35/357
  positives_total: 263
  positives_per_gt_mean/min/max: 4.96/4/5
  positives_stride8: 18
  positives_stride16: 245
  unmatched_gt_count: 0
  fallback_count: 0
  conflict_count: 0
  dynamic_k_mean/min/max: 4.96/4/5
  nonfinite_cost_count: 0
[DEBUG] SimOTA train batch stats:
  images: 48
  empty_images: 8
  gt_count: 55
  candidate_count_mean/min/max: 76.24/45/281
  positives_total: 265
  positives_per_gt_mean/min/max: 4.82/2/5
  positives_stride8: 29
  positives_stride16: 236
  unmatched_gt_count: 0
  fallback_count: 0
  conflict_count: 0
  dynamic_k_mean/min/max: 4.82/2/5
  nonfinite_cost_count: 0
[DEBUG] SimOTA train batch stats:
  images: 48
  empty_images: 12
  gt_count: 50
  candidate_count_mean/min/max: 73.18/30/357
  positives_total: 243
  positives_per_gt_mean/min/max: 4.86/1/5
  positives_stride8: 22
  positives_stride16: 221
  unmatched_gt_count: 0
  fallback_count: 0
  conflict_count: 0
  dynamic_k_mean/min/max: 4.86/1/5
  nonfinite_cost_count: 0
[DEBUG] SimOTA val batch stats:
  images: 48
  empty_images: 4
  gt_count: 58
  candidate_count_mean/min/max: 80.17/44/289
  positives_total: 285
  positives_per_gt_mean/min/max: 4.91/3/5
  positives_stride8: 29
  positives_stride16: 256
  unmatched_gt_count: 0
  fallback_count: 0
  conflict_count: 0
  dynamic_k_mean/min/max: 4.91/3/5
  nonfinite_cost_count: 0
[INFO] epoch summary | train loss=1.1292 obj=0.0009 box=0.2257 pos=254.73 | val loss=1.1949 map50=0.7952 map5095=0.4024 P=0.8695 R=0.7049 F1=0.7786
[INFO] val extras | mean_iou=0.7959 center_err_px(mean/med/p95)=5.92/5.34/12.82 center_err_norm_diag(mean/med/p95)=0.0074/0.0067/0.0160 fp/img=0.1050 small/med/large recall=0.4506/0.8206/0.8605 counts=233/223/215
[INFO] saved per-epoch checkpoint: /mnt/core/MLonMCU_proj/software/ball_detection/runs/20260601-074845-smallimag_size_v3_smallhead_removed32/checkpoints/028_epoch.pt
[INFO] new best checkpoint at epoch 28: /mnt/core/MLonMCU_proj/software/ball_detection/runs/20260601-074845-smallimag_size_v3_smallhead_removed32/checkpoints/best.pt
[INFO] epoch 29/150 start | lr=0.000916544
[DEBUG] SimOTA train batch stats:
  images: 48
  empty_images: 8
  gt_count: 54
  candidate_count_mean/min/max: 72.85/35/265
  positives_total: 255
  positives_per_gt_mean/min/max: 4.72/0/5
  positives_stride8: 28
  positives_stride16: 227
  unmatched_gt_count: 1
  fallback_count: 0
  conflict_count: 2
  dynamic_k_mean/min/max: 4.76/2/5
  nonfinite_cost_count: 0
[DEBUG] SimOTA train batch stats:
  images: 48
  empty_images: 10
  gt_count: 47
  candidate_count_mean/min/max: 69.23/35/211
  positives_total: 234
  positives_per_gt_mean/min/max: 4.98/4/5
  positives_stride8: 22
  positives_stride16: 212
  unmatched_gt_count: 0
  fallback_count: 0
  conflict_count: 0
  dynamic_k_mean/min/max: 4.98/4/5
  nonfinite_cost_count: 0
[DEBUG] SimOTA train batch stats:
  images: 48
  empty_images: 6
  gt_count: 53
  candidate_count_mean/min/max: 83.04/27/315
  positives_total: 257
  positives_per_gt_mean/min/max: 4.85/1/5
  positives_stride8: 25
  positives_stride16: 232
  unmatched_gt_count: 0
  fallback_count: 0
  conflict_count: 5
  dynamic_k_mean/min/max: 4.94/3/5
  nonfinite_cost_count: 0
[DEBUG] SimOTA train batch stats:
  images: 48
  empty_images: 12
  gt_count: 42
  candidate_count_mean/min/max: 87.62/30/373
  positives_total: 206
  positives_per_gt_mean/min/max: 4.90/2/5
  positives_stride8: 24
  positives_stride16: 182
  unmatched_gt_count: 0
  fallback_count: 0
  conflict_count: 2
  dynamic_k_mean/min/max: 4.95/4/5
  nonfinite_cost_count: 0
[INFO] epoch summary | train loss=1.1290 obj=0.0008 box=0.2256 pos=253.50 | val loss=1.2003 map50=0.8436 map5095=0.4461 P=0.9708 R=0.6945 F1=0.8097
[INFO] val extras | mean_iou=0.8026 center_err_px(mean/med/p95)=5.49/4.87/11.90 center_err_norm_diag(mean/med/p95)=0.0069/0.0061/0.0149 fp/img=0.0207 small/med/large recall=0.4936/0.7758/0.8279 counts=233/223/215
[INFO] saved per-epoch checkpoint: /mnt/core/MLonMCU_proj/software/ball_detection/runs/20260601-074845-smallimag_size_v3_smallhead_removed32/checkpoints/029_epoch.pt
[INFO] new best checkpoint at epoch 29: /mnt/core/MLonMCU_proj/software/ball_detection/runs/20260601-074845-smallimag_size_v3_smallhead_removed32/checkpoints/best.pt
[INFO] epoch 30/150 start | lr=0.000910664
[DEBUG] SimOTA train batch stats:
  images: 48
  empty_images: 3
  gt_count: 53
  candidate_count_mean/min/max: 73.43/30/216
  positives_total: 260
  positives_per_gt_mean/min/max: 4.91/2/5
  positives_stride8: 26
  positives_stride16: 234
  unmatched_gt_count: 0
  fallback_count: 0
  conflict_count: 0
  dynamic_k_mean/min/max: 4.91/2/5
  nonfinite_cost_count: 0
[DEBUG] SimOTA train batch stats:
  images: 48
  empty_images: 3
  gt_count: 57
  candidate_count_mean/min/max: 77.79/30/281
  positives_total: 285
  positives_per_gt_mean/min/max: 5.00/5/5
  positives_stride8: 23
  positives_stride16: 262
  unmatched_gt_count: 0
  fallback_count: 0
  conflict_count: 0
  dynamic_k_mean/min/max: 5.00/5/5
  nonfinite_cost_count: 0
[DEBUG] SimOTA train batch stats:
  images: 48
  empty_images: 6
  gt_count: 48
  candidate_count_mean/min/max: 77.42/45/265
  positives_total: 238
  positives_per_gt_mean/min/max: 4.96/3/5
  positives_stride8: 24
  positives_stride16: 214
  unmatched_gt_count: 0
  fallback_count: 0
  conflict_count: 0
  dynamic_k_mean/min/max: 4.96/3/5
  nonfinite_cost_count: 0
[DEBUG] SimOTA train batch stats:
  images: 48
  empty_images: 7
  gt_count: 52
  candidate_count_mean/min/max: 89.13/30/392
  positives_total: 254
  positives_per_gt_mean/min/max: 4.88/1/5
  positives_stride8: 20
  positives_stride16: 234
  unmatched_gt_count: 0
  fallback_count: 0
  conflict_count: 0
  dynamic_k_mean/min/max: 4.88/1/5
  nonfinite_cost_count: 0
[DEBUG] SimOTA val batch stats:
  images: 48
  empty_images: 3
  gt_count: 45
  candidate_count_mean/min/max: 105.00/35/157
  positives_total: 225
  positives_per_gt_mean/min/max: 5.00/5/5
  positives_stride8: 7
  positives_stride16: 218
  unmatched_gt_count: 0
  fallback_count: 0
  conflict_count: 0
  dynamic_k_mean/min/max: 5.00/5/5
  nonfinite_cost_count: 0
[INFO] epoch summary | train loss=1.1111 obj=0.0008 box=0.2221 pos=254.90 | val loss=1.2020 map50=0.8037 map5095=0.4089 P=0.8622 R=0.7273 F1=0.7890
[INFO] val extras | mean_iou=0.7971 center_err_px(mean/med/p95)=5.74/5.14/12.42 center_err_norm_diag(mean/med/p95)=0.0072/0.0064/0.0155 fp/img=0.1154 small/med/large recall=0.5064/0.8251/0.8651 counts=233/223/215
[INFO] saved per-epoch checkpoint: /mnt/core/MLonMCU_proj/software/ball_detection/runs/20260601-074845-smallimag_size_v3_smallhead_removed32/checkpoints/030_epoch.pt
[INFO] early stopping status: bad_epochs=1/30
[INFO] epoch 31/150 start | lr=0.000904604
[DEBUG] SimOTA train batch stats:
  images: 48
  empty_images: 6
  gt_count: 46
  candidate_count_mean/min/max: 73.30/45/265
  positives_total: 225
  positives_per_gt_mean/min/max: 4.89/1/5
  positives_stride8: 22
  positives_stride16: 203
  unmatched_gt_count: 0
  fallback_count: 0
  conflict_count: 4
  dynamic_k_mean/min/max: 4.98/4/5
  nonfinite_cost_count: 0
[DEBUG] SimOTA train batch stats:
  images: 48
  empty_images: 5
  gt_count: 53
  candidate_count_mean/min/max: 82.98/35/270
  positives_total: 258
  positives_per_gt_mean/min/max: 4.87/2/5
  positives_stride8: 20
  positives_stride16: 238
  unmatched_gt_count: 0
  fallback_count: 0
  conflict_count: 0
  dynamic_k_mean/min/max: 4.87/2/5
  nonfinite_cost_count: 0
[DEBUG] SimOTA train batch stats:
  images: 48
  empty_images: 8
  gt_count: 50
  candidate_count_mean/min/max: 88.76/30/540
  positives_total: 241
  positives_per_gt_mean/min/max: 4.82/1/5
  positives_stride8: 23
  positives_stride16: 218
  unmatched_gt_count: 0
  fallback_count: 0
  conflict_count: 0
  dynamic_k_mean/min/max: 4.82/1/5
  nonfinite_cost_count: 0
[DEBUG] SimOTA train batch stats:
  images: 48
  empty_images: 10
  gt_count: 46
  candidate_count_mean/min/max: 77.98/35/196
  positives_total: 225
  positives_per_gt_mean/min/max: 4.89/1/5
  positives_stride8: 21
  positives_stride16: 204
  unmatched_gt_count: 0
  fallback_count: 0
  conflict_count: 5
  dynamic_k_mean/min/max: 5.00/5/5
  nonfinite_cost_count: 0
[DEBUG] SimOTA val batch stats:
  images: 48
  empty_images: 6
  gt_count: 52
  candidate_count_mean/min/max: 74.69/29/259
  positives_total: 250
  positives_per_gt_mean/min/max: 4.81/1/5
  positives_stride8: 29
  positives_stride16: 221
  unmatched_gt_count: 0
  fallback_count: 0
  conflict_count: 3
  dynamic_k_mean/min/max: 4.87/3/5
  nonfinite_cost_count: 0
[INFO] epoch summary | train loss=1.1045 obj=0.0008 box=0.2207 pos=253.83 | val loss=1.2233 map50=0.8083 map5095=0.3831 P=0.9477 R=0.6751 F1=0.7885
[INFO] val extras | mean_iou=0.7794 center_err_px(mean/med/p95)=6.07/5.67/13.03 center_err_norm_diag(mean/med/p95)=0.0076/0.0071/0.0163 fp/img=0.0370 small/med/large recall=0.4893/0.7892/0.7581 counts=233/223/215
[INFO] saved per-epoch checkpoint: /mnt/core/MLonMCU_proj/software/ball_detection/runs/20260601-074845-smallimag_size_v3_smallhead_removed32/checkpoints/031_epoch.pt
[INFO] early stopping status: bad_epochs=2/30
[INFO] epoch 32/150 start | lr=0.000898367
[DEBUG] SimOTA train batch stats:
  images: 48
  empty_images: 9
  gt_count: 50
  candidate_count_mean/min/max: 62.64/35/140
  positives_total: 244
  positives_per_gt_mean/min/max: 4.88/2/5
  positives_stride8: 27
  positives_stride16: 217
  unmatched_gt_count: 0
  fallback_count: 0
  conflict_count: 0
  dynamic_k_mean/min/max: 4.88/2/5
  nonfinite_cost_count: 0
[DEBUG] SimOTA train batch stats:
  images: 48
  empty_images: 6
  gt_count: 53
  candidate_count_mean/min/max: 70.23/27/310
  positives_total: 263
  positives_per_gt_mean/min/max: 4.96/4/5
  positives_stride8: 28
  positives_stride16: 235
  unmatched_gt_count: 0
  fallback_count: 0
  conflict_count: 0
  dynamic_k_mean/min/max: 4.96/4/5
  nonfinite_cost_count: 0
[DEBUG] SimOTA train batch stats:
  images: 48
  empty_images: 8
  gt_count: 53
  candidate_count_mean/min/max: 73.89/30/224
  positives_total: 262
  positives_per_gt_mean/min/max: 4.94/4/5
  positives_stride8: 23
  positives_stride16: 239
  unmatched_gt_count: 0
  fallback_count: 0
  conflict_count: 0
  dynamic_k_mean/min/max: 4.94/4/5
  nonfinite_cost_count: 0
[DEBUG] SimOTA train batch stats:
  images: 48
  empty_images: 7
  gt_count: 48
  candidate_count_mean/min/max: 65.75/35/168
  positives_total: 234
  positives_per_gt_mean/min/max: 4.88/1/5
  positives_stride8: 28
  positives_stride16: 206
  unmatched_gt_count: 0
  fallback_count: 0
  conflict_count: 0
  dynamic_k_mean/min/max: 4.88/1/5
  nonfinite_cost_count: 0
[INFO] epoch summary | train loss=1.1095 obj=0.0008 box=0.2217 pos=254.95 | val loss=1.1628 map50=0.7938 map5095=0.4137 P=0.8773 R=0.7139 F1=0.7872
[INFO] val extras | mean_iou=0.7992 center_err_px(mean/med/p95)=5.97/5.22/13.76 center_err_norm_diag(mean/med/p95)=0.0075/0.0065/0.0172 fp/img=0.0991 small/med/large recall=0.5021/0.8027/0.8512 counts=233/223/215
[INFO] saved per-epoch checkpoint: /mnt/core/MLonMCU_proj/software/ball_detection/runs/20260601-074845-smallimag_size_v3_smallhead_removed32/checkpoints/032_epoch.pt
[INFO] early stopping status: bad_epochs=3/30
[INFO] epoch 33/150 start | lr=0.000891955
[DEBUG] SimOTA train batch stats:
  images: 48
  empty_images: 6
  gt_count: 51
  candidate_count_mean/min/max: 88.90/50/400
  positives_total: 253
  positives_per_gt_mean/min/max: 4.96/3/5
  positives_stride8: 18
  positives_stride16: 235
  unmatched_gt_count: 0
  fallback_count: 0
  conflict_count: 0
  dynamic_k_mean/min/max: 4.96/3/5
  nonfinite_cost_count: 0
[DEBUG] SimOTA train batch stats:
  images: 48
  empty_images: 5
  gt_count: 53
  candidate_count_mean/min/max: 77.00/27/427
  positives_total: 263
  positives_per_gt_mean/min/max: 4.96/4/5
  positives_stride8: 31
  positives_stride16: 232
  unmatched_gt_count: 0
  fallback_count: 0
  conflict_count: 0
  dynamic_k_mean/min/max: 4.96/4/5
  nonfinite_cost_count: 0
[DEBUG] SimOTA train batch stats:
  images: 48
  empty_images: 4
  gt_count: 58
  candidate_count_mean/min/max: 73.22/35/281
  positives_total: 284
  positives_per_gt_mean/min/max: 4.90/2/5
  positives_stride8: 27
  positives_stride16: 257
  unmatched_gt_count: 0
  fallback_count: 0
  conflict_count: 5
  dynamic_k_mean/min/max: 4.98/4/5
  nonfinite_cost_count: 0
[DEBUG] SimOTA train batch stats:
  images: 48
  empty_images: 4
  gt_count: 55
  candidate_count_mean/min/max: 80.95/35/344
  positives_total: 271
  positives_per_gt_mean/min/max: 4.93/2/5
  positives_stride8: 30
  positives_stride16: 241
  unmatched_gt_count: 0
  fallback_count: 0
  conflict_count: 0
  dynamic_k_mean/min/max: 4.93/2/5
  nonfinite_cost_count: 0
[DEBUG] SimOTA val batch stats:
  images: 48
  empty_images: 12
  gt_count: 51
  candidate_count_mean/min/max: 56.25/30/125
  positives_total: 249
  positives_per_gt_mean/min/max: 4.88/3/5
  positives_stride8: 27
  positives_stride16: 222
  unmatched_gt_count: 0
  fallback_count: 0
  conflict_count: 0
  dynamic_k_mean/min/max: 4.88/3/5
  nonfinite_cost_count: 0
[INFO] epoch summary | train loss=1.0946 obj=0.0008 box=0.2188 pos=254.33 | val loss=1.2159 map50=0.7864 map5095=0.3820 P=0.9121 R=0.7273 F1=0.8093
[INFO] val extras | mean_iou=0.7927 center_err_px(mean/med/p95)=5.85/5.18/13.06 center_err_norm_diag(mean/med/p95)=0.0073/0.0065/0.0163 fp/img=0.0695 small/med/large recall=0.5279/0.8341/0.8326 counts=233/223/215
[INFO] saved per-epoch checkpoint: /mnt/core/MLonMCU_proj/software/ball_detection/runs/20260601-074845-smallimag_size_v3_smallhead_removed32/checkpoints/033_epoch.pt
[INFO] early stopping status: bad_epochs=4/30
[INFO] epoch 34/150 start | lr=0.000885371
[DEBUG] SimOTA train batch stats:
  images: 48
  empty_images: 10
  gt_count: 48
  candidate_count_mean/min/max: 77.98/35/400
  positives_total: 227
  positives_per_gt_mean/min/max: 4.73/1/5
  positives_stride8: 27
  positives_stride16: 200
  unmatched_gt_count: 0
  fallback_count: 0
  conflict_count: 0
  dynamic_k_mean/min/max: 4.73/1/5
  nonfinite_cost_count: 0
[DEBUG] SimOTA train batch stats:
  images: 48
  empty_images: 9
  gt_count: 53
  candidate_count_mean/min/max: 74.40/35/245
  positives_total: 250
  positives_per_gt_mean/min/max: 4.72/0/5
  positives_stride8: 32
  positives_stride16: 218
  unmatched_gt_count: 1
  fallback_count: 0
  conflict_count: 5
  dynamic_k_mean/min/max: 4.81/1/5
  nonfinite_cost_count: 0
[DEBUG] SimOTA train batch stats:
  images: 48
  empty_images: 4
  gt_count: 58
  candidate_count_mean/min/max: 69.31/35/168
  positives_total: 287
  positives_per_gt_mean/min/max: 4.95/4/5
  positives_stride8: 31
  positives_stride16: 256
  unmatched_gt_count: 0
  fallback_count: 0
  conflict_count: 0
  dynamic_k_mean/min/max: 4.95/4/5
  nonfinite_cost_count: 0
[DEBUG] SimOTA train batch stats:
  images: 48
  empty_images: 8
  gt_count: 55
  candidate_count_mean/min/max: 66.13/30/252
  positives_total: 263
  positives_per_gt_mean/min/max: 4.78/1/5
  positives_stride8: 42
  positives_stride16: 221
  unmatched_gt_count: 0
  fallback_count: 0
  conflict_count: 0
  dynamic_k_mean/min/max: 4.78/1/5
  nonfinite_cost_count: 0
[DEBUG] SimOTA val batch stats:
  images: 48
  empty_images: 6
  gt_count: 44
  candidate_count_mean/min/max: 84.43/50/280
  positives_total: 218
  positives_per_gt_mean/min/max: 4.95/3/5
  positives_stride8: 2
  positives_stride16: 216
  unmatched_gt_count: 0
  fallback_count: 0
  conflict_count: 0
  dynamic_k_mean/min/max: 4.95/3/5
  nonfinite_cost_count: 0
[INFO] epoch summary | train loss=1.1007 obj=0.0008 box=0.2200 pos=253.73 | val loss=1.1792 map50=0.8003 map5095=0.3819 P=0.8757 R=0.7243 F1=0.7928
[INFO] val extras | mean_iou=0.7842 center_err_px(mean/med/p95)=6.21/5.48/13.06 center_err_norm_diag(mean/med/p95)=0.0078/0.0068/0.0163 fp/img=0.1021 small/med/large recall=0.5193/0.8341/0.8326 counts=233/223/215
[INFO] saved per-epoch checkpoint: /mnt/core/MLonMCU_proj/software/ball_detection/runs/20260601-074845-smallimag_size_v3_smallhead_removed32/checkpoints/034_epoch.pt
[INFO] early stopping status: bad_epochs=5/30
[INFO] epoch 35/150 start | lr=0.000878619
[DEBUG] SimOTA train batch stats:
  images: 48
  empty_images: 3
  gt_count: 59
  candidate_count_mean/min/max: 73.42/35/281
  positives_total: 286
  positives_per_gt_mean/min/max: 4.85/0/5
  positives_stride8: 24
  positives_stride16: 262
  unmatched_gt_count: 1
  fallback_count: 0
  conflict_count: 2
  dynamic_k_mean/min/max: 4.88/2/5
  nonfinite_cost_count: 0
[DEBUG] SimOTA train batch stats:
  images: 48
  empty_images: 9
  gt_count: 49
  candidate_count_mean/min/max: 91.90/35/373
  positives_total: 244
  positives_per_gt_mean/min/max: 4.98/4/5
  positives_stride8: 22
  positives_stride16: 222
  unmatched_gt_count: 0
  fallback_count: 0
  conflict_count: 0
  dynamic_k_mean/min/max: 4.98/4/5
  nonfinite_cost_count: 0
[DEBUG] SimOTA train batch stats:
  images: 48
  empty_images: 10
  gt_count: 46
  candidate_count_mean/min/max: 78.89/30/546
  positives_total: 230
  positives_per_gt_mean/min/max: 5.00/5/5
  positives_stride8: 21
  positives_stride16: 209
  unmatched_gt_count: 0
  fallback_count: 0
  conflict_count: 0
  dynamic_k_mean/min/max: 5.00/5/5
  nonfinite_cost_count: 0
[DEBUG] SimOTA train batch stats:
  images: 48
  empty_images: 7
  gt_count: 52
  candidate_count_mean/min/max: 86.96/45/427
  positives_total: 257
  positives_per_gt_mean/min/max: 4.94/4/5
  positives_stride8: 14
  positives_stride16: 243
  unmatched_gt_count: 0
  fallback_count: 0
  conflict_count: 0
  dynamic_k_mean/min/max: 4.94/4/5
  nonfinite_cost_count: 0
[INFO] epoch summary | train loss=1.0718 obj=0.0008 box=0.2142 pos=255.24 | val loss=1.1673 map50=0.8214 map5095=0.4110 P=0.8996 R=0.7481 F1=0.8169
[INFO] val extras | mean_iou=0.7938 center_err_px(mean/med/p95)=5.62/4.86/12.29 center_err_norm_diag(mean/med/p95)=0.0070/0.0061/0.0154 fp/img=0.0828 small/med/large recall=0.5579/0.8475/0.8512 counts=233/223/215
[INFO] saved per-epoch checkpoint: /mnt/core/MLonMCU_proj/software/ball_detection/runs/20260601-074845-smallimag_size_v3_smallhead_removed32/checkpoints/035_epoch.pt
[INFO] early stopping status: bad_epochs=6/30
[INFO] epoch 36/150 start | lr=0.000871701
[DEBUG] SimOTA train batch stats:
  images: 48
  empty_images: 8
  gt_count: 47
  candidate_count_mean/min/max: 77.15/35/200
  positives_total: 229
  positives_per_gt_mean/min/max: 4.87/0/5
  positives_stride8: 24
  positives_stride16: 205
  unmatched_gt_count: 1
  fallback_count: 0
  conflict_count: 2
  dynamic_k_mean/min/max: 4.91/2/5
  nonfinite_cost_count: 0
[DEBUG] SimOTA train batch stats:
  images: 48
  empty_images: 6
  gt_count: 50
  candidate_count_mean/min/max: 69.98/50/157
  positives_total: 250
  positives_per_gt_mean/min/max: 5.00/5/5
  positives_stride8: 22
  positives_stride16: 228
  unmatched_gt_count: 0
  fallback_count: 0
  conflict_count: 0
  dynamic_k_mean/min/max: 5.00/5/5
  nonfinite_cost_count: 0
[DEBUG] SimOTA train batch stats:
  images: 48
  empty_images: 4
  gt_count: 60
  candidate_count_mean/min/max: 72.33/30/260
  positives_total: 278
  positives_per_gt_mean/min/max: 4.63/0/5
  positives_stride8: 27
  positives_stride16: 251
  unmatched_gt_count: 2
  fallback_count: 0
  conflict_count: 14
  dynamic_k_mean/min/max: 4.87/1/5
  nonfinite_cost_count: 0
[DEBUG] SimOTA train batch stats:
  images: 48
  empty_images: 9
  gt_count: 47
  candidate_count_mean/min/max: 86.70/35/320
  positives_total: 235
  positives_per_gt_mean/min/max: 5.00/5/5
  positives_stride8: 17
  positives_stride16: 218
  unmatched_gt_count: 0
  fallback_count: 0
  conflict_count: 0
  dynamic_k_mean/min/max: 5.00/5/5
  nonfinite_cost_count: 0
[DEBUG] SimOTA val batch stats:
  images: 48
  empty_images: 15
  gt_count: 37
  candidate_count_mean/min/max: 92.30/35/140
  positives_total: 180
  positives_per_gt_mean/min/max: 4.86/0/5
  positives_stride8: 5
  positives_stride16: 175
  unmatched_gt_count: 1
  fallback_count: 0
  conflict_count: 5
  dynamic_k_mean/min/max: 5.00/5/5
  nonfinite_cost_count: 0
[INFO] epoch summary | train loss=1.0828 obj=0.0008 box=0.2164 pos=254.83 | val loss=1.2004 map50=0.8154 map5095=0.4075 P=0.9250 R=0.7541 F1=0.8309
[INFO] val extras | mean_iou=0.7929 center_err_px(mean/med/p95)=5.62/5.08/12.01 center_err_norm_diag(mean/med/p95)=0.0070/0.0064/0.0150 fp/img=0.0607 small/med/large recall=0.5579/0.8655/0.8512 counts=233/223/215
[INFO] saved per-epoch checkpoint: /mnt/core/MLonMCU_proj/software/ball_detection/runs/20260601-074845-smallimag_size_v3_smallhead_removed32/checkpoints/036_epoch.pt
[INFO] early stopping status: bad_epochs=7/30
[INFO] epoch 37/150 start | lr=0.00086462
[DEBUG] SimOTA train batch stats:
  images: 48
  empty_images: 10
  gt_count: 46
  candidate_count_mean/min/max: 82.33/38/350
  positives_total: 229
  positives_per_gt_mean/min/max: 4.98/4/5
  positives_stride8: 9
  positives_stride16: 220
  unmatched_gt_count: 0
  fallback_count: 0
  conflict_count: 0
  dynamic_k_mean/min/max: 4.98/4/5
  nonfinite_cost_count: 0
[DEBUG] SimOTA train batch stats:
  images: 48
  empty_images: 5
  gt_count: 63
  candidate_count_mean/min/max: 72.13/30/400
  positives_total: 294
  positives_per_gt_mean/min/max: 4.67/0/5
  positives_stride8: 35
  positives_stride16: 259
  unmatched_gt_count: 1
  fallback_count: 0
  conflict_count: 14
  dynamic_k_mean/min/max: 4.89/3/5
  nonfinite_cost_count: 0
[DEBUG] SimOTA train batch stats:
  images: 48
  empty_images: 2
  gt_count: 59
  candidate_count_mean/min/max: 72.27/27/250
  positives_total: 286
  positives_per_gt_mean/min/max: 4.85/1/5
  positives_stride8: 29
  positives_stride16: 257
  unmatched_gt_count: 0
  fallback_count: 0
  conflict_count: 0
  dynamic_k_mean/min/max: 4.85/1/5
  nonfinite_cost_count: 0
[DEBUG] SimOTA train batch stats:
  images: 48
  empty_images: 8
  gt_count: 47
  candidate_count_mean/min/max: 77.77/45/546
  positives_total: 234
  positives_per_gt_mean/min/max: 4.98/4/5
  positives_stride8: 18
  positives_stride16: 216
  unmatched_gt_count: 0
  fallback_count: 0
  conflict_count: 0
  dynamic_k_mean/min/max: 4.98/4/5
  nonfinite_cost_count: 0
[DEBUG] SimOTA val batch stats:
  images: 48
  empty_images: 3
  gt_count: 62
  candidate_count_mean/min/max: 101.23/45/343
  positives_total: 305
  positives_per_gt_mean/min/max: 4.92/2/5
  positives_stride8: 24
  positives_stride16: 281
  unmatched_gt_count: 0
  fallback_count: 0
  conflict_count: 0
  dynamic_k_mean/min/max: 4.92/2/5
  nonfinite_cost_count: 0
[INFO] epoch summary | train loss=1.0692 obj=0.0008 box=0.2137 pos=253.59 | val loss=1.1607 map50=0.8095 map5095=0.4012 P=0.8588 R=0.7705 F1=0.8123
[INFO] val extras | mean_iou=0.7867 center_err_px(mean/med/p95)=6.30/5.71/13.00 center_err_norm_diag(mean/med/p95)=0.0079/0.0071/0.0163 fp/img=0.1257 small/med/large recall=0.5708/0.8430/0.9116 counts=233/223/215
[INFO] saved per-epoch checkpoint: /mnt/core/MLonMCU_proj/software/ball_detection/runs/20260601-074845-smallimag_size_v3_smallhead_removed32/checkpoints/037_epoch.pt
[INFO] early stopping status: bad_epochs=8/30
[INFO] epoch 38/150 start | lr=0.000857379
[DEBUG] SimOTA train batch stats:
  images: 48
  empty_images: 1
  gt_count: 66
  candidate_count_mean/min/max: 68.05/35/180
  positives_total: 313
  positives_per_gt_mean/min/max: 4.74/0/5
  positives_stride8: 37
  positives_stride16: 276
  unmatched_gt_count: 3
  fallback_count: 0
  conflict_count: 14
  dynamic_k_mean/min/max: 4.95/4/5
  nonfinite_cost_count: 0
[DEBUG] SimOTA train batch stats:
  images: 48
  empty_images: 3
  gt_count: 55
  candidate_count_mean/min/max: 69.67/32/218
  positives_total: 273
  positives_per_gt_mean/min/max: 4.96/3/5
  positives_stride8: 29
  positives_stride16: 244
  unmatched_gt_count: 0
  fallback_count: 0
  conflict_count: 0
  dynamic_k_mean/min/max: 4.96/3/5
  nonfinite_cost_count: 0
[DEBUG] SimOTA train batch stats:
  images: 48
  empty_images: 9
  gt_count: 51
  candidate_count_mean/min/max: 79.20/35/231
  positives_total: 254
  positives_per_gt_mean/min/max: 4.98/4/5
  positives_stride8: 20
  positives_stride16: 234
  unmatched_gt_count: 0
  fallback_count: 0
  conflict_count: 0
  dynamic_k_mean/min/max: 4.98/4/5
  nonfinite_cost_count: 0
[DEBUG] SimOTA val batch stats:
  images: 48
  empty_images: 14
  gt_count: 34
  candidate_count_mean/min/max: 104.62/35/157
  positives_total: 170
  positives_per_gt_mean/min/max: 5.00/5/5
  positives_stride8: 3
  positives_stride16: 167
  unmatched_gt_count: 0
  fallback_count: 0
  conflict_count: 0
  dynamic_k_mean/min/max: 5.00/5/5
  nonfinite_cost_count: 0
[INFO] epoch summary | train loss=1.0605 obj=0.0008 box=0.2119 pos=255.62 | val loss=1.1803 map50=0.8343 map5095=0.4234 P=0.9182 R=0.7526 F1=0.8272
[INFO] val extras | mean_iou=0.7964 center_err_px(mean/med/p95)=5.32/4.72/11.65 center_err_norm_diag(mean/med/p95)=0.0067/0.0059/0.0146 fp/img=0.0666 small/med/large recall=0.5451/0.8700/0.8558 counts=233/223/215
[INFO] saved per-epoch checkpoint: /mnt/core/MLonMCU_proj/software/ball_detection/runs/20260601-074845-smallimag_size_v3_smallhead_removed32/checkpoints/038_epoch.pt
[INFO] early stopping status: bad_epochs=9/30
[INFO] epoch 39/150 start | lr=0.000849982
[DEBUG] SimOTA train batch stats:
  images: 48
  empty_images: 6
  gt_count: 47
  candidate_count_mean/min/max: 70.21/27/216
  positives_total: 234
  positives_per_gt_mean/min/max: 4.98/4/5
  positives_stride8: 23
  positives_stride16: 211
  unmatched_gt_count: 0
  fallback_count: 0
  conflict_count: 0
  dynamic_k_mean/min/max: 4.98/4/5
  nonfinite_cost_count: 0
[DEBUG] SimOTA train batch stats:
  images: 48
  empty_images: 5
  gt_count: 52
  candidate_count_mean/min/max: 87.04/35/320
  positives_total: 246
  positives_per_gt_mean/min/max: 4.73/0/5
  positives_stride8: 19
  positives_stride16: 227
  unmatched_gt_count: 1
  fallback_count: 0
  conflict_count: 10
  dynamic_k_mean/min/max: 4.92/2/5
  nonfinite_cost_count: 0
[DEBUG] SimOTA train batch stats:
  images: 48
  empty_images: 8
  gt_count: 51
  candidate_count_mean/min/max: 79.67/30/252
  positives_total: 249
  positives_per_gt_mean/min/max: 4.88/1/5
  positives_stride8: 31
  positives_stride16: 218
  unmatched_gt_count: 0
  fallback_count: 0
  conflict_count: 0
  dynamic_k_mean/min/max: 4.88/1/5
  nonfinite_cost_count: 0
[DEBUG] SimOTA train batch stats:
  images: 48
  empty_images: 4
  gt_count: 54
  candidate_count_mean/min/max: 76.80/30/357
  positives_total: 269
  positives_per_gt_mean/min/max: 4.98/4/5
  positives_stride8: 27
  positives_stride16: 242
  unmatched_gt_count: 0
  fallback_count: 0
  conflict_count: 0
  dynamic_k_mean/min/max: 4.98/4/5
  nonfinite_cost_count: 0
[DEBUG] SimOTA val batch stats:
  images: 48
  empty_images: 13
  gt_count: 35
  candidate_count_mean/min/max: 69.69/45/150
  positives_total: 162
  positives_per_gt_mean/min/max: 4.63/1/5
  positives_stride8: 22
  positives_stride16: 140
  unmatched_gt_count: 0
  fallback_count: 0
  conflict_count: 0
  dynamic_k_mean/min/max: 4.63/1/5
  nonfinite_cost_count: 0
[INFO] epoch summary | train loss=1.0449 obj=0.0007 box=0.2088 pos=255.14 | val loss=1.1579 map50=0.8171 map5095=0.4202 P=0.9104 R=0.7422 F1=0.8177
[INFO] val extras | mean_iou=0.8018 center_err_px(mean/med/p95)=5.21/4.55/11.77 center_err_norm_diag(mean/med/p95)=0.0065/0.0057/0.0147 fp/img=0.0725 small/med/large recall=0.5279/0.8610/0.8512 counts=233/223/215
[INFO] saved per-epoch checkpoint: /mnt/core/MLonMCU_proj/software/ball_detection/runs/20260601-074845-smallimag_size_v3_smallhead_removed32/checkpoints/039_epoch.pt
[INFO] early stopping status: bad_epochs=10/30
[INFO] epoch 40/150 start | lr=0.000842431
[DEBUG] SimOTA train batch stats:
  images: 48
  empty_images: 5
  gt_count: 49
  candidate_count_mean/min/max: 95.00/27/350
  positives_total: 244
  positives_per_gt_mean/min/max: 4.98/4/5
  positives_stride8: 24
  positives_stride16: 220
  unmatched_gt_count: 0
  fallback_count: 0
  conflict_count: 0
  dynamic_k_mean/min/max: 4.98/4/5
  nonfinite_cost_count: 0
[DEBUG] SimOTA train batch stats:
  images: 48
  empty_images: 9
  gt_count: 49
  candidate_count_mean/min/max: 74.16/27/266
  positives_total: 240
  positives_per_gt_mean/min/max: 4.90/3/5
  positives_stride8: 32
  positives_stride16: 208
  unmatched_gt_count: 0
  fallback_count: 0
  conflict_count: 0
  dynamic_k_mean/min/max: 4.90/3/5
  nonfinite_cost_count: 0
[DEBUG] SimOTA train batch stats:
  images: 48
  empty_images: 5
  gt_count: 58
  candidate_count_mean/min/max: 78.90/35/315
  positives_total: 289
  positives_per_gt_mean/min/max: 4.98/4/5
  positives_stride8: 27
  positives_stride16: 262
  unmatched_gt_count: 0
  fallback_count: 0
  conflict_count: 0
  dynamic_k_mean/min/max: 4.98/4/5
  nonfinite_cost_count: 0
[DEBUG] SimOTA train batch stats:
  images: 48
  empty_images: 7
  gt_count: 56
  candidate_count_mean/min/max: 79.18/30/348
  positives_total: 279
  positives_per_gt_mean/min/max: 4.98/4/5
  positives_stride8: 33
  positives_stride16: 246
  unmatched_gt_count: 0
  fallback_count: 0
  conflict_count: 0
  dynamic_k_mean/min/max: 4.98/4/5
  nonfinite_cost_count: 0
[DEBUG] SimOTA val batch stats:
  images: 4
  empty_images: 2
  gt_count: 3
  candidate_count_mean/min/max: 58.00/50/74
  positives_total: 15
  positives_per_gt_mean/min/max: 5.00/5/5
  positives_stride8: 0
  positives_stride16: 15
  unmatched_gt_count: 0
  fallback_count: 0
  conflict_count: 0
  dynamic_k_mean/min/max: 5.00/5/5
  nonfinite_cost_count: 0
[INFO] epoch summary | train loss=1.0423 obj=0.0007 box=0.2083 pos=254.78 | val loss=1.2031 map50=0.8356 map5095=0.4179 P=0.9223 R=0.7779 F1=0.8440
[INFO] val extras | mean_iou=0.7902 center_err_px(mean/med/p95)=5.84/5.11/13.03 center_err_norm_diag(mean/med/p95)=0.0073/0.0064/0.0163 fp/img=0.0651 small/med/large recall=0.5966/0.8610/0.8884 counts=233/223/215
[INFO] saved per-epoch checkpoint: /mnt/core/MLonMCU_proj/software/ball_detection/runs/20260601-074845-smallimag_size_v3_smallhead_removed32/checkpoints/040_epoch.pt
[INFO] early stopping status: bad_epochs=11/30
[INFO] epoch 41/150 start | lr=0.000834731
[DEBUG] SimOTA train batch stats:
  images: 48
  empty_images: 7
  gt_count: 50
  candidate_count_mean/min/max: 80.00/27/400
  positives_total: 249
  positives_per_gt_mean/min/max: 4.98/4/5
  positives_stride8: 25
  positives_stride16: 224
  unmatched_gt_count: 0
  fallback_count: 0
  conflict_count: 0
  dynamic_k_mean/min/max: 4.98/4/5
  nonfinite_cost_count: 0
[DEBUG] SimOTA train batch stats:
  images: 48
  empty_images: 6
  gt_count: 55
  candidate_count_mean/min/max: 75.58/32/289
  positives_total: 274
  positives_per_gt_mean/min/max: 4.98/4/5
  positives_stride8: 28
  positives_stride16: 246
  unmatched_gt_count: 0
  fallback_count: 0
  conflict_count: 0
  dynamic_k_mean/min/max: 4.98/4/5
  nonfinite_cost_count: 0
[DEBUG] SimOTA train batch stats:
  images: 48
  empty_images: 4
  gt_count: 56
  candidate_count_mean/min/max: 75.46/30/274
  positives_total: 272
  positives_per_gt_mean/min/max: 4.86/1/5
  positives_stride8: 31
  positives_stride16: 241
  unmatched_gt_count: 0
  fallback_count: 0
  conflict_count: 0
  dynamic_k_mean/min/max: 4.86/1/5
  nonfinite_cost_count: 0
[DEBUG] SimOTA val batch stats:
  images: 48
  empty_images: 1
  gt_count: 47
  candidate_count_mean/min/max: 93.02/49/151
  positives_total: 235
  positives_per_gt_mean/min/max: 5.00/5/5
  positives_stride8: 6
  positives_stride16: 229
  unmatched_gt_count: 0
  fallback_count: 0
  conflict_count: 0
  dynamic_k_mean/min/max: 5.00/5/5
  nonfinite_cost_count: 0
[INFO] epoch summary | train loss=1.0390 obj=0.0007 box=0.2077 pos=254.83 | val loss=1.1271 map50=0.8130 map5095=0.4049 P=0.9032 R=0.7511 F1=0.8202
[INFO] val extras | mean_iou=0.7991 center_err_px(mean/med/p95)=5.14/4.69/11.03 center_err_norm_diag(mean/med/p95)=0.0064/0.0059/0.0138 fp/img=0.0799 small/med/large recall=0.5708/0.8700/0.8233 counts=233/223/215
[INFO] saved per-epoch checkpoint: /mnt/core/MLonMCU_proj/software/ball_detection/runs/20260601-074845-smallimag_size_v3_smallhead_removed32/checkpoints/041_epoch.pt
[INFO] early stopping status: bad_epochs=12/30
[INFO] epoch 42/150 start | lr=0.000826884
[DEBUG] SimOTA train batch stats:
  images: 48
  empty_images: 9
  gt_count: 48
  candidate_count_mean/min/max: 70.56/50/163
  positives_total: 235
  positives_per_gt_mean/min/max: 4.90/2/5
  positives_stride8: 21
  positives_stride16: 214
  unmatched_gt_count: 0
  fallback_count: 0
  conflict_count: 0
  dynamic_k_mean/min/max: 4.90/2/5
  nonfinite_cost_count: 0
[DEBUG] SimOTA train batch stats:
  images: 48
  empty_images: 8
  gt_count: 50
  candidate_count_mean/min/max: 79.20/30/250
  positives_total: 245
  positives_per_gt_mean/min/max: 4.90/1/5
  positives_stride8: 30
  positives_stride16: 215
  unmatched_gt_count: 0
  fallback_count: 0
  conflict_count: 0
  dynamic_k_mean/min/max: 4.90/1/5
  nonfinite_cost_count: 0
[DEBUG] SimOTA train batch stats:
  images: 48
  empty_images: 12
  gt_count: 40
  candidate_count_mean/min/max: 89.97/27/348
  positives_total: 200
  positives_per_gt_mean/min/max: 5.00/5/5
  positives_stride8: 13
  positives_stride16: 187
  unmatched_gt_count: 0
  fallback_count: 0
  conflict_count: 0
  dynamic_k_mean/min/max: 5.00/5/5
  nonfinite_cost_count: 0
[DEBUG] SimOTA train batch stats:
  images: 48
  empty_images: 6
  gt_count: 53
  candidate_count_mean/min/max: 67.58/50/238
  positives_total: 263
  positives_per_gt_mean/min/max: 4.96/4/5
  positives_stride8: 29
  positives_stride16: 234
  unmatched_gt_count: 0
  fallback_count: 0
  conflict_count: 0
  dynamic_k_mean/min/max: 4.96/4/5
  nonfinite_cost_count: 0
[DEBUG] SimOTA val batch stats:
  images: 48
  empty_images: 11
  gt_count: 37
  candidate_count_mean/min/max: 58.78/45/151
  positives_total: 180
  positives_per_gt_mean/min/max: 4.86/3/5
  positives_stride8: 50
  positives_stride16: 130
  unmatched_gt_count: 0
  fallback_count: 0
  conflict_count: 0
  dynamic_k_mean/min/max: 4.86/3/5
  nonfinite_cost_count: 0
[INFO] epoch summary | train loss=1.0419 obj=0.0007 box=0.2082 pos=254.54 | val loss=1.1764 map50=0.8240 map5095=0.4553 P=0.8922 R=0.7526 F1=0.8165
[INFO] val extras | mean_iou=0.8103 center_err_px(mean/med/p95)=5.01/4.45/10.69 center_err_norm_diag(mean/med/p95)=0.0063/0.0056/0.0134 fp/img=0.0902 small/med/large recall=0.5408/0.8475/0.8837 counts=233/223/215
[INFO] saved per-epoch checkpoint: /mnt/core/MLonMCU_proj/software/ball_detection/runs/20260601-074845-smallimag_size_v3_smallhead_removed32/checkpoints/042_epoch.pt
[INFO] new best checkpoint at epoch 42: /mnt/core/MLonMCU_proj/software/ball_detection/runs/20260601-074845-smallimag_size_v3_smallhead_removed32/checkpoints/best.pt
[INFO] epoch 43/150 start | lr=0.000818893
[DEBUG] SimOTA train batch stats:
  images: 48
  empty_images: 10
  gt_count: 49
  candidate_count_mean/min/max: 85.94/41/392
  positives_total: 244
  positives_per_gt_mean/min/max: 4.98/4/5
  positives_stride8: 23
  positives_stride16: 221
  unmatched_gt_count: 0
  fallback_count: 0
  conflict_count: 0
  dynamic_k_mean/min/max: 4.98/4/5
  nonfinite_cost_count: 0
[DEBUG] SimOTA train batch stats:
  images: 48
  empty_images: 10
  gt_count: 44
  candidate_count_mean/min/max: 85.68/35/265
  positives_total: 218
  positives_per_gt_mean/min/max: 4.95/3/5
  positives_stride8: 16
  positives_stride16: 202
  unmatched_gt_count: 0
  fallback_count: 0
  conflict_count: 0
  dynamic_k_mean/min/max: 4.95/3/5
  nonfinite_cost_count: 0
[DEBUG] SimOTA train batch stats:
  images: 48
  empty_images: 11
  gt_count: 49
  candidate_count_mean/min/max: 78.65/45/357
  positives_total: 241
  positives_per_gt_mean/min/max: 4.92/4/5
  positives_stride8: 27
  positives_stride16: 214
  unmatched_gt_count: 0
  fallback_count: 0
  conflict_count: 0
  dynamic_k_mean/min/max: 4.92/4/5
  nonfinite_cost_count: 0
[DEBUG] SimOTA train batch stats:
  images: 48
  empty_images: 8
  gt_count: 51
  candidate_count_mean/min/max: 69.08/35/259
  positives_total: 253
  positives_per_gt_mean/min/max: 4.96/4/5
  positives_stride8: 31
  positives_stride16: 222
  unmatched_gt_count: 0
  fallback_count: 0
  conflict_count: 0
  dynamic_k_mean/min/max: 4.96/4/5
  nonfinite_cost_count: 0
[INFO] epoch summary | train loss=1.0328 obj=0.0007 box=0.2064 pos=253.59 | val loss=1.1684 map50=0.8283 map5095=0.4336 P=0.9067 R=0.7675 F1=0.8313
[INFO] val extras | mean_iou=0.7986 center_err_px(mean/med/p95)=5.40/4.74/11.82 center_err_norm_diag(mean/med/p95)=0.0067/0.0059/0.0148 fp/img=0.0784 small/med/large recall=0.5665/0.8834/0.8651 counts=233/223/215
[INFO] saved per-epoch checkpoint: /mnt/core/MLonMCU_proj/software/ball_detection/runs/20260601-074845-smallimag_size_v3_smallhead_removed32/checkpoints/043_epoch.pt
[INFO] early stopping status: bad_epochs=1/30
[INFO] epoch 44/150 start | lr=0.000810763
[DEBUG] SimOTA train batch stats:
  images: 48
  empty_images: 2
  gt_count: 59
  candidate_count_mean/min/max: 75.81/45/218
  positives_total: 289
  positives_per_gt_mean/min/max: 4.90/0/5
  positives_stride8: 34
  positives_stride16: 255
  unmatched_gt_count: 1
  fallback_count: 0
  conflict_count: 3
  dynamic_k_mean/min/max: 4.95/2/5
  nonfinite_cost_count: 0
[DEBUG] SimOTA train batch stats:
  images: 48
  empty_images: 8
  gt_count: 50
  candidate_count_mean/min/max: 71.22/35/238
  positives_total: 249
  positives_per_gt_mean/min/max: 4.98/4/5
  positives_stride8: 27
  positives_stride16: 222
  unmatched_gt_count: 0
  fallback_count: 0
  conflict_count: 0
  dynamic_k_mean/min/max: 4.98/4/5
  nonfinite_cost_count: 0
[DEBUG] SimOTA train batch stats:
  images: 48
  empty_images: 9
  gt_count: 47
  candidate_count_mean/min/max: 66.55/27/310
  positives_total: 230
  positives_per_gt_mean/min/max: 4.89/2/5
  positives_stride8: 28
  positives_stride16: 202
  unmatched_gt_count: 0
  fallback_count: 0
  conflict_count: 5
  dynamic_k_mean/min/max: 5.00/5/5
  nonfinite_cost_count: 0
[DEBUG] SimOTA train batch stats:
  images: 48
  empty_images: 7
  gt_count: 55
  candidate_count_mean/min/max: 74.36/45/213
  positives_total: 274
  positives_per_gt_mean/min/max: 4.98/4/5
  positives_stride8: 28
  positives_stride16: 246
  unmatched_gt_count: 0
  fallback_count: 0
  conflict_count: 0
  dynamic_k_mean/min/max: 4.98/4/5
  nonfinite_cost_count: 0
[DEBUG] SimOTA val batch stats:
  images: 48
  empty_images: 3
  gt_count: 75
  candidate_count_mean/min/max: 56.43/30/146
  positives_total: 359
  positives_per_gt_mean/min/max: 4.79/3/5
  positives_stride8: 71
  positives_stride16: 288
  unmatched_gt_count: 0
  fallback_count: 0
  conflict_count: 0
  dynamic_k_mean/min/max: 4.79/3/5
  nonfinite_cost_count: 0
[INFO] epoch summary | train loss=1.0319 obj=0.0007 box=0.2062 pos=254.97 | val loss=1.1530 map50=0.8410 map5095=0.4390 P=0.9048 R=0.7794 F1=0.8375
[INFO] val extras | mean_iou=0.8033 center_err_px(mean/med/p95)=5.22/4.68/11.55 center_err_norm_diag(mean/med/p95)=0.0065/0.0059/0.0144 fp/img=0.0814 small/med/large recall=0.6137/0.8655/0.8698 counts=233/223/215
[INFO] saved per-epoch checkpoint: /mnt/core/MLonMCU_proj/software/ball_detection/runs/20260601-074845-smallimag_size_v3_smallhead_removed32/checkpoints/044_epoch.pt
[INFO] early stopping status: bad_epochs=2/30
[INFO] epoch 45/150 start | lr=0.000802497
[DEBUG] SimOTA train batch stats:
  images: 48
  empty_images: 9
  gt_count: 46
  candidate_count_mean/min/max: 67.89/35/215
  positives_total: 227
  positives_per_gt_mean/min/max: 4.93/4/5
  positives_stride8: 24
  positives_stride16: 203
  unmatched_gt_count: 0
  fallback_count: 0
  conflict_count: 0
  dynamic_k_mean/min/max: 4.93/4/5
  nonfinite_cost_count: 0
[DEBUG] SimOTA train batch stats:
  images: 48
  empty_images: 5
  gt_count: 56
  candidate_count_mean/min/max: 76.59/27/244
  positives_total: 278
  positives_per_gt_mean/min/max: 4.96/4/5
  positives_stride8: 25
  positives_stride16: 253
  unmatched_gt_count: 0
  fallback_count: 0
  conflict_count: 0
  dynamic_k_mean/min/max: 4.96/4/5
  nonfinite_cost_count: 0
[DEBUG] SimOTA train batch stats:
  images: 48
  empty_images: 10
  gt_count: 51
  candidate_count_mean/min/max: 79.49/35/427
  positives_total: 255
  positives_per_gt_mean/min/max: 5.00/5/5
  positives_stride8: 28
  positives_stride16: 227
  unmatched_gt_count: 0
  fallback_count: 0
  conflict_count: 0
  dynamic_k_mean/min/max: 5.00/5/5
  nonfinite_cost_count: 0
[DEBUG] SimOTA train batch stats:
  images: 48
  empty_images: 5
  gt_count: 51
  candidate_count_mean/min/max: 83.67/27/400
  positives_total: 254
  positives_per_gt_mean/min/max: 4.98/4/5
  positives_stride8: 17
  positives_stride16: 237
  unmatched_gt_count: 0
  fallback_count: 0
  conflict_count: 0
  dynamic_k_mean/min/max: 4.98/4/5
  nonfinite_cost_count: 0
[DEBUG] SimOTA val batch stats:
  images: 48
  empty_images: 4
  gt_count: 48
  candidate_count_mean/min/max: 61.46/32/151
  positives_total: 223
  positives_per_gt_mean/min/max: 4.65/2/5
  positives_stride8: 38
  positives_stride16: 185
  unmatched_gt_count: 0
  fallback_count: 0
  conflict_count: 0
  dynamic_k_mean/min/max: 4.65/2/5
  nonfinite_cost_count: 0
[INFO] epoch summary | train loss=1.0148 obj=0.0007 box=0.2028 pos=254.32 | val loss=1.1309 map50=0.8311 map5095=0.4511 P=0.8558 R=0.7869 F1=0.8199
[INFO] val extras | mean_iou=0.8053 center_err_px(mean/med/p95)=5.03/4.23/10.67 center_err_norm_diag(mean/med/p95)=0.0063/0.0053/0.0133 fp/img=0.1317 small/med/large recall=0.6180/0.8655/0.8884 counts=233/223/215
[INFO] saved per-epoch checkpoint: /mnt/core/MLonMCU_proj/software/ball_detection/runs/20260601-074845-smallimag_size_v3_smallhead_removed32/checkpoints/045_epoch.pt
[INFO] early stopping status: bad_epochs=3/30
[INFO] epoch 46/150 start | lr=0.000794099
[DEBUG] SimOTA train batch stats:
  images: 48
  empty_images: 7
  gt_count: 52
  candidate_count_mean/min/max: 86.50/35/357
  positives_total: 258
  positives_per_gt_mean/min/max: 4.96/4/5
  positives_stride8: 28
  positives_stride16: 230
  unmatched_gt_count: 0
  fallback_count: 0
  conflict_count: 0
  dynamic_k_mean/min/max: 4.96/4/5
  nonfinite_cost_count: 0
[DEBUG] SimOTA train batch stats:
  images: 48
  empty_images: 4
  gt_count: 62
  candidate_count_mean/min/max: 87.76/45/280
  positives_total: 309
  positives_per_gt_mean/min/max: 4.98/4/5
  positives_stride8: 29
  positives_stride16: 280
  unmatched_gt_count: 0
  fallback_count: 0
  conflict_count: 0
  dynamic_k_mean/min/max: 4.98/4/5
  nonfinite_cost_count: 0
[DEBUG] SimOTA train batch stats:
  images: 48
  empty_images: 4
  gt_count: 54
  candidate_count_mean/min/max: 85.83/50/418
  positives_total: 270
  positives_per_gt_mean/min/max: 5.00/5/5
  positives_stride8: 27
  positives_stride16: 243
  unmatched_gt_count: 0
  fallback_count: 0
  conflict_count: 0
  dynamic_k_mean/min/max: 5.00/5/5
  nonfinite_cost_count: 0
[DEBUG] SimOTA train batch stats:
  images: 48
  empty_images: 7
  gt_count: 49
  candidate_count_mean/min/max: 81.00/30/281
  positives_total: 240
  positives_per_gt_mean/min/max: 4.90/1/5
  positives_stride8: 25
  positives_stride16: 215
  unmatched_gt_count: 0
  fallback_count: 0
  conflict_count: 0
  dynamic_k_mean/min/max: 4.90/1/5
  nonfinite_cost_count: 0
[INFO] epoch summary | train loss=1.0019 obj=0.0007 box=0.2002 pos=254.36 | val loss=1.1266 map50=0.8522 map5095=0.4892 P=0.9403 R=0.7750 F1=0.8497
[INFO] val extras | mean_iou=0.8164 center_err_px(mean/med/p95)=5.12/4.38/12.01 center_err_norm_diag(mean/med/p95)=0.0064/0.0055/0.0150 fp/img=0.0488 small/med/large recall=0.5751/0.8520/0.9116 counts=233/223/215
[INFO] saved per-epoch checkpoint: /mnt/core/MLonMCU_proj/software/ball_detection/runs/20260601-074845-smallimag_size_v3_smallhead_removed32/checkpoints/046_epoch.pt
[INFO] new best checkpoint at epoch 46: /mnt/core/MLonMCU_proj/software/ball_detection/runs/20260601-074845-smallimag_size_v3_smallhead_removed32/checkpoints/best.pt
[INFO] epoch 47/150 start | lr=0.000785571
[DEBUG] SimOTA train batch stats:
  images: 48
  empty_images: 9
  gt_count: 46
  candidate_count_mean/min/max: 82.11/45/216
  positives_total: 230
  positives_per_gt_mean/min/max: 5.00/5/5
  positives_stride8: 25
  positives_stride16: 205
  unmatched_gt_count: 0
  fallback_count: 0
  conflict_count: 0
  dynamic_k_mean/min/max: 5.00/5/5
  nonfinite_cost_count: 0
[DEBUG] SimOTA train batch stats:
  images: 48
  empty_images: 6
  gt_count: 54
  candidate_count_mean/min/max: 87.26/35/281
  positives_total: 270
  positives_per_gt_mean/min/max: 5.00/5/5
  positives_stride8: 24
  positives_stride16: 246
  unmatched_gt_count: 0
  fallback_count: 0
  conflict_count: 0
  dynamic_k_mean/min/max: 5.00/5/5
  nonfinite_cost_count: 0
[DEBUG] SimOTA train batch stats:
  images: 48
  empty_images: 9
  gt_count: 51
  candidate_count_mean/min/max: 70.33/35/213
  positives_total: 254
  positives_per_gt_mean/min/max: 4.98/4/5
  positives_stride8: 32
  positives_stride16: 222
  unmatched_gt_count: 0
  fallback_count: 0
  conflict_count: 0
  dynamic_k_mean/min/max: 4.98/4/5
  nonfinite_cost_count: 0
[DEBUG] SimOTA train batch stats:
  images: 48
  empty_images: 10
  gt_count: 48
  candidate_count_mean/min/max: 87.58/27/400
  positives_total: 235
  positives_per_gt_mean/min/max: 4.90/1/5
  positives_stride8: 32
  positives_stride16: 203
  unmatched_gt_count: 0
  fallback_count: 0
  conflict_count: 0
  dynamic_k_mean/min/max: 4.90/1/5
  nonfinite_cost_count: 0
[DEBUG] SimOTA val batch stats:
  images: 48
  empty_images: 9
  gt_count: 43
  candidate_count_mean/min/max: 49.35/25/62
  positives_total: 212
  positives_per_gt_mean/min/max: 4.93/4/5
  positives_stride8: 39
  positives_stride16: 173
  unmatched_gt_count: 0
  fallback_count: 0
  conflict_count: 0
  dynamic_k_mean/min/max: 4.93/4/5
  nonfinite_cost_count: 0
[INFO] epoch summary | train loss=1.0110 obj=0.0007 box=0.2021 pos=255.05 | val loss=1.1775 map50=0.8333 map5095=0.4538 P=0.9429 R=0.7377 F1=0.8278
[INFO] val extras | mean_iou=0.8159 center_err_px(mean/med/p95)=4.63/3.93/10.49 center_err_norm_diag(mean/med/p95)=0.0058/0.0049/0.0131 fp/img=0.0444 small/med/large recall=0.5751/0.8341/0.8140 counts=233/223/215
[INFO] saved per-epoch checkpoint: /mnt/core/MLonMCU_proj/software/ball_detection/runs/20260601-074845-smallimag_size_v3_smallhead_removed32/checkpoints/047_epoch.pt
[INFO] early stopping status: bad_epochs=1/30
[INFO] epoch 48/150 start | lr=0.000776919
[DEBUG] SimOTA train batch stats:
  images: 48
  empty_images: 6
  gt_count: 54
  candidate_count_mean/min/max: 66.02/30/146
  positives_total: 264
  positives_per_gt_mean/min/max: 4.89/2/5
  positives_stride8: 38
  positives_stride16: 226
  unmatched_gt_count: 0
  fallback_count: 0
  conflict_count: 1
  dynamic_k_mean/min/max: 4.91/3/5
  nonfinite_cost_count: 0
[DEBUG] SimOTA train batch stats:
  images: 48
  empty_images: 5
  gt_count: 53
  candidate_count_mean/min/max: 77.51/30/392
  positives_total: 260
  positives_per_gt_mean/min/max: 4.91/3/5
  positives_stride8: 28
  positives_stride16: 232
  unmatched_gt_count: 0
  fallback_count: 0
  conflict_count: 0
  dynamic_k_mean/min/max: 4.91/3/5
  nonfinite_cost_count: 0
[DEBUG] SimOTA train batch stats:
  images: 48
  empty_images: 8
  gt_count: 53
  candidate_count_mean/min/max: 77.00/30/259
  positives_total: 260
  positives_per_gt_mean/min/max: 4.91/1/5
  positives_stride8: 30
  positives_stride16: 230
  unmatched_gt_count: 0
  fallback_count: 0
  conflict_count: 0
  dynamic_k_mean/min/max: 4.91/1/5
  nonfinite_cost_count: 0
[DEBUG] SimOTA train batch stats:
  images: 48
  empty_images: 11
  gt_count: 53
  candidate_count_mean/min/max: 70.94/35/215
  positives_total: 263
  positives_per_gt_mean/min/max: 4.96/4/5
  positives_stride8: 33
  positives_stride16: 230
  unmatched_gt_count: 0
  fallback_count: 0
  conflict_count: 0
  dynamic_k_mean/min/max: 4.96/4/5
  nonfinite_cost_count: 0
[DEBUG] SimOTA val batch stats:
  images: 48
  empty_images: 4
  gt_count: 58
  candidate_count_mean/min/max: 80.17/44/289
  positives_total: 287
  positives_per_gt_mean/min/max: 4.95/3/5
  positives_stride8: 41
  positives_stride16: 246
  unmatched_gt_count: 0
  fallback_count: 0
  conflict_count: 0
  dynamic_k_mean/min/max: 4.95/3/5
  nonfinite_cost_count: 0
[INFO] epoch summary | train loss=1.0093 obj=0.0007 box=0.2017 pos=255.59 | val loss=1.1704 map50=0.8473 map5095=0.4568 P=0.9263 R=0.7869 F1=0.8509
[INFO] val extras | mean_iou=0.8029 center_err_px(mean/med/p95)=4.97/4.07/10.81 center_err_norm_diag(mean/med/p95)=0.0062/0.0051/0.0135 fp/img=0.0621 small/med/large recall=0.6137/0.8744/0.8837 counts=233/223/215
[INFO] saved per-epoch checkpoint: /mnt/core/MLonMCU_proj/software/ball_detection/runs/20260601-074845-smallimag_size_v3_smallhead_removed32/checkpoints/048_epoch.pt
[INFO] early stopping status: bad_epochs=2/30
[INFO] epoch 49/150 start | lr=0.000768145
[DEBUG] SimOTA train batch stats:
  images: 48
  empty_images: 7
  gt_count: 52
  candidate_count_mean/min/max: 70.87/27/320
  positives_total: 249
  positives_per_gt_mean/min/max: 4.79/0/5
  positives_stride8: 41
  positives_stride16: 208
  unmatched_gt_count: 2
  fallback_count: 0
  conflict_count: 4
  dynamic_k_mean/min/max: 4.87/2/5
  nonfinite_cost_count: 0
[DEBUG] SimOTA train batch stats:
  images: 48
  empty_images: 2
  gt_count: 55
  candidate_count_mean/min/max: 80.60/35/344
  positives_total: 263
  positives_per_gt_mean/min/max: 4.78/1/5
  positives_stride8: 24
  positives_stride16: 239
  unmatched_gt_count: 0
  fallback_count: 0
  conflict_count: 2
  dynamic_k_mean/min/max: 4.82/2/5
  nonfinite_cost_count: 0
[DEBUG] SimOTA train batch stats:
  images: 48
  empty_images: 5
  gt_count: 59
  candidate_count_mean/min/max: 65.39/41/195
  positives_total: 291
  positives_per_gt_mean/min/max: 4.93/4/5
  positives_stride8: 38
  positives_stride16: 253
  unmatched_gt_count: 0
  fallback_count: 0
  conflict_count: 0
  dynamic_k_mean/min/max: 4.93/4/5
  nonfinite_cost_count: 0
[DEBUG] SimOTA train batch stats:
  images: 48
  empty_images: 7
  gt_count: 48
  candidate_count_mean/min/max: 71.23/35/245
  positives_total: 234
  positives_per_gt_mean/min/max: 4.88/1/5
  positives_stride8: 24
  positives_stride16: 210
  unmatched_gt_count: 0
  fallback_count: 0
  conflict_count: 0
  dynamic_k_mean/min/max: 4.88/1/5
  nonfinite_cost_count: 0
[INFO] epoch summary | train loss=0.9942 obj=0.0007 box=0.1987 pos=255.14 | val loss=1.1554 map50=0.8284 map5095=0.4459 P=0.8874 R=0.7750 F1=0.8274
[INFO] val extras | mean_iou=0.8109 center_err_px(mean/med/p95)=4.62/3.96/10.73 center_err_norm_diag(mean/med/p95)=0.0058/0.0050/0.0134 fp/img=0.0976 small/med/large recall=0.6009/0.8744/0.8605 counts=233/223/215
[INFO] saved per-epoch checkpoint: /mnt/core/MLonMCU_proj/software/ball_detection/runs/20260601-074845-smallimag_size_v3_smallhead_removed32/checkpoints/049_epoch.pt
[INFO] early stopping status: bad_epochs=3/30
[INFO] epoch 50/150 start | lr=0.000759254
[DEBUG] SimOTA train batch stats:
  images: 48
  empty_images: 3
  gt_count: 56
  candidate_count_mean/min/max: 65.86/30/200
  positives_total: 275
  positives_per_gt_mean/min/max: 4.91/1/5
  positives_stride8: 39
  positives_stride16: 236
  unmatched_gt_count: 0
  fallback_count: 0
  conflict_count: 0
  dynamic_k_mean/min/max: 4.91/1/5
  nonfinite_cost_count: 0
[DEBUG] SimOTA train batch stats:
  images: 48
  empty_images: 5
  gt_count: 59
  candidate_count_mean/min/max: 67.81/35/196
  positives_total: 287
  positives_per_gt_mean/min/max: 4.86/1/5
  positives_stride8: 35
  positives_stride16: 252
  unmatched_gt_count: 0
  fallback_count: 0
  conflict_count: 0
  dynamic_k_mean/min/max: 4.86/1/5
  nonfinite_cost_count: 0
[DEBUG] SimOTA train batch stats:
  images: 48
  empty_images: 4
  gt_count: 54
  candidate_count_mean/min/max: 68.22/35/260
  positives_total: 268
  positives_per_gt_mean/min/max: 4.96/4/5
  positives_stride8: 38
  positives_stride16: 230
  unmatched_gt_count: 0
  fallback_count: 0
  conflict_count: 0
  dynamic_k_mean/min/max: 4.96/4/5
  nonfinite_cost_count: 0
[DEBUG] SimOTA train batch stats:
  images: 48
  empty_images: 8
  gt_count: 49
  candidate_count_mean/min/max: 75.84/27/216
  positives_total: 245
  positives_per_gt_mean/min/max: 5.00/5/5
  positives_stride8: 28
  positives_stride16: 217
  unmatched_gt_count: 0
  fallback_count: 0
  conflict_count: 0
  dynamic_k_mean/min/max: 5.00/5/5
  nonfinite_cost_count: 0
[DEBUG] SimOTA val batch stats:
  images: 48
  empty_images: 3
  gt_count: 45
  candidate_count_mean/min/max: 105.00/35/157
  positives_total: 225
  positives_per_gt_mean/min/max: 5.00/5/5
  positives_stride8: 8
  positives_stride16: 217
  unmatched_gt_count: 0
  fallback_count: 0
  conflict_count: 0
  dynamic_k_mean/min/max: 5.00/5/5
  nonfinite_cost_count: 0
[INFO] epoch summary | train loss=1.0008 obj=0.0007 box=0.2000 pos=255.85 | val loss=1.1558 map50=0.8414 map5095=0.4694 P=0.8768 R=0.7958 F1=0.8344
[INFO] val extras | mean_iou=0.8047 center_err_px(mean/med/p95)=5.38/4.38/12.03 center_err_norm_diag(mean/med/p95)=0.0067/0.0055/0.0150 fp/img=0.1109 small/med/large recall=0.5966/0.8655/0.9395 counts=233/223/215
[INFO] saved per-epoch checkpoint: /mnt/core/MLonMCU_proj/software/ball_detection/runs/20260601-074845-smallimag_size_v3_smallhead_removed32/checkpoints/050_epoch.pt
[INFO] early stopping status: bad_epochs=4/30
[INFO] epoch 51/150 start | lr=0.00075025
[DEBUG] SimOTA train batch stats:
  images: 48
  empty_images: 9
  gt_count: 44
  candidate_count_mean/min/max: 73.61/35/231
  positives_total: 216
  positives_per_gt_mean/min/max: 4.91/2/5
  positives_stride8: 17
  positives_stride16: 199
  unmatched_gt_count: 0
  fallback_count: 0
  conflict_count: 0
  dynamic_k_mean/min/max: 4.91/2/5
  nonfinite_cost_count: 0
[DEBUG] SimOTA train batch stats:
  images: 48
  empty_images: 5
  gt_count: 54
  candidate_count_mean/min/max: 71.52/30/260
  positives_total: 270
  positives_per_gt_mean/min/max: 5.00/5/5
  positives_stride8: 32
  positives_stride16: 238
  unmatched_gt_count: 0
  fallback_count: 0
  conflict_count: 0
  dynamic_k_mean/min/max: 5.00/5/5
  nonfinite_cost_count: 0
[DEBUG] SimOTA train batch stats:
  images: 48
  empty_images: 11
  gt_count: 44
  candidate_count_mean/min/max: 84.55/45/336
  positives_total: 219
  positives_per_gt_mean/min/max: 4.98/4/5
  positives_stride8: 24
  positives_stride16: 195
  unmatched_gt_count: 0
  fallback_count: 0
  conflict_count: 0
  dynamic_k_mean/min/max: 4.98/4/5
  nonfinite_cost_count: 0
[DEBUG] SimOTA train batch stats:
  images: 48
  empty_images: 6
  gt_count: 45
  candidate_count_mean/min/max: 69.84/45/180
  positives_total: 225
  positives_per_gt_mean/min/max: 5.00/5/5
  positives_stride8: 20
  positives_stride16: 205
  unmatched_gt_count: 0
  fallback_count: 0
  conflict_count: 0
  dynamic_k_mean/min/max: 5.00/5/5
  nonfinite_cost_count: 0
[DEBUG] SimOTA val batch stats:
  images: 48
  empty_images: 6
  gt_count: 52
  candidate_count_mean/min/max: 74.69/29/259
  positives_total: 250
  positives_per_gt_mean/min/max: 4.81/1/5
  positives_stride8: 39
  positives_stride16: 211
  unmatched_gt_count: 0
  fallback_count: 0
  conflict_count: 3
  dynamic_k_mean/min/max: 4.87/3/5
  nonfinite_cost_count: 0
[INFO] epoch summary | train loss=0.9964 obj=0.0006 box=0.1992 pos=254.59 | val loss=1.1393 map50=0.8298 map5095=0.4279 P=0.9187 R=0.7750 F1=0.8407
[INFO] val extras | mean_iou=0.8006 center_err_px(mean/med/p95)=5.21/4.58/11.35 center_err_norm_diag(mean/med/p95)=0.0065/0.0057/0.0142 fp/img=0.0680 small/med/large recall=0.6009/0.8700/0.8651 counts=233/223/215
[INFO] saved per-epoch checkpoint: /mnt/core/MLonMCU_proj/software/ball_detection/runs/20260601-074845-smallimag_size_v3_smallhead_removed32/checkpoints/051_epoch.pt
[INFO] early stopping status: bad_epochs=5/30
[INFO] epoch 52/150 start | lr=0.000741136
[DEBUG] SimOTA train batch stats:
  images: 48
  empty_images: 8
  gt_count: 47
  candidate_count_mean/min/max: 67.66/45/241
  positives_total: 233
  positives_per_gt_mean/min/max: 4.96/3/5
  positives_stride8: 30
  positives_stride16: 203
  unmatched_gt_count: 0
  fallback_count: 0
  conflict_count: 0
  dynamic_k_mean/min/max: 4.96/3/5
  nonfinite_cost_count: 0
[DEBUG] SimOTA train batch stats:
  images: 48
  empty_images: 4
  gt_count: 54
  candidate_count_mean/min/max: 73.24/50/260
  positives_total: 255
  positives_per_gt_mean/min/max: 4.72/0/5
  positives_stride8: 38
  positives_stride16: 217
  unmatched_gt_count: 2
  fallback_count: 0
  conflict_count: 6
  dynamic_k_mean/min/max: 4.83/2/5
  nonfinite_cost_count: 0
[DEBUG] SimOTA train batch stats:
  images: 48
  empty_images: 6
  gt_count: 54
  candidate_count_mean/min/max: 82.37/50/281
  positives_total: 270
  positives_per_gt_mean/min/max: 5.00/5/5
  positives_stride8: 26
  positives_stride16: 244
  unmatched_gt_count: 0
  fallback_count: 0
  conflict_count: 0
  dynamic_k_mean/min/max: 5.00/5/5
  nonfinite_cost_count: 0
[DEBUG] SimOTA train batch stats:
  images: 48
  empty_images: 3
  gt_count: 60
  candidate_count_mean/min/max: 74.08/35/252
  positives_total: 298
  positives_per_gt_mean/min/max: 4.97/4/5
  positives_stride8: 43
  positives_stride16: 255
  unmatched_gt_count: 0
  fallback_count: 0
  conflict_count: 0
  dynamic_k_mean/min/max: 4.97/4/5
  nonfinite_cost_count: 0
[INFO] epoch summary | train loss=0.9968 obj=0.0007 box=0.1992 pos=255.36 | val loss=1.1714 map50=0.8518 map5095=0.4971 P=0.9240 R=0.7794 F1=0.8456
[INFO] val extras | mean_iou=0.8161 center_err_px(mean/med/p95)=4.96/4.06/11.72 center_err_norm_diag(mean/med/p95)=0.0062/0.0051/0.0146 fp/img=0.0636 small/med/large recall=0.5751/0.8655/0.9116 counts=233/223/215
[INFO] saved per-epoch checkpoint: /mnt/core/MLonMCU_proj/software/ball_detection/runs/20260601-074845-smallimag_size_v3_smallhead_removed32/checkpoints/052_epoch.pt
[INFO] new best checkpoint at epoch 52: /mnt/core/MLonMCU_proj/software/ball_detection/runs/20260601-074845-smallimag_size_v3_smallhead_removed32/checkpoints/best.pt
[INFO] epoch 53/150 start | lr=0.000731916
[DEBUG] SimOTA train batch stats:
  images: 48
  empty_images: 6
  gt_count: 48
  candidate_count_mean/min/max: 68.56/45/157
  positives_total: 235
  positives_per_gt_mean/min/max: 4.90/0/5
  positives_stride8: 30
  positives_stride16: 205
  unmatched_gt_count: 1
  fallback_count: 0
  conflict_count: 1
  dynamic_k_mean/min/max: 4.92/1/5
  nonfinite_cost_count: 0
[DEBUG] SimOTA train batch stats:
  images: 48
  empty_images: 3
  gt_count: 54
  candidate_count_mean/min/max: 77.28/27/265
  positives_total: 268
  positives_per_gt_mean/min/max: 4.96/4/5
  positives_stride8: 38
  positives_stride16: 230
  unmatched_gt_count: 0
  fallback_count: 0
  conflict_count: 0
  dynamic_k_mean/min/max: 4.96/4/5
  nonfinite_cost_count: 0
[DEBUG] SimOTA train batch stats:
  images: 48
  empty_images: 8
  gt_count: 46
  candidate_count_mean/min/max: 80.54/35/348
  positives_total: 229
  positives_per_gt_mean/min/max: 4.98/4/5
  positives_stride8: 31
  positives_stride16: 198
  unmatched_gt_count: 0
  fallback_count: 0
  conflict_count: 0
  dynamic_k_mean/min/max: 4.98/4/5
  nonfinite_cost_count: 0
[DEBUG] SimOTA train batch stats:
  images: 48
  empty_images: 9
  gt_count: 44
  candidate_count_mean/min/max: 79.34/45/289
  positives_total: 220
  positives_per_gt_mean/min/max: 5.00/5/5
  positives_stride8: 20
  positives_stride16: 200
  unmatched_gt_count: 0
  fallback_count: 0
  conflict_count: 0
  dynamic_k_mean/min/max: 5.00/5/5
  nonfinite_cost_count: 0
[DEBUG] SimOTA val batch stats:
  images: 48
  empty_images: 12
  gt_count: 51
  candidate_count_mean/min/max: 56.25/30/125
  positives_total: 250
  positives_per_gt_mean/min/max: 4.90/3/5
  positives_stride8: 46
  positives_stride16: 204
  unmatched_gt_count: 0
  fallback_count: 0
  conflict_count: 0
  dynamic_k_mean/min/max: 4.90/3/5
  nonfinite_cost_count: 0
[INFO] epoch summary | train loss=0.9866 obj=0.0006 box=0.1972 pos=254.73 | val loss=1.1245 map50=0.8665 map5095=0.4972 P=0.9341 R=0.8033 F1=0.8638
[INFO] val extras | mean_iou=0.8147 center_err_px(mean/med/p95)=5.31/4.37/12.90 center_err_norm_diag(mean/med/p95)=0.0066/0.0055/0.0161 fp/img=0.0562 small/med/large recall=0.6009/0.8879/0.9349 counts=233/223/215
[INFO] saved per-epoch checkpoint: /mnt/core/MLonMCU_proj/software/ball_detection/runs/20260601-074845-smallimag_size_v3_smallhead_removed32/checkpoints/053_epoch.pt
[INFO] early stopping status: bad_epochs=1/30
[INFO] epoch 54/150 start | lr=0.000722595
[DEBUG] SimOTA train batch stats:
  images: 48
  empty_images: 6
  gt_count: 54
  candidate_count_mean/min/max: 72.39/35/350
  positives_total: 264
  positives_per_gt_mean/min/max: 4.89/0/5
  positives_stride8: 34
  positives_stride16: 230
  unmatched_gt_count: 1
  fallback_count: 0
  conflict_count: 3
  dynamic_k_mean/min/max: 4.94/2/5
  nonfinite_cost_count: 0
[DEBUG] SimOTA train batch stats:
  images: 48
  empty_images: 7
  gt_count: 54
  candidate_count_mean/min/max: 75.24/35/320
  positives_total: 265
  positives_per_gt_mean/min/max: 4.91/2/5
  positives_stride8: 43
  positives_stride16: 222
  unmatched_gt_count: 0
  fallback_count: 0
  conflict_count: 0
  dynamic_k_mean/min/max: 4.91/2/5
  nonfinite_cost_count: 0
[DEBUG] SimOTA train batch stats:
  images: 48
  empty_images: 4
  gt_count: 55
  candidate_count_mean/min/max: 66.93/35/135
  positives_total: 275
  positives_per_gt_mean/min/max: 5.00/5/5
  positives_stride8: 42
  positives_stride16: 233
  unmatched_gt_count: 0
  fallback_count: 0
  conflict_count: 0
  dynamic_k_mean/min/max: 5.00/5/5
  nonfinite_cost_count: 0
[DEBUG] SimOTA train batch stats:
  images: 48
  empty_images: 5
  gt_count: 53
  candidate_count_mean/min/max: 80.25/35/320
  positives_total: 254
  positives_per_gt_mean/min/max: 4.79/0/5
  positives_stride8: 24
  positives_stride16: 230
  unmatched_gt_count: 2
  fallback_count: 0
  conflict_count: 5
  dynamic_k_mean/min/max: 4.89/2/5
  nonfinite_cost_count: 0
[DEBUG] SimOTA val batch stats:
  images: 48
  empty_images: 6
  gt_count: 44
  candidate_count_mean/min/max: 84.43/50/280
  positives_total: 218
  positives_per_gt_mean/min/max: 4.95/3/5
  positives_stride8: 8
  positives_stride16: 210
  unmatched_gt_count: 0
  fallback_count: 0
  conflict_count: 0
  dynamic_k_mean/min/max: 4.95/3/5
  nonfinite_cost_count: 0
[INFO] epoch summary | train loss=0.9916 obj=0.0006 box=0.1982 pos=256.04 | val loss=1.1773 map50=0.8458 map5095=0.4494 P=0.8597 R=0.7854 F1=0.8209
[INFO] val extras | mean_iou=0.8044 center_err_px(mean/med/p95)=4.93/4.19/11.37 center_err_norm_diag(mean/med/p95)=0.0062/0.0052/0.0142 fp/img=0.1272 small/med/large recall=0.6180/0.8700/0.8791 counts=233/223/215
[INFO] saved per-epoch checkpoint: /mnt/core/MLonMCU_proj/software/ball_detection/runs/20260601-074845-smallimag_size_v3_smallhead_removed32/checkpoints/054_epoch.pt
[INFO] early stopping status: bad_epochs=2/30
[INFO] epoch 55/150 start | lr=0.000713177
[DEBUG] SimOTA train batch stats:
  images: 48
  empty_images: 8
  gt_count: 53
  candidate_count_mean/min/max: 76.83/30/274
  positives_total: 259
  positives_per_gt_mean/min/max: 4.89/1/5
  positives_stride8: 39
  positives_stride16: 220
  unmatched_gt_count: 0
  fallback_count: 0
  conflict_count: 0
  dynamic_k_mean/min/max: 4.89/1/5
  nonfinite_cost_count: 0
[DEBUG] SimOTA train batch stats:
  images: 48
  empty_images: 10
  gt_count: 49
  candidate_count_mean/min/max: 80.22/50/270
  positives_total: 244
  positives_per_gt_mean/min/max: 4.98/4/5
  positives_stride8: 30
  positives_stride16: 214
  unmatched_gt_count: 0
  fallback_count: 0
  conflict_count: 0
  dynamic_k_mean/min/max: 4.98/4/5
  nonfinite_cost_count: 0
[DEBUG] SimOTA train batch stats:
  images: 48
  empty_images: 7
  gt_count: 55
  candidate_count_mean/min/max: 70.71/45/238
  positives_total: 263
  positives_per_gt_mean/min/max: 4.78/0/5
  positives_stride8: 33
  positives_stride16: 230
  unmatched_gt_count: 2
  fallback_count: 0
  conflict_count: 5
  dynamic_k_mean/min/max: 4.87/2/5
  nonfinite_cost_count: 0
[DEBUG] SimOTA train batch stats:
  images: 48
  empty_images: 9
  gt_count: 46
  candidate_count_mean/min/max: 71.35/35/400
  positives_total: 230
  positives_per_gt_mean/min/max: 5.00/5/5
  positives_stride8: 32
  positives_stride16: 198
  unmatched_gt_count: 0
  fallback_count: 0
  conflict_count: 0
  dynamic_k_mean/min/max: 5.00/5/5
  nonfinite_cost_count: 0
[INFO] epoch summary | train loss=0.9889 obj=0.0006 box=0.1976 pos=255.24 | val loss=1.1390 map50=0.8518 map5095=0.4611 P=0.8931 R=0.8092 F1=0.8491
[INFO] val extras | mean_iou=0.8030 center_err_px(mean/med/p95)=5.35/4.51/12.03 center_err_norm_diag(mean/med/p95)=0.0067/0.0056/0.0150 fp/img=0.0962 small/med/large recall=0.6395/0.8879/0.9116 counts=233/223/215
[INFO] saved per-epoch checkpoint: /mnt/core/MLonMCU_proj/software/ball_detection/runs/20260601-074845-smallimag_size_v3_smallhead_removed32/checkpoints/055_epoch.pt
[INFO] early stopping status: bad_epochs=3/30
[INFO] epoch 56/150 start | lr=0.000703665
[DEBUG] SimOTA train batch stats:
  images: 48
  empty_images: 4
  gt_count: 52
  candidate_count_mean/min/max: 86.23/39/357
  positives_total: 260
  positives_per_gt_mean/min/max: 5.00/5/5
  positives_stride8: 29
  positives_stride16: 231
  unmatched_gt_count: 0
  fallback_count: 0
  conflict_count: 0
  dynamic_k_mean/min/max: 5.00/5/5
  nonfinite_cost_count: 0
[DEBUG] SimOTA train batch stats:
  images: 48
  empty_images: 3
  gt_count: 58
  candidate_count_mean/min/max: 75.53/27/231
  positives_total: 289
  positives_per_gt_mean/min/max: 4.98/4/5
  positives_stride8: 39
  positives_stride16: 250
  unmatched_gt_count: 0
  fallback_count: 0
  conflict_count: 0
  dynamic_k_mean/min/max: 4.98/4/5
  nonfinite_cost_count: 0
[DEBUG] SimOTA train batch stats:
  images: 48
  empty_images: 11
  gt_count: 47
  candidate_count_mean/min/max: 77.11/37/265
  positives_total: 234
  positives_per_gt_mean/min/max: 4.98/4/5
  positives_stride8: 37
  positives_stride16: 197
  unmatched_gt_count: 0
  fallback_count: 0
  conflict_count: 0
  dynamic_k_mean/min/max: 4.98/4/5
  nonfinite_cost_count: 0
[DEBUG] SimOTA train batch stats:
  images: 48
  empty_images: 2
  gt_count: 58
  candidate_count_mean/min/max: 81.62/35/265
  positives_total: 287
  positives_per_gt_mean/min/max: 4.95/3/5
  positives_stride8: 45
  positives_stride16: 242
  unmatched_gt_count: 0
  fallback_count: 0
  conflict_count: 0
  dynamic_k_mean/min/max: 4.95/3/5
  nonfinite_cost_count: 0
[DEBUG] SimOTA val batch stats:
  images: 48
  empty_images: 15
  gt_count: 37
  candidate_count_mean/min/max: 92.30/35/140
  positives_total: 180
  positives_per_gt_mean/min/max: 4.86/0/5
  positives_stride8: 14
  positives_stride16: 166
  unmatched_gt_count: 1
  fallback_count: 0
  conflict_count: 5
  dynamic_k_mean/min/max: 5.00/5/5
  nonfinite_cost_count: 0
[INFO] epoch summary | train loss=0.9889 obj=0.0006 box=0.1976 pos=255.51 | val loss=1.1412 map50=0.8503 map5095=0.4840 P=0.9077 R=0.8063 F1=0.8540
[INFO] val extras | mean_iou=0.8131 center_err_px(mean/med/p95)=5.00/4.18/11.51 center_err_norm_diag(mean/med/p95)=0.0063/0.0052/0.0144 fp/img=0.0814 small/med/large recall=0.6180/0.8879/0.9256 counts=233/223/215
[INFO] saved per-epoch checkpoint: /mnt/core/MLonMCU_proj/software/ball_detection/runs/20260601-074845-smallimag_size_v3_smallhead_removed32/checkpoints/056_epoch.pt
[INFO] early stopping status: bad_epochs=4/30
[INFO] epoch 57/150 start | lr=0.000694064
[DEBUG] SimOTA train batch stats:
  images: 48
  empty_images: 5
  gt_count: 55
  candidate_count_mean/min/max: 70.53/35/207
  positives_total: 270
  positives_per_gt_mean/min/max: 4.91/1/5
  positives_stride8: 45
  positives_stride16: 225
  unmatched_gt_count: 0
  fallback_count: 0
  conflict_count: 0
  dynamic_k_mean/min/max: 4.91/1/5
  nonfinite_cost_count: 0
[DEBUG] SimOTA train batch stats:
  images: 48
  empty_images: 5
  gt_count: 60
  candidate_count_mean/min/max: 65.75/30/265
  positives_total: 285
  positives_per_gt_mean/min/max: 4.75/0/5
  positives_stride8: 44
  positives_stride16: 241
  unmatched_gt_count: 1
  fallback_count: 0
  conflict_count: 13
  dynamic_k_mean/min/max: 4.97/4/5
  nonfinite_cost_count: 0
[DEBUG] SimOTA train batch stats:
  images: 48
  empty_images: 13
  gt_count: 40
  candidate_count_mean/min/max: 79.20/35/400
  positives_total: 196
  positives_per_gt_mean/min/max: 4.90/2/5
  positives_stride8: 27
  positives_stride16: 169
  unmatched_gt_count: 0
  fallback_count: 0
  conflict_count: 0
  dynamic_k_mean/min/max: 4.90/2/5
  nonfinite_cost_count: 0
[DEBUG] SimOTA train batch stats:
  images: 48
  empty_images: 3
  gt_count: 61
  candidate_count_mean/min/max: 73.85/30/265
  positives_total: 300
  positives_per_gt_mean/min/max: 4.92/2/5
  positives_stride8: 48
  positives_stride16: 252
  unmatched_gt_count: 0
  fallback_count: 0
  conflict_count: 2
  dynamic_k_mean/min/max: 4.95/4/5
  nonfinite_cost_count: 0
[DEBUG] SimOTA val batch stats:
  images: 48
  empty_images: 3
  gt_count: 62
  candidate_count_mean/min/max: 101.23/45/343
  positives_total: 303
  positives_per_gt_mean/min/max: 4.89/2/5
  positives_stride8: 34
  positives_stride16: 269
  unmatched_gt_count: 0
  fallback_count: 0
  conflict_count: 0
  dynamic_k_mean/min/max: 4.89/2/5
  nonfinite_cost_count: 0
[INFO] epoch summary | train loss=0.9796 obj=0.0006 box=0.1958 pos=256.58 | val loss=1.1492 map50=0.8464 map5095=0.4633 P=0.8887 R=0.7973 F1=0.8405
[INFO] val extras | mean_iou=0.8129 center_err_px(mean/med/p95)=4.78/4.06/10.94 center_err_norm_diag(mean/med/p95)=0.0060/0.0051/0.0137 fp/img=0.0991 small/med/large recall=0.6180/0.8969/0.8884 counts=233/223/215
[INFO] saved per-epoch checkpoint: /mnt/core/MLonMCU_proj/software/ball_detection/runs/20260601-074845-smallimag_size_v3_smallhead_removed32/checkpoints/057_epoch.pt
[INFO] early stopping status: bad_epochs=5/30
[INFO] epoch 58/150 start | lr=0.000684378
[DEBUG] SimOTA train batch stats:
  images: 48
  empty_images: 2
  gt_count: 52
  candidate_count_mean/min/max: 80.12/50/540
  positives_total: 258
  positives_per_gt_mean/min/max: 4.96/4/5
  positives_stride8: 38
  positives_stride16: 220
  unmatched_gt_count: 0
  fallback_count: 0
  conflict_count: 0
  dynamic_k_mean/min/max: 4.96/4/5
  nonfinite_cost_count: 0
[DEBUG] SimOTA train batch stats:
  images: 48
  empty_images: 4
  gt_count: 53
  candidate_count_mean/min/max: 86.64/35/289
  positives_total: 258
  positives_per_gt_mean/min/max: 4.87/2/5
  positives_stride8: 36
  positives_stride16: 222
  unmatched_gt_count: 0
  fallback_count: 0
  conflict_count: 1
  dynamic_k_mean/min/max: 4.89/2/5
  nonfinite_cost_count: 0
[DEBUG] SimOTA train batch stats:
  images: 48
  empty_images: 7
  gt_count: 53
  candidate_count_mean/min/max: 90.25/45/310
  positives_total: 254
  positives_per_gt_mean/min/max: 4.79/0/5
  positives_stride8: 30
  positives_stride16: 224
  unmatched_gt_count: 1
  fallback_count: 0
  conflict_count: 2
  dynamic_k_mean/min/max: 4.83/2/5
  nonfinite_cost_count: 0
[DEBUG] SimOTA val batch stats:
  images: 48
  empty_images: 14
  gt_count: 34
  candidate_count_mean/min/max: 104.62/35/157
  positives_total: 170
  positives_per_gt_mean/min/max: 5.00/5/5
  positives_stride8: 5
  positives_stride16: 165
  unmatched_gt_count: 0
  fallback_count: 0
  conflict_count: 0
  dynamic_k_mean/min/max: 5.00/5/5
  nonfinite_cost_count: 0
[INFO] epoch summary | train loss=0.9811 obj=0.0006 box=0.1961 pos=255.31 | val loss=1.1533 map50=0.8585 map5095=0.5176 P=0.9227 R=0.8003 F1=0.8571
[INFO] val extras | mean_iou=0.8216 center_err_px(mean/med/p95)=4.94/4.02/11.03 center_err_norm_diag(mean/med/p95)=0.0062/0.0050/0.0138 fp/img=0.0666 small/med/large recall=0.5923/0.8879/0.9349 counts=233/223/215
[INFO] saved per-epoch checkpoint: /mnt/core/MLonMCU_proj/software/ball_detection/runs/20260601-074845-smallimag_size_v3_smallhead_removed32/checkpoints/058_epoch.pt
[INFO] new best checkpoint at epoch 58: /mnt/core/MLonMCU_proj/software/ball_detection/runs/20260601-074845-smallimag_size_v3_smallhead_removed32/checkpoints/best.pt
[INFO] epoch 59/150 start | lr=0.000674612
[DEBUG] SimOTA train batch stats:
  images: 48
  empty_images: 6
  gt_count: 48
  candidate_count_mean/min/max: 76.94/30/213
  positives_total: 240
  positives_per_gt_mean/min/max: 5.00/5/5
  positives_stride8: 31
  positives_stride16: 209
  unmatched_gt_count: 0
  fallback_count: 0
  conflict_count: 0
  dynamic_k_mean/min/max: 5.00/5/5
  nonfinite_cost_count: 0
[DEBUG] SimOTA train batch stats:
  images: 48
  empty_images: 6
  gt_count: 57
  candidate_count_mean/min/max: 66.95/35/212
  positives_total: 285
  positives_per_gt_mean/min/max: 5.00/5/5
  positives_stride8: 53
  positives_stride16: 232
  unmatched_gt_count: 0
  fallback_count: 0
  conflict_count: 0
  dynamic_k_mean/min/max: 5.00/5/5
  nonfinite_cost_count: 0
[DEBUG] SimOTA train batch stats:
  images: 48
  empty_images: 6
  gt_count: 50
  candidate_count_mean/min/max: 70.94/35/175
  positives_total: 247
  positives_per_gt_mean/min/max: 4.94/3/5
  positives_stride8: 44
  positives_stride16: 203
  unmatched_gt_count: 0
  fallback_count: 0
  conflict_count: 0
  dynamic_k_mean/min/max: 4.94/3/5
  nonfinite_cost_count: 0
[DEBUG] SimOTA train batch stats:
  images: 48
  empty_images: 8
  gt_count: 50
  candidate_count_mean/min/max: 77.32/25/231
  positives_total: 244
  positives_per_gt_mean/min/max: 4.88/1/5
  positives_stride8: 41
  positives_stride16: 203
  unmatched_gt_count: 0
  fallback_count: 0
  conflict_count: 0
  dynamic_k_mean/min/max: 4.88/1/5
  nonfinite_cost_count: 0
[DEBUG] SimOTA val batch stats:
  images: 48
  empty_images: 13
  gt_count: 35
  candidate_count_mean/min/max: 69.69/45/150
  positives_total: 162
  positives_per_gt_mean/min/max: 4.63/1/5
  positives_stride8: 29
  positives_stride16: 133
  unmatched_gt_count: 0
  fallback_count: 0
  conflict_count: 0
  dynamic_k_mean/min/max: 4.63/1/5
  nonfinite_cost_count: 0
[INFO] epoch summary | train loss=0.9829 obj=0.0006 box=0.1965 pos=255.69 | val loss=1.1360 map50=0.8615 map5095=0.4964 P=0.9108 R=0.8063 F1=0.8553
[INFO] val extras | mean_iou=0.8147 center_err_px(mean/med/p95)=4.81/4.01/11.02 center_err_norm_diag(mean/med/p95)=0.0060/0.0050/0.0138 fp/img=0.0784 small/med/large recall=0.6395/0.8789/0.9116 counts=233/223/215
[INFO] saved per-epoch checkpoint: /mnt/core/MLonMCU_proj/software/ball_detection/runs/20260601-074845-smallimag_size_v3_smallhead_removed32/checkpoints/059_epoch.pt
[INFO] early stopping status: bad_epochs=1/30
[INFO] epoch 60/150 start | lr=0.000664769
[DEBUG] SimOTA train batch stats:
  images: 48
  empty_images: 6
  gt_count: 52
  candidate_count_mean/min/max: 79.94/27/344
  positives_total: 255
  positives_per_gt_mean/min/max: 4.90/2/5
  positives_stride8: 42
  positives_stride16: 213
  unmatched_gt_count: 0
  fallback_count: 0
  conflict_count: 0
  dynamic_k_mean/min/max: 4.90/2/5
  nonfinite_cost_count: 0
[DEBUG] SimOTA train batch stats:
  images: 48
  empty_images: 13
  gt_count: 44
  candidate_count_mean/min/max: 85.45/35/400
  positives_total: 218
  positives_per_gt_mean/min/max: 4.95/4/5
  positives_stride8: 35
  positives_stride16: 183
  unmatched_gt_count: 0
  fallback_count: 0
  conflict_count: 0
  dynamic_k_mean/min/max: 4.95/4/5
  nonfinite_cost_count: 0
[DEBUG] SimOTA train batch stats:
  images: 48
  empty_images: 7
  gt_count: 46
  candidate_count_mean/min/max: 72.65/35/184
  positives_total: 228
  positives_per_gt_mean/min/max: 4.96/3/5
  positives_stride8: 31
  positives_stride16: 197
  unmatched_gt_count: 0
  fallback_count: 0
  conflict_count: 0
  dynamic_k_mean/min/max: 4.96/3/5
  nonfinite_cost_count: 0
[DEBUG] SimOTA train batch stats:
  images: 48
  empty_images: 6
  gt_count: 46
  candidate_count_mean/min/max: 86.83/41/373
  positives_total: 230
  positives_per_gt_mean/min/max: 5.00/5/5
  positives_stride8: 28
  positives_stride16: 202
  unmatched_gt_count: 0
  fallback_count: 0
  conflict_count: 0
  dynamic_k_mean/min/max: 5.00/5/5
  nonfinite_cost_count: 0
[DEBUG] SimOTA val batch stats:
  images: 4
  empty_images: 2
  gt_count: 3
  candidate_count_mean/min/max: 58.00/50/74
  positives_total: 15
  positives_per_gt_mean/min/max: 5.00/5/5
  positives_stride8: 2
  positives_stride16: 13
  unmatched_gt_count: 0
  fallback_count: 0
  conflict_count: 0
  dynamic_k_mean/min/max: 5.00/5/5
  nonfinite_cost_count: 0
[INFO] epoch summary | train loss=0.9853 obj=0.0006 box=0.1969 pos=255.91 | val loss=1.1397 map50=0.8636 map5095=0.5133 P=0.9259 R=0.8003 F1=0.8585
[INFO] val extras | mean_iou=0.8210 center_err_px(mean/med/p95)=4.71/3.78/10.81 center_err_norm_diag(mean/med/p95)=0.0059/0.0047/0.0135 fp/img=0.0636 small/med/large recall=0.6137/0.8700/0.9302 counts=233/223/215
[INFO] saved per-epoch checkpoint: /mnt/core/MLonMCU_proj/software/ball_detection/runs/20260601-074845-smallimag_size_v3_smallhead_removed32/checkpoints/060_epoch.pt
[INFO] early stopping status: bad_epochs=2/30
[INFO] epoch 61/150 start | lr=0.000654854
[DEBUG] SimOTA train batch stats:
  images: 48
  empty_images: 9
  gt_count: 48
  candidate_count_mean/min/max: 71.62/35/151
  positives_total: 235
  positives_per_gt_mean/min/max: 4.90/1/5
  positives_stride8: 32
  positives_stride16: 203
  unmatched_gt_count: 0
  fallback_count: 0
  conflict_count: 2
  dynamic_k_mean/min/max: 4.94/3/5
  nonfinite_cost_count: 0
[DEBUG] SimOTA train batch stats:
  images: 48
  empty_images: 5
  gt_count: 57
  candidate_count_mean/min/max: 84.05/35/400
  positives_total: 284
  positives_per_gt_mean/min/max: 4.98/4/5
  positives_stride8: 42
  positives_stride16: 242
  unmatched_gt_count: 0
  fallback_count: 0
  conflict_count: 0
  dynamic_k_mean/min/max: 4.98/4/5
  nonfinite_cost_count: 0
[DEBUG] SimOTA train batch stats:
  images: 48
  empty_images: 7
  gt_count: 51
  candidate_count_mean/min/max: 69.14/50/265
  positives_total: 254
  positives_per_gt_mean/min/max: 4.98/4/5
  positives_stride8: 39
  positives_stride16: 215
  unmatched_gt_count: 0
  fallback_count: 0
  conflict_count: 0
  dynamic_k_mean/min/max: 4.98/4/5
  nonfinite_cost_count: 0
[DEBUG] SimOTA val batch stats:
  images: 48
  empty_images: 1
  gt_count: 47
  candidate_count_mean/min/max: 93.02/49/151
  positives_total: 235
  positives_per_gt_mean/min/max: 5.00/5/5
  positives_stride8: 21
  positives_stride16: 214
  unmatched_gt_count: 0
  fallback_count: 0
  conflict_count: 0
  dynamic_k_mean/min/max: 5.00/5/5
  nonfinite_cost_count: 0
[INFO] epoch summary | train loss=0.9821 obj=0.0006 box=0.1963 pos=256.22 | val loss=1.1659 map50=0.8533 map5095=0.5091 P=0.9275 R=0.8003 F1=0.8592
[INFO] val extras | mean_iou=0.8173 center_err_px(mean/med/p95)=4.70/3.78/11.00 center_err_norm_diag(mean/med/p95)=0.0059/0.0047/0.0138 fp/img=0.0621 small/med/large recall=0.6052/0.8789/0.9302 counts=233/223/215
[INFO] saved per-epoch checkpoint: /mnt/core/MLonMCU_proj/software/ball_detection/runs/20260601-074845-smallimag_size_v3_smallhead_removed32/checkpoints/061_epoch.pt
[INFO] early stopping status: bad_epochs=3/30
[INFO] epoch 62/150 start | lr=0.000644871
[DEBUG] SimOTA train batch stats:
  images: 48
  empty_images: 4
  gt_count: 55
  candidate_count_mean/min/max: 74.75/27/310
  positives_total: 269
  positives_per_gt_mean/min/max: 4.89/3/5
  positives_stride8: 45
  positives_stride16: 224
  unmatched_gt_count: 0
  fallback_count: 0
  conflict_count: 0
  dynamic_k_mean/min/max: 4.89/3/5
  nonfinite_cost_count: 0
[DEBUG] SimOTA train batch stats:
  images: 48
  empty_images: 5
  gt_count: 59
  candidate_count_mean/min/max: 83.86/35/427
  positives_total: 294
  positives_per_gt_mean/min/max: 4.98/4/5
  positives_stride8: 41
  positives_stride16: 253
  unmatched_gt_count: 0
  fallback_count: 0
  conflict_count: 0
  dynamic_k_mean/min/max: 4.98/4/5
  nonfinite_cost_count: 0
[DEBUG] SimOTA train batch stats:
  images: 48
  empty_images: 4
  gt_count: 60
  candidate_count_mean/min/max: 73.58/35/348
  positives_total: 284
  positives_per_gt_mean/min/max: 4.73/0/5
  positives_stride8: 60
  positives_stride16: 224
  unmatched_gt_count: 1
  fallback_count: 0
  conflict_count: 4
  dynamic_k_mean/min/max: 4.80/1/5
  nonfinite_cost_count: 0
[DEBUG] SimOTA train batch stats:
  images: 48
  empty_images: 10
  gt_count: 46
  candidate_count_mean/min/max: 78.96/27/259
  positives_total: 224
  positives_per_gt_mean/min/max: 4.87/1/5
  positives_stride8: 40
  positives_stride16: 184
  unmatched_gt_count: 0
  fallback_count: 0
  conflict_count: 0
  dynamic_k_mean/min/max: 4.87/1/5
  nonfinite_cost_count: 0
[DEBUG] SimOTA val batch stats:
  images: 48
  empty_images: 11
  gt_count: 37
  candidate_count_mean/min/max: 58.78/45/151
  positives_total: 181
  positives_per_gt_mean/min/max: 4.89/2/5
  positives_stride8: 54
  positives_stride16: 127
  unmatched_gt_count: 0
  fallback_count: 0
  conflict_count: 0
  dynamic_k_mean/min/max: 4.89/2/5
  nonfinite_cost_count: 0
[INFO] epoch summary | train loss=0.9880 obj=0.0006 box=0.1975 pos=255.03 | val loss=1.1699 map50=0.8583 map5095=0.5062 P=0.9346 R=0.7884 F1=0.8553
[INFO] val extras | mean_iou=0.8207 center_err_px(mean/med/p95)=4.55/3.83/10.67 center_err_norm_diag(mean/med/p95)=0.0057/0.0048/0.0133 fp/img=0.0547 small/med/large recall=0.6009/0.8565/0.9209 counts=233/223/215
[INFO] saved per-epoch checkpoint: /mnt/core/MLonMCU_proj/software/ball_detection/runs/20260601-074845-smallimag_size_v3_smallhead_removed32/checkpoints/062_epoch.pt
[INFO] early stopping status: bad_epochs=4/30
[INFO] epoch 63/150 start | lr=0.000634825
[DEBUG] SimOTA train batch stats:
  images: 48
  empty_images: 5
  gt_count: 56
  candidate_count_mean/min/max: 84.52/45/540
  positives_total: 279
  positives_per_gt_mean/min/max: 4.98/4/5
  positives_stride8: 48
  positives_stride16: 231
  unmatched_gt_count: 0
  fallback_count: 0
  conflict_count: 0
  dynamic_k_mean/min/max: 4.98/4/5
  nonfinite_cost_count: 0
[DEBUG] SimOTA train batch stats:
  images: 48
  empty_images: 8
  gt_count: 49
  candidate_count_mean/min/max: 71.71/37/196
  positives_total: 238
  positives_per_gt_mean/min/max: 4.86/2/5
  positives_stride8: 40
  positives_stride16: 198
  unmatched_gt_count: 0
  fallback_count: 0
  conflict_count: 0
  dynamic_k_mean/min/max: 4.86/2/5
  nonfinite_cost_count: 0
[DEBUG] SimOTA train batch stats:
  images: 48
  empty_images: 4
  gt_count: 57
  candidate_count_mean/min/max: 72.77/45/260
  positives_total: 285
  positives_per_gt_mean/min/max: 5.00/5/5
  positives_stride8: 46
  positives_stride16: 239
  unmatched_gt_count: 0
  fallback_count: 0
  conflict_count: 0
  dynamic_k_mean/min/max: 5.00/5/5
  nonfinite_cost_count: 0
[DEBUG] SimOTA train batch stats:
  images: 48
  empty_images: 10
  gt_count: 44
  candidate_count_mean/min/max: 75.14/50/237
  positives_total: 214
  positives_per_gt_mean/min/max: 4.86/2/5
  positives_stride8: 37
  positives_stride16: 177
  unmatched_gt_count: 0
  fallback_count: 0
  conflict_count: 0
  dynamic_k_mean/min/max: 4.86/2/5
  nonfinite_cost_count: 0
[INFO] epoch summary | train loss=0.9908 obj=0.0006 box=0.1980 pos=255.04 | val loss=1.1535 map50=0.8551 map5095=0.5037 P=0.9274 R=0.8182 F1=0.8694
[INFO] val extras | mean_iou=0.8211 center_err_px(mean/med/p95)=4.55/3.80/10.43 center_err_norm_diag(mean/med/p95)=0.0057/0.0048/0.0130 fp/img=0.0636 small/med/large recall=0.6567/0.8789/0.9302 counts=233/223/215
[INFO] saved per-epoch checkpoint: /mnt/core/MLonMCU_proj/software/ball_detection/runs/20260601-074845-smallimag_size_v3_smallhead_removed32/checkpoints/063_epoch.pt
[INFO] early stopping status: bad_epochs=5/30
[INFO] epoch 64/150 start | lr=0.000624721
[DEBUG] SimOTA train batch stats:
  images: 48
  empty_images: 5
  gt_count: 53
  candidate_count_mean/min/max: 72.11/27/265
  positives_total: 258
  positives_per_gt_mean/min/max: 4.87/0/5
  positives_stride8: 49
  positives_stride16: 209
  unmatched_gt_count: 1
  fallback_count: 0
  conflict_count: 2
  dynamic_k_mean/min/max: 4.91/2/5
  nonfinite_cost_count: 0
[DEBUG] SimOTA train batch stats:
  images: 48
  empty_images: 8
  gt_count: 50
  candidate_count_mean/min/max: 82.92/45/344
  positives_total: 250
  positives_per_gt_mean/min/max: 5.00/5/5
  positives_stride8: 34
  positives_stride16: 216
  unmatched_gt_count: 0
  fallback_count: 0
  conflict_count: 0
  dynamic_k_mean/min/max: 5.00/5/5
  nonfinite_cost_count: 0
[DEBUG] SimOTA train batch stats:
  images: 48
  empty_images: 8
  gt_count: 47
  candidate_count_mean/min/max: 67.06/35/155
  positives_total: 235
  positives_per_gt_mean/min/max: 5.00/5/5
  positives_stride8: 47
  positives_stride16: 188
  unmatched_gt_count: 0
  fallback_count: 0
  conflict_count: 0
  dynamic_k_mean/min/max: 5.00/5/5
  nonfinite_cost_count: 0
[DEBUG] SimOTA train batch stats:
  images: 48
  empty_images: 11
  gt_count: 48
  candidate_count_mean/min/max: 81.62/27/310
  positives_total: 238
  positives_per_gt_mean/min/max: 4.96/4/5
  positives_stride8: 44
  positives_stride16: 194
  unmatched_gt_count: 0
  fallback_count: 0
  conflict_count: 0
  dynamic_k_mean/min/max: 4.96/4/5
  nonfinite_cost_count: 0
[DEBUG] SimOTA val batch stats:
  images: 48
  empty_images: 3
  gt_count: 75
  candidate_count_mean/min/max: 56.43/30/146
  positives_total: 359
  positives_per_gt_mean/min/max: 4.79/4/5
  positives_stride8: 99
  positives_stride16: 260
  unmatched_gt_count: 0
  fallback_count: 0
  conflict_count: 0
  dynamic_k_mean/min/max: 4.79/4/5
  nonfinite_cost_count: 0
[INFO] epoch summary | train loss=0.9845 obj=0.0006 box=0.1968 pos=255.72 | val loss=1.1433 map50=0.8753 map5095=0.5238 P=0.9224 R=0.8152 F1=0.8655
[INFO] val extras | mean_iou=0.8227 center_err_px(mean/med/p95)=4.41/3.53/10.17 center_err_norm_diag(mean/med/p95)=0.0055/0.0044/0.0127 fp/img=0.0680 small/med/large recall=0.6609/0.8789/0.9163 counts=233/223/215
[INFO] saved per-epoch checkpoint: /mnt/core/MLonMCU_proj/software/ball_detection/runs/20260601-074845-smallimag_size_v3_smallhead_removed32/checkpoints/064_epoch.pt
[INFO] new best checkpoint at epoch 64: /mnt/core/MLonMCU_proj/software/ball_detection/runs/20260601-074845-smallimag_size_v3_smallhead_removed32/checkpoints/best.pt
[INFO] epoch 65/150 start | lr=0.000614561
[DEBUG] SimOTA train batch stats:
  images: 48
  empty_images: 6
  gt_count: 52
  candidate_count_mean/min/max: 80.77/50/265
  positives_total: 248
  positives_per_gt_mean/min/max: 4.77/0/5
  positives_stride8: 43
  positives_stride16: 205
  unmatched_gt_count: 2
  fallback_count: 0
  conflict_count: 4
  dynamic_k_mean/min/max: 4.85/2/5
  nonfinite_cost_count: 0
[DEBUG] SimOTA train batch stats:
  images: 48
  empty_images: 12
  gt_count: 51
  candidate_count_mean/min/max: 75.53/30/265
  positives_total: 251
  positives_per_gt_mean/min/max: 4.92/3/5
  positives_stride8: 46
  positives_stride16: 205
  unmatched_gt_count: 0
  fallback_count: 0
  conflict_count: 0
  dynamic_k_mean/min/max: 4.92/3/5
  nonfinite_cost_count: 0
[DEBUG] SimOTA train batch stats:
  images: 48
  empty_images: 4
  gt_count: 53
  candidate_count_mean/min/max: 91.53/30/427
  positives_total: 260
  positives_per_gt_mean/min/max: 4.91/1/5
  positives_stride8: 42
  positives_stride16: 218
  unmatched_gt_count: 0
  fallback_count: 0
  conflict_count: 0
  dynamic_k_mean/min/max: 4.91/1/5
  nonfinite_cost_count: 0
[DEBUG] SimOTA train batch stats:
  images: 48
  empty_images: 5
  gt_count: 54
  candidate_count_mean/min/max: 69.85/35/186
  positives_total: 269
  positives_per_gt_mean/min/max: 4.98/4/5
  positives_stride8: 54
  positives_stride16: 215
  unmatched_gt_count: 0
  fallback_count: 0
  conflict_count: 0
  dynamic_k_mean/min/max: 4.98/4/5
  nonfinite_cost_count: 0
[DEBUG] SimOTA val batch stats:
  images: 48
  empty_images: 4
  gt_count: 48
  candidate_count_mean/min/max: 61.46/32/151
  positives_total: 223
  positives_per_gt_mean/min/max: 4.65/2/5
  positives_stride8: 52
  positives_stride16: 171
  unmatched_gt_count: 0
  fallback_count: 0
  conflict_count: 0
  dynamic_k_mean/min/max: 4.65/2/5
  nonfinite_cost_count: 0
[INFO] epoch summary | train loss=0.9699 obj=0.0006 box=0.1939 pos=255.44 | val loss=1.1266 map50=0.8708 map5095=0.5088 P=0.9388 R=0.8003 F1=0.8640
[INFO] val extras | mean_iou=0.8225 center_err_px(mean/med/p95)=4.26/3.62/10.01 center_err_norm_diag(mean/med/p95)=0.0053/0.0045/0.0125 fp/img=0.0518 small/med/large recall=0.6481/0.8744/0.8884 counts=233/223/215
[INFO] saved per-epoch checkpoint: /mnt/core/MLonMCU_proj/software/ball_detection/runs/20260601-074845-smallimag_size_v3_smallhead_removed32/checkpoints/065_epoch.pt
[INFO] early stopping status: bad_epochs=1/30
[INFO] epoch 66/150 start | lr=0.000604352
[DEBUG] SimOTA train batch stats:
  images: 48
  empty_images: 6
  gt_count: 52
  candidate_count_mean/min/max: 83.23/35/252
  positives_total: 260
  positives_per_gt_mean/min/max: 5.00/5/5
  positives_stride8: 49
  positives_stride16: 211
  unmatched_gt_count: 0
  fallback_count: 0
  conflict_count: 0
  dynamic_k_mean/min/max: 5.00/5/5
  nonfinite_cost_count: 0
[DEBUG] SimOTA train batch stats:
  images: 48
  empty_images: 5
  gt_count: 58
  candidate_count_mean/min/max: 77.19/35/400
  positives_total: 276
  positives_per_gt_mean/min/max: 4.76/1/5
  positives_stride8: 55
  positives_stride16: 221
  unmatched_gt_count: 0
  fallback_count: 0
  conflict_count: 10
  dynamic_k_mean/min/max: 4.93/4/5
  nonfinite_cost_count: 0
[DEBUG] SimOTA train batch stats:
  images: 48
  empty_images: 3
  gt_count: 53
  candidate_count_mean/min/max: 81.91/35/400
  positives_total: 260
  positives_per_gt_mean/min/max: 4.91/3/5
  positives_stride8: 45
  positives_stride16: 215
  unmatched_gt_count: 0
  fallback_count: 0
  conflict_count: 0
  dynamic_k_mean/min/max: 4.91/3/5
  nonfinite_cost_count: 0
[DEBUG] SimOTA train batch stats:
  images: 48
  empty_images: 4
  gt_count: 53
  candidate_count_mean/min/max: 71.23/30/348
  positives_total: 255
  positives_per_gt_mean/min/max: 4.81/1/5
  positives_stride8: 49
  positives_stride16: 206
  unmatched_gt_count: 0
  fallback_count: 0
  conflict_count: 0
  dynamic_k_mean/min/max: 4.81/1/5
  nonfinite_cost_count: 0
[INFO] epoch summary | train loss=0.9770 obj=0.0006 box=0.1953 pos=255.99 | val loss=1.1477 map50=0.8716 map5095=0.5329 P=0.9208 R=0.8316 F1=0.8739
[INFO] val extras | mean_iou=0.8236 center_err_px(mean/med/p95)=4.42/3.59/10.57 center_err_norm_diag(mean/med/p95)=0.0055/0.0045/0.0132 fp/img=0.0710 small/med/large recall=0.6824/0.8789/0.9442 counts=233/223/215
[INFO] saved per-epoch checkpoint: /mnt/core/MLonMCU_proj/software/ball_detection/runs/20260601-074845-smallimag_size_v3_smallhead_removed32/checkpoints/066_epoch.pt
[INFO] new best checkpoint at epoch 66: /mnt/core/MLonMCU_proj/software/ball_detection/runs/20260601-074845-smallimag_size_v3_smallhead_removed32/checkpoints/best.pt
[INFO] epoch 67/150 start | lr=0.000594097
[DEBUG] SimOTA train batch stats:
  images: 48
  empty_images: 9
  gt_count: 53
  candidate_count_mean/min/max: 78.92/30/265
  positives_total: 260
  positives_per_gt_mean/min/max: 4.91/1/5
  positives_stride8: 37
  positives_stride16: 223
  unmatched_gt_count: 0
  fallback_count: 0
  conflict_count: 0
  dynamic_k_mean/min/max: 4.91/1/5
  nonfinite_cost_count: 0
[DEBUG] SimOTA train batch stats:
  images: 48
  empty_images: 3
  gt_count: 55
  candidate_count_mean/min/max: 78.13/45/218
  positives_total: 274
  positives_per_gt_mean/min/max: 4.98/4/5
  positives_stride8: 51
  positives_stride16: 223
  unmatched_gt_count: 0
  fallback_count: 0
  conflict_count: 0
  dynamic_k_mean/min/max: 4.98/4/5
  nonfinite_cost_count: 0
[DEBUG] SimOTA train batch stats:
  images: 48
  empty_images: 3
  gt_count: 56
  candidate_count_mean/min/max: 82.89/30/546
  positives_total: 273
  positives_per_gt_mean/min/max: 4.88/1/5
  positives_stride8: 50
  positives_stride16: 223
  unmatched_gt_count: 0
  fallback_count: 0
  conflict_count: 0
  dynamic_k_mean/min/max: 4.88/1/5
  nonfinite_cost_count: 0
[DEBUG] SimOTA train batch stats:
  images: 48
  empty_images: 7
  gt_count: 46
  candidate_count_mean/min/max: 83.07/50/265
  positives_total: 230
  positives_per_gt_mean/min/max: 5.00/5/5
  positives_stride8: 39
  positives_stride16: 191
  unmatched_gt_count: 0
  fallback_count: 0
  conflict_count: 0
  dynamic_k_mean/min/max: 5.00/5/5
  nonfinite_cost_count: 0
[DEBUG] SimOTA val batch stats:
  images: 48
  empty_images: 9
  gt_count: 43
  candidate_count_mean/min/max: 49.35/25/62
  positives_total: 212
  positives_per_gt_mean/min/max: 4.93/4/5
  positives_stride8: 53
  positives_stride16: 159
  unmatched_gt_count: 0
  fallback_count: 0
  conflict_count: 0
  dynamic_k_mean/min/max: 4.93/4/5
  nonfinite_cost_count: 0
[INFO] epoch summary | train loss=0.9732 obj=0.0006 box=0.1945 pos=255.14 | val loss=1.1585 map50=0.8668 map5095=0.5268 P=0.9226 R=0.8167 F1=0.8664
[INFO] val extras | mean_iou=0.8242 center_err_px(mean/med/p95)=4.39/3.60/10.22 center_err_norm_diag(mean/med/p95)=0.0055/0.0045/0.0128 fp/img=0.0680 small/med/large recall=0.6652/0.8834/0.9116 counts=233/223/215
[INFO] saved per-epoch checkpoint: /mnt/core/MLonMCU_proj/software/ball_detection/runs/20260601-074845-smallimag_size_v3_smallhead_removed32/checkpoints/067_epoch.pt
[INFO] early stopping status: bad_epochs=1/30
[INFO] epoch 68/150 start | lr=0.000583801
[DEBUG] SimOTA train batch stats:
  images: 48
  empty_images: 7
  gt_count: 52
  candidate_count_mean/min/max: 68.17/35/357
  positives_total: 254
  positives_per_gt_mean/min/max: 4.88/2/5
  positives_stride8: 60
  positives_stride16: 194
  unmatched_gt_count: 0
  fallback_count: 0
  conflict_count: 0
  dynamic_k_mean/min/max: 4.88/2/5
  nonfinite_cost_count: 0
[DEBUG] SimOTA train batch stats:
  images: 48
  empty_images: 5
  gt_count: 52
  candidate_count_mean/min/max: 78.29/35/427
  positives_total: 259
  positives_per_gt_mean/min/max: 4.98/4/5
  positives_stride8: 39
  positives_stride16: 220
  unmatched_gt_count: 0
  fallback_count: 0
  conflict_count: 0
  dynamic_k_mean/min/max: 4.98/4/5
  nonfinite_cost_count: 0
[DEBUG] SimOTA train batch stats:
  images: 48
  empty_images: 6
  gt_count: 49
  candidate_count_mean/min/max: 87.80/45/540
  positives_total: 242
  positives_per_gt_mean/min/max: 4.94/3/5
  positives_stride8: 44
  positives_stride16: 198
  unmatched_gt_count: 0
  fallback_count: 0
  conflict_count: 0
  dynamic_k_mean/min/max: 4.94/3/5
  nonfinite_cost_count: 0
[DEBUG] SimOTA train batch stats:
  images: 48
  empty_images: 9
  gt_count: 48
  candidate_count_mean/min/max: 83.50/35/320
  positives_total: 235
  positives_per_gt_mean/min/max: 4.90/1/5
  positives_stride8: 40
  positives_stride16: 195
  unmatched_gt_count: 0
  fallback_count: 0
  conflict_count: 0
  dynamic_k_mean/min/max: 4.90/1/5
  nonfinite_cost_count: 0
[DEBUG] SimOTA val batch stats:
  images: 48
  empty_images: 4
  gt_count: 58
  candidate_count_mean/min/max: 80.17/44/289
  positives_total: 286
  positives_per_gt_mean/min/max: 4.93/3/5
  positives_stride8: 56
  positives_stride16: 230
  unmatched_gt_count: 0
  fallback_count: 0
  conflict_count: 0
  dynamic_k_mean/min/max: 4.93/3/5
  nonfinite_cost_count: 0
[INFO] epoch summary | train loss=0.9672 obj=0.0006 box=0.1933 pos=255.36 | val loss=1.1472 map50=0.8733 map5095=0.5370 P=0.9476 R=0.8092 F1=0.8730
[INFO] val extras | mean_iou=0.8248 center_err_px(mean/med/p95)=4.29/3.35/10.61 center_err_norm_diag(mean/med/p95)=0.0054/0.0042/0.0133 fp/img=0.0444 small/med/large recall=0.6524/0.8789/0.9070 counts=233/223/215
[INFO] saved per-epoch checkpoint: /mnt/core/MLonMCU_proj/software/ball_detection/runs/20260601-074845-smallimag_size_v3_smallhead_removed32/checkpoints/068_epoch.pt
[INFO] new best checkpoint at epoch 68: /mnt/core/MLonMCU_proj/software/ball_detection/runs/20260601-074845-smallimag_size_v3_smallhead_removed32/checkpoints/best.pt
[INFO] epoch 69/150 start | lr=0.000573468
[DEBUG] SimOTA train batch stats:
  images: 48
  empty_images: 8
  gt_count: 49
  candidate_count_mean/min/max: 79.33/30/427
  positives_total: 240
  positives_per_gt_mean/min/max: 4.90/1/5
  positives_stride8: 44
  positives_stride16: 196
  unmatched_gt_count: 0
  fallback_count: 0
  conflict_count: 0
  dynamic_k_mean/min/max: 4.90/1/5
  nonfinite_cost_count: 0
[DEBUG] SimOTA train batch stats:
  images: 48
  empty_images: 7
  gt_count: 50
  candidate_count_mean/min/max: 78.20/38/175
  positives_total: 249
  positives_per_gt_mean/min/max: 4.98/4/5
  positives_stride8: 47
  positives_stride16: 202
  unmatched_gt_count: 0
  fallback_count: 0
  conflict_count: 0
  dynamic_k_mean/min/max: 4.98/4/5
  nonfinite_cost_count: 0
[DEBUG] SimOTA train batch stats:
  images: 48
  empty_images: 10
  gt_count: 51
  candidate_count_mean/min/max: 71.78/35/320
  positives_total: 252
  positives_per_gt_mean/min/max: 4.94/4/5
  positives_stride8: 45
  positives_stride16: 207
  unmatched_gt_count: 0
  fallback_count: 0
  conflict_count: 0
  dynamic_k_mean/min/max: 4.94/4/5
  nonfinite_cost_count: 0
[DEBUG] SimOTA train batch stats:
  images: 48
  empty_images: 8
  gt_count: 48
  candidate_count_mean/min/max: 90.94/45/400
  positives_total: 237
  positives_per_gt_mean/min/max: 4.94/3/5
  positives_stride8: 37
  positives_stride16: 200
  unmatched_gt_count: 0
  fallback_count: 0
  conflict_count: 0
  dynamic_k_mean/min/max: 4.94/3/5
  nonfinite_cost_count: 0
[INFO] epoch summary | train loss=0.9716 obj=0.0006 box=0.1942 pos=255.67 | val loss=1.1366 map50=0.8686 map5095=0.5422 P=0.9418 R=0.7958 F1=0.8627
[INFO] val extras | mean_iou=0.8335 center_err_px(mean/med/p95)=4.18/3.35/10.22 center_err_norm_diag(mean/med/p95)=0.0052/0.0042/0.0128 fp/img=0.0488 small/med/large recall=0.5966/0.8879/0.9163 counts=233/223/215
[INFO] saved per-epoch checkpoint: /mnt/core/MLonMCU_proj/software/ball_detection/runs/20260601-074845-smallimag_size_v3_smallhead_removed32/checkpoints/069_epoch.pt
[INFO] new best checkpoint at epoch 69: /mnt/core/MLonMCU_proj/software/ball_detection/runs/20260601-074845-smallimag_size_v3_smallhead_removed32/checkpoints/best.pt
[INFO] epoch 70/150 start | lr=0.000563104
[DEBUG] SimOTA train batch stats:
  images: 48
  empty_images: 7
  gt_count: 47
  candidate_count_mean/min/max: 82.62/35/198
  positives_total: 234
  positives_per_gt_mean/min/max: 4.98/4/5
  positives_stride8: 39
  positives_stride16: 195
  unmatched_gt_count: 0
  fallback_count: 0
  conflict_count: 0
  dynamic_k_mean/min/max: 4.98/4/5
  nonfinite_cost_count: 0
[DEBUG] SimOTA train batch stats:
  images: 48
  empty_images: 8
  gt_count: 52
  candidate_count_mean/min/max: 70.27/35/265
  positives_total: 255
  positives_per_gt_mean/min/max: 4.90/2/5
  positives_stride8: 61
  positives_stride16: 194
  unmatched_gt_count: 0
  fallback_count: 0
  conflict_count: 1
  dynamic_k_mean/min/max: 4.92/3/5
  nonfinite_cost_count: 0
[DEBUG] SimOTA train batch stats:
  images: 48
  empty_images: 5
  gt_count: 51
  candidate_count_mean/min/max: 75.37/30/265
  positives_total: 250
  positives_per_gt_mean/min/max: 4.90/1/5
  positives_stride8: 53
  positives_stride16: 197
  unmatched_gt_count: 0
  fallback_count: 0
  conflict_count: 0
  dynamic_k_mean/min/max: 4.90/1/5
  nonfinite_cost_count: 0
[DEBUG] SimOTA train batch stats:
  images: 48
  empty_images: 7
  gt_count: 52
  candidate_count_mean/min/max: 76.10/35/168
  positives_total: 260
  positives_per_gt_mean/min/max: 5.00/5/5
  positives_stride8: 44
  positives_stride16: 216
  unmatched_gt_count: 0
  fallback_count: 0
  conflict_count: 0
  dynamic_k_mean/min/max: 5.00/5/5
  nonfinite_cost_count: 0
[DEBUG] SimOTA val batch stats:
  images: 48
  empty_images: 3
  gt_count: 45
  candidate_count_mean/min/max: 105.00/35/157
  positives_total: 225
  positives_per_gt_mean/min/max: 5.00/5/5
  positives_stride8: 11
  positives_stride16: 214
  unmatched_gt_count: 0
  fallback_count: 0
  conflict_count: 0
  dynamic_k_mean/min/max: 5.00/5/5
  nonfinite_cost_count: 0
[INFO] epoch summary | train loss=0.9605 obj=0.0006 box=0.1920 pos=255.76 | val loss=1.1272 map50=0.8674 map5095=0.5398 P=0.9269 R=0.8122 F1=0.8658
[INFO] val extras | mean_iou=0.8281 center_err_px(mean/med/p95)=4.37/3.60/10.02 center_err_norm_diag(mean/med/p95)=0.0055/0.0045/0.0125 fp/img=0.0636 small/med/large recall=0.6352/0.8744/0.9395 counts=233/223/215
[INFO] saved per-epoch checkpoint: /mnt/core/MLonMCU_proj/software/ball_detection/runs/20260601-074845-smallimag_size_v3_smallhead_removed32/checkpoints/070_epoch.pt
[INFO] early stopping status: bad_epochs=1/30
[INFO] epoch 71/150 start | lr=0.000552712
[DEBUG] SimOTA train batch stats:
  images: 48
  empty_images: 7
  gt_count: 55
  candidate_count_mean/min/max: 82.44/45/546
  positives_total: 273
  positives_per_gt_mean/min/max: 4.96/4/5
  positives_stride8: 56
  positives_stride16: 217
  unmatched_gt_count: 0
  fallback_count: 0
  conflict_count: 0
  dynamic_k_mean/min/max: 4.96/4/5
  nonfinite_cost_count: 0
[DEBUG] SimOTA train batch stats:
  images: 48
  empty_images: 4
  gt_count: 53
  candidate_count_mean/min/max: 74.13/30/320
  positives_total: 257
  positives_per_gt_mean/min/max: 4.85/1/5
  positives_stride8: 54
  positives_stride16: 203
  unmatched_gt_count: 0
  fallback_count: 0
  conflict_count: 0
  dynamic_k_mean/min/max: 4.85/1/5
  nonfinite_cost_count: 0
[DEBUG] SimOTA train batch stats:
  images: 48
  empty_images: 7
  gt_count: 51
  candidate_count_mean/min/max: 69.25/35/175
  positives_total: 255
  positives_per_gt_mean/min/max: 5.00/5/5
  positives_stride8: 53
  positives_stride16: 202
  unmatched_gt_count: 0
  fallback_count: 0
  conflict_count: 0
  dynamic_k_mean/min/max: 5.00/5/5
  nonfinite_cost_count: 0
[DEBUG] SimOTA train batch stats:
  images: 48
  empty_images: 5
  gt_count: 53
  candidate_count_mean/min/max: 68.28/45/265
  positives_total: 261
  positives_per_gt_mean/min/max: 4.92/3/5
  positives_stride8: 65
  positives_stride16: 196
  unmatched_gt_count: 0
  fallback_count: 0
  conflict_count: 0
  dynamic_k_mean/min/max: 4.92/3/5
  nonfinite_cost_count: 0
[DEBUG] SimOTA val batch stats:
  images: 48
  empty_images: 6
  gt_count: 52
  candidate_count_mean/min/max: 74.69/29/259
  positives_total: 250
  positives_per_gt_mean/min/max: 4.81/1/5
  positives_stride8: 63
  positives_stride16: 187
  unmatched_gt_count: 0
  fallback_count: 0
  conflict_count: 3
  dynamic_k_mean/min/max: 4.87/3/5
  nonfinite_cost_count: 0
[INFO] epoch summary | train loss=0.9488 obj=0.0006 box=0.1896 pos=256.35 | val loss=1.1144 map50=0.8810 map5095=0.5422 P=0.9402 R=0.8197 F1=0.8758
[INFO] val extras | mean_iou=0.8299 center_err_px(mean/med/p95)=4.03/3.34/9.52 center_err_norm_diag(mean/med/p95)=0.0050/0.0042/0.0119 fp/img=0.0518 small/med/large recall=0.6738/0.8834/0.9116 counts=233/223/215
[INFO] saved per-epoch checkpoint: /mnt/core/MLonMCU_proj/software/ball_detection/runs/20260601-074845-smallimag_size_v3_smallhead_removed32/checkpoints/071_epoch.pt
[INFO] early stopping status: bad_epochs=2/30
[INFO] epoch 72/150 start | lr=0.000542297
[DEBUG] SimOTA train batch stats:
  images: 48
  empty_images: 7
  gt_count: 49
  candidate_count_mean/min/max: 79.80/35/540
  positives_total: 244
  positives_per_gt_mean/min/max: 4.98/4/5
  positives_stride8: 58
  positives_stride16: 186
  unmatched_gt_count: 0
  fallback_count: 0
  conflict_count: 0
  dynamic_k_mean/min/max: 4.98/4/5
  nonfinite_cost_count: 0
[DEBUG] SimOTA train batch stats:
  images: 48
  empty_images: 4
  gt_count: 53
  candidate_count_mean/min/max: 79.23/49/265
  positives_total: 261
  positives_per_gt_mean/min/max: 4.92/2/5
  positives_stride8: 46
  positives_stride16: 215
  unmatched_gt_count: 0
  fallback_count: 0
  conflict_count: 0
  dynamic_k_mean/min/max: 4.92/2/5
  nonfinite_cost_count: 0
[DEBUG] SimOTA train batch stats:
  images: 48
  empty_images: 2
  gt_count: 60
  candidate_count_mean/min/max: 68.80/32/320
  positives_total: 299
  positives_per_gt_mean/min/max: 4.98/4/5
  positives_stride8: 66
  positives_stride16: 233
  unmatched_gt_count: 0
  fallback_count: 0
  conflict_count: 0
  dynamic_k_mean/min/max: 4.98/4/5
  nonfinite_cost_count: 0
[DEBUG] SimOTA train batch stats:
  images: 48
  empty_images: 5
  gt_count: 58
  candidate_count_mean/min/max: 81.69/30/373
  positives_total: 288
  positives_per_gt_mean/min/max: 4.97/4/5
  positives_stride8: 67
  positives_stride16: 221
  unmatched_gt_count: 0
  fallback_count: 0
  conflict_count: 0
  dynamic_k_mean/min/max: 4.97/4/5
  nonfinite_cost_count: 0
[INFO] epoch summary | train loss=0.9474 obj=0.0006 box=0.1894 pos=255.96 | val loss=1.1100 map50=0.8780 map5095=0.5263 P=0.9145 R=0.8286 F1=0.8694
[INFO] val extras | mean_iou=0.8188 center_err_px(mean/med/p95)=4.33/3.62/10.21 center_err_norm_diag(mean/med/p95)=0.0054/0.0045/0.0128 fp/img=0.0769 small/med/large recall=0.6867/0.8879/0.9209 counts=233/223/215
[INFO] saved per-epoch checkpoint: /mnt/core/MLonMCU_proj/software/ball_detection/runs/20260601-074845-smallimag_size_v3_smallhead_removed32/checkpoints/072_epoch.pt
[INFO] early stopping status: bad_epochs=3/30
[INFO] epoch 73/150 start | lr=0.000531864
[DEBUG] SimOTA train batch stats:
  images: 48
  empty_images: 5
  gt_count: 53
  candidate_count_mean/min/max: 77.43/30/211
  positives_total: 260
  positives_per_gt_mean/min/max: 4.91/1/5
  positives_stride8: 41
  positives_stride16: 219
  unmatched_gt_count: 0
  fallback_count: 0
  conflict_count: 0
  dynamic_k_mean/min/max: 4.91/1/5
  nonfinite_cost_count: 0
[DEBUG] SimOTA train batch stats:
  images: 48
  empty_images: 4
  gt_count: 58
  candidate_count_mean/min/max: 77.00/45/546
  positives_total: 271
  positives_per_gt_mean/min/max: 4.67/0/5
  positives_stride8: 60
  positives_stride16: 211
  unmatched_gt_count: 1
  fallback_count: 0
  conflict_count: 15
  dynamic_k_mean/min/max: 4.93/2/5
  nonfinite_cost_count: 0
[DEBUG] SimOTA train batch stats:
  images: 48
  empty_images: 4
  gt_count: 55
  candidate_count_mean/min/max: 72.42/27/213
  positives_total: 270
  positives_per_gt_mean/min/max: 4.91/1/5
  positives_stride8: 56
  positives_stride16: 214
  unmatched_gt_count: 0
  fallback_count: 0
  conflict_count: 0
  dynamic_k_mean/min/max: 4.91/1/5
  nonfinite_cost_count: 0
[DEBUG] SimOTA train batch stats:
  images: 48
  empty_images: 6
  gt_count: 57
  candidate_count_mean/min/max: 74.37/30/378
  positives_total: 279
  positives_per_gt_mean/min/max: 4.89/0/5
  positives_stride8: 56
  positives_stride16: 223
  unmatched_gt_count: 1
  fallback_count: 0
  conflict_count: 2
  dynamic_k_mean/min/max: 4.93/2/5
  nonfinite_cost_count: 0
[DEBUG] SimOTA val batch stats:
  images: 48
  empty_images: 12
  gt_count: 51
  candidate_count_mean/min/max: 56.25/30/125
  positives_total: 251
  positives_per_gt_mean/min/max: 4.92/3/5
  positives_stride8: 75
  positives_stride16: 176
  unmatched_gt_count: 0
  fallback_count: 0
  conflict_count: 0
  dynamic_k_mean/min/max: 4.92/3/5
  nonfinite_cost_count: 0
[INFO] epoch summary | train loss=0.9466 obj=0.0005 box=0.1892 pos=256.33 | val loss=1.0944 map50=0.8731 map5095=0.5237 P=0.9320 R=0.8167 F1=0.8705
[INFO] val extras | mean_iou=0.8285 center_err_px(mean/med/p95)=4.12/3.38/9.65 center_err_norm_diag(mean/med/p95)=0.0052/0.0042/0.0121 fp/img=0.0592 small/med/large recall=0.6652/0.8834/0.9116 counts=233/223/215
[INFO] saved per-epoch checkpoint: /mnt/core/MLonMCU_proj/software/ball_detection/runs/20260601-074845-smallimag_size_v3_smallhead_removed32/checkpoints/073_epoch.pt
[INFO] early stopping status: bad_epochs=4/30
[INFO] epoch 74/150 start | lr=0.000521417
[DEBUG] SimOTA train batch stats:
  images: 48
  empty_images: 9
  gt_count: 47
  candidate_count_mean/min/max: 83.70/38/357
  positives_total: 234
  positives_per_gt_mean/min/max: 4.98/4/5
  positives_stride8: 52
  positives_stride16: 182
  unmatched_gt_count: 0
  fallback_count: 0
  conflict_count: 0
  dynamic_k_mean/min/max: 4.98/4/5
  nonfinite_cost_count: 0
[DEBUG] SimOTA train batch stats:
  images: 48
  empty_images: 5
  gt_count: 50
  candidate_count_mean/min/max: 70.82/30/336
  positives_total: 246
  positives_per_gt_mean/min/max: 4.92/1/5
  positives_stride8: 54
  positives_stride16: 192
  unmatched_gt_count: 0
  fallback_count: 0
  conflict_count: 0
  dynamic_k_mean/min/max: 4.92/1/5
  nonfinite_cost_count: 0
[DEBUG] SimOTA train batch stats:
  images: 48
  empty_images: 7
  gt_count: 51
  candidate_count_mean/min/max: 72.31/45/218
  positives_total: 249
  positives_per_gt_mean/min/max: 4.88/0/5
  positives_stride8: 43
  positives_stride16: 206
  unmatched_gt_count: 1
  fallback_count: 0
  conflict_count: 2
  dynamic_k_mean/min/max: 4.92/2/5
  nonfinite_cost_count: 0
[DEBUG] SimOTA train batch stats:
  images: 48
  empty_images: 11
  gt_count: 49
  candidate_count_mean/min/max: 62.39/27/213
  positives_total: 245
  positives_per_gt_mean/min/max: 5.00/5/5
  positives_stride8: 62
  positives_stride16: 183
  unmatched_gt_count: 0
  fallback_count: 0
  conflict_count: 0
  dynamic_k_mean/min/max: 5.00/5/5
  nonfinite_cost_count: 0
[DEBUG] SimOTA val batch stats:
  images: 48
  empty_images: 6
  gt_count: 44
  candidate_count_mean/min/max: 84.43/50/280
  positives_total: 219
  positives_per_gt_mean/min/max: 4.98/4/5
  positives_stride8: 35
  positives_stride16: 184
  unmatched_gt_count: 0
  fallback_count: 0
  conflict_count: 0
  dynamic_k_mean/min/max: 4.98/4/5
  nonfinite_cost_count: 0
[INFO] epoch summary | train loss=0.9260 obj=0.0005 box=0.1851 pos=255.71 | val loss=1.1087 map50=0.8683 map5095=0.5331 P=0.9261 R=0.8212 F1=0.8705
[INFO] val extras | mean_iou=0.8276 center_err_px(mean/med/p95)=4.07/3.39/9.47 center_err_norm_diag(mean/med/p95)=0.0051/0.0042/0.0118 fp/img=0.0651 small/med/large recall=0.6609/0.8924/0.9209 counts=233/223/215
[INFO] saved per-epoch checkpoint: /mnt/core/MLonMCU_proj/software/ball_detection/runs/20260601-074845-smallimag_size_v3_smallhead_removed32/checkpoints/074_epoch.pt
[INFO] early stopping status: bad_epochs=5/30
[INFO] epoch 75/150 start | lr=0.000510961
[DEBUG] SimOTA train batch stats:
  images: 48
  empty_images: 2
  gt_count: 56
  candidate_count_mean/min/max: 79.32/45/320
  positives_total: 278
  positives_per_gt_mean/min/max: 4.96/3/5
  positives_stride8: 56
  positives_stride16: 222
  unmatched_gt_count: 0
  fallback_count: 0
  conflict_count: 0
  dynamic_k_mean/min/max: 4.96/3/5
  nonfinite_cost_count: 0
[DEBUG] SimOTA train batch stats:
  images: 48
  empty_images: 5
  gt_count: 54
  candidate_count_mean/min/max: 70.43/30/216
  positives_total: 264
  positives_per_gt_mean/min/max: 4.89/1/5
  positives_stride8: 61
  positives_stride16: 203
  unmatched_gt_count: 0
  fallback_count: 0
  conflict_count: 0
  dynamic_k_mean/min/max: 4.89/1/5
  nonfinite_cost_count: 0
[DEBUG] SimOTA train batch stats:
  images: 48
  empty_images: 9
  gt_count: 45
  candidate_count_mean/min/max: 72.96/50/180
  positives_total: 225
  positives_per_gt_mean/min/max: 5.00/5/5
  positives_stride8: 43
  positives_stride16: 182
  unmatched_gt_count: 0
  fallback_count: 0
  conflict_count: 0
  dynamic_k_mean/min/max: 5.00/5/5
  nonfinite_cost_count: 0
[DEBUG] SimOTA train batch stats:
  images: 48
  empty_images: 7
  gt_count: 46
  candidate_count_mean/min/max: 96.20/43/540
  positives_total: 229
  positives_per_gt_mean/min/max: 4.98/4/5
  positives_stride8: 38
  positives_stride16: 191
  unmatched_gt_count: 0
  fallback_count: 0
  conflict_count: 0
  dynamic_k_mean/min/max: 4.98/4/5
  nonfinite_cost_count: 0
[INFO] epoch summary | train loss=0.9279 obj=0.0005 box=0.1855 pos=255.27 | val loss=1.1005 map50=0.8860 map5095=0.5387 P=0.9237 R=0.8301 F1=0.8744
[INFO] val extras | mean_iou=0.8240 center_err_px(mean/med/p95)=4.15/3.37/10.15 center_err_norm_diag(mean/med/p95)=0.0052/0.0042/0.0127 fp/img=0.0680 small/med/large recall=0.7039/0.8879/0.9070 counts=233/223/215
[INFO] saved per-epoch checkpoint: /mnt/core/MLonMCU_proj/software/ball_detection/runs/20260601-074845-smallimag_size_v3_smallhead_removed32/checkpoints/075_epoch.pt
[INFO] early stopping status: bad_epochs=6/30
[INFO] epoch 76/150 start | lr=0.0005005
[DEBUG] SimOTA train batch stats:
  images: 48
  empty_images: 6
  gt_count: 51
  candidate_count_mean/min/max: 84.69/27/373
  positives_total: 251
  positives_per_gt_mean/min/max: 4.92/3/5
  positives_stride8: 55
  positives_stride16: 196
  unmatched_gt_count: 0
  fallback_count: 0
  conflict_count: 0
  dynamic_k_mean/min/max: 4.92/3/5
  nonfinite_cost_count: 0
[DEBUG] SimOTA train batch stats:
  images: 48
  empty_images: 7
  gt_count: 47
  candidate_count_mean/min/max: 64.89/41/151
  positives_total: 233
  positives_per_gt_mean/min/max: 4.96/3/5
  positives_stride8: 55
  positives_stride16: 178
  unmatched_gt_count: 0
  fallback_count: 0
  conflict_count: 0
  dynamic_k_mean/min/max: 4.96/3/5
  nonfinite_cost_count: 0
[DEBUG] SimOTA train batch stats:
  images: 48
  empty_images: 7
  gt_count: 59
  candidate_count_mean/min/max: 76.31/30/350
  positives_total: 283
  positives_per_gt_mean/min/max: 4.80/0/5
  positives_stride8: 63
  positives_stride16: 220
  unmatched_gt_count: 2
  fallback_count: 0
  conflict_count: 3
  dynamic_k_mean/min/max: 4.85/1/5
  nonfinite_cost_count: 0
[DEBUG] SimOTA train batch stats:
  images: 48
  empty_images: 5
  gt_count: 53
  candidate_count_mean/min/max: 79.72/30/289
  positives_total: 260
  positives_per_gt_mean/min/max: 4.91/2/5
  positives_stride8: 60
  positives_stride16: 200
  unmatched_gt_count: 0
  fallback_count: 0
  conflict_count: 0
  dynamic_k_mean/min/max: 4.91/2/5
  nonfinite_cost_count: 0
[DEBUG] SimOTA val batch stats:
  images: 48
  empty_images: 15
  gt_count: 37
  candidate_count_mean/min/max: 92.30/35/140
  positives_total: 180
  positives_per_gt_mean/min/max: 4.86/0/5
  positives_stride8: 24
  positives_stride16: 156
  unmatched_gt_count: 1
  fallback_count: 0
  conflict_count: 5
  dynamic_k_mean/min/max: 5.00/5/5
  nonfinite_cost_count: 0
[INFO] epoch summary | train loss=0.9212 obj=0.0005 box=0.1841 pos=256.10 | val loss=1.0874 map50=0.8761 map5095=0.5385 P=0.9348 R=0.8122 F1=0.8692
[INFO] val extras | mean_iou=0.8306 center_err_px(mean/med/p95)=3.92/3.20/9.39 center_err_norm_diag(mean/med/p95)=0.0049/0.0040/0.0117 fp/img=0.0562 small/med/large recall=0.6567/0.8969/0.8930 counts=233/223/215
[INFO] saved per-epoch checkpoint: /mnt/core/MLonMCU_proj/software/ball_detection/runs/20260601-074845-smallimag_size_v3_smallhead_removed32/checkpoints/076_epoch.pt
[INFO] early stopping status: bad_epochs=7/30
[INFO] epoch 77/150 start | lr=0.000490039
[DEBUG] SimOTA train batch stats:
  images: 48
  empty_images: 8
  gt_count: 49
  candidate_count_mean/min/max: 70.84/30/315
  positives_total: 242
  positives_per_gt_mean/min/max: 4.94/3/5
  positives_stride8: 61
  positives_stride16: 181
  unmatched_gt_count: 0
  fallback_count: 0
  conflict_count: 0
  dynamic_k_mean/min/max: 4.94/3/5
  nonfinite_cost_count: 0
[DEBUG] SimOTA train batch stats:
  images: 48
  empty_images: 2
  gt_count: 55
  candidate_count_mean/min/max: 75.58/35/244
  positives_total: 270
  positives_per_gt_mean/min/max: 4.91/0/5
  positives_stride8: 53
  positives_stride16: 217
  unmatched_gt_count: 1
  fallback_count: 0
  conflict_count: 2
  dynamic_k_mean/min/max: 4.95/2/5
  nonfinite_cost_count: 0
[DEBUG] SimOTA train batch stats:
  images: 48
  empty_images: 10
  gt_count: 50
  candidate_count_mean/min/max: 75.18/39/344
  positives_total: 245
  positives_per_gt_mean/min/max: 4.90/1/5
  positives_stride8: 54
  positives_stride16: 191
  unmatched_gt_count: 0
  fallback_count: 0
  conflict_count: 2
  dynamic_k_mean/min/max: 4.94/3/5
  nonfinite_cost_count: 0
[DEBUG] SimOTA train batch stats:
  images: 48
  empty_images: 3
  gt_count: 60
  candidate_count_mean/min/max: 74.18/32/265
  positives_total: 297
  positives_per_gt_mean/min/max: 4.95/3/5
  positives_stride8: 70
  positives_stride16: 227
  unmatched_gt_count: 0
  fallback_count: 0
  conflict_count: 0
  dynamic_k_mean/min/max: 4.95/3/5
  nonfinite_cost_count: 0
[DEBUG] SimOTA val batch stats:
  images: 48
  empty_images: 3
  gt_count: 62
  candidate_count_mean/min/max: 101.23/45/343
  positives_total: 305
  positives_per_gt_mean/min/max: 4.92/2/5
  positives_stride8: 60
  positives_stride16: 245
  unmatched_gt_count: 0
  fallback_count: 0
  conflict_count: 0
  dynamic_k_mean/min/max: 4.92/2/5
  nonfinite_cost_count: 0
[INFO] epoch summary | train loss=0.9143 obj=0.0005 box=0.1827 pos=256.38 | val loss=1.0945 map50=0.8673 map5095=0.5252 P=0.9270 R=0.8331 F1=0.8776
[INFO] val extras | mean_iou=0.8288 center_err_px(mean/med/p95)=4.04/3.28/9.70 center_err_norm_diag(mean/med/p95)=0.0050/0.0041/0.0121 fp/img=0.0651 small/med/large recall=0.6953/0.9058/0.9070 counts=233/223/215
[INFO] saved per-epoch checkpoint: /mnt/core/MLonMCU_proj/software/ball_detection/runs/20260601-074845-smallimag_size_v3_smallhead_removed32/checkpoints/077_epoch.pt
[INFO] early stopping status: bad_epochs=8/30
[INFO] epoch 78/150 start | lr=0.000479583
[DEBUG] SimOTA train batch stats:
  images: 48
  empty_images: 7
  gt_count: 50
  candidate_count_mean/min/max: 78.88/45/270
  positives_total: 250
  positives_per_gt_mean/min/max: 5.00/5/5
  positives_stride8: 50
  positives_stride16: 200
  unmatched_gt_count: 0
  fallback_count: 0
  conflict_count: 0
  dynamic_k_mean/min/max: 5.00/5/5
  nonfinite_cost_count: 0
[DEBUG] SimOTA train batch stats:
  images: 48
  empty_images: 8
  gt_count: 54
  candidate_count_mean/min/max: 71.17/30/260
  positives_total: 264
  positives_per_gt_mean/min/max: 4.89/1/5
  positives_stride8: 56
  positives_stride16: 208
  unmatched_gt_count: 0
  fallback_count: 0
  conflict_count: 0
  dynamic_k_mean/min/max: 4.89/1/5
  nonfinite_cost_count: 0
[DEBUG] SimOTA train batch stats:
  images: 48
  empty_images: 5
  gt_count: 52
  candidate_count_mean/min/max: 72.21/35/270
  positives_total: 258
  positives_per_gt_mean/min/max: 4.96/3/5
  positives_stride8: 53
  positives_stride16: 205
  unmatched_gt_count: 0
  fallback_count: 0
  conflict_count: 0
  dynamic_k_mean/min/max: 4.96/3/5
  nonfinite_cost_count: 0
[DEBUG] SimOTA val batch stats:
  images: 48
  empty_images: 14
  gt_count: 34
  candidate_count_mean/min/max: 104.62/35/157
  positives_total: 170
  positives_per_gt_mean/min/max: 5.00/5/5
  positives_stride8: 12
  positives_stride16: 158
  unmatched_gt_count: 0
  fallback_count: 0
  conflict_count: 0
  dynamic_k_mean/min/max: 5.00/5/5
  nonfinite_cost_count: 0
[INFO] epoch summary | train loss=0.9152 obj=0.0005 box=0.1829 pos=255.95 | val loss=1.0829 map50=0.8698 map5095=0.5278 P=0.9324 R=0.8227 F1=0.8741
[INFO] val extras | mean_iou=0.8296 center_err_px(mean/med/p95)=4.06/3.36/9.41 center_err_norm_diag(mean/med/p95)=0.0051/0.0042/0.0118 fp/img=0.0592 small/med/large recall=0.6781/0.8834/0.9163 counts=233/223/215
[INFO] saved per-epoch checkpoint: /mnt/core/MLonMCU_proj/software/ball_detection/runs/20260601-074845-smallimag_size_v3_smallhead_removed32/checkpoints/078_epoch.pt
[INFO] early stopping status: bad_epochs=9/30
[INFO] epoch 79/150 start | lr=0.000469136
[DEBUG] SimOTA train batch stats:
  images: 48
  empty_images: 3
  gt_count: 57
  candidate_count_mean/min/max: 72.30/45/240
  positives_total: 280
  positives_per_gt_mean/min/max: 4.91/3/5
  positives_stride8: 64
  positives_stride16: 216
  unmatched_gt_count: 0
  fallback_count: 0
  conflict_count: 0
  dynamic_k_mean/min/max: 4.91/3/5
  nonfinite_cost_count: 0
[DEBUG] SimOTA train batch stats:
  images: 48
  empty_images: 4
  gt_count: 58
  candidate_count_mean/min/max: 75.02/35/315
  positives_total: 280
  positives_per_gt_mean/min/max: 4.83/0/5
  positives_stride8: 67
  positives_stride16: 213
  unmatched_gt_count: 1
  fallback_count: 0
  conflict_count: 9
  dynamic_k_mean/min/max: 4.98/4/5
  nonfinite_cost_count: 0
[DEBUG] SimOTA train batch stats:
  images: 48
  empty_images: 8
  gt_count: 54
  candidate_count_mean/min/max: 71.52/35/213
  positives_total: 270
  positives_per_gt_mean/min/max: 5.00/5/5
  positives_stride8: 56
  positives_stride16: 214
  unmatched_gt_count: 0
  fallback_count: 0
  conflict_count: 0
  dynamic_k_mean/min/max: 5.00/5/5
  nonfinite_cost_count: 0
[DEBUG] SimOTA train batch stats:
  images: 48
  empty_images: 8
  gt_count: 51
  candidate_count_mean/min/max: 74.69/35/266
  positives_total: 254
  positives_per_gt_mean/min/max: 4.98/4/5
  positives_stride8: 50
  positives_stride16: 204
  unmatched_gt_count: 0
  fallback_count: 0
  conflict_count: 0
  dynamic_k_mean/min/max: 4.98/4/5
  nonfinite_cost_count: 0
[DEBUG] SimOTA val batch stats:
  images: 48
  empty_images: 13
  gt_count: 35
  candidate_count_mean/min/max: 69.69/45/150
  positives_total: 162
  positives_per_gt_mean/min/max: 4.63/1/5
  positives_stride8: 39
  positives_stride16: 123
  unmatched_gt_count: 0
  fallback_count: 0
  conflict_count: 0
  dynamic_k_mean/min/max: 4.63/1/5
  nonfinite_cost_count: 0
[INFO] epoch summary | train loss=0.9107 obj=0.0005 box=0.1820 pos=255.36 | val loss=1.0777 map50=0.8771 map5095=0.5434 P=0.9365 R=0.8137 F1=0.8708
[INFO] val extras | mean_iou=0.8316 center_err_px(mean/med/p95)=3.92/3.16/9.57 center_err_norm_diag(mean/med/p95)=0.0049/0.0040/0.0120 fp/img=0.0547 small/med/large recall=0.6695/0.8834/0.8977 counts=233/223/215
[INFO] saved per-epoch checkpoint: /mnt/core/MLonMCU_proj/software/ball_detection/runs/20260601-074845-smallimag_size_v3_smallhead_removed32/checkpoints/079_epoch.pt
[INFO] new best checkpoint at epoch 79: /mnt/core/MLonMCU_proj/software/ball_detection/runs/20260601-074845-smallimag_size_v3_smallhead_removed32/checkpoints/best.pt
[INFO] epoch 80/150 start | lr=0.000458703
[DEBUG] SimOTA train batch stats:
  images: 48
  empty_images: 3
  gt_count: 55
  candidate_count_mean/min/max: 83.58/35/418
  positives_total: 271
  positives_per_gt_mean/min/max: 4.93/1/5
  positives_stride8: 60
  positives_stride16: 211
  unmatched_gt_count: 0
  fallback_count: 0
  conflict_count: 0
  dynamic_k_mean/min/max: 4.93/1/5
  nonfinite_cost_count: 0
[DEBUG] SimOTA train batch stats:
  images: 48
  empty_images: 7
  gt_count: 50
  candidate_count_mean/min/max: 74.38/35/231
  positives_total: 250
  positives_per_gt_mean/min/max: 5.00/5/5
  positives_stride8: 55
  positives_stride16: 195
  unmatched_gt_count: 0
  fallback_count: 0
  conflict_count: 0
  dynamic_k_mean/min/max: 5.00/5/5
  nonfinite_cost_count: 0
[DEBUG] SimOTA train batch stats:
  images: 48
  empty_images: 9
  gt_count: 46
  candidate_count_mean/min/max: 77.70/35/315
  positives_total: 230
  positives_per_gt_mean/min/max: 5.00/5/5
  positives_stride8: 47
  positives_stride16: 183
  unmatched_gt_count: 0
  fallback_count: 0
  conflict_count: 0
  dynamic_k_mean/min/max: 5.00/5/5
  nonfinite_cost_count: 0
[DEBUG] SimOTA train batch stats:
  images: 48
  empty_images: 4
  gt_count: 52
  candidate_count_mean/min/max: 77.27/35/252
  positives_total: 256
  positives_per_gt_mean/min/max: 4.92/2/5
  positives_stride8: 55
  positives_stride16: 201
  unmatched_gt_count: 0
  fallback_count: 0
  conflict_count: 1
  dynamic_k_mean/min/max: 4.94/3/5
  nonfinite_cost_count: 0
[DEBUG] SimOTA val batch stats:
  images: 4
  empty_images: 2
  gt_count: 3
  candidate_count_mean/min/max: 58.00/50/74
  positives_total: 15
  positives_per_gt_mean/min/max: 5.00/5/5
  positives_stride8: 4
  positives_stride16: 11
  unmatched_gt_count: 0
  fallback_count: 0
  conflict_count: 0
  dynamic_k_mean/min/max: 5.00/5/5
  nonfinite_cost_count: 0
[INFO] epoch summary | train loss=0.9136 obj=0.0005 box=0.1826 pos=255.67 | val loss=1.0824 map50=0.8767 map5095=0.5321 P=0.9311 R=0.8256 F1=0.8752
[INFO] val extras | mean_iou=0.8276 center_err_px(mean/med/p95)=3.93/3.25/9.36 center_err_norm_diag(mean/med/p95)=0.0049/0.0041/0.0117 fp/img=0.0607 small/med/large recall=0.6996/0.8789/0.9070 counts=233/223/215
[INFO] saved per-epoch checkpoint: /mnt/core/MLonMCU_proj/software/ball_detection/runs/20260601-074845-smallimag_size_v3_smallhead_removed32/checkpoints/080_epoch.pt
[INFO] early stopping status: bad_epochs=1/30
[INFO] epoch 81/150 start | lr=0.000448288
[DEBUG] SimOTA train batch stats:
  images: 48
  empty_images: 5
  gt_count: 57
  candidate_count_mean/min/max: 62.68/30/157
  positives_total: 271
  positives_per_gt_mean/min/max: 4.75/0/5
  positives_stride8: 67
  positives_stride16: 204
  unmatched_gt_count: 2
  fallback_count: 0
  conflict_count: 13
  dynamic_k_mean/min/max: 4.98/4/5
  nonfinite_cost_count: 0
[DEBUG] SimOTA train batch stats:
  images: 48
  empty_images: 6
  gt_count: 51
  candidate_count_mean/min/max: 96.08/30/546
  positives_total: 250
  positives_per_gt_mean/min/max: 4.90/1/5
  positives_stride8: 60
  positives_stride16: 190
  unmatched_gt_count: 0
  fallback_count: 0
  conflict_count: 0
  dynamic_k_mean/min/max: 4.90/1/5
  nonfinite_cost_count: 0
[DEBUG] SimOTA train batch stats:
  images: 48
  empty_images: 6
  gt_count: 54
  candidate_count_mean/min/max: 79.70/35/231
  positives_total: 270
  positives_per_gt_mean/min/max: 5.00/5/5
  positives_stride8: 58
  positives_stride16: 212
  unmatched_gt_count: 0
  fallback_count: 0
  conflict_count: 0
  dynamic_k_mean/min/max: 5.00/5/5
  nonfinite_cost_count: 0
[DEBUG] SimOTA val batch stats:
  images: 48
  empty_images: 1
  gt_count: 47
  candidate_count_mean/min/max: 93.02/49/151
  positives_total: 235
  positives_per_gt_mean/min/max: 5.00/5/5
  positives_stride8: 32
  positives_stride16: 203
  unmatched_gt_count: 0
  fallback_count: 0
  conflict_count: 0
  dynamic_k_mean/min/max: 5.00/5/5
  nonfinite_cost_count: 0
[INFO] epoch summary | train loss=0.9029 obj=0.0005 box=0.1805 pos=255.72 | val loss=1.0938 map50=0.8856 map5095=0.5455 P=0.9292 R=0.8212 F1=0.8718
[INFO] val extras | mean_iou=0.8325 center_err_px(mean/med/p95)=3.96/3.30/9.48 center_err_norm_diag(mean/med/p95)=0.0050/0.0041/0.0118 fp/img=0.0621 small/med/large recall=0.6567/0.8924/0.9256 counts=233/223/215
[INFO] saved per-epoch checkpoint: /mnt/core/MLonMCU_proj/software/ball_detection/runs/20260601-074845-smallimag_size_v3_smallhead_removed32/checkpoints/081_epoch.pt
[INFO] new best checkpoint at epoch 81: /mnt/core/MLonMCU_proj/software/ball_detection/runs/20260601-074845-smallimag_size_v3_smallhead_removed32/checkpoints/best.pt
[INFO] epoch 82/150 start | lr=0.000437896
[DEBUG] SimOTA train batch stats:
  images: 48
  empty_images: 3
  gt_count: 55
  candidate_count_mean/min/max: 73.13/30/265
  positives_total: 273
  positives_per_gt_mean/min/max: 4.96/4/5
  positives_stride8: 61
  positives_stride16: 212
  unmatched_gt_count: 0
  fallback_count: 0
  conflict_count: 0
  dynamic_k_mean/min/max: 4.96/4/5
  nonfinite_cost_count: 0
[DEBUG] SimOTA train batch stats:
  images: 48
  empty_images: 6
  gt_count: 55
  candidate_count_mean/min/max: 72.85/45/211
  positives_total: 273
  positives_per_gt_mean/min/max: 4.96/4/5
  positives_stride8: 62
  positives_stride16: 211
  unmatched_gt_count: 0
  fallback_count: 0
  conflict_count: 0
  dynamic_k_mean/min/max: 4.96/4/5
  nonfinite_cost_count: 0
[DEBUG] SimOTA train batch stats:
  images: 48
  empty_images: 6
  gt_count: 51
  candidate_count_mean/min/max: 66.39/45/270
  positives_total: 254
  positives_per_gt_mean/min/max: 4.98/4/5
  positives_stride8: 67
  positives_stride16: 187
  unmatched_gt_count: 0
  fallback_count: 0
  conflict_count: 0
  dynamic_k_mean/min/max: 4.98/4/5
  nonfinite_cost_count: 0
[DEBUG] SimOTA train batch stats:
  images: 48
  empty_images: 8
  gt_count: 49
  candidate_count_mean/min/max: 84.39/30/241
  positives_total: 240
  positives_per_gt_mean/min/max: 4.90/1/5
  positives_stride8: 46
  positives_stride16: 194
  unmatched_gt_count: 0
  fallback_count: 0
  conflict_count: 0
  dynamic_k_mean/min/max: 4.90/1/5
  nonfinite_cost_count: 0
[DEBUG] SimOTA val batch stats:
  images: 48
  empty_images: 11
  gt_count: 37
  candidate_count_mean/min/max: 58.78/45/151
  positives_total: 180
  positives_per_gt_mean/min/max: 4.86/2/5
  positives_stride8: 58
  positives_stride16: 122
  unmatched_gt_count: 0
  fallback_count: 0
  conflict_count: 0
  dynamic_k_mean/min/max: 4.86/2/5
  nonfinite_cost_count: 0
[INFO] epoch summary | train loss=0.8972 obj=0.0005 box=0.1793 pos=255.59 | val loss=1.0625 map50=0.8714 map5095=0.5507 P=0.9265 R=0.8271 F1=0.8740
[INFO] val extras | mean_iou=0.8355 center_err_px(mean/med/p95)=3.78/2.93/9.22 center_err_norm_diag(mean/med/p95)=0.0047/0.0037/0.0115 fp/img=0.0651 small/med/large recall=0.6867/0.8834/0.9209 counts=233/223/215
[INFO] saved per-epoch checkpoint: /mnt/core/MLonMCU_proj/software/ball_detection/runs/20260601-074845-smallimag_size_v3_smallhead_removed32/checkpoints/082_epoch.pt
[INFO] new best checkpoint at epoch 82: /mnt/core/MLonMCU_proj/software/ball_detection/runs/20260601-074845-smallimag_size_v3_smallhead_removed32/checkpoints/best.pt
[INFO] epoch 83/150 start | lr=0.000427532
[DEBUG] SimOTA train batch stats:
  images: 48
  empty_images: 5
  gt_count: 55
  candidate_count_mean/min/max: 72.80/35/265
  positives_total: 273
  positives_per_gt_mean/min/max: 4.96/4/5
  positives_stride8: 75
  positives_stride16: 198
  unmatched_gt_count: 0
  fallback_count: 0
  conflict_count: 0
  dynamic_k_mean/min/max: 4.96/4/5
  nonfinite_cost_count: 0
[DEBUG] SimOTA train batch stats:
  images: 48
  empty_images: 7
  gt_count: 52
  candidate_count_mean/min/max: 68.67/45/216
  positives_total: 260
  positives_per_gt_mean/min/max: 5.00/5/5
  positives_stride8: 69
  positives_stride16: 191
  unmatched_gt_count: 0
  fallback_count: 0
  conflict_count: 0
  dynamic_k_mean/min/max: 5.00/5/5
  nonfinite_cost_count: 0
[DEBUG] SimOTA train batch stats:
  images: 48
  empty_images: 4
  gt_count: 55
  candidate_count_mean/min/max: 68.25/50/146
  positives_total: 271
  positives_per_gt_mean/min/max: 4.93/2/5
  positives_stride8: 72
  positives_stride16: 199
  unmatched_gt_count: 0
  fallback_count: 0
  conflict_count: 0
  dynamic_k_mean/min/max: 4.93/2/5
  nonfinite_cost_count: 0
[DEBUG] SimOTA train batch stats:
  images: 48
  empty_images: 6
  gt_count: 53
  candidate_count_mean/min/max: 70.38/30/336
  positives_total: 260
  positives_per_gt_mean/min/max: 4.91/1/5
  positives_stride8: 64
  positives_stride16: 196
  unmatched_gt_count: 0
  fallback_count: 0
  conflict_count: 0
  dynamic_k_mean/min/max: 4.91/1/5
  nonfinite_cost_count: 0
[INFO] epoch summary | train loss=0.8939 obj=0.0005 box=0.1787 pos=255.91 | val loss=1.0721 map50=0.8806 map5095=0.5391 P=0.9295 R=0.8256 F1=0.8745
[INFO] val extras | mean_iou=0.8306 center_err_px(mean/med/p95)=3.74/3.09/9.01 center_err_norm_diag(mean/med/p95)=0.0047/0.0039/0.0113 fp/img=0.0621 small/med/large recall=0.7082/0.8834/0.8930 counts=233/223/215
[INFO] saved per-epoch checkpoint: /mnt/core/MLonMCU_proj/software/ball_detection/runs/20260601-074845-smallimag_size_v3_smallhead_removed32/checkpoints/083_epoch.pt
[INFO] early stopping status: bad_epochs=1/30
[INFO] epoch 84/150 start | lr=0.000417199
[DEBUG] SimOTA train batch stats:
  images: 48
  empty_images: 7
  gt_count: 52
  candidate_count_mean/min/max: 74.62/30/310
  positives_total: 259
  positives_per_gt_mean/min/max: 4.98/4/5
  positives_stride8: 62
  positives_stride16: 197
  unmatched_gt_count: 0
  fallback_count: 0
  conflict_count: 0
  dynamic_k_mean/min/max: 4.98/4/5
  nonfinite_cost_count: 0
[DEBUG] SimOTA train batch stats:
  images: 48
  empty_images: 3
  gt_count: 62
  candidate_count_mean/min/max: 82.40/45/265
  positives_total: 305
  positives_per_gt_mean/min/max: 4.92/2/5
  positives_stride8: 55
  positives_stride16: 250
  unmatched_gt_count: 0
  fallback_count: 0
  conflict_count: 5
  dynamic_k_mean/min/max: 5.00/5/5
  nonfinite_cost_count: 0
[DEBUG] SimOTA train batch stats:
  images: 48
  empty_images: 9
  gt_count: 51
  candidate_count_mean/min/max: 73.02/30/310
  positives_total: 248
  positives_per_gt_mean/min/max: 4.86/1/5
  positives_stride8: 57
  positives_stride16: 191
  unmatched_gt_count: 0
  fallback_count: 0
  conflict_count: 0
  dynamic_k_mean/min/max: 4.86/1/5
  nonfinite_cost_count: 0
[DEBUG] SimOTA train batch stats:
  images: 48
  empty_images: 8
  gt_count: 48
  candidate_count_mean/min/max: 84.15/35/427
  positives_total: 239
  positives_per_gt_mean/min/max: 4.98/4/5
  positives_stride8: 53
  positives_stride16: 186
  unmatched_gt_count: 0
  fallback_count: 0
  conflict_count: 0
  dynamic_k_mean/min/max: 4.98/4/5
  nonfinite_cost_count: 0
[DEBUG] SimOTA val batch stats:
  images: 48
  empty_images: 3
  gt_count: 75
  candidate_count_mean/min/max: 56.43/30/146
  positives_total: 361
  positives_per_gt_mean/min/max: 4.81/3/5
  positives_stride8: 110
  positives_stride16: 251
  unmatched_gt_count: 0
  fallback_count: 0
  conflict_count: 0
  dynamic_k_mean/min/max: 4.81/3/5
  nonfinite_cost_count: 0
[INFO] epoch summary | train loss=0.8840 obj=0.0005 box=0.1767 pos=256.15 | val loss=1.0710 map50=0.8890 map5095=0.5560 P=0.9391 R=0.8271 F1=0.8796
[INFO] val extras | mean_iou=0.8315 center_err_px(mean/med/p95)=3.78/3.18/9.34 center_err_norm_diag(mean/med/p95)=0.0047/0.0040/0.0117 fp/img=0.0533 small/med/large recall=0.7039/0.8879/0.8977 counts=233/223/215
[INFO] saved per-epoch checkpoint: /mnt/core/MLonMCU_proj/software/ball_detection/runs/20260601-074845-smallimag_size_v3_smallhead_removed32/checkpoints/084_epoch.pt
[INFO] new best checkpoint at epoch 84: /mnt/core/MLonMCU_proj/software/ball_detection/runs/20260601-074845-smallimag_size_v3_smallhead_removed32/checkpoints/best.pt
[INFO] epoch 85/150 start | lr=0.000406903
[DEBUG] SimOTA train batch stats:
  images: 48
  empty_images: 6
  gt_count: 57
  candidate_count_mean/min/max: 76.39/45/265
  positives_total: 284
  positives_per_gt_mean/min/max: 4.98/4/5
  positives_stride8: 72
  positives_stride16: 212
  unmatched_gt_count: 0
  fallback_count: 0
  conflict_count: 0
  dynamic_k_mean/min/max: 4.98/4/5
  nonfinite_cost_count: 0
[DEBUG] SimOTA train batch stats:
  images: 48
  empty_images: 6
  gt_count: 53
  candidate_count_mean/min/max: 91.36/30/320
  positives_total: 260
  positives_per_gt_mean/min/max: 4.91/0/5
  positives_stride8: 47
  positives_stride16: 213
  unmatched_gt_count: 1
  fallback_count: 0
  conflict_count: 5
  dynamic_k_mean/min/max: 5.00/5/5
  nonfinite_cost_count: 0
[DEBUG] SimOTA train batch stats:
  images: 48
  empty_images: 4
  gt_count: 54
  candidate_count_mean/min/max: 71.28/35/195
  positives_total: 268
  positives_per_gt_mean/min/max: 4.96/4/5
  positives_stride8: 72
  positives_stride16: 196
  unmatched_gt_count: 0
  fallback_count: 0
  conflict_count: 0
  dynamic_k_mean/min/max: 4.96/4/5
  nonfinite_cost_count: 0
[DEBUG] SimOTA train batch stats:
  images: 48
  empty_images: 4
  gt_count: 54
  candidate_count_mean/min/max: 73.72/27/198
  positives_total: 264
  positives_per_gt_mean/min/max: 4.89/2/5
  positives_stride8: 67
  positives_stride16: 197
  unmatched_gt_count: 0
  fallback_count: 0
  conflict_count: 5
  dynamic_k_mean/min/max: 4.98/4/5
  nonfinite_cost_count: 0
[DEBUG] SimOTA val batch stats:
  images: 48
  empty_images: 4
  gt_count: 48
  candidate_count_mean/min/max: 61.46/32/151
  positives_total: 223
  positives_per_gt_mean/min/max: 4.65/2/5
  positives_stride8: 59
  positives_stride16: 164
  unmatched_gt_count: 0
  fallback_count: 0
  conflict_count: 0
  dynamic_k_mean/min/max: 4.65/2/5
  nonfinite_cost_count: 0
[INFO] epoch summary | train loss=0.8817 obj=0.0005 box=0.1762 pos=255.73 | val loss=1.0573 map50=0.8846 map5095=0.5573 P=0.9300 R=0.8316 F1=0.8780
[INFO] val extras | mean_iou=0.8303 center_err_px(mean/med/p95)=3.97/3.31/9.43 center_err_norm_diag(mean/med/p95)=0.0050/0.0041/0.0118 fp/img=0.0621 small/med/large recall=0.6867/0.8879/0.9302 counts=233/223/215
[INFO] saved per-epoch checkpoint: /mnt/core/MLonMCU_proj/software/ball_detection/runs/20260601-074845-smallimag_size_v3_smallhead_removed32/checkpoints/085_epoch.pt
[INFO] new best checkpoint at epoch 85: /mnt/core/MLonMCU_proj/software/ball_detection/runs/20260601-074845-smallimag_size_v3_smallhead_removed32/checkpoints/best.pt
[INFO] epoch 86/150 start | lr=0.000396648
[DEBUG] SimOTA train batch stats:
  images: 48
  empty_images: 7
  gt_count: 49
  candidate_count_mean/min/max: 73.84/30/241
  positives_total: 245
  positives_per_gt_mean/min/max: 5.00/5/5
  positives_stride8: 52
  positives_stride16: 193
  unmatched_gt_count: 0
  fallback_count: 0
  conflict_count: 0
  dynamic_k_mean/min/max: 5.00/5/5
  nonfinite_cost_count: 0
[DEBUG] SimOTA train batch stats:
  images: 48
  empty_images: 6
  gt_count: 50
  candidate_count_mean/min/max: 81.48/35/378
  positives_total: 237
  positives_per_gt_mean/min/max: 4.74/0/5
  positives_stride8: 58
  positives_stride16: 179
  unmatched_gt_count: 2
  fallback_count: 0
  conflict_count: 4
  dynamic_k_mean/min/max: 4.82/2/5
  nonfinite_cost_count: 0
[DEBUG] SimOTA train batch stats:
  images: 48
  empty_images: 3
  gt_count: 55
  candidate_count_mean/min/max: 86.35/35/546
  positives_total: 268
  positives_per_gt_mean/min/max: 4.87/1/5
  positives_stride8: 62
  positives_stride16: 206
  unmatched_gt_count: 0
  fallback_count: 0
  conflict_count: 0
  dynamic_k_mean/min/max: 4.87/1/5
  nonfinite_cost_count: 0
[DEBUG] SimOTA train batch stats:
  images: 48
  empty_images: 3
  gt_count: 58
  candidate_count_mean/min/max: 72.71/35/227
  positives_total: 290
  positives_per_gt_mean/min/max: 5.00/5/5
  positives_stride8: 75
  positives_stride16: 215
  unmatched_gt_count: 0
  fallback_count: 0
  conflict_count: 0
  dynamic_k_mean/min/max: 5.00/5/5
  nonfinite_cost_count: 0
[INFO] epoch summary | train loss=0.8771 obj=0.0005 box=0.1753 pos=256.56 | val loss=1.0571 map50=0.8825 map5095=0.5657 P=0.9376 R=0.8286 F1=0.8797
[INFO] val extras | mean_iou=0.8356 center_err_px(mean/med/p95)=3.76/3.02/9.37 center_err_norm_diag(mean/med/p95)=0.0047/0.0038/0.0117 fp/img=0.0547 small/med/large recall=0.6867/0.8879/0.9209 counts=233/223/215
[INFO] saved per-epoch checkpoint: /mnt/core/MLonMCU_proj/software/ball_detection/runs/20260601-074845-smallimag_size_v3_smallhead_removed32/checkpoints/086_epoch.pt
[INFO] new best checkpoint at epoch 86: /mnt/core/MLonMCU_proj/software/ball_detection/runs/20260601-074845-smallimag_size_v3_smallhead_removed32/checkpoints/best.pt
[INFO] epoch 87/150 start | lr=0.000386439
[DEBUG] SimOTA train batch stats:
  images: 48
  empty_images: 5
  gt_count: 52
  candidate_count_mean/min/max: 72.85/35/198
  positives_total: 260
  positives_per_gt_mean/min/max: 5.00/5/5
  positives_stride8: 57
  positives_stride16: 203
  unmatched_gt_count: 0
  fallback_count: 0
  conflict_count: 0
  dynamic_k_mean/min/max: 5.00/5/5
  nonfinite_cost_count: 0
[DEBUG] SimOTA train batch stats:
  images: 48
  empty_images: 5
  gt_count: 51
  candidate_count_mean/min/max: 63.41/27/140
  positives_total: 251
  positives_per_gt_mean/min/max: 4.92/1/5
  positives_stride8: 68
  positives_stride16: 183
  unmatched_gt_count: 0
  fallback_count: 0
  conflict_count: 2
  dynamic_k_mean/min/max: 4.96/3/5
  nonfinite_cost_count: 0
[DEBUG] SimOTA train batch stats:
  images: 48
  empty_images: 8
  gt_count: 55
  candidate_count_mean/min/max: 72.42/30/224
  positives_total: 257
  positives_per_gt_mean/min/max: 4.67/0/5
  positives_stride8: 67
  positives_stride16: 190
  unmatched_gt_count: 1
  fallback_count: 0
  conflict_count: 10
  dynamic_k_mean/min/max: 4.85/1/5
  nonfinite_cost_count: 0
[DEBUG] SimOTA train batch stats:
  images: 48
  empty_images: 7
  gt_count: 54
  candidate_count_mean/min/max: 73.44/45/357
  positives_total: 263
  positives_per_gt_mean/min/max: 4.87/0/5
  positives_stride8: 67
  positives_stride16: 196
  unmatched_gt_count: 1
  fallback_count: 0
  conflict_count: 2
  dynamic_k_mean/min/max: 4.91/2/5
  nonfinite_cost_count: 0
[DEBUG] SimOTA val batch stats:
  images: 48
  empty_images: 9
  gt_count: 43
  candidate_count_mean/min/max: 49.35/25/62
  positives_total: 213
  positives_per_gt_mean/min/max: 4.95/4/5
  positives_stride8: 63
  positives_stride16: 150
  unmatched_gt_count: 0
  fallback_count: 0
  conflict_count: 0
  dynamic_k_mean/min/max: 4.95/4/5
  nonfinite_cost_count: 0
[INFO] epoch summary | train loss=0.8700 obj=0.0005 box=0.1739 pos=255.73 | val loss=1.0506 map50=0.8899 map5095=0.5733 P=0.9360 R=0.8286 F1=0.8791
[INFO] val extras | mean_iou=0.8368 center_err_px(mean/med/p95)=3.72/3.05/9.25 center_err_norm_diag(mean/med/p95)=0.0047/0.0038/0.0116 fp/img=0.0562 small/med/large recall=0.6824/0.8969/0.9163 counts=233/223/215
[INFO] saved per-epoch checkpoint: /mnt/core/MLonMCU_proj/software/ball_detection/runs/20260601-074845-smallimag_size_v3_smallhead_removed32/checkpoints/087_epoch.pt
[INFO] new best checkpoint at epoch 87: /mnt/core/MLonMCU_proj/software/ball_detection/runs/20260601-074845-smallimag_size_v3_smallhead_removed32/checkpoints/best.pt
[INFO] epoch 88/150 start | lr=0.000376279
[DEBUG] SimOTA train batch stats:
  images: 48
  empty_images: 5
  gt_count: 53
  candidate_count_mean/min/max: 81.21/35/392
  positives_total: 262
  positives_per_gt_mean/min/max: 4.94/4/5
  positives_stride8: 57
  positives_stride16: 205
  unmatched_gt_count: 0
  fallback_count: 0
  conflict_count: 0
  dynamic_k_mean/min/max: 4.94/4/5
  nonfinite_cost_count: 0
[DEBUG] SimOTA train batch stats:
  images: 48
  empty_images: 5
  gt_count: 54
  candidate_count_mean/min/max: 72.28/27/200
  positives_total: 266
  positives_per_gt_mean/min/max: 4.93/2/5
  positives_stride8: 71
  positives_stride16: 195
  unmatched_gt_count: 0
  fallback_count: 0
  conflict_count: 0
  dynamic_k_mean/min/max: 4.93/2/5
  nonfinite_cost_count: 0
[DEBUG] SimOTA train batch stats:
  images: 48
  empty_images: 7
  gt_count: 48
  candidate_count_mean/min/max: 64.38/35/140
  positives_total: 239
  positives_per_gt_mean/min/max: 4.98/4/5
  positives_stride8: 63
  positives_stride16: 176
  unmatched_gt_count: 0
  fallback_count: 0
  conflict_count: 0
  dynamic_k_mean/min/max: 4.98/4/5
  nonfinite_cost_count: 0
[DEBUG] SimOTA train batch stats:
  images: 48
  empty_images: 6
  gt_count: 54
  candidate_count_mean/min/max: 78.28/37/265
  positives_total: 269
  positives_per_gt_mean/min/max: 4.98/4/5
  positives_stride8: 73
  positives_stride16: 196
  unmatched_gt_count: 0
  fallback_count: 0
  conflict_count: 0
  dynamic_k_mean/min/max: 4.98/4/5
  nonfinite_cost_count: 0
[DEBUG] SimOTA val batch stats:
  images: 48
  empty_images: 4
  gt_count: 58
  candidate_count_mean/min/max: 80.17/44/289
  positives_total: 286
  positives_per_gt_mean/min/max: 4.93/3/5
  positives_stride8: 76
  positives_stride16: 210
  unmatched_gt_count: 0
  fallback_count: 0
  conflict_count: 0
  dynamic_k_mean/min/max: 4.93/3/5
  nonfinite_cost_count: 0
[INFO] epoch summary | train loss=0.8723 obj=0.0005 box=0.1744 pos=254.45 | val loss=1.0469 map50=0.8845 map5095=0.5582 P=0.9281 R=0.8465 F1=0.8854
[INFO] val extras | mean_iou=0.8319 center_err_px(mean/med/p95)=3.81/2.89/9.43 center_err_norm_diag(mean/med/p95)=0.0048/0.0036/0.0118 fp/img=0.0651 small/med/large recall=0.7167/0.9103/0.9209 counts=233/223/215
[INFO] saved per-epoch checkpoint: /mnt/core/MLonMCU_proj/software/ball_detection/runs/20260601-074845-smallimag_size_v3_smallhead_removed32/checkpoints/088_epoch.pt
[INFO] early stopping status: bad_epochs=1/30
[INFO] epoch 89/150 start | lr=0.000366175
[DEBUG] SimOTA train batch stats:
  images: 48
  empty_images: 8
  gt_count: 51
  candidate_count_mean/min/max: 75.98/30/265
  positives_total: 255
  positives_per_gt_mean/min/max: 5.00/5/5
  positives_stride8: 57
  positives_stride16: 198
  unmatched_gt_count: 0
  fallback_count: 0
  conflict_count: 0
  dynamic_k_mean/min/max: 5.00/5/5
  nonfinite_cost_count: 0
[DEBUG] SimOTA train batch stats:
  images: 48
  empty_images: 4
  gt_count: 53
  candidate_count_mean/min/max: 80.30/27/216
  positives_total: 265
  positives_per_gt_mean/min/max: 5.00/5/5
  positives_stride8: 63
  positives_stride16: 202
  unmatched_gt_count: 0
  fallback_count: 0
  conflict_count: 0
  dynamic_k_mean/min/max: 5.00/5/5
  nonfinite_cost_count: 0
[DEBUG] SimOTA train batch stats:
  images: 48
  empty_images: 7
  gt_count: 50
  candidate_count_mean/min/max: 92.62/35/540
  positives_total: 246
  positives_per_gt_mean/min/max: 4.92/1/5
  positives_stride8: 55
  positives_stride16: 191
  unmatched_gt_count: 0
  fallback_count: 0
  conflict_count: 0
  dynamic_k_mean/min/max: 4.92/1/5
  nonfinite_cost_count: 0
[DEBUG] SimOTA train batch stats:
  images: 48
  empty_images: 7
  gt_count: 51
  candidate_count_mean/min/max: 71.29/43/400
  positives_total: 251
  positives_per_gt_mean/min/max: 4.92/1/5
  positives_stride8: 67
  positives_stride16: 184
  unmatched_gt_count: 0
  fallback_count: 0
  conflict_count: 2
  dynamic_k_mean/min/max: 4.96/3/5
  nonfinite_cost_count: 0
[INFO] epoch summary | train loss=0.8590 obj=0.0005 box=0.1717 pos=255.71 | val loss=1.0301 map50=0.8826 map5095=0.5646 P=0.9270 R=0.8331 F1=0.8776
[INFO] val extras | mean_iou=0.8383 center_err_px(mean/med/p95)=3.60/2.73/9.09 center_err_norm_diag(mean/med/p95)=0.0045/0.0034/0.0114 fp/img=0.0651 small/med/large recall=0.7039/0.8924/0.9116 counts=233/223/215
[INFO] saved per-epoch checkpoint: /mnt/core/MLonMCU_proj/software/ball_detection/runs/20260601-074845-smallimag_size_v3_smallhead_removed32/checkpoints/089_epoch.pt
[INFO] early stopping status: bad_epochs=2/30
[INFO] epoch 90/150 start | lr=0.000356129
[DEBUG] SimOTA train batch stats:
  images: 48
  empty_images: 10
  gt_count: 47
  candidate_count_mean/min/max: 97.21/35/400
  positives_total: 222
  positives_per_gt_mean/min/max: 4.72/0/5
  positives_stride8: 48
  positives_stride16: 174
  unmatched_gt_count: 2
  fallback_count: 0
  conflict_count: 5
  dynamic_k_mean/min/max: 4.83/2/5
  nonfinite_cost_count: 0
[DEBUG] SimOTA train batch stats:
  images: 48
  empty_images: 10
  gt_count: 48
  candidate_count_mean/min/max: 71.25/30/184
  positives_total: 239
  positives_per_gt_mean/min/max: 4.98/4/5
  positives_stride8: 60
  positives_stride16: 179
  unmatched_gt_count: 0
  fallback_count: 0
  conflict_count: 0
  dynamic_k_mean/min/max: 4.98/4/5
  nonfinite_cost_count: 0
[DEBUG] SimOTA train batch stats:
  images: 48
  empty_images: 5
  gt_count: 56
  candidate_count_mean/min/max: 69.64/41/265
  positives_total: 265
  positives_per_gt_mean/min/max: 4.73/0/5
  positives_stride8: 71
  positives_stride16: 194
  unmatched_gt_count: 1
  fallback_count: 0
  conflict_count: 14
  dynamic_k_mean/min/max: 4.98/4/5
  nonfinite_cost_count: 0
[DEBUG] SimOTA train batch stats:
  images: 48
  empty_images: 12
  gt_count: 41
  candidate_count_mean/min/max: 86.83/45/289
  positives_total: 204
  positives_per_gt_mean/min/max: 4.98/4/5
  positives_stride8: 48
  positives_stride16: 156
  unmatched_gt_count: 0
  fallback_count: 0
  conflict_count: 0
  dynamic_k_mean/min/max: 4.98/4/5
  nonfinite_cost_count: 0
[DEBUG] SimOTA val batch stats:
  images: 48
  empty_images: 3
  gt_count: 45
  candidate_count_mean/min/max: 105.00/35/157
  positives_total: 225
  positives_per_gt_mean/min/max: 5.00/5/5
  positives_stride8: 39
  positives_stride16: 186
  unmatched_gt_count: 0
  fallback_count: 0
  conflict_count: 0
  dynamic_k_mean/min/max: 5.00/5/5
  nonfinite_cost_count: 0
[INFO] epoch summary | train loss=0.8620 obj=0.0005 box=0.1723 pos=256.29 | val loss=1.0365 map50=0.8749 map5095=0.5471 P=0.9163 R=0.8316 F1=0.8719
[INFO] val extras | mean_iou=0.8296 center_err_px(mean/med/p95)=3.88/3.14/9.39 center_err_norm_diag(mean/med/p95)=0.0048/0.0039/0.0117 fp/img=0.0754 small/med/large recall=0.6910/0.8789/0.9349 counts=233/223/215
[INFO] saved per-epoch checkpoint: /mnt/core/MLonMCU_proj/software/ball_detection/runs/20260601-074845-smallimag_size_v3_smallhead_removed32/checkpoints/090_epoch.pt
[INFO] early stopping status: bad_epochs=3/30
[INFO] epoch 91/150 start | lr=0.000346146
[DEBUG] SimOTA train batch stats:
  images: 48
  empty_images: 8
  gt_count: 50
  candidate_count_mean/min/max: 69.04/45/211
  positives_total: 250
  positives_per_gt_mean/min/max: 5.00/5/5
  positives_stride8: 67
  positives_stride16: 183
  unmatched_gt_count: 0
  fallback_count: 0
  conflict_count: 0
  dynamic_k_mean/min/max: 5.00/5/5
  nonfinite_cost_count: 0
[DEBUG] SimOTA train batch stats:
  images: 48
  empty_images: 3
  gt_count: 52
  candidate_count_mean/min/max: 78.33/45/427
  positives_total: 258
  positives_per_gt_mean/min/max: 4.96/4/5
  positives_stride8: 66
  positives_stride16: 192
  unmatched_gt_count: 0
  fallback_count: 0
  conflict_count: 0
  dynamic_k_mean/min/max: 4.96/4/5
  nonfinite_cost_count: 0
[DEBUG] SimOTA train batch stats:
  images: 48
  empty_images: 4
  gt_count: 54
  candidate_count_mean/min/max: 69.50/35/315
  positives_total: 269
  positives_per_gt_mean/min/max: 4.98/4/5
  positives_stride8: 80
  positives_stride16: 189
  unmatched_gt_count: 0
  fallback_count: 0
  conflict_count: 0
  dynamic_k_mean/min/max: 4.98/4/5
  nonfinite_cost_count: 0
[DEBUG] SimOTA train batch stats:
  images: 48
  empty_images: 10
  gt_count: 48
  candidate_count_mean/min/max: 74.52/45/185
  positives_total: 240
  positives_per_gt_mean/min/max: 5.00/5/5
  positives_stride8: 61
  positives_stride16: 179
  unmatched_gt_count: 0
  fallback_count: 0
  conflict_count: 0
  dynamic_k_mean/min/max: 5.00/5/5
  nonfinite_cost_count: 0
[DEBUG] SimOTA val batch stats:
  images: 48
  empty_images: 6
  gt_count: 52
  candidate_count_mean/min/max: 74.69/29/259
  positives_total: 250
  positives_per_gt_mean/min/max: 4.81/0/5
  positives_stride8: 81
  positives_stride16: 169
  unmatched_gt_count: 1
  fallback_count: 0
  conflict_count: 3
  dynamic_k_mean/min/max: 4.87/3/5
  nonfinite_cost_count: 0
[INFO] epoch summary | train loss=0.8595 obj=0.0005 box=0.1718 pos=255.58 | val loss=1.0241 map50=0.8901 map5095=0.5716 P=0.9361 R=0.8301 F1=0.8799
[INFO] val extras | mean_iou=0.8380 center_err_px(mean/med/p95)=3.65/2.84/9.03 center_err_norm_diag(mean/med/p95)=0.0046/0.0036/0.0113 fp/img=0.0562 small/med/large recall=0.6953/0.8879/0.9163 counts=233/223/215
[INFO] saved per-epoch checkpoint: /mnt/core/MLonMCU_proj/software/ball_detection/runs/20260601-074845-smallimag_size_v3_smallhead_removed32/checkpoints/091_epoch.pt
[INFO] early stopping status: bad_epochs=4/30
[INFO] epoch 92/150 start | lr=0.000336231
[DEBUG] SimOTA train batch stats:
  images: 48
  empty_images: 8
  gt_count: 49
  candidate_count_mean/min/max: 74.31/39/265
  positives_total: 245
  positives_per_gt_mean/min/max: 5.00/5/5
  positives_stride8: 60
  positives_stride16: 185
  unmatched_gt_count: 0
  fallback_count: 0
  conflict_count: 0
  dynamic_k_mean/min/max: 5.00/5/5
  nonfinite_cost_count: 0
[DEBUG] SimOTA train batch stats:
  images: 48
  empty_images: 7
  gt_count: 55
  candidate_count_mean/min/max: 82.27/30/245
  positives_total: 268
  positives_per_gt_mean/min/max: 4.87/1/5
  positives_stride8: 63
  positives_stride16: 205
  unmatched_gt_count: 0
  fallback_count: 0
  conflict_count: 0
  dynamic_k_mean/min/max: 4.87/1/5
  nonfinite_cost_count: 0
[DEBUG] SimOTA train batch stats:
  images: 48
  empty_images: 3
  gt_count: 54
  candidate_count_mean/min/max: 77.65/35/250
  positives_total: 270
  positives_per_gt_mean/min/max: 5.00/5/5
  positives_stride8: 70
  positives_stride16: 200
  unmatched_gt_count: 0
  fallback_count: 0
  conflict_count: 0
  dynamic_k_mean/min/max: 5.00/5/5
  nonfinite_cost_count: 0
[DEBUG] SimOTA train batch stats:
  images: 48
  empty_images: 6
  gt_count: 50
  candidate_count_mean/min/max: 69.40/35/238
  positives_total: 249
  positives_per_gt_mean/min/max: 4.98/4/5
  positives_stride8: 71
  positives_stride16: 178
  unmatched_gt_count: 0
  fallback_count: 0
  conflict_count: 0
  dynamic_k_mean/min/max: 4.98/4/5
  nonfinite_cost_count: 0
[INFO] epoch summary | train loss=0.8443 obj=0.0005 box=0.1688 pos=255.97 | val loss=1.0118 map50=0.8889 map5095=0.5698 P=0.9243 R=0.8376 F1=0.8788
[INFO] val extras | mean_iou=0.8363 center_err_px(mean/med/p95)=3.77/2.88/9.16 center_err_norm_diag(mean/med/p95)=0.0047/0.0036/0.0115 fp/img=0.0680 small/med/large recall=0.6996/0.8879/0.9349 counts=233/223/215
[INFO] saved per-epoch checkpoint: /mnt/core/MLonMCU_proj/software/ball_detection/runs/20260601-074845-smallimag_size_v3_smallhead_removed32/checkpoints/092_epoch.pt
[INFO] early stopping status: bad_epochs=5/30
[INFO] epoch 93/150 start | lr=0.000326388
[DEBUG] SimOTA train batch stats:
  images: 48
  empty_images: 5
  gt_count: 52
  candidate_count_mean/min/max: 68.27/50/168
  positives_total: 260
  positives_per_gt_mean/min/max: 5.00/5/5
  positives_stride8: 79
  positives_stride16: 181
  unmatched_gt_count: 0
  fallback_count: 0
  conflict_count: 0
  dynamic_k_mean/min/max: 5.00/5/5
  nonfinite_cost_count: 0
[DEBUG] SimOTA train batch stats:
  images: 48
  empty_images: 10
  gt_count: 48
  candidate_count_mean/min/max: 83.33/35/350
  positives_total: 237
  positives_per_gt_mean/min/max: 4.94/3/5
  positives_stride8: 66
  positives_stride16: 171
  unmatched_gt_count: 0
  fallback_count: 0
  conflict_count: 0
  dynamic_k_mean/min/max: 4.94/3/5
  nonfinite_cost_count: 0
[DEBUG] SimOTA train batch stats:
  images: 48
  empty_images: 9
  gt_count: 45
  candidate_count_mean/min/max: 68.62/35/192
  positives_total: 225
  positives_per_gt_mean/min/max: 5.00/5/5
  positives_stride8: 64
  positives_stride16: 161
  unmatched_gt_count: 0
  fallback_count: 0
  conflict_count: 0
  dynamic_k_mean/min/max: 5.00/5/5
  nonfinite_cost_count: 0
[DEBUG] SimOTA train batch stats:
  images: 48
  empty_images: 3
  gt_count: 55
  candidate_count_mean/min/max: 80.49/27/315
  positives_total: 273
  positives_per_gt_mean/min/max: 4.96/3/5
  positives_stride8: 78
  positives_stride16: 195
  unmatched_gt_count: 0
  fallback_count: 0
  conflict_count: 0
  dynamic_k_mean/min/max: 4.96/3/5
  nonfinite_cost_count: 0
[DEBUG] SimOTA val batch stats:
  images: 48
  empty_images: 12
  gt_count: 51
  candidate_count_mean/min/max: 56.25/30/125
  positives_total: 250
  positives_per_gt_mean/min/max: 4.90/3/5
  positives_stride8: 90
  positives_stride16: 160
  unmatched_gt_count: 0
  fallback_count: 0
  conflict_count: 0
  dynamic_k_mean/min/max: 4.90/3/5
  nonfinite_cost_count: 0
[INFO] epoch summary | train loss=0.8315 obj=0.0005 box=0.1662 pos=254.54 | val loss=1.0210 map50=0.8857 map5095=0.5603 P=0.9242 R=0.8361 F1=0.8779
[INFO] val extras | mean_iou=0.8357 center_err_px(mean/med/p95)=3.64/2.94/9.00 center_err_norm_diag(mean/med/p95)=0.0045/0.0037/0.0113 fp/img=0.0680 small/med/large recall=0.7039/0.8879/0.9256 counts=233/223/215
[INFO] saved per-epoch checkpoint: /mnt/core/MLonMCU_proj/software/ball_detection/runs/20260601-074845-smallimag_size_v3_smallhead_removed32/checkpoints/093_epoch.pt
[INFO] early stopping status: bad_epochs=6/30
[INFO] epoch 94/150 start | lr=0.000316622
[DEBUG] SimOTA train batch stats:
  images: 48
  empty_images: 4
  gt_count: 61
  candidate_count_mean/min/max: 79.84/35/336
  positives_total: 292
  positives_per_gt_mean/min/max: 4.79/0/5
  positives_stride8: 73
  positives_stride16: 219
  unmatched_gt_count: 1
  fallback_count: 0
  conflict_count: 10
  dynamic_k_mean/min/max: 4.95/4/5
  nonfinite_cost_count: 0
[DEBUG] SimOTA train batch stats:
  images: 48
  empty_images: 9
  gt_count: 46
  candidate_count_mean/min/max: 90.33/35/540
  positives_total: 230
  positives_per_gt_mean/min/max: 5.00/5/5
  positives_stride8: 56
  positives_stride16: 174
  unmatched_gt_count: 0
  fallback_count: 0
  conflict_count: 0
  dynamic_k_mean/min/max: 5.00/5/5
  nonfinite_cost_count: 0
[DEBUG] SimOTA train batch stats:
  images: 48
  empty_images: 6
  gt_count: 52
  candidate_count_mean/min/max: 76.92/30/241
  positives_total: 253
  positives_per_gt_mean/min/max: 4.87/1/5
  positives_stride8: 68
  positives_stride16: 185
  unmatched_gt_count: 0
  fallback_count: 0
  conflict_count: 2
  dynamic_k_mean/min/max: 4.90/3/5
  nonfinite_cost_count: 0
[DEBUG] SimOTA train batch stats:
  images: 48
  empty_images: 14
  gt_count: 46
  candidate_count_mean/min/max: 74.24/30/265
  positives_total: 226
  positives_per_gt_mean/min/max: 4.91/1/5
  positives_stride8: 63
  positives_stride16: 163
  unmatched_gt_count: 0
  fallback_count: 0
  conflict_count: 0
  dynamic_k_mean/min/max: 4.91/1/5
  nonfinite_cost_count: 0
[DEBUG] SimOTA val batch stats:
  images: 48
  empty_images: 6
  gt_count: 44
  candidate_count_mean/min/max: 84.43/50/280
  positives_total: 219
  positives_per_gt_mean/min/max: 4.98/4/5
  positives_stride8: 55
  positives_stride16: 164
  unmatched_gt_count: 0
  fallback_count: 0
  conflict_count: 0
  dynamic_k_mean/min/max: 4.98/4/5
  nonfinite_cost_count: 0
[INFO] epoch summary | train loss=0.8277 obj=0.0005 box=0.1654 pos=254.63 | val loss=1.0122 map50=0.8855 map5095=0.5685 P=0.9375 R=0.8271 F1=0.8789
[INFO] val extras | mean_iou=0.8395 center_err_px(mean/med/p95)=3.48/2.83/9.00 center_err_norm_diag(mean/med/p95)=0.0044/0.0035/0.0113 fp/img=0.0547 small/med/large recall=0.7167/0.8834/0.8884 counts=233/223/215
[INFO] saved per-epoch checkpoint: /mnt/core/MLonMCU_proj/software/ball_detection/runs/20260601-074845-smallimag_size_v3_smallhead_removed32/checkpoints/094_epoch.pt
[INFO] early stopping status: bad_epochs=7/30
[INFO] epoch 95/150 start | lr=0.000306936
[DEBUG] SimOTA train batch stats:
  images: 48
  empty_images: 4
  gt_count: 57
  candidate_count_mean/min/max: 68.40/30/159
  positives_total: 280
  positives_per_gt_mean/min/max: 4.91/1/5
  positives_stride8: 77
  positives_stride16: 203
  unmatched_gt_count: 0
  fallback_count: 0
  conflict_count: 0
  dynamic_k_mean/min/max: 4.91/1/5
  nonfinite_cost_count: 0
[DEBUG] SimOTA train batch stats:
  images: 48
  empty_images: 7
  gt_count: 54
  candidate_count_mean/min/max: 86.11/32/392
  positives_total: 267
  positives_per_gt_mean/min/max: 4.94/3/5
  positives_stride8: 79
  positives_stride16: 188
  unmatched_gt_count: 0
  fallback_count: 0
  conflict_count: 0
  dynamic_k_mean/min/max: 4.94/3/5
  nonfinite_cost_count: 0
[DEBUG] SimOTA train batch stats:
  images: 48
  empty_images: 6
  gt_count: 47
  candidate_count_mean/min/max: 83.68/45/373
  positives_total: 234
  positives_per_gt_mean/min/max: 4.98/4/5
  positives_stride8: 59
  positives_stride16: 175
  unmatched_gt_count: 0
  fallback_count: 0
  conflict_count: 0
  dynamic_k_mean/min/max: 4.98/4/5
  nonfinite_cost_count: 0
[DEBUG] SimOTA train batch stats:
  images: 48
  empty_images: 5
  gt_count: 51
  candidate_count_mean/min/max: 68.39/45/244
  positives_total: 255
  positives_per_gt_mean/min/max: 5.00/5/5
  positives_stride8: 78
  positives_stride16: 177
  unmatched_gt_count: 0
  fallback_count: 0
  conflict_count: 0
  dynamic_k_mean/min/max: 5.00/5/5
  nonfinite_cost_count: 0
[INFO] epoch summary | train loss=0.8227 obj=0.0005 box=0.1644 pos=256.38 | val loss=0.9916 map50=0.8827 map5095=0.5681 P=0.9243 R=0.8376 F1=0.8788
[INFO] val extras | mean_iou=0.8431 center_err_px(mean/med/p95)=3.39/2.57/8.93 center_err_norm_diag(mean/med/p95)=0.0042/0.0032/0.0112 fp/img=0.0680 small/med/large recall=0.7124/0.9013/0.9070 counts=233/223/215
[INFO] saved per-epoch checkpoint: /mnt/core/MLonMCU_proj/software/ball_detection/runs/20260601-074845-smallimag_size_v3_smallhead_removed32/checkpoints/095_epoch.pt
[INFO] early stopping status: bad_epochs=8/30
[INFO] epoch 96/150 start | lr=0.000297335
[DEBUG] SimOTA train batch stats:
  images: 48
  empty_images: 11
  gt_count: 45
  candidate_count_mean/min/max: 69.91/30/227
  positives_total: 218
  positives_per_gt_mean/min/max: 4.84/1/5
  positives_stride8: 72
  positives_stride16: 146
  unmatched_gt_count: 0
  fallback_count: 0
  conflict_count: 5
  dynamic_k_mean/min/max: 4.96/3/5
  nonfinite_cost_count: 0
[DEBUG] SimOTA train batch stats:
  images: 48
  empty_images: 5
  gt_count: 55
  candidate_count_mean/min/max: 86.75/39/344
  positives_total: 269
  positives_per_gt_mean/min/max: 4.89/2/5
  positives_stride8: 73
  positives_stride16: 196
  unmatched_gt_count: 0
  fallback_count: 0
  conflict_count: 5
  dynamic_k_mean/min/max: 4.98/4/5
  nonfinite_cost_count: 0
[DEBUG] SimOTA train batch stats:
  images: 48
  empty_images: 5
  gt_count: 52
  candidate_count_mean/min/max: 77.50/45/237
  positives_total: 259
  positives_per_gt_mean/min/max: 4.98/4/5
  positives_stride8: 67
  positives_stride16: 192
  unmatched_gt_count: 0
  fallback_count: 0
  conflict_count: 0
  dynamic_k_mean/min/max: 4.98/4/5
  nonfinite_cost_count: 0
[DEBUG] SimOTA train batch stats:
  images: 48
  empty_images: 2
  gt_count: 59
  candidate_count_mean/min/max: 70.44/35/231
  positives_total: 294
  positives_per_gt_mean/min/max: 4.98/4/5
  positives_stride8: 84
  positives_stride16: 210
  unmatched_gt_count: 0
  fallback_count: 0
  conflict_count: 1
  dynamic_k_mean/min/max: 5.00/5/5
  nonfinite_cost_count: 0
[DEBUG] SimOTA val batch stats:
  images: 48
  empty_images: 15
  gt_count: 37
  candidate_count_mean/min/max: 92.30/35/140
  positives_total: 180
  positives_per_gt_mean/min/max: 4.86/0/5
  positives_stride8: 32
  positives_stride16: 148
  unmatched_gt_count: 1
  fallback_count: 0
  conflict_count: 5
  dynamic_k_mean/min/max: 5.00/5/5
  nonfinite_cost_count: 0
[INFO] epoch summary | train loss=0.8123 obj=0.0005 box=0.1624 pos=255.55 | val loss=0.9840 map50=0.8915 map5095=0.5692 P=0.9445 R=0.8376 F1=0.8878
[INFO] val extras | mean_iou=0.8356 center_err_px(mean/med/p95)=3.60/2.82/9.01 center_err_norm_diag(mean/med/p95)=0.0045/0.0035/0.0113 fp/img=0.0488 small/med/large recall=0.7124/0.8969/0.9116 counts=233/223/215
[INFO] saved per-epoch checkpoint: /mnt/core/MLonMCU_proj/software/ball_detection/runs/20260601-074845-smallimag_size_v3_smallhead_removed32/checkpoints/096_epoch.pt
[INFO] early stopping status: bad_epochs=9/30
[INFO] epoch 97/150 start | lr=0.000287823
[DEBUG] SimOTA train batch stats:
  images: 48
  empty_images: 5
  gt_count: 56
  candidate_count_mean/min/max: 75.02/30/238
  positives_total: 276
  positives_per_gt_mean/min/max: 4.93/4/5
  positives_stride8: 84
  positives_stride16: 192
  unmatched_gt_count: 0
  fallback_count: 0
  conflict_count: 1
  dynamic_k_mean/min/max: 4.95/4/5
  nonfinite_cost_count: 0
[DEBUG] SimOTA train batch stats:
  images: 48
  empty_images: 8
  gt_count: 54
  candidate_count_mean/min/max: 71.37/27/252
  positives_total: 259
  positives_per_gt_mean/min/max: 4.80/1/5
  positives_stride8: 85
  positives_stride16: 174
  unmatched_gt_count: 0
  fallback_count: 0
  conflict_count: 1
  dynamic_k_mean/min/max: 4.81/1/5
  nonfinite_cost_count: 0
[DEBUG] SimOTA train batch stats:
  images: 48
  empty_images: 8
  gt_count: 45
  candidate_count_mean/min/max: 74.89/27/252
  positives_total: 225
  positives_per_gt_mean/min/max: 5.00/5/5
  positives_stride8: 70
  positives_stride16: 155
  unmatched_gt_count: 0
  fallback_count: 0
  conflict_count: 0
  dynamic_k_mean/min/max: 5.00/5/5
  nonfinite_cost_count: 0
[DEBUG] SimOTA train batch stats:
  images: 48
  empty_images: 8
  gt_count: 51
  candidate_count_mean/min/max: 84.61/35/546
  positives_total: 255
  positives_per_gt_mean/min/max: 5.00/5/5
  positives_stride8: 63
  positives_stride16: 192
  unmatched_gt_count: 0
  fallback_count: 0
  conflict_count: 0
  dynamic_k_mean/min/max: 5.00/5/5
  nonfinite_cost_count: 0
[DEBUG] SimOTA val batch stats:
  images: 48
  empty_images: 3
  gt_count: 62
  candidate_count_mean/min/max: 101.23/45/343
  positives_total: 305
  positives_per_gt_mean/min/max: 4.92/2/5
  positives_stride8: 80
  positives_stride16: 225
  unmatched_gt_count: 0
  fallback_count: 0
  conflict_count: 0
  dynamic_k_mean/min/max: 4.92/2/5
  nonfinite_cost_count: 0
[INFO] epoch summary | train loss=0.8035 obj=0.0005 box=0.1606 pos=256.42 | val loss=0.9773 map50=0.8946 map5095=0.5849 P=0.9376 R=0.8510 F1=0.8922
[INFO] val extras | mean_iou=0.8415 center_err_px(mean/med/p95)=3.45/2.59/9.00 center_err_norm_diag(mean/med/p95)=0.0043/0.0032/0.0113 fp/img=0.0562 small/med/large recall=0.7296/0.9058/0.9256 counts=233/223/215
[INFO] saved per-epoch checkpoint: /mnt/core/MLonMCU_proj/software/ball_detection/runs/20260601-074845-smallimag_size_v3_smallhead_removed32/checkpoints/097_epoch.pt
[INFO] new best checkpoint at epoch 97: /mnt/core/MLonMCU_proj/software/ball_detection/runs/20260601-074845-smallimag_size_v3_smallhead_removed32/checkpoints/best.pt
[INFO] epoch 98/150 start | lr=0.000278405
[DEBUG] SimOTA train batch stats:
  images: 48
  empty_images: 7
  gt_count: 53
  candidate_count_mean/min/max: 81.53/30/320
  positives_total: 259
  positives_per_gt_mean/min/max: 4.89/1/5
  positives_stride8: 79
  positives_stride16: 180
  unmatched_gt_count: 0
  fallback_count: 0
  conflict_count: 2
  dynamic_k_mean/min/max: 4.92/3/5
  nonfinite_cost_count: 0
[DEBUG] SimOTA train batch stats:
  images: 48
  empty_images: 7
  gt_count: 46
  candidate_count_mean/min/max: 73.28/35/215
  positives_total: 228
  positives_per_gt_mean/min/max: 4.96/3/5
  positives_stride8: 73
  positives_stride16: 155
  unmatched_gt_count: 0
  fallback_count: 0
  conflict_count: 0
  dynamic_k_mean/min/max: 4.96/3/5
  nonfinite_cost_count: 0
[DEBUG] SimOTA train batch stats:
  images: 48
  empty_images: 4
  gt_count: 54
  candidate_count_mean/min/max: 82.63/32/418
  positives_total: 267
  positives_per_gt_mean/min/max: 4.94/3/5
  positives_stride8: 84
  positives_stride16: 183
  unmatched_gt_count: 0
  fallback_count: 0
  conflict_count: 0
  dynamic_k_mean/min/max: 4.94/3/5
  nonfinite_cost_count: 0
[DEBUG] SimOTA val batch stats:
  images: 48
  empty_images: 14
  gt_count: 34
  candidate_count_mean/min/max: 104.62/35/157
  positives_total: 170
  positives_per_gt_mean/min/max: 5.00/5/5
  positives_stride8: 33
  positives_stride16: 137
  unmatched_gt_count: 0
  fallback_count: 0
  conflict_count: 0
  dynamic_k_mean/min/max: 5.00/5/5
  nonfinite_cost_count: 0
[INFO] epoch summary | train loss=0.8014 obj=0.0005 box=0.1602 pos=254.56 | val loss=0.9852 map50=0.8898 map5095=0.5852 P=0.9350 R=0.8361 F1=0.8828
[INFO] val extras | mean_iou=0.8426 center_err_px(mean/med/p95)=3.43/2.65/8.84 center_err_norm_diag(mean/med/p95)=0.0043/0.0033/0.0111 fp/img=0.0577 small/med/large recall=0.6953/0.8924/0.9302 counts=233/223/215
[INFO] saved per-epoch checkpoint: /mnt/core/MLonMCU_proj/software/ball_detection/runs/20260601-074845-smallimag_size_v3_smallhead_removed32/checkpoints/098_epoch.pt
[INFO] new best checkpoint at epoch 98: /mnt/core/MLonMCU_proj/software/ball_detection/runs/20260601-074845-smallimag_size_v3_smallhead_removed32/checkpoints/best.pt
[INFO] epoch 99/150 start | lr=0.000269084
[DEBUG] SimOTA train batch stats:
  images: 48
  empty_images: 5
  gt_count: 52
  candidate_count_mean/min/max: 69.35/35/195
  positives_total: 257
  positives_per_gt_mean/min/max: 4.94/4/5
  positives_stride8: 81
  positives_stride16: 176
  unmatched_gt_count: 0
  fallback_count: 0
  conflict_count: 0
  dynamic_k_mean/min/max: 4.94/4/5
  nonfinite_cost_count: 0
[DEBUG] SimOTA train batch stats:
  images: 48
  empty_images: 7
  gt_count: 54
  candidate_count_mean/min/max: 66.91/27/198
  positives_total: 263
  positives_per_gt_mean/min/max: 4.87/1/5
  positives_stride8: 88
  positives_stride16: 175
  unmatched_gt_count: 0
  fallback_count: 0
  conflict_count: 2
  dynamic_k_mean/min/max: 4.91/2/5
  nonfinite_cost_count: 0
[DEBUG] SimOTA train batch stats:
  images: 48
  empty_images: 9
  gt_count: 45
  candidate_count_mean/min/max: 83.09/35/540
  positives_total: 224
  positives_per_gt_mean/min/max: 4.98/4/5
  positives_stride8: 73
  positives_stride16: 151
  unmatched_gt_count: 0
  fallback_count: 0
  conflict_count: 0
  dynamic_k_mean/min/max: 4.98/4/5
  nonfinite_cost_count: 0
[DEBUG] SimOTA train batch stats:
  images: 48
  empty_images: 7
  gt_count: 48
  candidate_count_mean/min/max: 75.19/27/259
  positives_total: 234
  positives_per_gt_mean/min/max: 4.88/1/5
  positives_stride8: 77
  positives_stride16: 157
  unmatched_gt_count: 0
  fallback_count: 0
  conflict_count: 0
  dynamic_k_mean/min/max: 4.88/1/5
  nonfinite_cost_count: 0
[DEBUG] SimOTA val batch stats:
  images: 48
  empty_images: 13
  gt_count: 35
  candidate_count_mean/min/max: 69.69/45/150
  positives_total: 163
  positives_per_gt_mean/min/max: 4.66/1/5
  positives_stride8: 50
  positives_stride16: 113
  unmatched_gt_count: 0
  fallback_count: 0
  conflict_count: 0
  dynamic_k_mean/min/max: 4.66/1/5
  nonfinite_cost_count: 0
[INFO] epoch summary | train loss=0.7970 obj=0.0005 box=0.1593 pos=256.37 | val loss=0.9744 map50=0.8796 map5095=0.5593 P=0.9245 R=0.8390 F1=0.8797
[INFO] val extras | mean_iou=0.8400 center_err_px(mean/med/p95)=3.44/2.61/8.87 center_err_norm_diag(mean/med/p95)=0.0043/0.0033/0.0111 fp/img=0.0680 small/med/large recall=0.7296/0.8924/0.9023 counts=233/223/215
[INFO] saved per-epoch checkpoint: /mnt/core/MLonMCU_proj/software/ball_detection/runs/20260601-074845-smallimag_size_v3_smallhead_removed32/checkpoints/099_epoch.pt
[INFO] early stopping status: bad_epochs=1/30
[INFO] epoch 100/150 start | lr=0.000259864
[DEBUG] SimOTA train batch stats:
  images: 48
  empty_images: 5
  gt_count: 57
  candidate_count_mean/min/max: 90.81/30/315
  positives_total: 281
  positives_per_gt_mean/min/max: 4.93/1/5
  positives_stride8: 75
  positives_stride16: 206
  unmatched_gt_count: 0
  fallback_count: 0
  conflict_count: 0
  dynamic_k_mean/min/max: 4.93/1/5
  nonfinite_cost_count: 0
[DEBUG] SimOTA train batch stats:
  images: 48
  empty_images: 7
  gt_count: 50
  candidate_count_mean/min/max: 64.82/32/140
  positives_total: 249
  positives_per_gt_mean/min/max: 4.98/4/5
  positives_stride8: 82
  positives_stride16: 167
  unmatched_gt_count: 0
  fallback_count: 0
  conflict_count: 0
  dynamic_k_mean/min/max: 4.98/4/5
  nonfinite_cost_count: 0
[DEBUG] SimOTA train batch stats:
  images: 48
  empty_images: 3
  gt_count: 60
  candidate_count_mean/min/max: 68.98/35/231
  positives_total: 296
  positives_per_gt_mean/min/max: 4.93/3/5
  positives_stride8: 90
  positives_stride16: 206
  unmatched_gt_count: 0
  fallback_count: 0
  conflict_count: 1
  dynamic_k_mean/min/max: 4.95/3/5
  nonfinite_cost_count: 0
[DEBUG] SimOTA train batch stats:
  images: 48
  empty_images: 10
  gt_count: 47
  candidate_count_mean/min/max: 77.94/27/218
  positives_total: 231
  positives_per_gt_mean/min/max: 4.91/1/5
  positives_stride8: 66
  positives_stride16: 165
  unmatched_gt_count: 0
  fallback_count: 0
  conflict_count: 2
  dynamic_k_mean/min/max: 4.96/3/5
  nonfinite_cost_count: 0
[DEBUG] SimOTA val batch stats:
  images: 4
  empty_images: 2
  gt_count: 3
  candidate_count_mean/min/max: 58.00/50/74
  positives_total: 15
  positives_per_gt_mean/min/max: 5.00/5/5
  positives_stride8: 6
  positives_stride16: 9
  unmatched_gt_count: 0
  fallback_count: 0
  conflict_count: 0
  dynamic_k_mean/min/max: 5.00/5/5
  nonfinite_cost_count: 0
[INFO] epoch summary | train loss=0.7822 obj=0.0005 box=0.1563 pos=255.03 | val loss=0.9818 map50=0.8903 map5095=0.5895 P=0.9278 R=0.8420 F1=0.8828
[INFO] val extras | mean_iou=0.8445 center_err_px(mean/med/p95)=3.37/2.66/8.76 center_err_norm_diag(mean/med/p95)=0.0042/0.0033/0.0110 fp/img=0.0651 small/med/large recall=0.7167/0.8879/0.9302 counts=233/223/215
[INFO] saved per-epoch checkpoint: /mnt/core/MLonMCU_proj/software/ball_detection/runs/20260601-074845-smallimag_size_v3_smallhead_removed32/checkpoints/100_epoch.pt
[INFO] new best checkpoint at epoch 100: /mnt/core/MLonMCU_proj/software/ball_detection/runs/20260601-074845-smallimag_size_v3_smallhead_removed32/checkpoints/best.pt
[INFO] epoch 101/150 start | lr=0.00025075
[DEBUG] SimOTA train batch stats:
  images: 48
  empty_images: 7
  gt_count: 49
  candidate_count_mean/min/max: 70.41/45/241
  positives_total: 241
  positives_per_gt_mean/min/max: 4.92/2/5
  positives_stride8: 83
  positives_stride16: 158
  unmatched_gt_count: 0
  fallback_count: 0
  conflict_count: 0
  dynamic_k_mean/min/max: 4.92/2/5
  nonfinite_cost_count: 0
[DEBUG] SimOTA train batch stats:
  images: 48
  empty_images: 5
  gt_count: 55
  candidate_count_mean/min/max: 84.71/35/315
  positives_total: 274
  positives_per_gt_mean/min/max: 4.98/4/5
  positives_stride8: 83
  positives_stride16: 191
  unmatched_gt_count: 0
  fallback_count: 0
  conflict_count: 0
  dynamic_k_mean/min/max: 4.98/4/5
  nonfinite_cost_count: 0
[DEBUG] SimOTA train batch stats:
  images: 48
  empty_images: 4
  gt_count: 57
  candidate_count_mean/min/max: 69.21/50/185
  positives_total: 283
  positives_per_gt_mean/min/max: 4.96/4/5
  positives_stride8: 91
  positives_stride16: 192
  unmatched_gt_count: 0
  fallback_count: 0
  conflict_count: 0
  dynamic_k_mean/min/max: 4.96/4/5
  nonfinite_cost_count: 0
[DEBUG] SimOTA val batch stats:
  images: 48
  empty_images: 1
  gt_count: 47
  candidate_count_mean/min/max: 93.02/49/151
  positives_total: 235
  positives_per_gt_mean/min/max: 5.00/5/5
  positives_stride8: 59
  positives_stride16: 176
  unmatched_gt_count: 0
  fallback_count: 0
  conflict_count: 0
  dynamic_k_mean/min/max: 5.00/5/5
  nonfinite_cost_count: 0
[INFO] epoch summary | train loss=0.7778 obj=0.0005 box=0.1555 pos=256.15 | val loss=0.9517 map50=0.8871 map5095=0.5956 P=0.9366 R=0.8361 F1=0.8835
[INFO] val extras | mean_iou=0.8478 center_err_px(mean/med/p95)=3.39/2.64/8.85 center_err_norm_diag(mean/med/p95)=0.0042/0.0033/0.0111 fp/img=0.0562 small/med/large recall=0.7039/0.8834/0.9302 counts=233/223/215
[INFO] saved per-epoch checkpoint: /mnt/core/MLonMCU_proj/software/ball_detection/runs/20260601-074845-smallimag_size_v3_smallhead_removed32/checkpoints/101_epoch.pt
[INFO] new best checkpoint at epoch 101: /mnt/core/MLonMCU_proj/software/ball_detection/runs/20260601-074845-smallimag_size_v3_smallhead_removed32/checkpoints/best.pt
[INFO] epoch 102/150 start | lr=0.000241746
[DEBUG] SimOTA train batch stats:
  images: 48
  empty_images: 3
  gt_count: 62
  candidate_count_mean/min/max: 76.76/35/244
  positives_total: 305
  positives_per_gt_mean/min/max: 4.92/0/5
  positives_stride8: 92
  positives_stride16: 213
  unmatched_gt_count: 1
  fallback_count: 0
  conflict_count: 2
  dynamic_k_mean/min/max: 4.95/2/5
  nonfinite_cost_count: 0
[DEBUG] SimOTA train batch stats:
  images: 48
  empty_images: 6
  gt_count: 53
  candidate_count_mean/min/max: 79.64/27/348
  positives_total: 263
  positives_per_gt_mean/min/max: 4.96/3/5
  positives_stride8: 88
  positives_stride16: 175
  unmatched_gt_count: 0
  fallback_count: 0
  conflict_count: 0
  dynamic_k_mean/min/max: 4.96/3/5
  nonfinite_cost_count: 0
[DEBUG] SimOTA train batch stats:
  images: 48
  empty_images: 5
  gt_count: 55
  candidate_count_mean/min/max: 74.24/35/252
  positives_total: 270
  positives_per_gt_mean/min/max: 4.91/3/5
  positives_stride8: 91
  positives_stride16: 179
  unmatched_gt_count: 0
  fallback_count: 0
  conflict_count: 0
  dynamic_k_mean/min/max: 4.91/3/5
  nonfinite_cost_count: 0
[DEBUG] SimOTA train batch stats:
  images: 48
  empty_images: 10
  gt_count: 44
  candidate_count_mean/min/max: 90.07/27/289
  positives_total: 210
  positives_per_gt_mean/min/max: 4.77/2/5
  positives_stride8: 60
  positives_stride16: 150
  unmatched_gt_count: 0
  fallback_count: 0
  conflict_count: 10
  dynamic_k_mean/min/max: 5.00/5/5
  nonfinite_cost_count: 0
[DEBUG] SimOTA val batch stats:
  images: 48
  empty_images: 11
  gt_count: 37
  candidate_count_mean/min/max: 58.78/45/151
  positives_total: 180
  positives_per_gt_mean/min/max: 4.86/2/5
  positives_stride8: 65
  positives_stride16: 115
  unmatched_gt_count: 0
  fallback_count: 0
  conflict_count: 0
  dynamic_k_mean/min/max: 4.86/2/5
  nonfinite_cost_count: 0
[INFO] epoch summary | train loss=0.7693 obj=0.0005 box=0.1538 pos=255.92 | val loss=0.9522 map50=0.8937 map5095=0.6030 P=0.9409 R=0.8301 F1=0.8820
[INFO] val extras | mean_iou=0.8545 center_err_px(mean/med/p95)=3.14/2.33/8.15 center_err_norm_diag(mean/med/p95)=0.0039/0.0029/0.0102 fp/img=0.0518 small/med/large recall=0.7082/0.8744/0.9163 counts=233/223/215
[INFO] saved per-epoch checkpoint: /mnt/core/MLonMCU_proj/software/ball_detection/runs/20260601-074845-smallimag_size_v3_smallhead_removed32/checkpoints/102_epoch.pt
[INFO] new best checkpoint at epoch 102: /mnt/core/MLonMCU_proj/software/ball_detection/runs/20260601-074845-smallimag_size_v3_smallhead_removed32/checkpoints/best.pt
[INFO] epoch 103/150 start | lr=0.000232855
[DEBUG] SimOTA train batch stats:
  images: 48
  empty_images: 7
  gt_count: 48
  candidate_count_mean/min/max: 79.83/30/348
  positives_total: 234
  positives_per_gt_mean/min/max: 4.88/1/5
  positives_stride8: 76
  positives_stride16: 158
  unmatched_gt_count: 0
  fallback_count: 0
  conflict_count: 0
  dynamic_k_mean/min/max: 4.88/1/5
  nonfinite_cost_count: 0
[DEBUG] SimOTA train batch stats:
  images: 48
  empty_images: 8
  gt_count: 53
  candidate_count_mean/min/max: 70.87/35/186
  positives_total: 260
  positives_per_gt_mean/min/max: 4.91/1/5
  positives_stride8: 91
  positives_stride16: 169
  unmatched_gt_count: 0
  fallback_count: 0
  conflict_count: 0
  dynamic_k_mean/min/max: 4.91/1/5
  nonfinite_cost_count: 0
[DEBUG] SimOTA train batch stats:
  images: 48
  empty_images: 4
  gt_count: 56
  candidate_count_mean/min/max: 71.61/35/216
  positives_total: 280
  positives_per_gt_mean/min/max: 5.00/5/5
  positives_stride8: 91
  positives_stride16: 189
  unmatched_gt_count: 0
  fallback_count: 0
  conflict_count: 0
  dynamic_k_mean/min/max: 5.00/5/5
  nonfinite_cost_count: 0
[DEBUG] SimOTA train batch stats:
  images: 48
  empty_images: 6
  gt_count: 51
  candidate_count_mean/min/max: 82.33/45/260
  positives_total: 254
  positives_per_gt_mean/min/max: 4.98/4/5
  positives_stride8: 75
  positives_stride16: 179
  unmatched_gt_count: 0
  fallback_count: 0
  conflict_count: 0
  dynamic_k_mean/min/max: 4.98/4/5
  nonfinite_cost_count: 0
[INFO] epoch summary | train loss=0.7632 obj=0.0005 box=0.1525 pos=256.63 | val loss=0.9446 map50=0.8915 map5095=0.5983 P=0.9340 R=0.8435 F1=0.8865
[INFO] val extras | mean_iou=0.8497 center_err_px(mean/med/p95)=3.22/2.38/8.63 center_err_norm_diag(mean/med/p95)=0.0040/0.0030/0.0108 fp/img=0.0592 small/med/large recall=0.7253/0.8879/0.9256 counts=233/223/215
[INFO] saved per-epoch checkpoint: /mnt/core/MLonMCU_proj/software/ball_detection/runs/20260601-074845-smallimag_size_v3_smallhead_removed32/checkpoints/103_epoch.pt
[INFO] early stopping status: bad_epochs=1/30
[INFO] epoch 104/150 start | lr=0.000224081
[DEBUG] SimOTA train batch stats:
  images: 48
  empty_images: 4
  gt_count: 57
  candidate_count_mean/min/max: 76.82/35/260
  positives_total: 283
  positives_per_gt_mean/min/max: 4.96/3/5
  positives_stride8: 86
  positives_stride16: 197
  unmatched_gt_count: 0
  fallback_count: 0
  conflict_count: 0
  dynamic_k_mean/min/max: 4.96/3/5
  nonfinite_cost_count: 0
[DEBUG] SimOTA train batch stats:
  images: 48
  empty_images: 7
  gt_count: 51
  candidate_count_mean/min/max: 74.14/35/281
  positives_total: 249
  positives_per_gt_mean/min/max: 4.88/1/5
  positives_stride8: 90
  positives_stride16: 159
  unmatched_gt_count: 0
  fallback_count: 0
  conflict_count: 5
  dynamic_k_mean/min/max: 4.98/4/5
  nonfinite_cost_count: 0
[DEBUG] SimOTA train batch stats:
  images: 48
  empty_images: 4
  gt_count: 58
  candidate_count_mean/min/max: 72.59/45/218
  positives_total: 290
  positives_per_gt_mean/min/max: 5.00/5/5
  positives_stride8: 96
  positives_stride16: 194
  unmatched_gt_count: 0
  fallback_count: 0
  conflict_count: 0
  dynamic_k_mean/min/max: 5.00/5/5
  nonfinite_cost_count: 0
[DEBUG] SimOTA train batch stats:
  images: 48
  empty_images: 6
  gt_count: 53
  candidate_count_mean/min/max: 67.00/35/243
  positives_total: 261
  positives_per_gt_mean/min/max: 4.92/2/5
  positives_stride8: 96
  positives_stride16: 165
  unmatched_gt_count: 0
  fallback_count: 0
  conflict_count: 1
  dynamic_k_mean/min/max: 4.94/2/5
  nonfinite_cost_count: 0
[DEBUG] SimOTA val batch stats:
  images: 48
  empty_images: 3
  gt_count: 75
  candidate_count_mean/min/max: 56.43/30/146
  positives_total: 362
  positives_per_gt_mean/min/max: 4.83/3/5
  positives_stride8: 132
  positives_stride16: 230
  unmatched_gt_count: 0
  fallback_count: 0
  conflict_count: 0
  dynamic_k_mean/min/max: 4.83/3/5
  nonfinite_cost_count: 0
[INFO] epoch summary | train loss=0.7575 obj=0.0005 box=0.1514 pos=256.06 | val loss=0.9530 map50=0.8853 map5095=0.5962 P=0.9356 R=0.8450 F1=0.8880
[INFO] val extras | mean_iou=0.8524 center_err_px(mean/med/p95)=3.02/2.24/7.87 center_err_norm_diag(mean/med/p95)=0.0038/0.0028/0.0098 fp/img=0.0577 small/med/large recall=0.7253/0.8969/0.9209 counts=233/223/215
[INFO] saved per-epoch checkpoint: /mnt/core/MLonMCU_proj/software/ball_detection/runs/20260601-074845-smallimag_size_v3_smallhead_removed32/checkpoints/104_epoch.pt
[INFO] early stopping status: bad_epochs=2/30
[INFO] epoch 105/150 start | lr=0.000215429
[DEBUG] SimOTA train batch stats:
  images: 48
  empty_images: 3
  gt_count: 60
  candidate_count_mean/min/max: 70.58/35/265
  positives_total: 286
  positives_per_gt_mean/min/max: 4.77/0/5
  positives_stride8: 95
  positives_stride16: 191
  unmatched_gt_count: 2
  fallback_count: 0
  conflict_count: 4
  dynamic_k_mean/min/max: 4.83/1/5
  nonfinite_cost_count: 0
[DEBUG] SimOTA train batch stats:
  images: 48
  empty_images: 7
  gt_count: 54
  candidate_count_mean/min/max: 84.13/35/245
  positives_total: 262
  positives_per_gt_mean/min/max: 4.85/1/5
  positives_stride8: 80
  positives_stride16: 182
  unmatched_gt_count: 0
  fallback_count: 0
  conflict_count: 2
  dynamic_k_mean/min/max: 4.89/2/5
  nonfinite_cost_count: 0
[DEBUG] SimOTA train batch stats:
  images: 48
  empty_images: 3
  gt_count: 55
  candidate_count_mean/min/max: 72.58/35/274
  positives_total: 274
  positives_per_gt_mean/min/max: 4.98/4/5
  positives_stride8: 94
  positives_stride16: 180
  unmatched_gt_count: 0
  fallback_count: 0
  conflict_count: 0
  dynamic_k_mean/min/max: 4.98/4/5
  nonfinite_cost_count: 0
[DEBUG] SimOTA train batch stats:
  images: 48
  empty_images: 10
  gt_count: 49
  candidate_count_mean/min/max: 70.12/35/179
  positives_total: 243
  positives_per_gt_mean/min/max: 4.96/4/5
  positives_stride8: 89
  positives_stride16: 154
  unmatched_gt_count: 0
  fallback_count: 0
  conflict_count: 0
  dynamic_k_mean/min/max: 4.96/4/5
  nonfinite_cost_count: 0
[DEBUG] SimOTA val batch stats:
  images: 48
  empty_images: 4
  gt_count: 48
  candidate_count_mean/min/max: 61.46/32/151
  positives_total: 224
  positives_per_gt_mean/min/max: 4.67/2/5
  positives_stride8: 87
  positives_stride16: 137
  unmatched_gt_count: 0
  fallback_count: 0
  conflict_count: 0
  dynamic_k_mean/min/max: 4.67/2/5
  nonfinite_cost_count: 0
[INFO] epoch summary | train loss=0.7571 obj=0.0005 box=0.1513 pos=255.86 | val loss=0.9364 map50=0.8928 map5095=0.6003 P=0.9434 R=0.8450 F1=0.8915
[INFO] val extras | mean_iou=0.8520 center_err_px(mean/med/p95)=3.11/2.31/8.10 center_err_norm_diag(mean/med/p95)=0.0039/0.0029/0.0101 fp/img=0.0503 small/med/large recall=0.7339/0.8834/0.9256 counts=233/223/215
[INFO] saved per-epoch checkpoint: /mnt/core/MLonMCU_proj/software/ball_detection/runs/20260601-074845-smallimag_size_v3_smallhead_removed32/checkpoints/105_epoch.pt
[INFO] early stopping status: bad_epochs=3/30
[INFO] epoch 106/150 start | lr=0.000206901
[DEBUG] SimOTA train batch stats:
  images: 48
  empty_images: 4
  gt_count: 58
  candidate_count_mean/min/max: 70.90/30/546
  positives_total: 286
  positives_per_gt_mean/min/max: 4.93/1/5
  positives_stride8: 99
  positives_stride16: 187
  unmatched_gt_count: 0
  fallback_count: 0
  conflict_count: 0
  dynamic_k_mean/min/max: 4.93/1/5
  nonfinite_cost_count: 0
[DEBUG] SimOTA train batch stats:
  images: 48
  empty_images: 2
  gt_count: 60
  candidate_count_mean/min/max: 70.45/30/252
  positives_total: 297
  positives_per_gt_mean/min/max: 4.95/2/5
  positives_stride8: 107
  positives_stride16: 190
  unmatched_gt_count: 0
  fallback_count: 0
  conflict_count: 0
  dynamic_k_mean/min/max: 4.95/2/5
  nonfinite_cost_count: 0
[DEBUG] SimOTA train batch stats:
  images: 48
  empty_images: 5
  gt_count: 53
  candidate_count_mean/min/max: 76.00/45/245
  positives_total: 264
  positives_per_gt_mean/min/max: 4.98/4/5
  positives_stride8: 87
  positives_stride16: 177
  unmatched_gt_count: 0
  fallback_count: 0
  conflict_count: 0
  dynamic_k_mean/min/max: 4.98/4/5
  nonfinite_cost_count: 0
[DEBUG] SimOTA train batch stats:
  images: 48
  empty_images: 3
  gt_count: 60
  candidate_count_mean/min/max: 71.47/36/281
  positives_total: 297
  positives_per_gt_mean/min/max: 4.95/3/5
  positives_stride8: 106
  positives_stride16: 191
  unmatched_gt_count: 0
  fallback_count: 0
  conflict_count: 0
  dynamic_k_mean/min/max: 4.95/3/5
  nonfinite_cost_count: 0
[INFO] epoch summary | train loss=0.7500 obj=0.0005 box=0.1499 pos=254.78 | val loss=0.9327 map50=0.8959 map5095=0.6110 P=0.9359 R=0.8480 F1=0.8898
[INFO] val extras | mean_iou=0.8536 center_err_px(mean/med/p95)=3.16/2.29/8.05 center_err_norm_diag(mean/med/p95)=0.0039/0.0029/0.0101 fp/img=0.0577 small/med/large recall=0.7210/0.8924/0.9395 counts=233/223/215
[INFO] saved per-epoch checkpoint: /mnt/core/MLonMCU_proj/software/ball_detection/runs/20260601-074845-smallimag_size_v3_smallhead_removed32/checkpoints/106_epoch.pt
[INFO] new best checkpoint at epoch 106: /mnt/core/MLonMCU_proj/software/ball_detection/runs/20260601-074845-smallimag_size_v3_smallhead_removed32/checkpoints/best.pt
[INFO] epoch 107/150 start | lr=0.000198503
[DEBUG] SimOTA train batch stats:
  images: 48
  empty_images: 7
  gt_count: 53
  candidate_count_mean/min/max: 63.25/27/175
  positives_total: 252
  positives_per_gt_mean/min/max: 4.75/0/5
  positives_stride8: 90
  positives_stride16: 162
  unmatched_gt_count: 1
  fallback_count: 0
  conflict_count: 10
  dynamic_k_mean/min/max: 4.94/2/5
  nonfinite_cost_count: 0
[DEBUG] SimOTA train batch stats:
  images: 48
  empty_images: 6
  gt_count: 51
  candidate_count_mean/min/max: 74.49/25/186
  positives_total: 255
  positives_per_gt_mean/min/max: 5.00/5/5
  positives_stride8: 89
  positives_stride16: 166
  unmatched_gt_count: 0
  fallback_count: 0
  conflict_count: 0
  dynamic_k_mean/min/max: 5.00/5/5
  nonfinite_cost_count: 0
[DEBUG] SimOTA train batch stats:
  images: 48
  empty_images: 6
  gt_count: 54
  candidate_count_mean/min/max: 69.06/30/280
  positives_total: 264
  positives_per_gt_mean/min/max: 4.89/1/5
  positives_stride8: 105
  positives_stride16: 159
  unmatched_gt_count: 0
  fallback_count: 0
  conflict_count: 0
  dynamic_k_mean/min/max: 4.89/1/5
  nonfinite_cost_count: 0
[DEBUG] SimOTA train batch stats:
  images: 48
  empty_images: 6
  gt_count: 52
  candidate_count_mean/min/max: 73.40/30/215
  positives_total: 256
  positives_per_gt_mean/min/max: 4.92/1/5
  positives_stride8: 91
  positives_stride16: 165
  unmatched_gt_count: 0
  fallback_count: 0
  conflict_count: 0
  dynamic_k_mean/min/max: 4.92/1/5
  nonfinite_cost_count: 0
[DEBUG] SimOTA val batch stats:
  images: 48
  empty_images: 9
  gt_count: 43
  candidate_count_mean/min/max: 49.35/25/62
  positives_total: 213
  positives_per_gt_mean/min/max: 4.95/4/5
  positives_stride8: 82
  positives_stride16: 131
  unmatched_gt_count: 0
  fallback_count: 0
  conflict_count: 0
  dynamic_k_mean/min/max: 4.95/4/5
  nonfinite_cost_count: 0
[INFO] epoch summary | train loss=0.7410 obj=0.0005 box=0.1481 pos=255.81 | val loss=0.9275 map50=0.8939 map5095=0.5969 P=0.9387 R=0.8450 F1=0.8894
[INFO] val extras | mean_iou=0.8539 center_err_px(mean/med/p95)=2.96/2.16/7.77 center_err_norm_diag(mean/med/p95)=0.0037/0.0027/0.0097 fp/img=0.0547 small/med/large recall=0.7339/0.8969/0.9116 counts=233/223/215
[INFO] saved per-epoch checkpoint: /mnt/core/MLonMCU_proj/software/ball_detection/runs/20260601-074845-smallimag_size_v3_smallhead_removed32/checkpoints/107_epoch.pt
[INFO] early stopping status: bad_epochs=1/30
[INFO] epoch 108/150 start | lr=0.000190237
[DEBUG] SimOTA train batch stats:
  images: 48
  empty_images: 4
  gt_count: 61
  candidate_count_mean/min/max: 81.89/30/540
  positives_total: 290
  positives_per_gt_mean/min/max: 4.75/1/5
  positives_stride8: 95
  positives_stride16: 195
  unmatched_gt_count: 0
  fallback_count: 0
  conflict_count: 2
  dynamic_k_mean/min/max: 4.79/1/5
  nonfinite_cost_count: 0
[DEBUG] SimOTA train batch stats:
  images: 48
  empty_images: 9
  gt_count: 50
  candidate_count_mean/min/max: 74.70/35/265
  positives_total: 249
  positives_per_gt_mean/min/max: 4.98/4/5
  positives_stride8: 89
  positives_stride16: 160
  unmatched_gt_count: 0
  fallback_count: 0
  conflict_count: 0
  dynamic_k_mean/min/max: 4.98/4/5
  nonfinite_cost_count: 0
[DEBUG] SimOTA train batch stats:
  images: 48
  empty_images: 8
  gt_count: 52
  candidate_count_mean/min/max: 84.79/50/260
  positives_total: 260
  positives_per_gt_mean/min/max: 5.00/5/5
  positives_stride8: 87
  positives_stride16: 173
  unmatched_gt_count: 0
  fallback_count: 0
  conflict_count: 0
  dynamic_k_mean/min/max: 5.00/5/5
  nonfinite_cost_count: 0
[DEBUG] SimOTA train batch stats:
  images: 48
  empty_images: 10
  gt_count: 45
  candidate_count_mean/min/max: 91.76/30/392
  positives_total: 219
  positives_per_gt_mean/min/max: 4.87/2/5
  positives_stride8: 71
  positives_stride16: 148
  unmatched_gt_count: 0
  fallback_count: 0
  conflict_count: 5
  dynamic_k_mean/min/max: 4.98/4/5
  nonfinite_cost_count: 0
[DEBUG] SimOTA val batch stats:
  images: 48
  empty_images: 4
  gt_count: 58
  candidate_count_mean/min/max: 80.17/44/289
  positives_total: 287
  positives_per_gt_mean/min/max: 4.95/3/5
  positives_stride8: 106
  positives_stride16: 181
  unmatched_gt_count: 0
  fallback_count: 0
  conflict_count: 0
  dynamic_k_mean/min/max: 4.95/3/5
  nonfinite_cost_count: 0
[INFO] epoch summary | train loss=0.7368 obj=0.0005 box=0.1473 pos=256.60 | val loss=0.9231 map50=0.8927 map5095=0.6102 P=0.9403 R=0.8450 F1=0.8901
[INFO] val extras | mean_iou=0.8571 center_err_px(mean/med/p95)=2.87/2.12/7.45 center_err_norm_diag(mean/med/p95)=0.0036/0.0026/0.0093 fp/img=0.0533 small/med/large recall=0.7253/0.8924/0.9256 counts=233/223/215
[INFO] saved per-epoch checkpoint: /mnt/core/MLonMCU_proj/software/ball_detection/runs/20260601-074845-smallimag_size_v3_smallhead_removed32/checkpoints/108_epoch.pt
[INFO] early stopping status: bad_epochs=2/30
[INFO] epoch 109/150 start | lr=0.000182107
[DEBUG] SimOTA train batch stats:
  images: 48
  empty_images: 4
  gt_count: 53
  candidate_count_mean/min/max: 95.02/30/546
  positives_total: 264
  positives_per_gt_mean/min/max: 4.98/4/5
  positives_stride8: 85
  positives_stride16: 179
  unmatched_gt_count: 0
  fallback_count: 0
  conflict_count: 0
  dynamic_k_mean/min/max: 4.98/4/5
  nonfinite_cost_count: 0
[DEBUG] SimOTA train batch stats:
  images: 48
  empty_images: 9
  gt_count: 53
  candidate_count_mean/min/max: 74.00/35/336
  positives_total: 257
  positives_per_gt_mean/min/max: 4.85/1/5
  positives_stride8: 92
  positives_stride16: 165
  unmatched_gt_count: 0
  fallback_count: 0
  conflict_count: 6
  dynamic_k_mean/min/max: 4.96/4/5
  nonfinite_cost_count: 0
[DEBUG] SimOTA train batch stats:
  images: 48
  empty_images: 3
  gt_count: 61
  candidate_count_mean/min/max: 71.07/35/224
  positives_total: 305
  positives_per_gt_mean/min/max: 5.00/5/5
  positives_stride8: 113
  positives_stride16: 192
  unmatched_gt_count: 0
  fallback_count: 0
  conflict_count: 0
  dynamic_k_mean/min/max: 5.00/5/5
  nonfinite_cost_count: 0
[DEBUG] SimOTA train batch stats:
  images: 48
  empty_images: 7
  gt_count: 49
  candidate_count_mean/min/max: 81.90/35/350
  positives_total: 243
  positives_per_gt_mean/min/max: 4.96/3/5
  positives_stride8: 87
  positives_stride16: 156
  unmatched_gt_count: 0
  fallback_count: 0
  conflict_count: 0
  dynamic_k_mean/min/max: 4.96/3/5
  nonfinite_cost_count: 0
[INFO] epoch summary | train loss=0.7357 obj=0.0005 box=0.1470 pos=256.76 | val loss=0.9183 map50=0.8957 map5095=0.6086 P=0.9410 R=0.8316 F1=0.8829
[INFO] val extras | mean_iou=0.8579 center_err_px(mean/med/p95)=2.88/2.12/7.52 center_err_norm_diag(mean/med/p95)=0.0036/0.0026/0.0094 fp/img=0.0518 small/med/large recall=0.7253/0.8789/0.8977 counts=233/223/215
[INFO] saved per-epoch checkpoint: /mnt/core/MLonMCU_proj/software/ball_detection/runs/20260601-074845-smallimag_size_v3_smallhead_removed32/checkpoints/109_epoch.pt
[INFO] early stopping status: bad_epochs=3/30
[INFO] epoch 110/150 start | lr=0.000174116
[DEBUG] SimOTA train batch stats:
  images: 48
  empty_images: 8
  gt_count: 52
  candidate_count_mean/min/max: 80.85/35/315
  positives_total: 260
  positives_per_gt_mean/min/max: 5.00/5/5
  positives_stride8: 86
  positives_stride16: 174
  unmatched_gt_count: 0
  fallback_count: 0
  conflict_count: 0
  dynamic_k_mean/min/max: 5.00/5/5
  nonfinite_cost_count: 0
[DEBUG] SimOTA train batch stats:
  images: 48
  empty_images: 6
  gt_count: 48
  candidate_count_mean/min/max: 74.81/35/260
  positives_total: 231
  positives_per_gt_mean/min/max: 4.81/1/5
  positives_stride8: 81
  positives_stride16: 150
  unmatched_gt_count: 0
  fallback_count: 0
  conflict_count: 5
  dynamic_k_mean/min/max: 4.92/2/5
  nonfinite_cost_count: 0
[DEBUG] SimOTA train batch stats:
  images: 48
  empty_images: 4
  gt_count: 54
  candidate_count_mean/min/max: 68.39/49/245
  positives_total: 270
  positives_per_gt_mean/min/max: 5.00/5/5
  positives_stride8: 95
  positives_stride16: 175
  unmatched_gt_count: 0
  fallback_count: 0
  conflict_count: 0
  dynamic_k_mean/min/max: 5.00/5/5
  nonfinite_cost_count: 0
[DEBUG] SimOTA train batch stats:
  images: 48
  empty_images: 7
  gt_count: 52
  candidate_count_mean/min/max: 79.42/41/280
  positives_total: 259
  positives_per_gt_mean/min/max: 4.98/4/5
  positives_stride8: 101
  positives_stride16: 158
  unmatched_gt_count: 0
  fallback_count: 0
  conflict_count: 0
  dynamic_k_mean/min/max: 4.98/4/5
  nonfinite_cost_count: 0
[DEBUG] SimOTA val batch stats:
  images: 48
  empty_images: 3
  gt_count: 45
  candidate_count_mean/min/max: 105.00/35/157
  positives_total: 225
  positives_per_gt_mean/min/max: 5.00/5/5
  positives_stride8: 73
  positives_stride16: 152
  unmatched_gt_count: 0
  fallback_count: 0
  conflict_count: 0
  dynamic_k_mean/min/max: 5.00/5/5
  nonfinite_cost_count: 0
[INFO] epoch summary | train loss=0.7280 obj=0.0005 box=0.1455 pos=255.69 | val loss=0.9110 map50=0.9016 map5095=0.6160 P=0.9476 R=0.8361 F1=0.8884
[INFO] val extras | mean_iou=0.8588 center_err_px(mean/med/p95)=2.90/2.09/7.76 center_err_norm_diag(mean/med/p95)=0.0036/0.0026/0.0097 fp/img=0.0459 small/med/large recall=0.7253/0.8744/0.9163 counts=233/223/215
[INFO] saved per-epoch checkpoint: /mnt/core/MLonMCU_proj/software/ball_detection/runs/20260601-074845-smallimag_size_v3_smallhead_removed32/checkpoints/110_epoch.pt
[INFO] new best checkpoint at epoch 110: /mnt/core/MLonMCU_proj/software/ball_detection/runs/20260601-074845-smallimag_size_v3_smallhead_removed32/checkpoints/best.pt
[INFO] epoch 111/150 start | lr=0.000166269
[DEBUG] SimOTA train batch stats:
  images: 48
  empty_images: 6
  gt_count: 49
  candidate_count_mean/min/max: 78.63/30/241
  positives_total: 243
  positives_per_gt_mean/min/max: 4.96/4/5
  positives_stride8: 87
  positives_stride16: 156
  unmatched_gt_count: 0
  fallback_count: 0
  conflict_count: 0
  dynamic_k_mean/min/max: 4.96/4/5
  nonfinite_cost_count: 0
[DEBUG] SimOTA train batch stats:
  images: 48
  empty_images: 4
  gt_count: 55
  candidate_count_mean/min/max: 65.95/35/237
  positives_total: 272
  positives_per_gt_mean/min/max: 4.95/2/5
  positives_stride8: 117
  positives_stride16: 155
  unmatched_gt_count: 0
  fallback_count: 0
  conflict_count: 0
  dynamic_k_mean/min/max: 4.95/2/5
  nonfinite_cost_count: 0
[DEBUG] SimOTA train batch stats:
  images: 48
  empty_images: 3
  gt_count: 54
  candidate_count_mean/min/max: 76.33/45/378
  positives_total: 268
  positives_per_gt_mean/min/max: 4.96/4/5
  positives_stride8: 102
  positives_stride16: 166
  unmatched_gt_count: 0
  fallback_count: 0
  conflict_count: 0
  dynamic_k_mean/min/max: 4.96/4/5
  nonfinite_cost_count: 0
[DEBUG] SimOTA train batch stats:
  images: 48
  empty_images: 9
  gt_count: 45
  candidate_count_mean/min/max: 73.40/35/310
  positives_total: 221
  positives_per_gt_mean/min/max: 4.91/2/5
  positives_stride8: 86
  positives_stride16: 135
  unmatched_gt_count: 0
  fallback_count: 0
  conflict_count: 0
  dynamic_k_mean/min/max: 4.91/2/5
  nonfinite_cost_count: 0
[DEBUG] SimOTA val batch stats:
  images: 48
  empty_images: 6
  gt_count: 52
  candidate_count_mean/min/max: 74.69/29/259
  positives_total: 250
  positives_per_gt_mean/min/max: 4.81/0/5
  positives_stride8: 109
  positives_stride16: 141
  unmatched_gt_count: 1
  fallback_count: 0
  conflict_count: 3
  dynamic_k_mean/min/max: 4.87/3/5
  nonfinite_cost_count: 0
[INFO] epoch summary | train loss=0.7240 obj=0.0005 box=0.1447 pos=256.35 | val loss=0.9104 map50=0.8977 map5095=0.6134 P=0.9399 R=0.8390 F1=0.8866
[INFO] val extras | mean_iou=0.8572 center_err_px(mean/med/p95)=2.91/2.15/7.50 center_err_norm_diag(mean/med/p95)=0.0036/0.0027/0.0094 fp/img=0.0533 small/med/large recall=0.7253/0.8744/0.9256 counts=233/223/215
[INFO] saved per-epoch checkpoint: /mnt/core/MLonMCU_proj/software/ball_detection/runs/20260601-074845-smallimag_size_v3_smallhead_removed32/checkpoints/111_epoch.pt
[INFO] early stopping status: bad_epochs=1/30
[INFO] epoch 112/150 start | lr=0.000158569
[DEBUG] SimOTA train batch stats:
  images: 48
  empty_images: 8
  gt_count: 51
  candidate_count_mean/min/max: 76.63/32/310
  positives_total: 255
  positives_per_gt_mean/min/max: 5.00/5/5
  positives_stride8: 93
  positives_stride16: 162
  unmatched_gt_count: 0
  fallback_count: 0
  conflict_count: 0
  dynamic_k_mean/min/max: 5.00/5/5
  nonfinite_cost_count: 0
[DEBUG] SimOTA train batch stats:
  images: 48
  empty_images: 10
  gt_count: 49
  candidate_count_mean/min/max: 87.67/27/378
  positives_total: 245
  positives_per_gt_mean/min/max: 5.00/5/5
  positives_stride8: 82
  positives_stride16: 163
  unmatched_gt_count: 0
  fallback_count: 0
  conflict_count: 0
  dynamic_k_mean/min/max: 5.00/5/5
  nonfinite_cost_count: 0
[DEBUG] SimOTA train batch stats:
  images: 48
  empty_images: 7
  gt_count: 53
  candidate_count_mean/min/max: 67.25/45/192
  positives_total: 261
  positives_per_gt_mean/min/max: 4.92/3/5
  positives_stride8: 105
  positives_stride16: 156
  unmatched_gt_count: 0
  fallback_count: 0
  conflict_count: 0
  dynamic_k_mean/min/max: 4.92/3/5
  nonfinite_cost_count: 0
[DEBUG] SimOTA train batch stats:
  images: 48
  empty_images: 7
  gt_count: 45
  candidate_count_mean/min/max: 74.76/50/185
  positives_total: 225
  positives_per_gt_mean/min/max: 5.00/5/5
  positives_stride8: 81
  positives_stride16: 144
  unmatched_gt_count: 0
  fallback_count: 0
  conflict_count: 0
  dynamic_k_mean/min/max: 5.00/5/5
  nonfinite_cost_count: 0
[INFO] epoch summary | train loss=0.7160 obj=0.0005 box=0.1431 pos=256.64 | val loss=0.9066 map50=0.8951 map5095=0.6102 P=0.9386 R=0.8435 F1=0.8885
[INFO] val extras | mean_iou=0.8600 center_err_px(mean/med/p95)=2.83/2.08/7.17 center_err_norm_diag(mean/med/p95)=0.0035/0.0026/0.0090 fp/img=0.0547 small/med/large recall=0.7296/0.8834/0.9256 counts=233/223/215
[INFO] saved per-epoch checkpoint: /mnt/core/MLonMCU_proj/software/ball_detection/runs/20260601-074845-smallimag_size_v3_smallhead_removed32/checkpoints/112_epoch.pt
[INFO] early stopping status: bad_epochs=2/30
[INFO] epoch 113/150 start | lr=0.000151018
[DEBUG] SimOTA train batch stats:
  images: 48
  empty_images: 6
  gt_count: 56
  candidate_count_mean/min/max: 66.09/27/250
  positives_total: 276
  positives_per_gt_mean/min/max: 4.93/3/5
  positives_stride8: 110
  positives_stride16: 166
  unmatched_gt_count: 0
  fallback_count: 0
  conflict_count: 0
  dynamic_k_mean/min/max: 4.93/3/5
  nonfinite_cost_count: 0
[DEBUG] SimOTA train batch stats:
  images: 48
  empty_images: 10
  gt_count: 46
  candidate_count_mean/min/max: 81.76/45/427
  positives_total: 229
  positives_per_gt_mean/min/max: 4.98/4/5
  positives_stride8: 90
  positives_stride16: 139
  unmatched_gt_count: 0
  fallback_count: 0
  conflict_count: 0
  dynamic_k_mean/min/max: 4.98/4/5
  nonfinite_cost_count: 0
[DEBUG] SimOTA train batch stats:
  images: 48
  empty_images: 6
  gt_count: 55
  candidate_count_mean/min/max: 77.64/45/540
  positives_total: 273
  positives_per_gt_mean/min/max: 4.96/3/5
  positives_stride8: 114
  positives_stride16: 159
  unmatched_gt_count: 0
  fallback_count: 0
  conflict_count: 0
  dynamic_k_mean/min/max: 4.96/3/5
  nonfinite_cost_count: 0
[DEBUG] SimOTA train batch stats:
  images: 48
  empty_images: 3
  gt_count: 56
  candidate_count_mean/min/max: 79.41/45/266
  positives_total: 279
  positives_per_gt_mean/min/max: 4.98/4/5
  positives_stride8: 100
  positives_stride16: 179
  unmatched_gt_count: 0
  fallback_count: 0
  conflict_count: 0
  dynamic_k_mean/min/max: 4.98/4/5
  nonfinite_cost_count: 0
[DEBUG] SimOTA val batch stats:
  images: 48
  empty_images: 12
  gt_count: 51
  candidate_count_mean/min/max: 56.25/30/125
  positives_total: 250
  positives_per_gt_mean/min/max: 4.90/3/5
  positives_stride8: 113
  positives_stride16: 137
  unmatched_gt_count: 0
  fallback_count: 0
  conflict_count: 0
  dynamic_k_mean/min/max: 4.90/3/5
  nonfinite_cost_count: 0
[INFO] epoch summary | train loss=0.7185 obj=0.0005 box=0.1436 pos=256.71 | val loss=0.9032 map50=0.9002 map5095=0.6180 P=0.9391 R=0.8510 F1=0.8929
[INFO] val extras | mean_iou=0.8583 center_err_px(mean/med/p95)=2.84/2.04/7.58 center_err_norm_diag(mean/med/p95)=0.0036/0.0025/0.0095 fp/img=0.0547 small/med/large recall=0.7468/0.8834/0.9302 counts=233/223/215
[INFO] saved per-epoch checkpoint: /mnt/core/MLonMCU_proj/software/ball_detection/runs/20260601-074845-smallimag_size_v3_smallhead_removed32/checkpoints/113_epoch.pt
[INFO] new best checkpoint at epoch 113: /mnt/core/MLonMCU_proj/software/ball_detection/runs/20260601-074845-smallimag_size_v3_smallhead_removed32/checkpoints/best.pt
[INFO] epoch 114/150 start | lr=0.000143621
[DEBUG] SimOTA train batch stats:
  images: 48
  empty_images: 5
  gt_count: 52
  candidate_count_mean/min/max: 75.38/32/244
  positives_total: 259
  positives_per_gt_mean/min/max: 4.98/4/5
  positives_stride8: 102
  positives_stride16: 157
  unmatched_gt_count: 0
  fallback_count: 0
  conflict_count: 0
  dynamic_k_mean/min/max: 4.98/4/5
  nonfinite_cost_count: 0
[DEBUG] SimOTA train batch stats:
  images: 48
  empty_images: 7
  gt_count: 48
  candidate_count_mean/min/max: 66.54/27/155
  positives_total: 240
  positives_per_gt_mean/min/max: 5.00/5/5
  positives_stride8: 93
  positives_stride16: 147
  unmatched_gt_count: 0
  fallback_count: 0
  conflict_count: 0
  dynamic_k_mean/min/max: 5.00/5/5
  nonfinite_cost_count: 0
[DEBUG] SimOTA train batch stats:
  images: 48
  empty_images: 5
  gt_count: 51
  candidate_count_mean/min/max: 84.71/50/260
  positives_total: 255
  positives_per_gt_mean/min/max: 5.00/5/5
  positives_stride8: 98
  positives_stride16: 157
  unmatched_gt_count: 0
  fallback_count: 0
  conflict_count: 0
  dynamic_k_mean/min/max: 5.00/5/5
  nonfinite_cost_count: 0
[DEBUG] SimOTA train batch stats:
  images: 48
  empty_images: 4
  gt_count: 52
  candidate_count_mean/min/max: 92.12/30/344
  positives_total: 260
  positives_per_gt_mean/min/max: 5.00/5/5
  positives_stride8: 100
  positives_stride16: 160
  unmatched_gt_count: 0
  fallback_count: 0
  conflict_count: 0
  dynamic_k_mean/min/max: 5.00/5/5
  nonfinite_cost_count: 0
[DEBUG] SimOTA val batch stats:
  images: 48
  empty_images: 6
  gt_count: 44
  candidate_count_mean/min/max: 84.43/50/280
  positives_total: 219
  positives_per_gt_mean/min/max: 4.98/4/5
  positives_stride8: 89
  positives_stride16: 130
  unmatched_gt_count: 0
  fallback_count: 0
  conflict_count: 0
  dynamic_k_mean/min/max: 4.98/4/5
  nonfinite_cost_count: 0
[INFO] epoch summary | train loss=0.7120 obj=0.0005 box=0.1423 pos=256.63 | val loss=0.9005 map50=0.8998 map5095=0.6210 P=0.9463 R=0.8405 F1=0.8903
[INFO] val extras | mean_iou=0.8604 center_err_px(mean/med/p95)=2.79/2.04/7.46 center_err_norm_diag(mean/med/p95)=0.0035/0.0026/0.0093 fp/img=0.0473 small/med/large recall=0.7468/0.8744/0.9070 counts=233/223/215
[INFO] saved per-epoch checkpoint: /mnt/core/MLonMCU_proj/software/ball_detection/runs/20260601-074845-smallimag_size_v3_smallhead_removed32/checkpoints/114_epoch.pt
[INFO] new best checkpoint at epoch 114: /mnt/core/MLonMCU_proj/software/ball_detection/runs/20260601-074845-smallimag_size_v3_smallhead_removed32/checkpoints/best.pt
[INFO] epoch 115/150 start | lr=0.00013638
[DEBUG] SimOTA train batch stats:
  images: 48
  empty_images: 3
  gt_count: 60
  candidate_count_mean/min/max: 71.70/30/392
  positives_total: 289
  positives_per_gt_mean/min/max: 4.82/0/5
  positives_stride8: 110
  positives_stride16: 179
  unmatched_gt_count: 1
  fallback_count: 0
  conflict_count: 1
  dynamic_k_mean/min/max: 4.83/1/5
  nonfinite_cost_count: 0
[DEBUG] SimOTA train batch stats:
  images: 48
  empty_images: 9
  gt_count: 46
  candidate_count_mean/min/max: 85.43/45/427
  positives_total: 227
  positives_per_gt_mean/min/max: 4.93/2/5
  positives_stride8: 77
  positives_stride16: 150
  unmatched_gt_count: 0
  fallback_count: 0
  conflict_count: 0
  dynamic_k_mean/min/max: 4.93/2/5
  nonfinite_cost_count: 0
[DEBUG] SimOTA train batch stats:
  images: 48
  empty_images: 7
  gt_count: 57
  candidate_count_mean/min/max: 65.53/35/200
  positives_total: 278
  positives_per_gt_mean/min/max: 4.88/1/5
  positives_stride8: 105
  positives_stride16: 173
  unmatched_gt_count: 0
  fallback_count: 0
  conflict_count: 2
  dynamic_k_mean/min/max: 4.91/2/5
  nonfinite_cost_count: 0
[DEBUG] SimOTA train batch stats:
  images: 48
  empty_images: 7
  gt_count: 47
  candidate_count_mean/min/max: 80.17/45/216
  positives_total: 234
  positives_per_gt_mean/min/max: 4.98/4/5
  positives_stride8: 80
  positives_stride16: 154
  unmatched_gt_count: 0
  fallback_count: 0
  conflict_count: 0
  dynamic_k_mean/min/max: 4.98/4/5
  nonfinite_cost_count: 0
[INFO] epoch summary | train loss=0.7078 obj=0.0004 box=0.1415 pos=256.46 | val loss=0.9024 map50=0.9009 map5095=0.6267 P=0.9354 R=0.8420 F1=0.8863
[INFO] val extras | mean_iou=0.8634 center_err_px(mean/med/p95)=2.74/2.00/7.30 center_err_norm_diag(mean/med/p95)=0.0034/0.0025/0.0091 fp/img=0.0577 small/med/large recall=0.7382/0.8789/0.9163 counts=233/223/215
[INFO] saved per-epoch checkpoint: /mnt/core/MLonMCU_proj/software/ball_detection/runs/20260601-074845-smallimag_size_v3_smallhead_removed32/checkpoints/115_epoch.pt
[INFO] new best checkpoint at epoch 115: /mnt/core/MLonMCU_proj/software/ball_detection/runs/20260601-074845-smallimag_size_v3_smallhead_removed32/checkpoints/best.pt
[INFO] epoch 116/150 start | lr=0.000129299
[DEBUG] SimOTA train batch stats:
  images: 48
  empty_images: 9
  gt_count: 51
  candidate_count_mean/min/max: 80.73/45/357
  positives_total: 255
  positives_per_gt_mean/min/max: 5.00/5/5
  positives_stride8: 98
  positives_stride16: 157
  unmatched_gt_count: 0
  fallback_count: 0
  conflict_count: 0
  dynamic_k_mean/min/max: 5.00/5/5
  nonfinite_cost_count: 0
[DEBUG] SimOTA train batch stats:
  images: 48
  empty_images: 7
  gt_count: 52
  candidate_count_mean/min/max: 79.62/30/244
  positives_total: 259
  positives_per_gt_mean/min/max: 4.98/4/5
  positives_stride8: 97
  positives_stride16: 162
  unmatched_gt_count: 0
  fallback_count: 0
  conflict_count: 0
  dynamic_k_mean/min/max: 4.98/4/5
  nonfinite_cost_count: 0
[DEBUG] SimOTA train batch stats:
  images: 48
  empty_images: 5
  gt_count: 58
  candidate_count_mean/min/max: 74.84/32/265
  positives_total: 288
  positives_per_gt_mean/min/max: 4.97/4/5
  positives_stride8: 120
  positives_stride16: 168
  unmatched_gt_count: 0
  fallback_count: 0
  conflict_count: 0
  dynamic_k_mean/min/max: 4.97/4/5
  nonfinite_cost_count: 0
[DEBUG] SimOTA train batch stats:
  images: 48
  empty_images: 11
  gt_count: 46
  candidate_count_mean/min/max: 80.07/30/274
  positives_total: 229
  positives_per_gt_mean/min/max: 4.98/4/5
  positives_stride8: 80
  positives_stride16: 149
  unmatched_gt_count: 0
  fallback_count: 0
  conflict_count: 0
  dynamic_k_mean/min/max: 4.98/4/5
  nonfinite_cost_count: 0
[DEBUG] SimOTA val batch stats:
  images: 48
  empty_images: 15
  gt_count: 37
  candidate_count_mean/min/max: 92.30/35/140
  positives_total: 180
  positives_per_gt_mean/min/max: 4.86/0/5
  positives_stride8: 42
  positives_stride16: 138
  unmatched_gt_count: 1
  fallback_count: 0
  conflict_count: 5
  dynamic_k_mean/min/max: 5.00/5/5
  nonfinite_cost_count: 0
[INFO] epoch summary | train loss=0.7055 obj=0.0005 box=0.1410 pos=257.06 | val loss=0.9010 map50=0.8952 map5095=0.6275 P=0.9387 R=0.8450 F1=0.8894
[INFO] val extras | mean_iou=0.8647 center_err_px(mean/med/p95)=2.69/1.97/7.02 center_err_norm_diag(mean/med/p95)=0.0034/0.0025/0.0088 fp/img=0.0547 small/med/large recall=0.7339/0.8879/0.9209 counts=233/223/215
[INFO] saved per-epoch checkpoint: /mnt/core/MLonMCU_proj/software/ball_detection/runs/20260601-074845-smallimag_size_v3_smallhead_removed32/checkpoints/116_epoch.pt
[INFO] new best checkpoint at epoch 116: /mnt/core/MLonMCU_proj/software/ball_detection/runs/20260601-074845-smallimag_size_v3_smallhead_removed32/checkpoints/best.pt
[INFO] epoch 117/150 start | lr=0.000122381
[DEBUG] SimOTA train batch stats:
  images: 48
  empty_images: 9
  gt_count: 47
  candidate_count_mean/min/max: 78.62/45/270
  positives_total: 235
  positives_per_gt_mean/min/max: 5.00/5/5
  positives_stride8: 91
  positives_stride16: 144
  unmatched_gt_count: 0
  fallback_count: 0
  conflict_count: 0
  dynamic_k_mean/min/max: 5.00/5/5
  nonfinite_cost_count: 0
[DEBUG] SimOTA train batch stats:
  images: 48
  empty_images: 10
  gt_count: 50
  candidate_count_mean/min/max: 74.84/35/252
  positives_total: 248
  positives_per_gt_mean/min/max: 4.96/4/5
  positives_stride8: 96
  positives_stride16: 152
  unmatched_gt_count: 0
  fallback_count: 0
  conflict_count: 0
  dynamic_k_mean/min/max: 4.96/4/5
  nonfinite_cost_count: 0
[DEBUG] SimOTA train batch stats:
  images: 48
  empty_images: 9
  gt_count: 46
  candidate_count_mean/min/max: 74.54/27/336
  positives_total: 229
  positives_per_gt_mean/min/max: 4.98/4/5
  positives_stride8: 92
  positives_stride16: 137
  unmatched_gt_count: 0
  fallback_count: 0
  conflict_count: 0
  dynamic_k_mean/min/max: 4.98/4/5
  nonfinite_cost_count: 0
[DEBUG] SimOTA train batch stats:
  images: 48
  empty_images: 2
  gt_count: 60
  candidate_count_mean/min/max: 75.10/35/400
  positives_total: 294
  positives_per_gt_mean/min/max: 4.90/0/5
  positives_stride8: 114
  positives_stride16: 180
  unmatched_gt_count: 1
  fallback_count: 0
  conflict_count: 2
  dynamic_k_mean/min/max: 4.93/2/5
  nonfinite_cost_count: 0
[DEBUG] SimOTA val batch stats:
  images: 48
  empty_images: 3
  gt_count: 62
  candidate_count_mean/min/max: 101.23/45/343
  positives_total: 304
  positives_per_gt_mean/min/max: 4.90/2/5
  positives_stride8: 103
  positives_stride16: 201
  unmatched_gt_count: 0
  fallback_count: 0
  conflict_count: 0
  dynamic_k_mean/min/max: 4.90/2/5
  nonfinite_cost_count: 0
[INFO] epoch summary | train loss=0.7066 obj=0.0004 box=0.1412 pos=257.08 | val loss=0.8968 map50=0.8988 map5095=0.6269 P=0.9432 R=0.8420 F1=0.8898
[INFO] val extras | mean_iou=0.8642 center_err_px(mean/med/p95)=2.67/1.96/7.24 center_err_norm_diag(mean/med/p95)=0.0033/0.0025/0.0091 fp/img=0.0503 small/med/large recall=0.7382/0.8789/0.9163 counts=233/223/215
[INFO] saved per-epoch checkpoint: /mnt/core/MLonMCU_proj/software/ball_detection/runs/20260601-074845-smallimag_size_v3_smallhead_removed32/checkpoints/117_epoch.pt
[INFO] early stopping status: bad_epochs=1/30
[INFO] epoch 118/150 start | lr=0.000115629
[DEBUG] SimOTA train batch stats:
  images: 48
  empty_images: 6
  gt_count: 54
  candidate_count_mean/min/max: 83.72/35/373
  positives_total: 270
  positives_per_gt_mean/min/max: 5.00/5/5
  positives_stride8: 95
  positives_stride16: 175
  unmatched_gt_count: 0
  fallback_count: 0
  conflict_count: 0
  dynamic_k_mean/min/max: 5.00/5/5
  nonfinite_cost_count: 0
[DEBUG] SimOTA train batch stats:
  images: 48
  empty_images: 2
  gt_count: 57
  candidate_count_mean/min/max: 83.75/35/357
  positives_total: 281
  positives_per_gt_mean/min/max: 4.93/2/5
  positives_stride8: 116
  positives_stride16: 165
  unmatched_gt_count: 0
  fallback_count: 0
  conflict_count: 0
  dynamic_k_mean/min/max: 4.93/2/5
  nonfinite_cost_count: 0
[DEBUG] SimOTA train batch stats:
  images: 48
  empty_images: 7
  gt_count: 55
  candidate_count_mean/min/max: 68.85/32/274
  positives_total: 272
  positives_per_gt_mean/min/max: 4.95/3/5
  positives_stride8: 111
  positives_stride16: 161
  unmatched_gt_count: 0
  fallback_count: 0
  conflict_count: 0
  dynamic_k_mean/min/max: 4.95/3/5
  nonfinite_cost_count: 0
[DEBUG] SimOTA val batch stats:
  images: 48
  empty_images: 14
  gt_count: 34
  candidate_count_mean/min/max: 104.62/35/157
  positives_total: 170
  positives_per_gt_mean/min/max: 5.00/5/5
  positives_stride8: 70
  positives_stride16: 100
  unmatched_gt_count: 0
  fallback_count: 0
  conflict_count: 0
  dynamic_k_mean/min/max: 5.00/5/5
  nonfinite_cost_count: 0
[INFO] epoch summary | train loss=0.7029 obj=0.0004 box=0.1405 pos=256.47 | val loss=0.8965 map50=0.8985 map5095=0.6275 P=0.9432 R=0.8420 F1=0.8898
[INFO] val extras | mean_iou=0.8638 center_err_px(mean/med/p95)=2.71/1.96/7.32 center_err_norm_diag(mean/med/p95)=0.0034/0.0024/0.0092 fp/img=0.0503 small/med/large recall=0.7296/0.8834/0.9209 counts=233/223/215
[INFO] saved per-epoch checkpoint: /mnt/core/MLonMCU_proj/software/ball_detection/runs/20260601-074845-smallimag_size_v3_smallhead_removed32/checkpoints/118_epoch.pt
[INFO] early stopping status: bad_epochs=2/30
[INFO] epoch 119/150 start | lr=0.000109045
[DEBUG] SimOTA train batch stats:
  images: 48
  empty_images: 4
  gt_count: 52
  candidate_count_mean/min/max: 89.00/38/400
  positives_total: 254
  positives_per_gt_mean/min/max: 4.88/0/5
  positives_stride8: 92
  positives_stride16: 162
  unmatched_gt_count: 1
  fallback_count: 0
  conflict_count: 2
  dynamic_k_mean/min/max: 4.92/2/5
  nonfinite_cost_count: 0
[DEBUG] SimOTA train batch stats:
  images: 48
  empty_images: 6
  gt_count: 49
  candidate_count_mean/min/max: 86.61/45/274
  positives_total: 245
  positives_per_gt_mean/min/max: 5.00/5/5
  positives_stride8: 95
  positives_stride16: 150
  unmatched_gt_count: 0
  fallback_count: 0
  conflict_count: 0
  dynamic_k_mean/min/max: 5.00/5/5
  nonfinite_cost_count: 0
[DEBUG] SimOTA train batch stats:
  images: 48
  empty_images: 8
  gt_count: 51
  candidate_count_mean/min/max: 84.35/50/280
  positives_total: 254
  positives_per_gt_mean/min/max: 4.98/4/5
  positives_stride8: 97
  positives_stride16: 157
  unmatched_gt_count: 0
  fallback_count: 0
  conflict_count: 0
  dynamic_k_mean/min/max: 4.98/4/5
  nonfinite_cost_count: 0
[DEBUG] SimOTA train batch stats:
  images: 48
  empty_images: 6
  gt_count: 56
  candidate_count_mean/min/max: 65.82/35/260
  positives_total: 269
  positives_per_gt_mean/min/max: 4.80/1/5
  positives_stride8: 108
  positives_stride16: 161
  unmatched_gt_count: 0
  fallback_count: 0
  conflict_count: 3
  dynamic_k_mean/min/max: 4.86/2/5
  nonfinite_cost_count: 0
[DEBUG] SimOTA val batch stats:
  images: 48
  empty_images: 13
  gt_count: 35
  candidate_count_mean/min/max: 69.69/45/150
  positives_total: 164
  positives_per_gt_mean/min/max: 4.69/1/5
  positives_stride8: 61
  positives_stride16: 103
  unmatched_gt_count: 0
  fallback_count: 0
  conflict_count: 0
  dynamic_k_mean/min/max: 4.69/1/5
  nonfinite_cost_count: 0
[INFO] epoch summary | train loss=0.7048 obj=0.0004 box=0.1409 pos=256.56 | val loss=0.8998 map50=0.8950 map5095=0.6195 P=0.9385 R=0.8420 F1=0.8877
[INFO] val extras | mean_iou=0.8625 center_err_px(mean/med/p95)=2.73/1.99/7.33 center_err_norm_diag(mean/med/p95)=0.0034/0.0025/0.0092 fp/img=0.0547 small/med/large recall=0.7382/0.8834/0.9116 counts=233/223/215
[INFO] saved per-epoch checkpoint: /mnt/core/MLonMCU_proj/software/ball_detection/runs/20260601-074845-smallimag_size_v3_smallhead_removed32/checkpoints/119_epoch.pt
[INFO] early stopping status: bad_epochs=3/30
[INFO] epoch 120/150 start | lr=0.000102633
[DEBUG] SimOTA train batch stats:
  images: 48
  empty_images: 5
  gt_count: 53
  candidate_count_mean/min/max: 79.74/35/348
  positives_total: 265
  positives_per_gt_mean/min/max: 5.00/5/5
  positives_stride8: 104
  positives_stride16: 161
  unmatched_gt_count: 0
  fallback_count: 0
  conflict_count: 0
  dynamic_k_mean/min/max: 5.00/5/5
  nonfinite_cost_count: 0
[DEBUG] SimOTA train batch stats:
  images: 48
  empty_images: 8
  gt_count: 56
  candidate_count_mean/min/max: 67.14/41/260
  positives_total: 279
  positives_per_gt_mean/min/max: 4.98/4/5
  positives_stride8: 112
  positives_stride16: 167
  unmatched_gt_count: 0
  fallback_count: 0
  conflict_count: 0
  dynamic_k_mean/min/max: 4.98/4/5
  nonfinite_cost_count: 0
[DEBUG] SimOTA train batch stats:
  images: 48
  empty_images: 11
  gt_count: 48
  candidate_count_mean/min/max: 75.54/45/250
  positives_total: 236
  positives_per_gt_mean/min/max: 4.92/3/5
  positives_stride8: 94
  positives_stride16: 142
  unmatched_gt_count: 0
  fallback_count: 0
  conflict_count: 0
  dynamic_k_mean/min/max: 4.92/3/5
  nonfinite_cost_count: 0
[DEBUG] SimOTA train batch stats:
  images: 48
  empty_images: 5
  gt_count: 54
  candidate_count_mean/min/max: 86.28/30/315
  positives_total: 263
  positives_per_gt_mean/min/max: 4.87/1/5
  positives_stride8: 99
  positives_stride16: 164
  unmatched_gt_count: 0
  fallback_count: 0
  conflict_count: 0
  dynamic_k_mean/min/max: 4.87/1/5
  nonfinite_cost_count: 0
[DEBUG] SimOTA val batch stats:
  images: 4
  empty_images: 2
  gt_count: 3
  candidate_count_mean/min/max: 58.00/50/74
  positives_total: 15
  positives_per_gt_mean/min/max: 5.00/5/5
  positives_stride8: 6
  positives_stride16: 9
  unmatched_gt_count: 0
  fallback_count: 0
  conflict_count: 0
  dynamic_k_mean/min/max: 5.00/5/5
  nonfinite_cost_count: 0
[INFO] epoch summary | train loss=0.7034 obj=0.0004 box=0.1406 pos=257.27 | val loss=0.8983 map50=0.9008 map5095=0.6268 P=0.9449 R=0.8435 F1=0.8913
[INFO] val extras | mean_iou=0.8627 center_err_px(mean/med/p95)=2.72/1.93/7.35 center_err_norm_diag(mean/med/p95)=0.0034/0.0024/0.0092 fp/img=0.0488 small/med/large recall=0.7425/0.8789/0.9163 counts=233/223/215
[INFO] saved per-epoch checkpoint: /mnt/core/MLonMCU_proj/software/ball_detection/runs/20260601-074845-smallimag_size_v3_smallhead_removed32/checkpoints/120_epoch.pt
[INFO] early stopping status: bad_epochs=4/30
[INFO] epoch 121/150 start | lr=9.6396e-05
[DEBUG] SimOTA train batch stats:
  images: 48
  empty_images: 9
  gt_count: 48
  candidate_count_mean/min/max: 77.62/35/266
  positives_total: 240
  positives_per_gt_mean/min/max: 5.00/5/5
  positives_stride8: 92
  positives_stride16: 148
  unmatched_gt_count: 0
  fallback_count: 0
  conflict_count: 0
  dynamic_k_mean/min/max: 5.00/5/5
  nonfinite_cost_count: 0
[DEBUG] SimOTA train batch stats:
  images: 48
  empty_images: 11
  gt_count: 52
  candidate_count_mean/min/max: 68.33/30/344
  positives_total: 251
  positives_per_gt_mean/min/max: 4.83/1/5
  positives_stride8: 108
  positives_stride16: 143
  unmatched_gt_count: 0
  fallback_count: 0
  conflict_count: 0
  dynamic_k_mean/min/max: 4.83/1/5
  nonfinite_cost_count: 0
[DEBUG] SimOTA train batch stats:
  images: 48
  empty_images: 10
  gt_count: 48
  candidate_count_mean/min/max: 69.12/45/241
  positives_total: 234
  positives_per_gt_mean/min/max: 4.88/2/5
  positives_stride8: 101
  positives_stride16: 133
  unmatched_gt_count: 0
  fallback_count: 0
  conflict_count: 5
  dynamic_k_mean/min/max: 4.98/4/5
  nonfinite_cost_count: 0
[DEBUG] SimOTA val batch stats:
  images: 48
  empty_images: 1
  gt_count: 47
  candidate_count_mean/min/max: 93.02/49/151
  positives_total: 235
  positives_per_gt_mean/min/max: 5.00/5/5
  positives_stride8: 93
  positives_stride16: 142
  unmatched_gt_count: 0
  fallback_count: 0
  conflict_count: 0
  dynamic_k_mean/min/max: 5.00/5/5
  nonfinite_cost_count: 0
[INFO] epoch summary | train loss=0.7017 obj=0.0004 box=0.1403 pos=256.35 | val loss=0.8969 map50=0.8916 map5095=0.6182 P=0.9313 R=0.8480 F1=0.8877
[INFO] val extras | mean_iou=0.8621 center_err_px(mean/med/p95)=2.79/2.01/7.47 center_err_norm_diag(mean/med/p95)=0.0035/0.0025/0.0093 fp/img=0.0621 small/med/large recall=0.7382/0.8879/0.9256 counts=233/223/215
[INFO] saved per-epoch checkpoint: /mnt/core/MLonMCU_proj/software/ball_detection/runs/20260601-074845-smallimag_size_v3_smallhead_removed32/checkpoints/121_epoch.pt
[INFO] early stopping status: bad_epochs=5/30
[INFO] epoch 122/150 start | lr=9.0336e-05
[DEBUG] SimOTA train batch stats:
  images: 48
  empty_images: 7
  gt_count: 48
  candidate_count_mean/min/max: 77.25/41/200
  positives_total: 240
  positives_per_gt_mean/min/max: 5.00/5/5
  positives_stride8: 97
  positives_stride16: 143
  unmatched_gt_count: 0
  fallback_count: 0
  conflict_count: 0
  dynamic_k_mean/min/max: 5.00/5/5
  nonfinite_cost_count: 0
[DEBUG] SimOTA train batch stats:
  images: 48
  empty_images: 6
  gt_count: 51
  candidate_count_mean/min/max: 85.69/27/400
  positives_total: 255
  positives_per_gt_mean/min/max: 5.00/5/5
  positives_stride8: 95
  positives_stride16: 160
  unmatched_gt_count: 0
  fallback_count: 0
  conflict_count: 0
  dynamic_k_mean/min/max: 5.00/5/5
  nonfinite_cost_count: 0
[DEBUG] SimOTA train batch stats:
  images: 48
  empty_images: 6
  gt_count: 52
  candidate_count_mean/min/max: 72.71/30/260
  positives_total: 260
  positives_per_gt_mean/min/max: 5.00/5/5
  positives_stride8: 105
  positives_stride16: 155
  unmatched_gt_count: 0
  fallback_count: 0
  conflict_count: 0
  dynamic_k_mean/min/max: 5.00/5/5
  nonfinite_cost_count: 0
[DEBUG] SimOTA train batch stats:
  images: 48
  empty_images: 4
  gt_count: 56
  candidate_count_mean/min/max: 66.29/35/357
  positives_total: 280
  positives_per_gt_mean/min/max: 5.00/5/5
  positives_stride8: 108
  positives_stride16: 172
  unmatched_gt_count: 0
  fallback_count: 0
  conflict_count: 0
  dynamic_k_mean/min/max: 5.00/5/5
  nonfinite_cost_count: 0
[DEBUG] SimOTA val batch stats:
  images: 48
  empty_images: 11
  gt_count: 37
  candidate_count_mean/min/max: 58.78/45/151
  positives_total: 181
  positives_per_gt_mean/min/max: 4.89/2/5
  positives_stride8: 71
  positives_stride16: 110
  unmatched_gt_count: 0
  fallback_count: 0
  conflict_count: 0
  dynamic_k_mean/min/max: 4.89/2/5
  nonfinite_cost_count: 0
[INFO] epoch summary | train loss=0.6997 obj=0.0004 box=0.1399 pos=256.72 | val loss=0.8924 map50=0.8939 map5095=0.6218 P=0.9401 R=0.8420 F1=0.8884
[INFO] val extras | mean_iou=0.8646 center_err_px(mean/med/p95)=2.71/1.90/7.33 center_err_norm_diag(mean/med/p95)=0.0034/0.0024/0.0092 fp/img=0.0533 small/med/large recall=0.7253/0.8834/0.9256 counts=233/223/215
[INFO] saved per-epoch checkpoint: /mnt/core/MLonMCU_proj/software/ball_detection/runs/20260601-074845-smallimag_size_v3_smallhead_removed32/checkpoints/122_epoch.pt
[INFO] early stopping status: bad_epochs=6/30
[INFO] epoch 123/150 start | lr=8.44558e-05
[DEBUG] SimOTA train batch stats:
  images: 48
  empty_images: 9
  gt_count: 50
  candidate_count_mean/min/max: 77.32/35/260
  positives_total: 250
  positives_per_gt_mean/min/max: 5.00/5/5
  positives_stride8: 98
  positives_stride16: 152
  unmatched_gt_count: 0
  fallback_count: 0
  conflict_count: 0
  dynamic_k_mean/min/max: 5.00/5/5
  nonfinite_cost_count: 0
[DEBUG] SimOTA train batch stats:
  images: 48
  empty_images: 6
  gt_count: 53
  candidate_count_mean/min/max: 69.40/30/231
  positives_total: 260
  positives_per_gt_mean/min/max: 4.91/1/5
  positives_stride8: 106
  positives_stride16: 154
  unmatched_gt_count: 0
  fallback_count: 0
  conflict_count: 0
  dynamic_k_mean/min/max: 4.91/1/5
  nonfinite_cost_count: 0
[DEBUG] SimOTA train batch stats:
  images: 48
  empty_images: 5
  gt_count: 51
  candidate_count_mean/min/max: 72.20/27/244
  positives_total: 252
  positives_per_gt_mean/min/max: 4.94/2/5
  positives_stride8: 104
  positives_stride16: 148
  unmatched_gt_count: 0
  fallback_count: 0
  conflict_count: 0
  dynamic_k_mean/min/max: 4.94/2/5
  nonfinite_cost_count: 0
[DEBUG] SimOTA train batch stats:
  images: 48
  empty_images: 3
  gt_count: 52
  candidate_count_mean/min/max: 79.46/35/216
  positives_total: 259
  positives_per_gt_mean/min/max: 4.98/4/5
  positives_stride8: 98
  positives_stride16: 161
  unmatched_gt_count: 0
  fallback_count: 0
  conflict_count: 0
  dynamic_k_mean/min/max: 4.98/4/5
  nonfinite_cost_count: 0
[INFO] epoch summary | train loss=0.6924 obj=0.0004 box=0.1384 pos=256.29 | val loss=0.8900 map50=0.9022 map5095=0.6168 P=0.9465 R=0.8435 F1=0.8920
[INFO] val extras | mean_iou=0.8599 center_err_px(mean/med/p95)=2.80/2.05/7.48 center_err_norm_diag(mean/med/p95)=0.0035/0.0026/0.0093 fp/img=0.0473 small/med/large recall=0.7382/0.8744/0.9256 counts=233/223/215
[INFO] saved per-epoch checkpoint: /mnt/core/MLonMCU_proj/software/ball_detection/runs/20260601-074845-smallimag_size_v3_smallhead_removed32/checkpoints/123_epoch.pt
[INFO] early stopping status: bad_epochs=7/30
[INFO] epoch 124/150 start | lr=7.87582e-05
[DEBUG] SimOTA train batch stats:
  images: 48
  empty_images: 8
  gt_count: 50
  candidate_count_mean/min/max: 74.90/45/259
  positives_total: 250
  positives_per_gt_mean/min/max: 5.00/5/5
  positives_stride8: 103
  positives_stride16: 147
  unmatched_gt_count: 0
  fallback_count: 0
  conflict_count: 0
  dynamic_k_mean/min/max: 5.00/5/5
  nonfinite_cost_count: 0
[DEBUG] SimOTA train batch stats:
  images: 48
  empty_images: 7
  gt_count: 54
  candidate_count_mean/min/max: 70.46/30/265
  positives_total: 260
  positives_per_gt_mean/min/max: 4.81/0/5
  positives_stride8: 105
  positives_stride16: 155
  unmatched_gt_count: 1
  fallback_count: 0
  conflict_count: 2
  dynamic_k_mean/min/max: 4.85/1/5
  nonfinite_cost_count: 0
[DEBUG] SimOTA train batch stats:
  images: 48
  empty_images: 5
  gt_count: 54
  candidate_count_mean/min/max: 83.11/27/378
  positives_total: 265
  positives_per_gt_mean/min/max: 4.91/2/5
  positives_stride8: 111
  positives_stride16: 154
  unmatched_gt_count: 0
  fallback_count: 0
  conflict_count: 0
  dynamic_k_mean/min/max: 4.91/2/5
  nonfinite_cost_count: 0
[DEBUG] SimOTA train batch stats:
  images: 48
  empty_images: 7
  gt_count: 51
  candidate_count_mean/min/max: 76.51/30/265
  positives_total: 255
  positives_per_gt_mean/min/max: 5.00/5/5
  positives_stride8: 108
  positives_stride16: 147
  unmatched_gt_count: 0
  fallback_count: 0
  conflict_count: 0
  dynamic_k_mean/min/max: 5.00/5/5
  nonfinite_cost_count: 0
[DEBUG] SimOTA val batch stats:
  images: 48
  empty_images: 3
  gt_count: 75
  candidate_count_mean/min/max: 56.43/30/146
  positives_total: 364
  positives_per_gt_mean/min/max: 4.85/4/5
  positives_stride8: 151
  positives_stride16: 213
  unmatched_gt_count: 0
  fallback_count: 0
  conflict_count: 0
  dynamic_k_mean/min/max: 4.85/4/5
  nonfinite_cost_count: 0
[INFO] epoch summary | train loss=0.6974 obj=0.0004 box=0.1394 pos=255.81 | val loss=0.8894 map50=0.8932 map5095=0.6203 P=0.9430 R=0.8390 F1=0.8880
[INFO] val extras | mean_iou=0.8633 center_err_px(mean/med/p95)=2.74/1.99/7.45 center_err_norm_diag(mean/med/p95)=0.0034/0.0025/0.0093 fp/img=0.0503 small/med/large recall=0.7253/0.8789/0.9209 counts=233/223/215
[INFO] saved per-epoch checkpoint: /mnt/core/MLonMCU_proj/software/ball_detection/runs/20260601-074845-smallimag_size_v3_smallhead_removed32/checkpoints/124_epoch.pt
[INFO] early stopping status: bad_epochs=8/30
[INFO] epoch 125/150 start | lr=7.32456e-05
[DEBUG] SimOTA train batch stats:
  images: 48
  empty_images: 12
  gt_count: 50
  candidate_count_mean/min/max: 82.54/30/315
  positives_total: 250
  positives_per_gt_mean/min/max: 5.00/5/5
  positives_stride8: 93
  positives_stride16: 157
  unmatched_gt_count: 0
  fallback_count: 0
  conflict_count: 0
  dynamic_k_mean/min/max: 5.00/5/5
  nonfinite_cost_count: 0
[DEBUG] SimOTA train batch stats:
  images: 48
  empty_images: 6
  gt_count: 53
  candidate_count_mean/min/max: 73.34/35/392
  positives_total: 259
  positives_per_gt_mean/min/max: 4.89/0/5
  positives_stride8: 114
  positives_stride16: 145
  unmatched_gt_count: 1
  fallback_count: 0
  conflict_count: 2
  dynamic_k_mean/min/max: 4.92/2/5
  nonfinite_cost_count: 0
[DEBUG] SimOTA train batch stats:
  images: 48
  empty_images: 7
  gt_count: 50
  candidate_count_mean/min/max: 71.52/30/244
  positives_total: 244
  positives_per_gt_mean/min/max: 4.88/0/5
  positives_stride8: 98
  positives_stride16: 146
  unmatched_gt_count: 1
  fallback_count: 0
  conflict_count: 2
  dynamic_k_mean/min/max: 4.92/2/5
  nonfinite_cost_count: 0
[DEBUG] SimOTA train batch stats:
  images: 48
  empty_images: 8
  gt_count: 52
  candidate_count_mean/min/max: 71.98/27/252
  positives_total: 259
  positives_per_gt_mean/min/max: 4.98/4/5
  positives_stride8: 112
  positives_stride16: 147
  unmatched_gt_count: 0
  fallback_count: 0
  conflict_count: 0
  dynamic_k_mean/min/max: 4.98/4/5
  nonfinite_cost_count: 0
[DEBUG] SimOTA val batch stats:
  images: 48
  empty_images: 4
  gt_count: 48
  candidate_count_mean/min/max: 61.46/32/151
  positives_total: 223
  positives_per_gt_mean/min/max: 4.65/2/5
  positives_stride8: 107
  positives_stride16: 116
  unmatched_gt_count: 0
  fallback_count: 0
  conflict_count: 0
  dynamic_k_mean/min/max: 4.65/2/5
  nonfinite_cost_count: 0
[INFO] epoch summary | train loss=0.6912 obj=0.0004 box=0.1382 pos=256.44 | val loss=0.8862 map50=0.9021 map5095=0.6248 P=0.9403 R=0.8450 F1=0.8901
[INFO] val extras | mean_iou=0.8640 center_err_px(mean/med/p95)=2.71/1.94/7.28 center_err_norm_diag(mean/med/p95)=0.0034/0.0024/0.0091 fp/img=0.0533 small/med/large recall=0.7382/0.8789/0.9256 counts=233/223/215
[INFO] saved per-epoch checkpoint: /mnt/core/MLonMCU_proj/software/ball_detection/runs/20260601-074845-smallimag_size_v3_smallhead_removed32/checkpoints/125_epoch.pt
[INFO] early stopping status: bad_epochs=9/30
[INFO] epoch 126/150 start | lr=6.79203e-05
[DEBUG] SimOTA train batch stats:
  images: 48
  empty_images: 6
  gt_count: 46
  candidate_count_mean/min/max: 82.50/50/216
  positives_total: 228
  positives_per_gt_mean/min/max: 4.96/3/5
  positives_stride8: 84
  positives_stride16: 144
  unmatched_gt_count: 0
  fallback_count: 0
  conflict_count: 0
  dynamic_k_mean/min/max: 4.96/3/5
  nonfinite_cost_count: 0
[DEBUG] SimOTA train batch stats:
  images: 48
  empty_images: 2
  gt_count: 58
  candidate_count_mean/min/max: 75.60/30/546
  positives_total: 286
  positives_per_gt_mean/min/max: 4.93/1/5
  positives_stride8: 127
  positives_stride16: 159
  unmatched_gt_count: 0
  fallback_count: 0
  conflict_count: 0
  dynamic_k_mean/min/max: 4.93/1/5
  nonfinite_cost_count: 0
[DEBUG] SimOTA train batch stats:
  images: 48
  empty_images: 9
  gt_count: 46
  candidate_count_mean/min/max: 75.76/49/265
  positives_total: 228
  positives_per_gt_mean/min/max: 4.96/4/5
  positives_stride8: 98
  positives_stride16: 130
  unmatched_gt_count: 0
  fallback_count: 0
  conflict_count: 0
  dynamic_k_mean/min/max: 4.96/4/5
  nonfinite_cost_count: 0
[DEBUG] SimOTA train batch stats:
  images: 48
  empty_images: 3
  gt_count: 56
  candidate_count_mean/min/max: 75.07/30/400
  positives_total: 280
  positives_per_gt_mean/min/max: 5.00/5/5
  positives_stride8: 110
  positives_stride16: 170
  unmatched_gt_count: 0
  fallback_count: 0
  conflict_count: 0
  dynamic_k_mean/min/max: 5.00/5/5
  nonfinite_cost_count: 0
[INFO] epoch summary | train loss=0.6946 obj=0.0004 box=0.1388 pos=255.78 | val loss=0.8885 map50=0.9057 map5095=0.6355 P=0.9464 R=0.8420 F1=0.8912
[INFO] val extras | mean_iou=0.8658 center_err_px(mean/med/p95)=2.68/1.89/7.38 center_err_norm_diag(mean/med/p95)=0.0033/0.0024/0.0092 fp/img=0.0473 small/med/large recall=0.7296/0.8744/0.9302 counts=233/223/215
[INFO] saved per-epoch checkpoint: /mnt/core/MLonMCU_proj/software/ball_detection/runs/20260601-074845-smallimag_size_v3_smallhead_removed32/checkpoints/126_epoch.pt
[INFO] new best checkpoint at epoch 126: /mnt/core/MLonMCU_proj/software/ball_detection/runs/20260601-074845-smallimag_size_v3_smallhead_removed32/checkpoints/best.pt
[INFO] epoch 127/150 start | lr=6.27848e-05
[DEBUG] SimOTA train batch stats:
  images: 48
  empty_images: 7
  gt_count: 55
  candidate_count_mean/min/max: 76.22/45/265
  positives_total: 270
  positives_per_gt_mean/min/max: 4.91/0/5
  positives_stride8: 115
  positives_stride16: 155
  unmatched_gt_count: 1
  fallback_count: 0
  conflict_count: 2
  dynamic_k_mean/min/max: 4.95/2/5
  nonfinite_cost_count: 0
[DEBUG] SimOTA train batch stats:
  images: 48
  empty_images: 5
  gt_count: 51
  candidate_count_mean/min/max: 70.27/35/215
  positives_total: 249
  positives_per_gt_mean/min/max: 4.88/2/5
  positives_stride8: 102
  positives_stride16: 147
  unmatched_gt_count: 0
  fallback_count: 0
  conflict_count: 0
  dynamic_k_mean/min/max: 4.88/2/5
  nonfinite_cost_count: 0
[DEBUG] SimOTA train batch stats:
  images: 48
  empty_images: 9
  gt_count: 49
  candidate_count_mean/min/max: 65.63/35/151
  positives_total: 244
  positives_per_gt_mean/min/max: 4.98/4/5
  positives_stride8: 106
  positives_stride16: 138
  unmatched_gt_count: 0
  fallback_count: 0
  conflict_count: 0
  dynamic_k_mean/min/max: 4.98/4/5
  nonfinite_cost_count: 0
[DEBUG] SimOTA train batch stats:
  images: 48
  empty_images: 7
  gt_count: 55
  candidate_count_mean/min/max: 87.13/30/348
  positives_total: 270
  positives_per_gt_mean/min/max: 4.91/1/5
  positives_stride8: 102
  positives_stride16: 168
  unmatched_gt_count: 0
  fallback_count: 0
  conflict_count: 0
  dynamic_k_mean/min/max: 4.91/1/5
  nonfinite_cost_count: 0
[DEBUG] SimOTA val batch stats:
  images: 48
  empty_images: 9
  gt_count: 43
  candidate_count_mean/min/max: 49.35/25/62
  positives_total: 213
  positives_per_gt_mean/min/max: 4.95/4/5
  positives_stride8: 87
  positives_stride16: 126
  unmatched_gt_count: 0
  fallback_count: 0
  conflict_count: 0
  dynamic_k_mean/min/max: 4.95/4/5
  nonfinite_cost_count: 0
[INFO] epoch summary | train loss=0.6900 obj=0.0004 box=0.1379 pos=256.88 | val loss=0.8857 map50=0.9001 map5095=0.6275 P=0.9449 R=0.8435 F1=0.8913
[INFO] val extras | mean_iou=0.8647 center_err_px(mean/med/p95)=2.72/1.89/7.51 center_err_norm_diag(mean/med/p95)=0.0034/0.0024/0.0094 fp/img=0.0488 small/med/large recall=0.7253/0.8834/0.9302 counts=233/223/215
[INFO] saved per-epoch checkpoint: /mnt/core/MLonMCU_proj/software/ball_detection/runs/20260601-074845-smallimag_size_v3_smallhead_removed32/checkpoints/127_epoch.pt
[INFO] early stopping status: bad_epochs=1/30
[INFO] epoch 128/150 start | lr=5.78413e-05
[DEBUG] SimOTA train batch stats:
  images: 48
  empty_images: 8
  gt_count: 47
  candidate_count_mean/min/max: 66.74/30/357
  positives_total: 231
  positives_per_gt_mean/min/max: 4.91/3/5
  positives_stride8: 104
  positives_stride16: 127
  unmatched_gt_count: 0
  fallback_count: 0
  conflict_count: 0
  dynamic_k_mean/min/max: 4.91/3/5
  nonfinite_cost_count: 0
[DEBUG] SimOTA train batch stats:
  images: 48
  empty_images: 8
  gt_count: 54
  candidate_count_mean/min/max: 76.93/38/350
  positives_total: 262
  positives_per_gt_mean/min/max: 4.85/1/5
  positives_stride8: 103
  positives_stride16: 159
  unmatched_gt_count: 0
  fallback_count: 0
  conflict_count: 2
  dynamic_k_mean/min/max: 4.89/2/5
  nonfinite_cost_count: 0
[DEBUG] SimOTA train batch stats:
  images: 48
  empty_images: 6
  gt_count: 53
  candidate_count_mean/min/max: 76.23/35/260
  positives_total: 264
  positives_per_gt_mean/min/max: 4.98/4/5
  positives_stride8: 116
  positives_stride16: 148
  unmatched_gt_count: 0
  fallback_count: 0
  conflict_count: 1
  dynamic_k_mean/min/max: 5.00/5/5
  nonfinite_cost_count: 0
[DEBUG] SimOTA train batch stats:
  images: 48
  empty_images: 11
  gt_count: 46
  candidate_count_mean/min/max: 64.15/35/245
  positives_total: 226
  positives_per_gt_mean/min/max: 4.91/1/5
  positives_stride8: 96
  positives_stride16: 130
  unmatched_gt_count: 0
  fallback_count: 0
  conflict_count: 0
  dynamic_k_mean/min/max: 4.91/1/5
  nonfinite_cost_count: 0
[DEBUG] SimOTA val batch stats:
  images: 48
  empty_images: 4
  gt_count: 58
  candidate_count_mean/min/max: 80.17/44/289
  positives_total: 287
  positives_per_gt_mean/min/max: 4.95/3/5
  positives_stride8: 115
  positives_stride16: 172
  unmatched_gt_count: 0
  fallback_count: 0
  conflict_count: 0
  dynamic_k_mean/min/max: 4.95/3/5
  nonfinite_cost_count: 0
[INFO] epoch summary | train loss=0.6916 obj=0.0004 box=0.1382 pos=255.03 | val loss=0.8880 map50=0.8979 map5095=0.6313 P=0.9386 R=0.8435 F1=0.8885
[INFO] val extras | mean_iou=0.8655 center_err_px(mean/med/p95)=2.73/1.93/7.41 center_err_norm_diag(mean/med/p95)=0.0034/0.0024/0.0093 fp/img=0.0547 small/med/large recall=0.7167/0.8879/0.9349 counts=233/223/215
[INFO] saved per-epoch checkpoint: /mnt/core/MLonMCU_proj/software/ball_detection/runs/20260601-074845-smallimag_size_v3_smallhead_removed32/checkpoints/128_epoch.pt
[INFO] early stopping status: bad_epochs=2/30
[INFO] epoch 129/150 start | lr=5.3092e-05
[DEBUG] SimOTA train batch stats:
  images: 48
  empty_images: 6
  gt_count: 55
  candidate_count_mean/min/max: 75.98/45/310
  positives_total: 269
  positives_per_gt_mean/min/max: 4.89/1/5
  positives_stride8: 112
  positives_stride16: 157
  unmatched_gt_count: 0
  fallback_count: 0
  conflict_count: 5
  dynamic_k_mean/min/max: 4.98/4/5
  nonfinite_cost_count: 0
[DEBUG] SimOTA train batch stats:
  images: 48
  empty_images: 9
  gt_count: 51
  candidate_count_mean/min/max: 80.41/30/546
  positives_total: 246
  positives_per_gt_mean/min/max: 4.82/1/5
  positives_stride8: 102
  positives_stride16: 144
  unmatched_gt_count: 0
  fallback_count: 0
  conflict_count: 0
  dynamic_k_mean/min/max: 4.82/1/5
  nonfinite_cost_count: 0
[DEBUG] SimOTA train batch stats:
  images: 48
  empty_images: 8
  gt_count: 55
  candidate_count_mean/min/max: 71.00/35/244
  positives_total: 260
  positives_per_gt_mean/min/max: 4.73/0/5
  positives_stride8: 111
  positives_stride16: 149
  unmatched_gt_count: 1
  fallback_count: 0
  conflict_count: 15
  dynamic_k_mean/min/max: 5.00/5/5
  nonfinite_cost_count: 0
[DEBUG] SimOTA train batch stats:
  images: 48
  empty_images: 6
  gt_count: 49
  candidate_count_mean/min/max: 80.39/45/280
  positives_total: 242
  positives_per_gt_mean/min/max: 4.94/2/5
  positives_stride8: 89
  positives_stride16: 153
  unmatched_gt_count: 0
  fallback_count: 0
  conflict_count: 1
  dynamic_k_mean/min/max: 4.96/3/5
  nonfinite_cost_count: 0
[INFO] epoch summary | train loss=0.6907 obj=0.0004 box=0.1381 pos=256.45 | val loss=0.8863 map50=0.8987 map5095=0.6292 P=0.9417 R=0.8420 F1=0.8891
[INFO] val extras | mean_iou=0.8653 center_err_px(mean/med/p95)=2.72/1.91/7.47 center_err_norm_diag(mean/med/p95)=0.0034/0.0024/0.0093 fp/img=0.0518 small/med/large recall=0.7210/0.8834/0.9302 counts=233/223/215
[INFO] saved per-epoch checkpoint: /mnt/core/MLonMCU_proj/software/ball_detection/runs/20260601-074845-smallimag_size_v3_smallhead_removed32/checkpoints/129_epoch.pt
[INFO] early stopping status: bad_epochs=3/30
[INFO] epoch 130/150 start | lr=4.85389e-05
[DEBUG] SimOTA train batch stats:
  images: 48
  empty_images: 7
  gt_count: 48
  candidate_count_mean/min/max: 72.65/27/243
  positives_total: 239
  positives_per_gt_mean/min/max: 4.98/4/5
  positives_stride8: 99
  positives_stride16: 140
  unmatched_gt_count: 0
  fallback_count: 0
  conflict_count: 0
  dynamic_k_mean/min/max: 4.98/4/5
  nonfinite_cost_count: 0
[DEBUG] SimOTA train batch stats:
  images: 48
  empty_images: 8
  gt_count: 47
  candidate_count_mean/min/max: 71.23/30/336
  positives_total: 231
  positives_per_gt_mean/min/max: 4.91/1/5
  positives_stride8: 114
  positives_stride16: 117
  unmatched_gt_count: 0
  fallback_count: 0
  conflict_count: 0
  dynamic_k_mean/min/max: 4.91/1/5
  nonfinite_cost_count: 0
[DEBUG] SimOTA train batch stats:
  images: 48
  empty_images: 8
  gt_count: 49
  candidate_count_mean/min/max: 72.63/45/180
  positives_total: 245
  positives_per_gt_mean/min/max: 5.00/5/5
  positives_stride8: 101
  positives_stride16: 144
  unmatched_gt_count: 0
  fallback_count: 0
  conflict_count: 0
  dynamic_k_mean/min/max: 5.00/5/5
  nonfinite_cost_count: 0
[DEBUG] SimOTA train batch stats:
  images: 48
  empty_images: 5
  gt_count: 49
  candidate_count_mean/min/max: 70.51/35/218
  positives_total: 242
  positives_per_gt_mean/min/max: 4.94/4/5
  positives_stride8: 104
  positives_stride16: 138
  unmatched_gt_count: 0
  fallback_count: 0
  conflict_count: 0
  dynamic_k_mean/min/max: 4.94/4/5
  nonfinite_cost_count: 0
[DEBUG] SimOTA val batch stats:
  images: 48
  empty_images: 3
  gt_count: 45
  candidate_count_mean/min/max: 105.00/35/157
  positives_total: 225
  positives_per_gt_mean/min/max: 5.00/5/5
  positives_stride8: 98
  positives_stride16: 127
  unmatched_gt_count: 0
  fallback_count: 0
  conflict_count: 0
  dynamic_k_mean/min/max: 5.00/5/5
  nonfinite_cost_count: 0
[INFO] epoch summary | train loss=0.6887 obj=0.0004 box=0.1377 pos=256.33 | val loss=0.8870 map50=0.9004 map5095=0.6306 P=0.9450 R=0.8450 F1=0.8922
[INFO] val extras | mean_iou=0.8637 center_err_px(mean/med/p95)=2.71/1.87/7.33 center_err_norm_diag(mean/med/p95)=0.0034/0.0023/0.0092 fp/img=0.0488 small/med/large recall=0.7339/0.8834/0.9256 counts=233/223/215
[INFO] saved per-epoch checkpoint: /mnt/core/MLonMCU_proj/software/ball_detection/runs/20260601-074845-smallimag_size_v3_smallhead_removed32/checkpoints/130_epoch.pt
[INFO] early stopping status: bad_epochs=4/30
[INFO] epoch 131/150 start | lr=4.4184e-05
[DEBUG] SimOTA train batch stats:
  images: 48
  empty_images: 5
  gt_count: 54
  candidate_count_mean/min/max: 72.02/30/373
  positives_total: 259
  positives_per_gt_mean/min/max: 4.80/1/5
  positives_stride8: 100
  positives_stride16: 159
  unmatched_gt_count: 0
  fallback_count: 0
  conflict_count: 1
  dynamic_k_mean/min/max: 4.81/1/5
  nonfinite_cost_count: 0
[DEBUG] SimOTA train batch stats:
  images: 48
  empty_images: 7
  gt_count: 52
  candidate_count_mean/min/max: 79.00/35/270
  positives_total: 260
  positives_per_gt_mean/min/max: 5.00/5/5
  positives_stride8: 99
  positives_stride16: 161
  unmatched_gt_count: 0
  fallback_count: 0
  conflict_count: 0
  dynamic_k_mean/min/max: 5.00/5/5
  nonfinite_cost_count: 0
[DEBUG] SimOTA train batch stats:
  images: 48
  empty_images: 15
  gt_count: 38
  candidate_count_mean/min/max: 73.95/35/180
  positives_total: 189
  positives_per_gt_mean/min/max: 4.97/4/5
  positives_stride8: 76
  positives_stride16: 113
  unmatched_gt_count: 0
  fallback_count: 0
  conflict_count: 0
  dynamic_k_mean/min/max: 4.97/4/5
  nonfinite_cost_count: 0
[DEBUG] SimOTA train batch stats:
  images: 48
  empty_images: 7
  gt_count: 45
  candidate_count_mean/min/max: 92.04/30/378
  positives_total: 221
  positives_per_gt_mean/min/max: 4.91/1/5
  positives_stride8: 81
  positives_stride16: 140
  unmatched_gt_count: 0
  fallback_count: 0
  conflict_count: 0
  dynamic_k_mean/min/max: 4.91/1/5
  nonfinite_cost_count: 0
[DEBUG] SimOTA val batch stats:
  images: 48
  empty_images: 6
  gt_count: 52
  candidate_count_mean/min/max: 74.69/29/259
  positives_total: 248
  positives_per_gt_mean/min/max: 4.77/0/5
  positives_stride8: 111
  positives_stride16: 137
  unmatched_gt_count: 1
  fallback_count: 0
  conflict_count: 5
  dynamic_k_mean/min/max: 4.87/3/5
  nonfinite_cost_count: 0
[INFO] epoch summary | train loss=0.6888 obj=0.0004 box=0.1377 pos=256.35 | val loss=0.8852 map50=0.8982 map5095=0.6311 P=0.9447 R=0.8405 F1=0.8896
[INFO] val extras | mean_iou=0.8667 center_err_px(mean/med/p95)=2.63/1.87/7.19 center_err_norm_diag(mean/med/p95)=0.0033/0.0023/0.0090 fp/img=0.0488 small/med/large recall=0.7296/0.8700/0.9302 counts=233/223/215
[INFO] saved per-epoch checkpoint: /mnt/core/MLonMCU_proj/software/ball_detection/runs/20260601-074845-smallimag_size_v3_smallhead_removed32/checkpoints/131_epoch.pt
[INFO] early stopping status: bad_epochs=5/30
[INFO] epoch 132/150 start | lr=4.00294e-05
[DEBUG] SimOTA train batch stats:
  images: 48
  empty_images: 5
  gt_count: 55
  candidate_count_mean/min/max: 68.00/32/392
  positives_total: 273
  positives_per_gt_mean/min/max: 4.96/3/5
  positives_stride8: 120
  positives_stride16: 153
  unmatched_gt_count: 0
  fallback_count: 0
  conflict_count: 0
  dynamic_k_mean/min/max: 4.96/3/5
  nonfinite_cost_count: 0
[DEBUG] SimOTA train batch stats:
  images: 48
  empty_images: 8
  gt_count: 48
  candidate_count_mean/min/max: 73.58/35/218
  positives_total: 237
  positives_per_gt_mean/min/max: 4.94/2/5
  positives_stride8: 101
  positives_stride16: 136
  unmatched_gt_count: 0
  fallback_count: 0
  conflict_count: 0
  dynamic_k_mean/min/max: 4.94/2/5
  nonfinite_cost_count: 0
[DEBUG] SimOTA train batch stats:
  images: 48
  empty_images: 8
  gt_count: 46
  candidate_count_mean/min/max: 91.78/35/546
  positives_total: 229
  positives_per_gt_mean/min/max: 4.98/4/5
  positives_stride8: 79
  positives_stride16: 150
  unmatched_gt_count: 0
  fallback_count: 0
  conflict_count: 0
  dynamic_k_mean/min/max: 4.98/4/5
  nonfinite_cost_count: 0
[DEBUG] SimOTA train batch stats:
  images: 48
  empty_images: 4
  gt_count: 52
  candidate_count_mean/min/max: 73.71/35/192
  positives_total: 259
  positives_per_gt_mean/min/max: 4.98/4/5
  positives_stride8: 112
  positives_stride16: 147
  unmatched_gt_count: 0
  fallback_count: 0
  conflict_count: 0
  dynamic_k_mean/min/max: 4.98/4/5
  nonfinite_cost_count: 0
[INFO] epoch summary | train loss=0.6844 obj=0.0004 box=0.1368 pos=256.90 | val loss=0.8838 map50=0.9008 map5095=0.6339 P=0.9434 R=0.8450 F1=0.8915
[INFO] val extras | mean_iou=0.8667 center_err_px(mean/med/p95)=2.64/1.87/7.07 center_err_norm_diag(mean/med/p95)=0.0033/0.0023/0.0088 fp/img=0.0503 small/med/large recall=0.7382/0.8700/0.9349 counts=233/223/215
[INFO] saved per-epoch checkpoint: /mnt/core/MLonMCU_proj/software/ball_detection/runs/20260601-074845-smallimag_size_v3_smallhead_removed32/checkpoints/132_epoch.pt
[INFO] early stopping status: bad_epochs=6/30
[INFO] epoch 133/150 start | lr=3.60766e-05
[DEBUG] SimOTA train batch stats:
  images: 48
  empty_images: 5
  gt_count: 55
  candidate_count_mean/min/max: 71.36/30/244
  positives_total: 272
  positives_per_gt_mean/min/max: 4.95/3/5
  positives_stride8: 114
  positives_stride16: 158
  unmatched_gt_count: 0
  fallback_count: 0
  conflict_count: 1
  dynamic_k_mean/min/max: 4.96/3/5
  nonfinite_cost_count: 0
[DEBUG] SimOTA train batch stats:
  images: 48
  empty_images: 5
  gt_count: 53
  candidate_count_mean/min/max: 73.38/41/243
  positives_total: 265
  positives_per_gt_mean/min/max: 5.00/5/5
  positives_stride8: 109
  positives_stride16: 156
  unmatched_gt_count: 0
  fallback_count: 0
  conflict_count: 0
  dynamic_k_mean/min/max: 5.00/5/5
  nonfinite_cost_count: 0
[DEBUG] SimOTA train batch stats:
  images: 48
  empty_images: 8
  gt_count: 50
  candidate_count_mean/min/max: 64.34/27/213
  positives_total: 242
  positives_per_gt_mean/min/max: 4.84/0/5
  positives_stride8: 106
  positives_stride16: 136
  unmatched_gt_count: 1
  fallback_count: 0
  conflict_count: 2
  dynamic_k_mean/min/max: 4.88/2/5
  nonfinite_cost_count: 0
[DEBUG] SimOTA train batch stats:
  images: 48
  empty_images: 4
  gt_count: 55
  candidate_count_mean/min/max: 71.76/30/230
  positives_total: 268
  positives_per_gt_mean/min/max: 4.87/0/5
  positives_stride8: 111
  positives_stride16: 157
  unmatched_gt_count: 1
  fallback_count: 0
  conflict_count: 6
  dynamic_k_mean/min/max: 4.98/4/5
  nonfinite_cost_count: 0
[DEBUG] SimOTA val batch stats:
  images: 48
  empty_images: 12
  gt_count: 51
  candidate_count_mean/min/max: 56.25/30/125
  positives_total: 249
  positives_per_gt_mean/min/max: 4.88/3/5
  positives_stride8: 121
  positives_stride16: 128
  unmatched_gt_count: 0
  fallback_count: 0
  conflict_count: 0
  dynamic_k_mean/min/max: 4.88/3/5
  nonfinite_cost_count: 0
[INFO] epoch summary | train loss=0.6841 obj=0.0004 box=0.1367 pos=257.23 | val loss=0.8837 map50=0.9055 map5095=0.6359 P=0.9478 R=0.8390 F1=0.8901
[INFO] val extras | mean_iou=0.8666 center_err_px(mean/med/p95)=2.63/1.89/7.19 center_err_norm_diag(mean/med/p95)=0.0033/0.0024/0.0090 fp/img=0.0459 small/med/large recall=0.7296/0.8744/0.9209 counts=233/223/215
[INFO] saved per-epoch checkpoint: /mnt/core/MLonMCU_proj/software/ball_detection/runs/20260601-074845-smallimag_size_v3_smallhead_removed32/checkpoints/133_epoch.pt
[INFO] new best checkpoint at epoch 133: /mnt/core/MLonMCU_proj/software/ball_detection/runs/20260601-074845-smallimag_size_v3_smallhead_removed32/checkpoints/best.pt
[INFO] epoch 134/150 start | lr=3.23276e-05
[DEBUG] SimOTA train batch stats:
  images: 48
  empty_images: 5
  gt_count: 49
  candidate_count_mean/min/max: 81.43/35/336
  positives_total: 243
  positives_per_gt_mean/min/max: 4.96/4/5
  positives_stride8: 94
  positives_stride16: 149
  unmatched_gt_count: 0
  fallback_count: 0
  conflict_count: 0
  dynamic_k_mean/min/max: 4.96/4/5
  nonfinite_cost_count: 0
[DEBUG] SimOTA train batch stats:
  images: 48
  empty_images: 8
  gt_count: 50
  candidate_count_mean/min/max: 66.54/27/213
  positives_total: 249
  positives_per_gt_mean/min/max: 4.98/4/5
  positives_stride8: 100
  positives_stride16: 149
  unmatched_gt_count: 0
  fallback_count: 0
  conflict_count: 0
  dynamic_k_mean/min/max: 4.98/4/5
  nonfinite_cost_count: 0
[DEBUG] SimOTA train batch stats:
  images: 48
  empty_images: 2
  gt_count: 57
  candidate_count_mean/min/max: 72.19/35/200
  positives_total: 283
  positives_per_gt_mean/min/max: 4.96/4/5
  positives_stride8: 116
  positives_stride16: 167
  unmatched_gt_count: 0
  fallback_count: 0
  conflict_count: 0
  dynamic_k_mean/min/max: 4.96/4/5
  nonfinite_cost_count: 0
[DEBUG] SimOTA train batch stats:
  images: 48
  empty_images: 5
  gt_count: 57
  candidate_count_mean/min/max: 67.95/45/237
  positives_total: 283
  positives_per_gt_mean/min/max: 4.96/4/5
  positives_stride8: 116
  positives_stride16: 167
  unmatched_gt_count: 0
  fallback_count: 0
  conflict_count: 0
  dynamic_k_mean/min/max: 4.96/4/5
  nonfinite_cost_count: 0
[DEBUG] SimOTA val batch stats:
  images: 48
  empty_images: 6
  gt_count: 44
  candidate_count_mean/min/max: 84.43/50/280
  positives_total: 219
  positives_per_gt_mean/min/max: 4.98/4/5
  positives_stride8: 94
  positives_stride16: 125
  unmatched_gt_count: 0
  fallback_count: 0
  conflict_count: 0
  dynamic_k_mean/min/max: 4.98/4/5
  nonfinite_cost_count: 0
[INFO] epoch summary | train loss=0.6863 obj=0.0004 box=0.1372 pos=256.51 | val loss=0.8805 map50=0.8983 map5095=0.6343 P=0.9433 R=0.8435 F1=0.8906
[INFO] val extras | mean_iou=0.8669 center_err_px(mean/med/p95)=2.66/1.86/7.37 center_err_norm_diag(mean/med/p95)=0.0033/0.0023/0.0092 fp/img=0.0503 small/med/large recall=0.7253/0.8834/0.9302 counts=233/223/215
[INFO] saved per-epoch checkpoint: /mnt/core/MLonMCU_proj/software/ball_detection/runs/20260601-074845-smallimag_size_v3_smallhead_removed32/checkpoints/134_epoch.pt
[INFO] early stopping status: bad_epochs=1/30
[INFO] epoch 135/150 start | lr=2.8784e-05
[DEBUG] SimOTA train batch stats:
  images: 48
  empty_images: 4
  gt_count: 54
  candidate_count_mean/min/max: 76.06/45/320
  positives_total: 270
  positives_per_gt_mean/min/max: 5.00/5/5
  positives_stride8: 103
  positives_stride16: 167
  unmatched_gt_count: 0
  fallback_count: 0
  conflict_count: 0
  dynamic_k_mean/min/max: 5.00/5/5
  nonfinite_cost_count: 0
[DEBUG] SimOTA train batch stats:
  images: 48
  empty_images: 5
  gt_count: 53
  candidate_count_mean/min/max: 76.75/49/265
  positives_total: 265
  positives_per_gt_mean/min/max: 5.00/5/5
  positives_stride8: 102
  positives_stride16: 163
  unmatched_gt_count: 0
  fallback_count: 0
  conflict_count: 0
  dynamic_k_mean/min/max: 5.00/5/5
  nonfinite_cost_count: 0
[DEBUG] SimOTA train batch stats:
  images: 48
  empty_images: 4
  gt_count: 51
  candidate_count_mean/min/max: 83.10/30/378
  positives_total: 254
  positives_per_gt_mean/min/max: 4.98/4/5
  positives_stride8: 105
  positives_stride16: 149
  unmatched_gt_count: 0
  fallback_count: 0
  conflict_count: 0
  dynamic_k_mean/min/max: 4.98/4/5
  nonfinite_cost_count: 0
[DEBUG] SimOTA train batch stats:
  images: 48
  empty_images: 13
  gt_count: 46
  candidate_count_mean/min/max: 70.67/35/427
  positives_total: 230
  positives_per_gt_mean/min/max: 5.00/5/5
  positives_stride8: 95
  positives_stride16: 135
  unmatched_gt_count: 0
  fallback_count: 0
  conflict_count: 0
  dynamic_k_mean/min/max: 5.00/5/5
  nonfinite_cost_count: 0
[INFO] epoch summary | train loss=0.6825 obj=0.0004 box=0.1364 pos=256.64 | val loss=0.8814 map50=0.8982 map5095=0.6311 P=0.9433 R=0.8435 F1=0.8906
[INFO] val extras | mean_iou=0.8659 center_err_px(mean/med/p95)=2.68/1.89/7.37 center_err_norm_diag(mean/med/p95)=0.0034/0.0024/0.0092 fp/img=0.0503 small/med/large recall=0.7253/0.8834/0.9302 counts=233/223/215
[INFO] saved per-epoch checkpoint: /mnt/core/MLonMCU_proj/software/ball_detection/runs/20260601-074845-smallimag_size_v3_smallhead_removed32/checkpoints/135_epoch.pt
[INFO] early stopping status: bad_epochs=2/30
[INFO] epoch 136/150 start | lr=2.54473e-05
[DEBUG] SimOTA train batch stats:
  images: 48
  empty_images: 6
  gt_count: 57
  candidate_count_mean/min/max: 68.33/47/243
  positives_total: 281
  positives_per_gt_mean/min/max: 4.93/2/5
  positives_stride8: 124
  positives_stride16: 157
  unmatched_gt_count: 0
  fallback_count: 0
  conflict_count: 0
  dynamic_k_mean/min/max: 4.93/2/5
  nonfinite_cost_count: 0
[DEBUG] SimOTA train batch stats:
  images: 48
  empty_images: 6
  gt_count: 54
  candidate_count_mean/min/max: 65.67/27/216
  positives_total: 267
  positives_per_gt_mean/min/max: 4.94/2/5
  positives_stride8: 115
  positives_stride16: 152
  unmatched_gt_count: 0
  fallback_count: 0
  conflict_count: 0
  dynamic_k_mean/min/max: 4.94/2/5
  nonfinite_cost_count: 0
[DEBUG] SimOTA train batch stats:
  images: 48
  empty_images: 6
  gt_count: 51
  candidate_count_mean/min/max: 62.75/35/216
  positives_total: 255
  positives_per_gt_mean/min/max: 5.00/5/5
  positives_stride8: 111
  positives_stride16: 144
  unmatched_gt_count: 0
  fallback_count: 0
  conflict_count: 0
  dynamic_k_mean/min/max: 5.00/5/5
  nonfinite_cost_count: 0
[DEBUG] SimOTA train batch stats:
  images: 48
  empty_images: 7
  gt_count: 49
  candidate_count_mean/min/max: 72.16/38/245
  positives_total: 245
  positives_per_gt_mean/min/max: 5.00/5/5
  positives_stride8: 95
  positives_stride16: 150
  unmatched_gt_count: 0
  fallback_count: 0
  conflict_count: 0
  dynamic_k_mean/min/max: 5.00/5/5
  nonfinite_cost_count: 0
[DEBUG] SimOTA val batch stats:
  images: 48
  empty_images: 15
  gt_count: 37
  candidate_count_mean/min/max: 92.30/35/140
  positives_total: 180
  positives_per_gt_mean/min/max: 4.86/0/5
  positives_stride8: 43
  positives_stride16: 137
  unmatched_gt_count: 1
  fallback_count: 0
  conflict_count: 5
  dynamic_k_mean/min/max: 5.00/5/5
  nonfinite_cost_count: 0
[INFO] epoch summary | train loss=0.6884 obj=0.0004 box=0.1376 pos=256.32 | val loss=0.8834 map50=0.8979 map5095=0.6308 P=0.9467 R=0.8465 F1=0.8938
[INFO] val extras | mean_iou=0.8662 center_err_px(mean/med/p95)=2.68/1.88/7.32 center_err_norm_diag(mean/med/p95)=0.0034/0.0024/0.0092 fp/img=0.0473 small/med/large recall=0.7253/0.8879/0.9349 counts=233/223/215
[INFO] saved per-epoch checkpoint: /mnt/core/MLonMCU_proj/software/ball_detection/runs/20260601-074845-smallimag_size_v3_smallhead_removed32/checkpoints/136_epoch.pt
[INFO] early stopping status: bad_epochs=3/30
[INFO] epoch 137/150 start | lr=2.23189e-05
[DEBUG] SimOTA train batch stats:
  images: 48
  empty_images: 5
  gt_count: 50
  candidate_count_mean/min/max: 79.92/27/427
  positives_total: 250
  positives_per_gt_mean/min/max: 5.00/5/5
  positives_stride8: 110
  positives_stride16: 140
  unmatched_gt_count: 0
  fallback_count: 0
  conflict_count: 0
  dynamic_k_mean/min/max: 5.00/5/5
  nonfinite_cost_count: 0
[DEBUG] SimOTA train batch stats:
  images: 48
  empty_images: 4
  gt_count: 60
  candidate_count_mean/min/max: 81.15/32/540
  positives_total: 299
  positives_per_gt_mean/min/max: 4.98/4/5
  positives_stride8: 129
  positives_stride16: 170
  unmatched_gt_count: 0
  fallback_count: 0
  conflict_count: 0
  dynamic_k_mean/min/max: 4.98/4/5
  nonfinite_cost_count: 0
[DEBUG] SimOTA train batch stats:
  images: 48
  empty_images: 8
  gt_count: 46
  candidate_count_mean/min/max: 69.54/37/280
  positives_total: 230
  positives_per_gt_mean/min/max: 5.00/5/5
  positives_stride8: 99
  positives_stride16: 131
  unmatched_gt_count: 0
  fallback_count: 0
  conflict_count: 0
  dynamic_k_mean/min/max: 5.00/5/5
  nonfinite_cost_count: 0
[DEBUG] SimOTA train batch stats:
  images: 48
  empty_images: 11
  gt_count: 41
  candidate_count_mean/min/max: 82.37/27/241
  positives_total: 205
  positives_per_gt_mean/min/max: 5.00/5/5
  positives_stride8: 82
  positives_stride16: 123
  unmatched_gt_count: 0
  fallback_count: 0
  conflict_count: 0
  dynamic_k_mean/min/max: 5.00/5/5
  nonfinite_cost_count: 0
[DEBUG] SimOTA val batch stats:
  images: 48
  empty_images: 3
  gt_count: 62
  candidate_count_mean/min/max: 101.23/45/343
  positives_total: 304
  positives_per_gt_mean/min/max: 4.90/2/5
  positives_stride8: 104
  positives_stride16: 200
  unmatched_gt_count: 0
  fallback_count: 0
  conflict_count: 0
  dynamic_k_mean/min/max: 4.90/2/5
  nonfinite_cost_count: 0
[INFO] epoch summary | train loss=0.6871 obj=0.0004 box=0.1373 pos=256.83 | val loss=0.8807 map50=0.8972 map5095=0.6342 P=0.9418 R=0.8435 F1=0.8899
[INFO] val extras | mean_iou=0.8678 center_err_px(mean/med/p95)=2.66/1.87/7.23 center_err_norm_diag(mean/med/p95)=0.0033/0.0023/0.0090 fp/img=0.0518 small/med/large recall=0.7210/0.8834/0.9349 counts=233/223/215
[INFO] saved per-epoch checkpoint: /mnt/core/MLonMCU_proj/software/ball_detection/runs/20260601-074845-smallimag_size_v3_smallhead_removed32/checkpoints/137_epoch.pt
[INFO] early stopping status: bad_epochs=4/30
[INFO] epoch 138/150 start | lr=1.94003e-05
[DEBUG] SimOTA train batch stats:
  images: 48
  empty_images: 8
  gt_count: 47
  candidate_count_mean/min/max: 79.57/50/392
  positives_total: 234
  positives_per_gt_mean/min/max: 4.98/4/5
  positives_stride8: 104
  positives_stride16: 130
  unmatched_gt_count: 0
  fallback_count: 0
  conflict_count: 0
  dynamic_k_mean/min/max: 4.98/4/5
  nonfinite_cost_count: 0
[DEBUG] SimOTA train batch stats:
  images: 48
  empty_images: 4
  gt_count: 56
  candidate_count_mean/min/max: 77.02/30/320
  positives_total: 279
  positives_per_gt_mean/min/max: 4.98/4/5
  positives_stride8: 114
  positives_stride16: 165
  unmatched_gt_count: 0
  fallback_count: 0
  conflict_count: 0
  dynamic_k_mean/min/max: 4.98/4/5
  nonfinite_cost_count: 0
[DEBUG] SimOTA train batch stats:
  images: 48
  empty_images: 5
  gt_count: 56
  candidate_count_mean/min/max: 69.21/50/168
  positives_total: 280
  positives_per_gt_mean/min/max: 5.00/5/5
  positives_stride8: 125
  positives_stride16: 155
  unmatched_gt_count: 0
  fallback_count: 0
  conflict_count: 0
  dynamic_k_mean/min/max: 5.00/5/5
  nonfinite_cost_count: 0
[DEBUG] SimOTA val batch stats:
  images: 48
  empty_images: 14
  gt_count: 34
  candidate_count_mean/min/max: 104.62/35/157
  positives_total: 170
  positives_per_gt_mean/min/max: 5.00/5/5
  positives_stride8: 77
  positives_stride16: 93
  unmatched_gt_count: 0
  fallback_count: 0
  conflict_count: 0
  dynamic_k_mean/min/max: 5.00/5/5
  nonfinite_cost_count: 0
[INFO] epoch summary | train loss=0.6872 obj=0.0004 box=0.1374 pos=257.06 | val loss=0.8814 map50=0.8986 map5095=0.6303 P=0.9388 R=0.8465 F1=0.8903
[INFO] val extras | mean_iou=0.8658 center_err_px(mean/med/p95)=2.67/1.89/7.20 center_err_norm_diag(mean/med/p95)=0.0033/0.0024/0.0090 fp/img=0.0547 small/med/large recall=0.7296/0.8834/0.9349 counts=233/223/215
[INFO] saved per-epoch checkpoint: /mnt/core/MLonMCU_proj/software/ball_detection/runs/20260601-074845-smallimag_size_v3_smallhead_removed32/checkpoints/138_epoch.pt
[INFO] early stopping status: bad_epochs=5/30
[INFO] epoch 139/150 start | lr=1.66927e-05
[DEBUG] SimOTA train batch stats:
  images: 48
  empty_images: 6
  gt_count: 59
  candidate_count_mean/min/max: 67.32/27/192
  positives_total: 294
  positives_per_gt_mean/min/max: 4.98/4/5
  positives_stride8: 128
  positives_stride16: 166
  unmatched_gt_count: 0
  fallback_count: 0
  conflict_count: 0
  dynamic_k_mean/min/max: 4.98/4/5
  nonfinite_cost_count: 0
[DEBUG] SimOTA train batch stats:
  images: 48
  empty_images: 3
  gt_count: 56
  candidate_count_mean/min/max: 76.91/27/378
  positives_total: 276
  positives_per_gt_mean/min/max: 4.93/1/5
  positives_stride8: 112
  positives_stride16: 164
  unmatched_gt_count: 0
  fallback_count: 0
  conflict_count: 0
  dynamic_k_mean/min/max: 4.93/1/5
  nonfinite_cost_count: 0
[DEBUG] SimOTA train batch stats:
  images: 48
  empty_images: 7
  gt_count: 57
  candidate_count_mean/min/max: 82.21/45/281
  positives_total: 279
  positives_per_gt_mean/min/max: 4.89/0/5
  positives_stride8: 108
  positives_stride16: 171
  unmatched_gt_count: 1
  fallback_count: 0
  conflict_count: 2
  dynamic_k_mean/min/max: 4.93/2/5
  nonfinite_cost_count: 0
[DEBUG] SimOTA train batch stats:
  images: 48
  empty_images: 6
  gt_count: 52
  candidate_count_mean/min/max: 83.50/50/280
  positives_total: 249
  positives_per_gt_mean/min/max: 4.79/1/5
  positives_stride8: 103
  positives_stride16: 146
  unmatched_gt_count: 0
  fallback_count: 0
  conflict_count: 6
  dynamic_k_mean/min/max: 4.90/2/5
  nonfinite_cost_count: 0
[DEBUG] SimOTA val batch stats:
  images: 48
  empty_images: 13
  gt_count: 35
  candidate_count_mean/min/max: 69.69/45/150
  positives_total: 164
  positives_per_gt_mean/min/max: 4.69/1/5
  positives_stride8: 65
  positives_stride16: 99
  unmatched_gt_count: 0
  fallback_count: 0
  conflict_count: 0
  dynamic_k_mean/min/max: 4.69/1/5
  nonfinite_cost_count: 0
[INFO] epoch summary | train loss=0.6834 obj=0.0004 box=0.1366 pos=257.27 | val loss=0.8826 map50=0.9008 map5095=0.6319 P=0.9432 R=0.8420 F1=0.8898
[INFO] val extras | mean_iou=0.8667 center_err_px(mean/med/p95)=2.66/1.89/7.26 center_err_norm_diag(mean/med/p95)=0.0033/0.0024/0.0091 fp/img=0.0503 small/med/large recall=0.7253/0.8744/0.9349 counts=233/223/215
[INFO] saved per-epoch checkpoint: /mnt/core/MLonMCU_proj/software/ball_detection/runs/20260601-074845-smallimag_size_v3_smallhead_removed32/checkpoints/139_epoch.pt
[INFO] early stopping status: bad_epochs=6/30
[INFO] epoch 140/150 start | lr=1.41973e-05
[DEBUG] SimOTA train batch stats:
  images: 48
  empty_images: 12
  gt_count: 45
  candidate_count_mean/min/max: 86.47/50/230
  positives_total: 225
  positives_per_gt_mean/min/max: 5.00/5/5
  positives_stride8: 83
  positives_stride16: 142
  unmatched_gt_count: 0
  fallback_count: 0
  conflict_count: 0
  dynamic_k_mean/min/max: 5.00/5/5
  nonfinite_cost_count: 0
[DEBUG] SimOTA train batch stats:
  images: 48
  empty_images: 4
  gt_count: 49
  candidate_count_mean/min/max: 93.90/35/546
  positives_total: 245
  positives_per_gt_mean/min/max: 5.00/5/5
  positives_stride8: 94
  positives_stride16: 151
  unmatched_gt_count: 0
  fallback_count: 0
  conflict_count: 0
  dynamic_k_mean/min/max: 5.00/5/5
  nonfinite_cost_count: 0
[DEBUG] SimOTA train batch stats:
  images: 48
  empty_images: 4
  gt_count: 49
  candidate_count_mean/min/max: 90.76/27/243
  positives_total: 245
  positives_per_gt_mean/min/max: 5.00/5/5
  positives_stride8: 91
  positives_stride16: 154
  unmatched_gt_count: 0
  fallback_count: 0
  conflict_count: 0
  dynamic_k_mean/min/max: 5.00/5/5
  nonfinite_cost_count: 0
[DEBUG] SimOTA train batch stats:
  images: 48
  empty_images: 5
  gt_count: 50
  candidate_count_mean/min/max: 90.20/45/320
  positives_total: 249
  positives_per_gt_mean/min/max: 4.98/4/5
  positives_stride8: 87
  positives_stride16: 162
  unmatched_gt_count: 0
  fallback_count: 0
  conflict_count: 0
  dynamic_k_mean/min/max: 4.98/4/5
  nonfinite_cost_count: 0
[DEBUG] SimOTA val batch stats:
  images: 4
  empty_images: 2
  gt_count: 3
  candidate_count_mean/min/max: 58.00/50/74
  positives_total: 15
  positives_per_gt_mean/min/max: 5.00/5/5
  positives_stride8: 6
  positives_stride16: 9
  unmatched_gt_count: 0
  fallback_count: 0
  conflict_count: 0
  dynamic_k_mean/min/max: 5.00/5/5
  nonfinite_cost_count: 0
[INFO] epoch summary | train loss=0.6808 obj=0.0004 box=0.1361 pos=256.94 | val loss=0.8810 map50=0.9004 map5095=0.6320 P=0.9435 R=0.8465 F1=0.8924
[INFO] val extras | mean_iou=0.8665 center_err_px(mean/med/p95)=2.66/1.88/7.20 center_err_norm_diag(mean/med/p95)=0.0033/0.0023/0.0090 fp/img=0.0503 small/med/large recall=0.7296/0.8834/0.9349 counts=233/223/215
[INFO] saved per-epoch checkpoint: /mnt/core/MLonMCU_proj/software/ball_detection/runs/20260601-074845-smallimag_size_v3_smallhead_removed32/checkpoints/140_epoch.pt
[INFO] early stopping status: bad_epochs=7/30
[INFO] epoch 141/150 start | lr=1.19153e-05
[DEBUG] SimOTA train batch stats:
  images: 48
  empty_images: 7
  gt_count: 46
  candidate_count_mean/min/max: 85.74/35/213
  positives_total: 230
  positives_per_gt_mean/min/max: 5.00/5/5
  positives_stride8: 96
  positives_stride16: 134
  unmatched_gt_count: 0
  fallback_count: 0
  conflict_count: 0
  dynamic_k_mean/min/max: 5.00/5/5
  nonfinite_cost_count: 0
[DEBUG] SimOTA train batch stats:
  images: 48
  empty_images: 11
  gt_count: 43
  candidate_count_mean/min/max: 75.07/45/392
  positives_total: 212
  positives_per_gt_mean/min/max: 4.93/2/5
  positives_stride8: 87
  positives_stride16: 125
  unmatched_gt_count: 0
  fallback_count: 0
  conflict_count: 0
  dynamic_k_mean/min/max: 4.93/2/5
  nonfinite_cost_count: 0
[DEBUG] SimOTA train batch stats:
  images: 48
  empty_images: 2
  gt_count: 58
  candidate_count_mean/min/max: 82.43/35/348
  positives_total: 276
  positives_per_gt_mean/min/max: 4.76/0/5
  positives_stride8: 117
  positives_stride16: 159
  unmatched_gt_count: 1
  fallback_count: 0
  conflict_count: 14
  dynamic_k_mean/min/max: 5.00/5/5
  nonfinite_cost_count: 0
[DEBUG] SimOTA val batch stats:
  images: 48
  empty_images: 1
  gt_count: 47
  candidate_count_mean/min/max: 93.02/49/151
  positives_total: 235
  positives_per_gt_mean/min/max: 5.00/5/5
  positives_stride8: 92
  positives_stride16: 143
  unmatched_gt_count: 0
  fallback_count: 0
  conflict_count: 0
  dynamic_k_mean/min/max: 5.00/5/5
  nonfinite_cost_count: 0
[INFO] epoch summary | train loss=0.6777 obj=0.0004 box=0.1355 pos=256.58 | val loss=0.8807 map50=0.8972 map5095=0.6292 P=0.9446 R=0.8390 F1=0.8887
[INFO] val extras | mean_iou=0.8667 center_err_px(mean/med/p95)=2.66/1.89/7.27 center_err_norm_diag(mean/med/p95)=0.0033/0.0024/0.0091 fp/img=0.0488 small/med/large recall=0.7210/0.8789/0.9256 counts=233/223/215
[INFO] saved per-epoch checkpoint: /mnt/core/MLonMCU_proj/software/ball_detection/runs/20260601-074845-smallimag_size_v3_smallhead_removed32/checkpoints/141_epoch.pt
[INFO] early stopping status: bad_epochs=8/30
[INFO] epoch 142/150 start | lr=9.84752e-06
[DEBUG] SimOTA train batch stats:
  images: 48
  empty_images: 6
  gt_count: 51
  candidate_count_mean/min/max: 83.80/36/348
  positives_total: 255
  positives_per_gt_mean/min/max: 5.00/5/5
  positives_stride8: 98
  positives_stride16: 157
  unmatched_gt_count: 0
  fallback_count: 0
  conflict_count: 0
  dynamic_k_mean/min/max: 5.00/5/5
  nonfinite_cost_count: 0
[DEBUG] SimOTA train batch stats:
  images: 48
  empty_images: 7
  gt_count: 53
  candidate_count_mean/min/max: 87.53/45/274
  positives_total: 246
  positives_per_gt_mean/min/max: 4.64/0/5
  positives_stride8: 95
  positives_stride16: 151
  unmatched_gt_count: 2
  fallback_count: 0
  conflict_count: 19
  dynamic_k_mean/min/max: 5.00/5/5
  nonfinite_cost_count: 0
[DEBUG] SimOTA train batch stats:
  images: 48
  empty_images: 5
  gt_count: 59
  candidate_count_mean/min/max: 90.51/35/373
  positives_total: 295
  positives_per_gt_mean/min/max: 5.00/5/5
  positives_stride8: 112
  positives_stride16: 183
  unmatched_gt_count: 0
  fallback_count: 0
  conflict_count: 0
  dynamic_k_mean/min/max: 5.00/5/5
  nonfinite_cost_count: 0
[DEBUG] SimOTA train batch stats:
  images: 48
  empty_images: 8
  gt_count: 50
  candidate_count_mean/min/max: 80.42/30/252
  positives_total: 247
  positives_per_gt_mean/min/max: 4.94/3/5
  positives_stride8: 105
  positives_stride16: 142
  unmatched_gt_count: 0
  fallback_count: 0
  conflict_count: 0
  dynamic_k_mean/min/max: 4.94/3/5
  nonfinite_cost_count: 0
[DEBUG] SimOTA val batch stats:
  images: 48
  empty_images: 11
  gt_count: 37
  candidate_count_mean/min/max: 58.78/45/151
  positives_total: 181
  positives_per_gt_mean/min/max: 4.89/2/5
  positives_stride8: 75
  positives_stride16: 106
  unmatched_gt_count: 0
  fallback_count: 0
  conflict_count: 0
  dynamic_k_mean/min/max: 4.89/2/5
  nonfinite_cost_count: 0
[INFO] epoch summary | train loss=0.6802 obj=0.0004 box=0.1360 pos=257.12 | val loss=0.8805 map50=0.9007 map5095=0.6337 P=0.9448 R=0.8420 F1=0.8905
[INFO] val extras | mean_iou=0.8675 center_err_px(mean/med/p95)=2.64/1.90/7.05 center_err_norm_diag(mean/med/p95)=0.0033/0.0024/0.0088 fp/img=0.0488 small/med/large recall=0.7253/0.8789/0.9302 counts=233/223/215
[INFO] saved per-epoch checkpoint: /mnt/core/MLonMCU_proj/software/ball_detection/runs/20260601-074845-smallimag_size_v3_smallhead_removed32/checkpoints/142_epoch.pt
[INFO] early stopping status: bad_epochs=9/30
[INFO] epoch 143/150 start | lr=7.99498e-06
[DEBUG] SimOTA train batch stats:
  images: 48
  empty_images: 6
  gt_count: 53
  candidate_count_mean/min/max: 82.28/35/281
  positives_total: 265
  positives_per_gt_mean/min/max: 5.00/5/5
  positives_stride8: 100
  positives_stride16: 165
  unmatched_gt_count: 0
  fallback_count: 0
  conflict_count: 0
  dynamic_k_mean/min/max: 5.00/5/5
  nonfinite_cost_count: 0
[DEBUG] SimOTA train batch stats:
  images: 48
  empty_images: 7
  gt_count: 52
  candidate_count_mean/min/max: 85.46/41/540
  positives_total: 259
  positives_per_gt_mean/min/max: 4.98/4/5
  positives_stride8: 103
  positives_stride16: 156
  unmatched_gt_count: 0
  fallback_count: 0
  conflict_count: 0
  dynamic_k_mean/min/max: 4.98/4/5
  nonfinite_cost_count: 0
[DEBUG] SimOTA train batch stats:
  images: 48
  empty_images: 2
  gt_count: 61
  candidate_count_mean/min/max: 78.48/30/392
  positives_total: 301
  positives_per_gt_mean/min/max: 4.93/1/5
  positives_stride8: 111
  positives_stride16: 190
  unmatched_gt_count: 0
  fallback_count: 0
  conflict_count: 0
  dynamic_k_mean/min/max: 4.93/1/5
  nonfinite_cost_count: 0
[DEBUG] SimOTA train batch stats:
  images: 48
  empty_images: 8
  gt_count: 52
  candidate_count_mean/min/max: 79.00/35/540
  positives_total: 259
  positives_per_gt_mean/min/max: 4.98/4/5
  positives_stride8: 105
  positives_stride16: 154
  unmatched_gt_count: 0
  fallback_count: 0
  conflict_count: 0
  dynamic_k_mean/min/max: 4.98/4/5
  nonfinite_cost_count: 0
[INFO] epoch summary | train loss=0.6795 obj=0.0004 box=0.1358 pos=255.58 | val loss=0.8814 map50=0.8991 map5095=0.6289 P=0.9450 R=0.8450 F1=0.8922
[INFO] val extras | mean_iou=0.8652 center_err_px(mean/med/p95)=2.70/1.91/7.28 center_err_norm_diag(mean/med/p95)=0.0034/0.0024/0.0091 fp/img=0.0488 small/med/large recall=0.7253/0.8879/0.9302 counts=233/223/215
[INFO] saved per-epoch checkpoint: /mnt/core/MLonMCU_proj/software/ball_detection/runs/20260601-074845-smallimag_size_v3_smallhead_removed32/checkpoints/143_epoch.pt
[INFO] early stopping status: bad_epochs=10/30
[INFO] epoch 144/150 start | lr=6.35847e-06
[DEBUG] SimOTA train batch stats:
  images: 48
  empty_images: 4
  gt_count: 57
  candidate_count_mean/min/max: 78.51/35/540
  positives_total: 282
  positives_per_gt_mean/min/max: 4.95/2/5
  positives_stride8: 126
  positives_stride16: 156
  unmatched_gt_count: 0
  fallback_count: 0
  conflict_count: 0
  dynamic_k_mean/min/max: 4.95/2/5
  nonfinite_cost_count: 0
[DEBUG] SimOTA train batch stats:
  images: 48
  empty_images: 6
  gt_count: 48
  candidate_count_mean/min/max: 76.62/45/212
  positives_total: 239
  positives_per_gt_mean/min/max: 4.98/4/5
  positives_stride8: 89
  positives_stride16: 150
  unmatched_gt_count: 0
  fallback_count: 0
  conflict_count: 0
  dynamic_k_mean/min/max: 4.98/4/5
  nonfinite_cost_count: 0
[DEBUG] SimOTA train batch stats:
  images: 48
  empty_images: 8
  gt_count: 45
  candidate_count_mean/min/max: 84.87/27/320
  positives_total: 222
  positives_per_gt_mean/min/max: 4.93/3/5
  positives_stride8: 83
  positives_stride16: 139
  unmatched_gt_count: 0
  fallback_count: 0
  conflict_count: 0
  dynamic_k_mean/min/max: 4.93/3/5
  nonfinite_cost_count: 0
[DEBUG] SimOTA train batch stats:
  images: 48
  empty_images: 7
  gt_count: 48
  candidate_count_mean/min/max: 84.81/35/400
  positives_total: 233
  positives_per_gt_mean/min/max: 4.85/2/5
  positives_stride8: 94
  positives_stride16: 139
  unmatched_gt_count: 0
  fallback_count: 0
  conflict_count: 5
  dynamic_k_mean/min/max: 4.96/4/5
  nonfinite_cost_count: 0
[DEBUG] SimOTA val batch stats:
  images: 48
  empty_images: 3
  gt_count: 75
  candidate_count_mean/min/max: 56.43/30/146
  positives_total: 362
  positives_per_gt_mean/min/max: 4.83/3/5
  positives_stride8: 153
  positives_stride16: 209
  unmatched_gt_count: 0
  fallback_count: 0
  conflict_count: 0
  dynamic_k_mean/min/max: 4.83/3/5
  nonfinite_cost_count: 0
[INFO] epoch summary | train loss=0.6852 obj=0.0004 box=0.1369 pos=256.83 | val loss=0.8816 map50=0.8987 map5095=0.6327 P=0.9431 R=0.8405 F1=0.8889
[INFO] val extras | mean_iou=0.8668 center_err_px(mean/med/p95)=2.66/1.88/7.21 center_err_norm_diag(mean/med/p95)=0.0033/0.0024/0.0090 fp/img=0.0503 small/med/large recall=0.7210/0.8789/0.9302 counts=233/223/215
[INFO] saved per-epoch checkpoint: /mnt/core/MLonMCU_proj/software/ball_detection/runs/20260601-074845-smallimag_size_v3_smallhead_removed32/checkpoints/144_epoch.pt
[INFO] early stopping status: bad_epochs=11/30
[INFO] epoch 145/150 start | lr=4.93871e-06
[DEBUG] SimOTA train batch stats:
  images: 48
  empty_images: 8
  gt_count: 45
  candidate_count_mean/min/max: 75.67/30/400
  positives_total: 218
  positives_per_gt_mean/min/max: 4.84/1/5
  positives_stride8: 93
  positives_stride16: 125
  unmatched_gt_count: 0
  fallback_count: 0
  conflict_count: 1
  dynamic_k_mean/min/max: 4.87/1/5
  nonfinite_cost_count: 0
[DEBUG] SimOTA train batch stats:
  images: 48
  empty_images: 4
  gt_count: 58
  candidate_count_mean/min/max: 95.97/45/546
  positives_total: 288
  positives_per_gt_mean/min/max: 4.97/4/5
  positives_stride8: 117
  positives_stride16: 171
  unmatched_gt_count: 0
  fallback_count: 0
  conflict_count: 0
  dynamic_k_mean/min/max: 4.97/4/5
  nonfinite_cost_count: 0
[DEBUG] SimOTA train batch stats:
  images: 48
  empty_images: 3
  gt_count: 56
  candidate_count_mean/min/max: 79.45/35/400
  positives_total: 278
  positives_per_gt_mean/min/max: 4.96/4/5
  positives_stride8: 106
  positives_stride16: 172
  unmatched_gt_count: 0
  fallback_count: 0
  conflict_count: 0
  dynamic_k_mean/min/max: 4.96/4/5
  nonfinite_cost_count: 0
[DEBUG] SimOTA train batch stats:
  images: 48
  empty_images: 4
  gt_count: 60
  candidate_count_mean/min/max: 69.10/30/240
  positives_total: 294
  positives_per_gt_mean/min/max: 4.90/1/5
  positives_stride8: 123
  positives_stride16: 171
  unmatched_gt_count: 0
  fallback_count: 0
  conflict_count: 0
  dynamic_k_mean/min/max: 4.90/1/5
  nonfinite_cost_count: 0
[DEBUG] SimOTA val batch stats:
  images: 48
  empty_images: 4
  gt_count: 48
  candidate_count_mean/min/max: 61.46/32/151
  positives_total: 224
  positives_per_gt_mean/min/max: 4.67/2/5
  positives_stride8: 112
  positives_stride16: 112
  unmatched_gt_count: 0
  fallback_count: 0
  conflict_count: 0
  dynamic_k_mean/min/max: 4.67/2/5
  nonfinite_cost_count: 0
[INFO] epoch summary | train loss=0.6805 obj=0.0004 box=0.1360 pos=256.04 | val loss=0.8808 map50=0.8987 map5095=0.6349 P=0.9400 R=0.8405 F1=0.8875
[INFO] val extras | mean_iou=0.8684 center_err_px(mean/med/p95)=2.64/1.87/7.19 center_err_norm_diag(mean/med/p95)=0.0033/0.0023/0.0090 fp/img=0.0533 small/med/large recall=0.7167/0.8789/0.9349 counts=233/223/215
[INFO] saved per-epoch checkpoint: /mnt/core/MLonMCU_proj/software/ball_detection/runs/20260601-074845-smallimag_size_v3_smallhead_removed32/checkpoints/145_epoch.pt
[INFO] early stopping status: bad_epochs=12/30
[INFO] epoch 146/150 start | lr=3.73631e-06
[DEBUG] SimOTA train batch stats:
  images: 48
  empty_images: 10
  gt_count: 47
  candidate_count_mean/min/max: 70.91/27/245
  positives_total: 226
  positives_per_gt_mean/min/max: 4.81/2/5
  positives_stride8: 95
  positives_stride16: 131
  unmatched_gt_count: 0
  fallback_count: 0
  conflict_count: 1
  dynamic_k_mean/min/max: 4.83/2/5
  nonfinite_cost_count: 0
[DEBUG] SimOTA train batch stats:
  images: 48
  empty_images: 7
  gt_count: 56
  candidate_count_mean/min/max: 73.43/35/350
  positives_total: 277
  positives_per_gt_mean/min/max: 4.95/2/5
  positives_stride8: 124
  positives_stride16: 153
  unmatched_gt_count: 0
  fallback_count: 0
  conflict_count: 0
  dynamic_k_mean/min/max: 4.95/2/5
  nonfinite_cost_count: 0
[DEBUG] SimOTA train batch stats:
  images: 48
  empty_images: 9
  gt_count: 48
  candidate_count_mean/min/max: 69.79/45/173
  positives_total: 240
  positives_per_gt_mean/min/max: 5.00/5/5
  positives_stride8: 85
  positives_stride16: 155
  unmatched_gt_count: 0
  fallback_count: 0
  conflict_count: 0
  dynamic_k_mean/min/max: 5.00/5/5
  nonfinite_cost_count: 0
[DEBUG] SimOTA train batch stats:
  images: 48
  empty_images: 3
  gt_count: 55
  candidate_count_mean/min/max: 87.89/45/400
  positives_total: 275
  positives_per_gt_mean/min/max: 5.00/5/5
  positives_stride8: 112
  positives_stride16: 163
  unmatched_gt_count: 0
  fallback_count: 0
  conflict_count: 0
  dynamic_k_mean/min/max: 5.00/5/5
  nonfinite_cost_count: 0
[INFO] epoch summary | train loss=0.6818 obj=0.0004 box=0.1363 pos=255.71 | val loss=0.8814 map50=0.8976 map5095=0.6297 P=0.9416 R=0.8405 F1=0.8882
[INFO] val extras | mean_iou=0.8667 center_err_px(mean/med/p95)=2.67/1.92/7.21 center_err_norm_diag(mean/med/p95)=0.0033/0.0024/0.0090 fp/img=0.0518 small/med/large recall=0.7210/0.8744/0.9349 counts=233/223/215
[INFO] saved per-epoch checkpoint: /mnt/core/MLonMCU_proj/software/ball_detection/runs/20260601-074845-smallimag_size_v3_smallhead_removed32/checkpoints/146_epoch.pt
[INFO] early stopping status: bad_epochs=13/30
[INFO] epoch 147/150 start | lr=2.75182e-06
[DEBUG] SimOTA train batch stats:
  images: 48
  empty_images: 8
  gt_count: 52
  candidate_count_mean/min/max: 66.81/35/218
  positives_total: 260
  positives_per_gt_mean/min/max: 5.00/5/5
  positives_stride8: 113
  positives_stride16: 147
  unmatched_gt_count: 0
  fallback_count: 0
  conflict_count: 0
  dynamic_k_mean/min/max: 5.00/5/5
  nonfinite_cost_count: 0
[DEBUG] SimOTA train batch stats:
  images: 48
  empty_images: 7
  gt_count: 51
  candidate_count_mean/min/max: 82.78/30/274
  positives_total: 255
  positives_per_gt_mean/min/max: 5.00/5/5
  positives_stride8: 97
  positives_stride16: 158
  unmatched_gt_count: 0
  fallback_count: 0
  conflict_count: 0
  dynamic_k_mean/min/max: 5.00/5/5
  nonfinite_cost_count: 0
[DEBUG] SimOTA train batch stats:
  images: 48
  empty_images: 8
  gt_count: 50
  candidate_count_mean/min/max: 85.68/50/378
  positives_total: 249
  positives_per_gt_mean/min/max: 4.98/4/5
  positives_stride8: 103
  positives_stride16: 146
  unmatched_gt_count: 0
  fallback_count: 0
  conflict_count: 0
  dynamic_k_mean/min/max: 4.98/4/5
  nonfinite_cost_count: 0
[DEBUG] SimOTA train batch stats:
  images: 48
  empty_images: 5
  gt_count: 54
  candidate_count_mean/min/max: 70.80/50/289
  positives_total: 269
  positives_per_gt_mean/min/max: 4.98/4/5
  positives_stride8: 119
  positives_stride16: 150
  unmatched_gt_count: 0
  fallback_count: 0
  conflict_count: 0
  dynamic_k_mean/min/max: 4.98/4/5
  nonfinite_cost_count: 0
[DEBUG] SimOTA val batch stats:
  images: 48
  empty_images: 9
  gt_count: 43
  candidate_count_mean/min/max: 49.35/25/62
  positives_total: 213
  positives_per_gt_mean/min/max: 4.95/4/5
  positives_stride8: 89
  positives_stride16: 124
  unmatched_gt_count: 0
  fallback_count: 0
  conflict_count: 0
  dynamic_k_mean/min/max: 4.95/4/5
  nonfinite_cost_count: 0
[INFO] epoch summary | train loss=0.6844 obj=0.0004 box=0.1368 pos=255.67 | val loss=0.8810 map50=0.8972 map5095=0.6317 P=0.9387 R=0.8450 F1=0.8894
[INFO] val extras | mean_iou=0.8671 center_err_px(mean/med/p95)=2.66/1.89/7.16 center_err_norm_diag(mean/med/p95)=0.0033/0.0024/0.0090 fp/img=0.0547 small/med/large recall=0.7253/0.8834/0.9349 counts=233/223/215
[INFO] saved per-epoch checkpoint: /mnt/core/MLonMCU_proj/software/ball_detection/runs/20260601-074845-smallimag_size_v3_smallhead_removed32/checkpoints/147_epoch.pt
[INFO] early stopping status: bad_epochs=14/30
[INFO] epoch 148/150 start | lr=1.98565e-06
[DEBUG] SimOTA train batch stats:
  images: 48
  empty_images: 5
  gt_count: 53
  candidate_count_mean/min/max: 71.19/35/281
  positives_total: 264
  positives_per_gt_mean/min/max: 4.98/4/5
  positives_stride8: 113
  positives_stride16: 151
  unmatched_gt_count: 0
  fallback_count: 0
  conflict_count: 0
  dynamic_k_mean/min/max: 4.98/4/5
  nonfinite_cost_count: 0
[DEBUG] SimOTA train batch stats:
  images: 48
  empty_images: 3
  gt_count: 55
  candidate_count_mean/min/max: 84.00/27/344
  positives_total: 274
  positives_per_gt_mean/min/max: 4.98/4/5
  positives_stride8: 115
  positives_stride16: 159
  unmatched_gt_count: 0
  fallback_count: 0
  conflict_count: 0
  dynamic_k_mean/min/max: 4.98/4/5
  nonfinite_cost_count: 0
[DEBUG] SimOTA train batch stats:
  images: 48
  empty_images: 10
  gt_count: 45
  candidate_count_mean/min/max: 81.78/45/265
  positives_total: 225
  positives_per_gt_mean/min/max: 5.00/5/5
  positives_stride8: 85
  positives_stride16: 140
  unmatched_gt_count: 0
  fallback_count: 0
  conflict_count: 0
  dynamic_k_mean/min/max: 5.00/5/5
  nonfinite_cost_count: 0
[DEBUG] SimOTA train batch stats:
  images: 48
  empty_images: 6
  gt_count: 55
  candidate_count_mean/min/max: 68.78/27/211
  positives_total: 262
  positives_per_gt_mean/min/max: 4.76/0/5
  positives_stride8: 112
  positives_stride16: 150
  unmatched_gt_count: 1
  fallback_count: 0
  conflict_count: 9
  dynamic_k_mean/min/max: 4.93/1/5
  nonfinite_cost_count: 0
[DEBUG] SimOTA val batch stats:
  images: 48
  empty_images: 4
  gt_count: 58
  candidate_count_mean/min/max: 80.17/44/289
  positives_total: 286
  positives_per_gt_mean/min/max: 4.93/2/5
  positives_stride8: 119
  positives_stride16: 167
  unmatched_gt_count: 0
  fallback_count: 0
  conflict_count: 0
  dynamic_k_mean/min/max: 4.93/2/5
  nonfinite_cost_count: 0
[INFO] epoch summary | train loss=0.6806 obj=0.0004 box=0.1360 pos=256.31 | val loss=0.8807 map50=0.9005 map5095=0.6326 P=0.9419 R=0.8450 F1=0.8908
[INFO] val extras | mean_iou=0.8665 center_err_px(mean/med/p95)=2.66/1.89/7.19 center_err_norm_diag(mean/med/p95)=0.0033/0.0024/0.0090 fp/img=0.0518 small/med/large recall=0.7296/0.8789/0.9349 counts=233/223/215
[INFO] saved per-epoch checkpoint: /mnt/core/MLonMCU_proj/software/ball_detection/runs/20260601-074845-smallimag_size_v3_smallhead_removed32/checkpoints/148_epoch.pt
[INFO] early stopping status: bad_epochs=15/30
[INFO] epoch 149/150 start | lr=1.43815e-06
[DEBUG] SimOTA train batch stats:
  images: 48
  empty_images: 7
  gt_count: 51
  candidate_count_mean/min/max: 67.71/27/192
  positives_total: 247
  positives_per_gt_mean/min/max: 4.84/1/5
  positives_stride8: 104
  positives_stride16: 143
  unmatched_gt_count: 0
  fallback_count: 0
  conflict_count: 0
  dynamic_k_mean/min/max: 4.84/1/5
  nonfinite_cost_count: 0
[DEBUG] SimOTA train batch stats:
  images: 48
  empty_images: 6
  gt_count: 53
  candidate_count_mean/min/max: 65.28/36/241
  positives_total: 261
  positives_per_gt_mean/min/max: 4.92/2/5
  positives_stride8: 109
  positives_stride16: 152
  unmatched_gt_count: 0
  fallback_count: 0
  conflict_count: 1
  dynamic_k_mean/min/max: 4.94/3/5
  nonfinite_cost_count: 0
[DEBUG] SimOTA train batch stats:
  images: 48
  empty_images: 4
  gt_count: 55
  candidate_count_mean/min/max: 77.36/45/546
  positives_total: 273
  positives_per_gt_mean/min/max: 4.96/4/5
  positives_stride8: 117
  positives_stride16: 156
  unmatched_gt_count: 0
  fallback_count: 0
  conflict_count: 0
  dynamic_k_mean/min/max: 4.96/4/5
  nonfinite_cost_count: 0
[DEBUG] SimOTA train batch stats:
  images: 48
  empty_images: 4
  gt_count: 64
  candidate_count_mean/min/max: 65.84/27/274
  positives_total: 301
  positives_per_gt_mean/min/max: 4.70/0/5
  positives_stride8: 126
  positives_stride16: 175
  unmatched_gt_count: 2
  fallback_count: 0
  conflict_count: 9
  dynamic_k_mean/min/max: 4.84/1/5
  nonfinite_cost_count: 0
[INFO] epoch summary | train loss=0.6846 obj=0.0004 box=0.1368 pos=257.14 | val loss=0.8809 map50=0.8972 map5095=0.6336 P=0.9400 R=0.8405 F1=0.8875
[INFO] val extras | mean_iou=0.8680 center_err_px(mean/med/p95)=2.65/1.87/7.21 center_err_norm_diag(mean/med/p95)=0.0033/0.0023/0.0090 fp/img=0.0533 small/med/large recall=0.7167/0.8789/0.9349 counts=233/223/215
[INFO] saved per-epoch checkpoint: /mnt/core/MLonMCU_proj/software/ball_detection/runs/20260601-074845-smallimag_size_v3_smallhead_removed32/checkpoints/149_epoch.pt
[INFO] early stopping status: bad_epochs=16/30
[INFO] epoch 150/150 start | lr=1.10955e-06
[DEBUG] SimOTA train batch stats:
  images: 48
  empty_images: 4
  gt_count: 64
  candidate_count_mean/min/max: 71.19/30/310
  positives_total: 312
  positives_per_gt_mean/min/max: 4.88/1/5
  positives_stride8: 133
  positives_stride16: 179
  unmatched_gt_count: 0
  fallback_count: 0
  conflict_count: 2
  dynamic_k_mean/min/max: 4.91/2/5
  nonfinite_cost_count: 0
[DEBUG] SimOTA train batch stats:
  images: 48
  empty_images: 4
  gt_count: 56
  candidate_count_mean/min/max: 69.75/45/207
  positives_total: 279
  positives_per_gt_mean/min/max: 4.98/4/5
  positives_stride8: 111
  positives_stride16: 168
  unmatched_gt_count: 0
  fallback_count: 0
  conflict_count: 0
  dynamic_k_mean/min/max: 4.98/4/5
  nonfinite_cost_count: 0
[DEBUG] SimOTA train batch stats:
  images: 48
  empty_images: 3
  gt_count: 60
  candidate_count_mean/min/max: 71.05/35/245
  positives_total: 294
  positives_per_gt_mean/min/max: 4.90/0/5
  positives_stride8: 114
  positives_stride16: 180
  unmatched_gt_count: 1
  fallback_count: 0
  conflict_count: 2
  dynamic_k_mean/min/max: 4.93/2/5
  nonfinite_cost_count: 0
[DEBUG] SimOTA train batch stats:
  images: 48
  empty_images: 3
  gt_count: 50
  candidate_count_mean/min/max: 84.32/37/400
  positives_total: 250
  positives_per_gt_mean/min/max: 5.00/5/5
  positives_stride8: 100
  positives_stride16: 150
  unmatched_gt_count: 0
  fallback_count: 0
  conflict_count: 0
  dynamic_k_mean/min/max: 5.00/5/5
  nonfinite_cost_count: 0
[DEBUG] SimOTA val batch stats:
  images: 48
  empty_images: 3
  gt_count: 45
  candidate_count_mean/min/max: 105.00/35/157
  positives_total: 225
  positives_per_gt_mean/min/max: 5.00/5/5
  positives_stride8: 98
  positives_stride16: 127
  unmatched_gt_count: 0
  fallback_count: 0
  conflict_count: 0
  dynamic_k_mean/min/max: 5.00/5/5
  nonfinite_cost_count: 0
[INFO] epoch summary | train loss=0.6810 obj=0.0004 box=0.1361 pos=256.21 | val loss=0.8815 map50=0.9005 map5095=0.6334 P=0.9431 R=0.8405 F1=0.8889
[INFO] val extras | mean_iou=0.8673 center_err_px(mean/med/p95)=2.64/1.87/7.13 center_err_norm_diag(mean/med/p95)=0.0033/0.0023/0.0089 fp/img=0.0503 small/med/large recall=0.7253/0.8789/0.9256 counts=233/223/215
[INFO] saved per-epoch checkpoint: /mnt/core/MLonMCU_proj/software/ball_detection/runs/20260601-074845-smallimag_size_v3_smallhead_removed32/checkpoints/150_epoch.pt
[INFO] early stopping status: bad_epochs=17/30
[INFO] Loading best checkpoint for export: /mnt/core/MLonMCU_proj/software/ball_detection/runs/20260601-074845-smallimag_size_v3_smallhead_removed32/checkpoints/best.pt
[INFO] Running final confidence-threshold sweep on best checkpoint
[DEBUG] SimOTA val batch stats:
  images: 48
  empty_images: 4
  gt_count: 48
  candidate_count_mean/min/max: 61.46/32/151
  positives_total: 224
  positives_per_gt_mean/min/max: 4.67/2/5
  positives_stride8: 112
  positives_stride16: 112
  unmatched_gt_count: 0
  fallback_count: 0
  conflict_count: 0
  dynamic_k_mean/min/max: 4.67/2/5
  nonfinite_cost_count: 0
[INFO] final sweep on best.pt | best_conf=0.45 P=0.9222 R=0.8659 F1=0.8932 fp/img=0.0725 -> /mnt/core/MLonMCU_proj/software/ball_detection/runs/20260601-074845-smallimag_size_v3_smallhead_removed32/threshold_sweeps/best.csv
[WARN] FP32 ONNX export failed with legacy_dynamo_false: number of output names provided (3) exceeded number of outputs (2)
[INFO] Exported FP32 ONNX using fallback default: /mnt/core/MLonMCU_proj/software/ball_detection/runs/20260601-074845-smallimag_size_v3_smallhead_removed32/exports/fp32.onnx
[WARN] Requested opset 13 but exported model opset is 18.
[INFO] ONNX checker passed
