image,gt,pred,confidence,pre_ms,infer_ms,post_ms,total_ms,correct
8521e719-05e9-426e-abd8-14f2f28452bb.jpg,fist,fist,0.5924,0.840,1677.761,0.008,1678.609,1
7f28c6f9-c59a-46aa-b982-54beac411470.jpg,palm,palm,0.9634,0.840,1677.760,0.008,1678.609,1
a245f2a6-e099-4753-899a-401b253b15f6.jpg,palm,palm,0.9791,0.840,1677.761,0.008,1678.609,1
97176b4c-c70b-4009-b67e-9d4e412f900e.jpg,fist,fist,0.9493,0.840,1677.761,0.008,1678.608,1
d5e6c115-f08c-44a8-8127-5b0aff906136.jpg,rock,rock,0.6038,0.840,1677.761,0.008,1678.609,1
76764a81-d6f7-410b-813f-974e0fc973ca.jpg,rock,rock,0.3825,0.840,1677.761,0.007,1678.608,1
4ae46057-5eff-45a9-b572-eb8760fdcf4f.jpg,rock,rock,0.9059,0.840,1677.761,0.008,1678.609,1
bae1a41b-4eb0-4ea9-9450-f1f02a077530.jpg,palm,palm,0.9894,0.840,1677.761,0.008,1678.609,1
975482e0-1ef6-4fac-9e87-9c5d1dbca6b4.jpg,fist,fist,0.3775,0.840,1677.761,0.008,1678.609,1
134288fb-731d-4603-a36c-d6c77fdc38c4.jpg,palm,palm,0.3727,0.840,1677.761,0.008,1678.609,1
6a3ad6d6-97cd-4942-a9c4-a1a9cd237d8e.jpg,fist,fist,0.9930,0.840,1677.761,0.008,1678.609,1
7fa7a0aa-82f1-451e-bdff-3a660b8a6460.jpg,fist,fist,0.9991,0.840,1677.761,0.008,1678.609,1
37311094-4854-4104-9fe0-ea2679ba7123.jpg,others,others,0.3715,0.840,1677.761,0.008,1678.609,1
4c4be109-cc6d-4ce8-9cb5-59b3c69963fd.jpg,one,one,0.3976,0.840,1677.761,0.008,1678.609,1
84a7cdc8-95a8-45bc-afbc-108a39a91670.jpg,palm,palm,0.9948,0.840,1677.761,0.008,1678.609,1
2fed9ef6-3071-4251-965b-12397897a197.jpg,one,one,0.9902,0.840,1677.761,0.008,1678.609,1
f7fb402e-6aaa-439f-ada5-5e75110c4818.jpg,pinkie,pinkie,0.6286,0.840,1677.761,0.008,1678.609,1
20df222c-b55b-4b6a-8ef7-b5f56bd8be63.jpg,palm,others,0.5747,0.840,1677.761,0.008,1678.609,0
3d26476f-de3e-489a-88d1-4d37932610ee.jpg,palm,palm,0.9910,0.840,1677.761,0.008,1678.610,1
5b0e5352-f679-41bb-a8e5-16756947cfee.jpg,palm,palm,0.9742,0.840,1677.761,0.008,1678.609,1
ee1c4544-0759-44f0-8d24-cd4e531928f7.jpg,rock,rock,0.6172,0.840,1677.761,0.008,1678.609,1
6275bd81-17e7-4234-a011-b10d04e827e4.jpg,rock,rock,0.7499,0.840,1677.761,0.008,1678.609,1
a6492227-46d4-466e-b761-75fea55fa56a.jpg,one,one,0.9831,0.840,1677.761,0.008,1678.609,1
1ab0dce7-f20d-47d5-90cf-67d9fed59d69.jpg,one,pinkie,0.3981,0.840,1677.761,0.008,1678.609,0
26d8e336-bd58-4cd1-ac5a-978b1ed2c658.jpg,palm,palm,0.7549,0.840,1677.761,0.008,1678.609,1
6c499bc1-239f-4c3b-9945-f2d8c24e6a3c.jpg,one,one,0.8996,0.840,1677.761,0.008,1678.609,1
179d2b6e-e9e7-4f8e-9291-3b4079531843.jpg,rock,rock,0.6296,0.840,1677.761,0.008,1678.608,1
10afa18c-7b50-4203-9cc4-09b6cc4c9eda.jpg,fist,fist,0.9849,0.840,1677.761,0.008,1678.609,1
53093f30-646b-423d-9274-9644d0da0d9e.jpg,fist,fist,0.9045,0.840,1677.760,0.008,1678.608,1
c9860fec-5912-463d-80c6-71aaa2d6db4b.jpg,fist,fist,0.6342,0.840,1677.761,0.008,1678.609,1
626c2b46-87b6-4c24-93f7-fca5be7f4761.jpg,one,rock,0.5486,0.840,1677.761,0.008,1678.609,0
7d4bc239-a527-4566-ba33-4f1da6963ae3.jpg,pinkie,pinkie,0.3907,0.840,1677.761,0.008,1678.609,1
42403d30-55c6-4dd8-8cc9-cc57263508ee.jpg,rock,rock,0.9791,0.840,1677.760,0.008,1678.608,1
72a7fb76-3ebc-4134-8184-04a7d3d692f7.jpg,pinkie,rock,0.9307,0.840,1677.761,0.008,1678.609,0
9c91e6af-2ee0-4fc8-a071-0b45ccb986e1.jpg,one,one,0.5245,0.840,1677.761,0.008,1678.608,1
fa56e33c-52c4-4769-9e80-6b187b2cf801.jpg,rock,rock,0.7306,0.840,1677.761,0.008,1678.609,1
31ebb63f-2a99-4524-ae3b-054c8a53f990.jpg,others,others,0.8173,0.840,1677.761,0.008,1678.609,1
b2a95877-f61e-4f72-b9dd-1949c613bab8.jpg,others,others,0.9800,0.840,1677.761,0.008,1678.609,1
a2487d83-1c24-4823-918d-62082074d5dc.jpg,palm,palm,0.9907,0.840,1677.761,0.008,1678.609,1
84fd3c55-a4d7-4d5e-b4ba-2c66f216c6a6.jpg,fist,fist,0.9973,0.840,1677.760,0.008,1678.608,1
33d941e3-016e-451c-92d5-17bb76105a8f.jpg,others,one,0.2991,0.840,1677.761,0.007,1678.609,0
52a41f02-e3d3-45dd-9bc2-a8ed34a6360d.jpg,rock,others,0.4373,0.840,1677.761,0.008,1678.609,0
82f07e2a-a245-4fc9-849a-36ea7c07bcb1.jpg,fist,fist,0.9785,0.840,1677.761,0.008,1678.609,1
7250fbef-127e-47eb-9d2d-4dcebd9227aa.jpg,pinkie,pinkie,0.8356,0.840,1677.761,0.008,1678.609,1
7bbff52d-7930-43e7-b5df-f64c09a43a5e.jpg,pinkie,pinkie,0.9390,0.840,1677.761,0.008,1678.609,1
139770b0-49eb-4be5-86ae-dbef1e164576.jpg,rock,rock,0.6922,0.840,1677.761,0.008,1678.608,1
721e669a-f282-4340-9632-99e841b9c9d7.jpg,rock,others,0.7862,0.840,1677.761,0.008,1678.609,0
8aa95823-8060-472a-9a47-4292d0b137a7.jpg,rock,rock,0.9479,0.840,1677.761,0.008,1678.609,1
aaec1215-8e7a-48c5-b892-f6cf05146c55.jpg,others,palm,0.5527,0.840,1677.761,0.008,1678.609,0
383fd300-0aac-497d-99a7-ecf2411cac76.jpg,pinkie,pinkie,0.9670,0.840,1677.761,0.008,1678.609,1
4fe9c335-64ca-4a67-84bb-669f82eca733.jpg,palm,palm,0.9506,0.840,1677.761,0.008,1678.609,1
942fbed6-7d4b-47da-97a6-5310f2b91afa.jpg,palm,palm,0.9902,0.840,1677.761,0.008,1678.609,1
88090456-53d8-4788-830a-7f5fb769bc38.jpg,pinkie,pinkie,0.9318,0.840,1677.761,0.008,1678.609,1
ca74306f-11d5-4a66-ade5-308296c1bc69.jpg,palm,palm,0.9772,0.840,1677.761,0.008,1678.609,1
fd6c1086-ed62-4fe1-b436-b6d0e896705c.jpg,pinkie,pinkie,0.6787,0.840,1677.761,0.008,1678.609,1
943132b4-24aa-43d4-879e-c202f759bfa1.jpg,others,rock,0.5124,0.840,1677.761,0.008,1678.609,0
d1a51bd4-4dc5-4fe5-9f8a-7d541d45515f.jpg,pinkie,pinkie,0.7562,0.840,1677.761,0.008,1678.609,1
53880da9-3a7f-4568-837a-4c08aaafa664.jpg,one,one,0.7832,0.840,1677.761,0.008,1678.609,1
b62bc376-436f-4a0f-b5c8-162dabb4eeb0.jpg,rock,rock,0.4022,0.840,1677.761,0.008,1678.609,1
826033f1-e3c9-4eb1-ad21-bf6c8dcdc918.jpg,others,others,0.6739,0.840,1677.761,0.008,1678.610,1
8f03b871-9c40-4a5f-a756-467e533919d7.jpg,palm,palm,0.8808,0.840,1677.761,0.008,1678.610,1
b6095416-b11b-4ee9-aa48-db779399973b.jpg,fist,fist,0.9991,0.840,1677.761,0.008,1678.609,1
4fad6fe7-535a-42e7-97ef-5fec6ab193a4.jpg,one,rock,0.6152,0.840,1677.761,0.008,1678.609,0
62c5ba2b-75d2-4edf-a2d7-9853e240656c.jpg,one,one,0.3697,0.840,1677.761,0.007,1678.609,1
44170378-3980-41f5-94f5-5be51c8a1858.jpg,palm,palm,0.7916,0.840,1677.761,0.008,1678.609,1
bb00c30f-dd9c-4dc1-af19-84c5d7bbba2e.jpg,pinkie,pinkie,0.5188,0.840,1677.761,0.008,1678.609,1
98a069b9-fef6-4d0e-bd6e-093b96d4740a.jpg,palm,palm,0.9842,0.840,1677.761,0.008,1678.609,1
1617efbb-3333-44cc-bb61-45662921606b.jpg,one,one,0.8277,0.840,1677.761,0.008,1678.609,1
9dac345e-b9b6-474e-96ad-d5c7496be764.jpg,rock,rock,0.3285,0.840,1677.761,0.007,1678.609,1
7892d716-c8ac-4d24-9e8f-b7bedfb457f1.jpg,others,others,0.5993,0.840,1677.761,0.008,1678.609,1
a1ceba56-f308-428a-8100-7b0199f07327.jpg,fist,fist,0.9581,0.840,1677.761,0.008,1678.608,1
46b3bb1a-1f1f-4a99-8088-f58ed5a58b8e.jpg,fist,fist,0.9964,0.840,1677.761,0.008,1678.609,1
3aa91be8-e7e7-4e49-9574-4abe7ed2bdc8.jpg,others,others,0.3710,0.840,1677.761,0.008,1678.609,1
79681775-0557-4dfb-a7d0-4df030f6cb8a.jpg,others,one,0.3849,0.840,1677.761,0.007,1678.608,0
75c5d8da-95b2-4d4f-9fee-db9fd6f1c332.jpg,pinkie,others,0.3945,0.840,1677.762,0.008,1678.610,0
f6f48371-e9cb-4eb8-94f4-36309eb07939.jpg,one,one,0.5481,0.840,1677.761,0.008,1678.609,1
d074c775-8b77-4d26-b6a4-8f4750065b7e.jpg,rock,rock,0.6345,0.840,1677.761,0.008,1678.609,1
246ae25c-edfc-4963-8dad-607fc92070a2.jpg,fist,fist,0.9999,0.840,1677.761,0.008,1678.609,1
80bb18b3-bf40-43ad-9fbe-fd3e2fb21b10.jpg,palm,palm,0.6927,0.840,1677.761,0.008,1678.609,1
e75f8c08-ac4b-4cb6-9656-cab602684ce4.jpg,palm,palm,0.9934,0.840,1677.761,0.008,1678.609,1
e9b93bd1-8dfe-47e3-943b-c44e02cdaef9.jpg,fist,fist,0.9956,0.840,1677.761,0.008,1678.609,1
09fb227c-9e56-41f5-9688-81bda68bf83c.jpg,rock,rock,0.9440,0.840,1677.761,0.008,1678.609,1
a9952b51-ae2c-4648-b8aa-842bc6032771.jpg,others,one,0.6176,0.840,1677.761,0.008,1678.609,0
6956ca18-73e2-4ef8-8882-3531be586af3.jpg,rock,rock,0.5098,0.840,1677.761,0.008,1678.609,1
46503cd8-8317-4a9b-85c0-5919c532e209.jpg,palm,palm,0.9633,0.840,1677.762,0.008,1678.610,1
d046906a-e4fd-406e-94fe-758cbbe762ec.jpg,others,fist,0.6878,0.840,1677.761,0.008,1678.609,0
2110d009-ad19-4dd0-ad42-c41a9f6957ba.jpg,rock,rock,0.2792,0.840,1677.761,0.007,1678.608,1
975b68c0-f20c-4994-9030-6e71d18d1c3a.jpg,others,others,0.6272,0.840,1677.761,0.008,1678.609,1
7d48d1b7-2d3a-4c8c-885d-16d5533440fc.jpg,palm,palm,0.9404,0.840,1677.761,0.008,1678.609,1
79cf8e42-f65d-4ab3-8d34-77c7de01a46f.jpg,pinkie,pinkie,0.6108,0.840,1677.761,0.008,1678.609,1
556311f8-b834-49c7-a0ef-802870b440d6.jpg,rock,rock,0.5265,0.840,1677.761,0.008,1678.609,1
2923059a-880e-4942-99c9-02b9550b5d40.jpg,pinkie,pinkie,0.2892,0.840,1677.760,0.007,1678.608,1
1203638d-e3d0-4b4c-8f73-351bb847a45f.jpg,fist,fist,0.9924,0.840,1677.761,0.008,1678.609,1
93218726-4101-480a-9aae-dd1793bc70a6.jpg,others,rock,0.5784,0.840,1677.761,0.008,1678.609,0
79bc35c7-c15d-42a1-a53b-ad59cccc7477.jpg,pinkie,rock,0.5615,0.840,1677.761,0.008,1678.609,0
31127f1b-0f96-4f0b-98b4-a83f209153a3.jpg,rock,rock,0.8638,0.840,1677.761,0.008,1678.609,1
c6140018-526a-4dd8-bd0a-70acbb5569aa.jpg,pinkie,pinkie,0.9008,0.840,1677.761,0.008,1678.609,1
a9b2a6ef-952f-46a1-be05-ab4436f080b6.jpg,pinkie,pinkie,0.8540,0.840,1677.761,0.008,1678.609,1
ab1352c7-dcfe-4885-8850-52f3a2891c08.jpg,rock,rock,0.9188,0.840,1677.761,0.008,1678.609,1
d6b6994e-63e0-4a64-8fc4-66523e564a7c.jpg,fist,fist,0.9834,0.840,1677.762,0.008,1678.610,1
74d9f43d-d1a7-4eb2-b5c4-8c326195bc7d.jpg,rock,one,0.4051,0.840,1677.761,0.008,1678.609,0
4305dfd7-f1a6-4bce-87bc-16a1313b655f.jpg,fist,fist,0.9999,0.840,1677.761,0.008,1678.609,1
8aea22c4-b113-40ca-9bd3-366c4a7c4475.jpg,fist,fist,0.9535,0.840,1677.761,0.008,1678.609,1
afb5aa47-8940-4898-a32b-cae1b9345b6a.jpg,fist,fist,0.9924,0.840,1677.761,0.008,1678.609,1
46f6fc84-31dd-4e6d-87aa-4a2ec7d907ee.jpg,palm,palm,0.9909,0.840,1677.761,0.008,1678.609,1
d0b714a3-1a43-4e3f-843f-85eb4210eeb3.jpg,one,one,0.5264,0.840,1677.761,0.008,1678.609,1
aed6ebf0-3f47-49be-89dd-ec75a702afdb.jpg,fist,fist,0.9458,0.840,1677.761,0.008,1678.609,1
f22dc8d8-3b2d-4909-bc3c-6fe9c9de6282.jpg,rock,rock,0.9855,0.840,1677.761,0.008,1678.609,1
ff432cec-0bc2-4877-9adb-f04fa62038a2.jpg,one,one,0.9320,0.840,1677.761,0.008,1678.609,1
2f938ba9-ada5-4eb6-8814-ac15d061e548.jpg,fist,fist,0.9972,0.840,1677.761,0.008,1678.608,1
fa733708-ae99-46d1-adfc-0fbbbff5efbf.jpg,rock,rock,0.7669,0.840,1677.761,0.008,1678.609,1
d3a25b9e-d87c-474f-a823-de30d4d2841f.jpg,rock,rock,0.7579,0.840,1677.761,0.008,1678.609,1
e972964e-4856-48c3-b495-cb7e2b86eb38.jpg,one,others,0.3305,0.840,1677.761,0.008,1678.609,0
acd782d4-d9af-46da-9fab-d5af7b347258.jpg,pinkie,rock,0.4248,0.840,1677.761,0.008,1678.609,0
6356e9b5-0685-4429-bfc5-f3c3126adbc9.jpg,rock,rock,0.4885,0.840,1677.761,0.008,1678.609,1
421d0108-dea6-42e3-8a9e-a3647804f02c.jpg,fist,fist,0.9990,0.840,1677.761,0.008,1678.608,1
a62210ea-923e-4925-b603-e79eb8d3dc98.jpg,fist,fist,0.9412,0.840,1677.761,0.008,1678.609,1
59f04e8f-57f9-4cd2-b4c9-19d0dfce1102.jpg,one,one,0.9981,0.840,1677.761,0.008,1678.609,1
381cc555-0c4f-44ff-9ce5-cdb89877ccae.jpg,rock,rock,0.6933,0.840,1677.761,0.008,1678.609,1
98e15309-7718-489f-a0b8-04b0fa4b59bf.jpg,fist,fist,0.6108,0.840,1677.761,0.008,1678.609,1
2142d14e-7eb1-4b5d-8f4b-7b0bfee43390.jpg,pinkie,one,0.2947,0.840,1677.761,0.007,1678.609,0
11c6fdaa-0351-4cce-8aa8-b1b888adb28d.jpg,others,one,0.3647,0.840,1677.761,0.008,1678.609,0
2bd29354-a697-4b87-b85f-816e26adecd2.jpg,others,one,0.4828,0.840,1677.761,0.008,1678.609,0
36251a72-187b-497a-b1f0-aa79a77f4593.jpg,others,others,0.9752,0.840,1677.761,0.008,1678.609,1
fdf868fd-5936-428c-acf4-d9c6da19e37b.jpg,palm,palm,0.8514,0.840,1677.761,0.008,1678.609,1
dddbf91e-4c49-495a-872d-65f71b5d0371.jpg,rock,rock,0.7339,0.840,1677.761,0.008,1678.609,1
d0ce70a1-ba2c-4769-ba6e-9fdca27e4454.jpg,others,one,0.3903,0.840,1677.761,0.008,1678.609,0
da5080bc-5ce7-4c99-8389-7ff74fd2f9be.jpg,palm,palm,0.9763,0.840,1677.761,0.008,1678.609,1
d04fa7fe-1cdb-4659-a172-3d38873ba89a.jpg,others,others,0.8694,0.840,1677.761,0.008,1678.609,1
25b7e89f-dcde-4f34-b8eb-9f234451c6f5.jpg,pinkie,pinkie,0.9521,0.840,1677.761,0.008,1678.609,1
85dc7ad9-ef39-4cff-af75-8e795a7acdee.jpg,pinkie,pinkie,0.7039,0.840,1677.761,0.008,1678.609,1
faaedd88-21eb-42d5-93c4-c3b9649fa4b9.jpg,rock,rock,0.7646,0.840,1677.761,0.008,1678.609,1
5c5c8bb8-7626-4b41-8232-2222f9f9a54a.jpg,palm,palm,0.9922,0.840,1677.761,0.008,1678.609,1
e04879fe-ff15-4c55-b892-d67c15bdc31c.jpg,rock,rock,0.9748,0.840,1677.760,0.008,1678.608,1
599c30af-dd77-4855-9082-63032325e149.jpg,others,others,0.6341,0.840,1677.761,0.008,1678.609,1
6c545f53-8adb-468a-bcf4-564e217f520f.jpg,one,one,0.9939,0.840,1677.761,0.008,1678.609,1
15f2b140-624c-417f-85f7-bab7357b2a06.jpg,others,others,0.5329,0.840,1677.761,0.008,1678.609,1
edb57d6e-93ef-4627-9988-5ea04916c96f.jpg,fist,fist,0.9887,0.840,1677.761,0.008,1678.609,1
b2b42d7b-af57-48d7-8efd-270698f5aa25.jpg,pinkie,pinkie,0.6611,0.840,1677.761,0.008,1678.609,1
81bbb8cf-2a13-4f43-8430-0e482405ec57.jpg,rock,rock,0.3699,0.840,1677.762,0.008,1678.610,1
26a6a4f8-c5f9-4667-b782-95f0d01a71bd.jpg,fist,fist,0.9732,0.840,1677.761,0.008,1678.609,1
3aee4164-d9ee-4947-8ee5-2e208cb62bc8.jpg,one,fist,0.6957,0.840,1677.761,0.008,1678.609,0
892375ad-7e1a-4fc9-83f4-bfebcf13da03.jpg,pinkie,rock,0.4278,0.840,1677.761,0.008,1678.609,0
39f7e8c4-b277-48b5-9b19-180cfd2b0795.jpg,others,one,0.7629,0.840,1677.761,0.008,1678.609,0
2c73ca3c-205c-40d2-8fdd-41186eddada9.jpg,others,rock,0.5408,0.840,1677.761,0.008,1678.609,0
752459e0-6bd1-4980-9808-da924a7a4abf.jpg,fist,fist,0.9715,0.840,1677.761,0.008,1678.609,1
c230e48f-9f64-4511-9c5d-40c443bcef56.jpg,one,one,0.4728,0.840,1677.761,0.008,1678.609,1
068369af-78dd-486f-8d7c-ac9ab48281dc.jpg,palm,palm,0.9852,0.840,1677.761,0.008,1678.609,1
57239b8b-4bcf-4967-9ec1-e6ed4b363b55.jpg,rock,rock,0.8639,0.840,1677.761,0.008,1678.609,1
8c54b179-66bc-4db4-91cb-3cfdefa9ade3.jpg,palm,palm,0.9590,0.840,1677.761,0.008,1678.610,1
525e284e-7c16-46dc-b16a-fe46e631b668.jpg,rock,rock,0.9988,0.840,1677.761,0.008,1678.609,1
e4951414-dd7d-4190-99d3-92d00b2eb6f1.jpg,fist,fist,0.9991,0.840,1677.761,0.008,1678.609,1
9714a192-2af5-498e-96e0-e5e72d591dfc.jpg,one,pinkie,0.3413,0.840,1677.761,0.007,1678.609,0
f0b8e43a-2354-4bdc-97f2-50f87978679e.jpg,one,one,0.7572,0.840,1677.761,0.008,1678.609,1
7bc2d7bb-7882-454c-ae7e-c9664768ae09.jpg,rock,rock,0.9594,0.840,1677.761,0.008,1678.609,1
046ae137-429b-4145-96a0-94579f9d746b.jpg,fist,fist,0.9409,0.840,1677.761,0.008,1678.609,1
68144a0f-4d12-4c2f-8469-7c8b1c42ac17.jpg,one,one,0.9063,0.840,1677.761,0.008,1678.609,1
d228f7ab-9c05-45d6-abb6-04bbc4b641c5.jpg,pinkie,pinkie,0.6848,0.840,1677.761,0.008,1678.609,1
bf608b5b-5ba1-44bf-a1dd-6e6390438d46.jpg,others,one,0.2565,0.840,1677.761,0.007,1678.609,0
6da2ffaf-6567-4de7-bf9f-5c8146cc6e77.jpg,one,one,0.5158,0.840,1677.761,0.008,1678.609,1
5b838faa-73a5-484b-9937-cef87c6d25f1.jpg,pinkie,pinkie,0.6119,0.840,1677.761,0.008,1678.609,1
c02349ca-8b59-4c6e-b0df-2c8c6c5516bb.jpg,pinkie,pinkie,0.8562,0.840,1677.761,0.008,1678.609,1
2356cdc4-1b17-4090-bcd2-d6d4062ecc22.jpg,rock,rock,0.9845,0.840,1677.761,0.008,1678.609,1
e3e3a4ce-848b-4ec1-9b2d-0cf7829e0fd5.jpg,palm,palm,0.8824,0.840,1677.761,0.008,1678.609,1
47592ed0-6354-456a-a828-b49d0a4b6c84.jpg,one,one,0.8566,0.840,1677.761,0.008,1678.609,1
f68443b7-70d4-41e6-9ade-25e8d48b248b.jpg,one,pinkie,0.5623,0.840,1677.761,0.008,1678.609,0
c5dc5c73-d3c3-43ae-9f0e-4e0e98436a76.jpg,palm,palm,0.9679,0.840,1677.761,0.008,1678.609,1
cb196fd2-6bb9-4c2f-be5f-e8ff0f1cef63.jpg,fist,fist,0.9759,0.840,1677.761,0.008,1678.609,1
0b428df7-3429-4a03-a4e4-691fdd51089e.jpg,palm,palm,0.9979,0.840,1677.761,0.008,1678.609,1
8d5f7ea8-7d5d-48d6-b08a-75cef8ae00c2.jpg,others,others,0.4317,0.840,1677.761,0.008,1678.609,1
5e339c08-8173-4b5b-8c02-a6b3d778bc45.jpg,palm,palm,0.9971,0.840,1677.761,0.008,1678.609,1
7b7b68d1-b8ee-4608-8bd2-6deeb386ea67.jpg,rock,rock,0.3038,0.840,1677.761,0.008,1678.609,1
8a8ef2e2-d543-4116-913e-f80fdcad8168.jpg,fist,fist,0.9937,0.840,1677.761,0.008,1678.609,1
a4e61fbe-048f-45fd-98c6-6b4a71fc62a3.jpg,rock,rock,0.4606,0.840,1677.761,0.008,1678.609,1
d7302d92-89ed-40d9-9287-f476116d6ea7.jpg,others,others,0.5958,0.840,1677.761,0.008,1678.609,1
59869044-1361-4977-808a-e7c737074a25.jpg,fist,fist,0.9995,0.840,1677.761,0.008,1678.609,1
3fbe3c0b-c006-4e72-9ad6-b2281347c21d.jpg,pinkie,pinkie,0.9845,0.840,1677.761,0.008,1678.609,1
5bdfdd1a-baac-4ce0-923e-6daf306cc1ab.jpg,one,fist,0.7538,0.840,1677.761,0.008,1678.609,0
dbae9fdc-7221-40e7-acf3-2c3e198a203b.jpg,palm,palm,0.9955,0.840,1677.761,0.008,1678.609,1
f8821fd4-72e1-4cca-af84-76c9dc414ccc.jpg,pinkie,fist,0.2752,0.840,1677.761,0.007,1678.609,0
6ccf9430-f180-4c9b-a0ab-4161757633b9.jpg,pinkie,others,0.4434,0.840,1677.761,0.008,1678.609,0
d4e24485-1a30-4257-acc4-87e55d167083.jpg,one,rock,0.3250,0.840,1677.761,0.007,1678.608,0
df408b94-c2f9-4c1c-9165-0caec3b263b9.jpg,one,palm,0.2781,0.840,1677.761,0.007,1678.609,0
cdcd35b2-27bf-4569-8fbf-efbd082f485f.jpg,one,one,0.9470,0.840,1677.762,0.008,1678.610,1
28b0690e-2f42-4ab5-a1e6-311cb36bb4e6.jpg,rock,rock,0.5929,0.840,1677.760,0.008,1678.608,1
def9a905-129d-49b4-8c00-6c89394defb8.jpg,one,one,0.5059,0.840,1677.761,0.008,1678.609,1
d2470649-fde0-43d6-a7ed-394e5ecfc422.jpg,others,others,0.7756,0.840,1677.761,0.008,1678.609,1
8c5963ea-3fd0-408f-8820-ced48a33b2ff.jpg,palm,palm,0.6631,0.840,1677.760,0.008,1678.609,1
c15f7898-8115-4aac-8fd5-a3e34aac7210.jpg,fist,fist,0.8644,0.840,1677.760,0.008,1678.609,1
7e04db0d-1b6e-4595-84ab-5305e523171e.jpg,fist,fist,0.7303,0.840,1677.761,0.008,1678.609,1
c89ed221-0473-4c21-a3e9-9938f79c0193.jpg,palm,palm,0.9986,0.840,1677.761,0.008,1678.609,1
52f9ada0-48e1-4ce6-badb-d62be9ba7d2f.jpg,fist,fist,0.9942,0.840,1677.761,0.008,1678.609,1
695b86e5-0858-457c-8cc1-119d5fc3348a.jpg,others,others,0.9669,0.840,1677.761,0.008,1678.609,1
a2c10530-67f2-4ba7-a838-67f4cb5a6a55.jpg,one,one,0.2521,0.840,1677.761,0.007,1678.609,1
2e12bc11-4c18-4529-9014-4f215c524616.jpg,fist,fist,0.2920,0.840,1677.762,0.007,1678.609,1
3dbdacf9-1507-45da-b0cb-f538ede9ae24.jpg,rock,rock,0.8788,0.840,1677.761,0.008,1678.609,1
128e49fd-b997-41ee-afb2-3b040d06af05.jpg,others,others,0.9107,0.840,1677.761,0.008,1678.609,1
8b92aa55-fde6-4db7-a4ff-ce31930ecb18.jpg,fist,fist,0.9821,0.840,1677.761,0.008,1678.609,1
413810c7-178b-4fb1-b0a4-ba60dce2dec9.jpg,pinkie,fist,0.9263,0.840,1677.761,0.008,1678.609,0
7a54c713-690d-4b4f-872e-5e774fc29eae.jpg,palm,palm,0.9585,0.840,1677.760,0.008,1678.609,1
afd6b392-da53-4ef6-9324-d060b2b99add.jpg,rock,rock,0.9700,0.840,1677.761,0.008,1678.609,1
8c70c991-874c-4910-9ba5-b3922ccb9aee.jpg,pinkie,fist,0.6914,0.840,1677.761,0.008,1678.609,0
b8c1cab1-4d7f-421c-8f88-9701115cf600.jpg,rock,rock,0.6769,0.840,1677.761,0.008,1678.609,1
f4536107-acdf-4237-96cd-f1e9d38250a1.jpg,pinkie,pinkie,0.4918,0.840,1677.761,0.008,1678.609,1
19b99ae1-0d4e-45d9-b2a8-353c60af2d6c.jpg,palm,palm,0.7967,0.840,1677.761,0.008,1678.609,1
5ae05d06-5f32-4381-b309-a87b6dbd9d3b.jpg,fist,fist,0.9994,0.840,1677.761,0.008,1678.608,1
e48df0e6-f6aa-4f55-9998-d1aa0754ec7e.jpg,others,one,0.5727,0.840,1677.760,0.008,1678.608,0
8a53b940-01d7-4bbf-bcdd-a03edd4bd717.jpg,fist,fist,0.8712,0.840,1677.761,0.008,1678.609,1
6ed3723b-ab0e-4b2b-9951-c781266f631c.jpg,rock,rock,0.9425,0.840,1677.761,0.008,1678.610,1
5f0e5a87-0b51-43a3-a9bf-97528e8a35b9.jpg,one,one,0.7662,0.840,1677.761,0.008,1678.609,1
d93e8348-f0de-4737-b0ca-857ac12553cf.jpg,fist,fist,0.6194,0.840,1677.761,0.008,1678.609,1
43a57376-97f8-4adb-901d-a90cb6e26058.jpg,rock,rock,0.5527,0.840,1677.760,0.008,1678.608,1
2fbaf79c-000a-4aaf-b24a-dbbbf63151e3.jpg,one,one,0.9348,0.840,1677.761,0.008,1678.609,1
98604e6d-a04e-4940-9d91-afbc1c9ade79.jpg,others,others,0.8807,0.840,1677.761,0.008,1678.610,1
2ca6e093-64c1-48b2-93df-92fe24b8cf48.jpg,palm,palm,0.9980,0.840,1677.761,0.008,1678.609,1
4f45f4f3-5832-4e11-92fb-8a5d8734ff4d.jpg,others,others,0.9728,0.840,1677.761,0.008,1678.609,1
87024197-8239-4f17-b468-dacbf97645ab.jpg,fist,fist,0.9895,0.840,1677.761,0.008,1678.609,1
bcf84068-d3ce-40fe-837b-9a25b417227e.jpg,rock,rock,0.4232,0.840,1677.761,0.008,1678.608,1
a3d03d0b-56bc-4d5c-9152-380b11aa37d9.jpg,others,others,0.4466,0.840,1677.761,0.008,1678.609,1
ca3f4471-19e7-4112-a2bd-1995572b0bde.jpg,fist,fist,0.9938,0.840,1677.760,0.008,1678.608,1
2fbaf79c-000a-4aaf-b24a-dbbbf63151e3.jpg,one,one,0.9348,0.840,1677.761,0.008,1678.609,1
0d0caffe-b328-4c97-894c-199cc1c66421.jpg,one,one,0.4610,0.840,1677.762,0.008,1678.610,1
80f578f4-8e63-4f02-bb5c-b9c347aa70d7.jpg,rock,rock,0.6059,0.840,1677.761,0.008,1678.609,1
7b7b68d1-b8ee-4608-8bd2-6deeb386ea67.jpg,rock,rock,0.3038,0.840,1677.761,0.008,1678.609,1
4ba2bbd0-d093-4218-b529-1608cd972485.jpg,pinkie,pinkie,0.7426,0.840,1677.761,0.008,1678.609,1
956dfc1c-e1b9-439a-9ee7-7aa45155c02a.jpg,fist,fist,0.9121,0.840,1677.761,0.008,1678.609,1
a621bbcc-9647-433a-a9a1-00473abe7449.jpg,rock,rock,0.4447,0.840,1677.761,0.008,1678.609,1
9b16b715-b91c-4643-bdfe-5d2f7988c06b.jpg,one,one,0.6980,0.840,1677.761,0.008,1678.609,1
7165c1ce-75c1-4f34-898d-037a2d06a012.jpg,others,pinkie,0.4294,0.840,1677.760,0.008,1678.608,0
5ca2694f-29d2-4494-822c-343b781e199f.jpg,one,one,0.9692,0.840,1677.760,0.008,1678.609,1
15981504-da7f-43bc-b9e7-6625b42afe32.jpg,palm,palm,0.9187,0.840,1677.761,0.008,1678.609,1
f3a3e0f1-ec96-4cfe-b2cf-0e7d52fff12e.jpg,one,one,0.4484,0.840,1677.761,0.008,1678.609,1
d02e23c6-e3d6-401a-bfe7-db5320fc7651.jpg,pinkie,pinkie,0.3629,0.840,1677.761,0.007,1678.609,1
060e6177-6435-459c-b0bd-8f04db3e4f02.jpg,one,one,0.6767,0.840,1677.761,0.008,1678.609,1
f356831f-cc42-4afb-b0a4-4c9676f40207.jpg,palm,palm,0.7989,0.840,1677.761,0.008,1678.609,1
1a8d1186-0e59-410c-91ec-115b840f7147.jpg,palm,palm,0.9962,0.840,1677.761,0.008,1678.609,1
806fcb81-ebb1-4b13-915c-f2b211ff7cd8.jpg,pinkie,pinkie,0.9948,0.840,1677.761,0.008,1678.609,1
ba9ba140-8fe0-4f28-92c8-53ef6bcdf60f.jpg,others,others,0.4923,0.840,1677.761,0.008,1678.609,1
4deb880a-fe2c-4e43-9452-c20182a27a11.jpg,others,one,0.4841,0.840,1677.761,0.008,1678.609,0
e91dd937-6eec-44db-8150-c1ce2f091619.jpg,others,others,0.7241,0.840,1677.761,0.008,1678.609,1
6be246de-946b-4c63-8c8e-517ffb04ab0f.jpg,pinkie,pinkie,0.6770,0.840,1677.761,0.008,1678.609,1
5b11ccda-8dd6-453a-ae12-63a7c500ba65.jpg,rock,rock,0.6716,0.840,1677.761,0.008,1678.609,1
3a22fb79-3ae1-47af-adab-550d10cb7281.jpg,palm,palm,0.9990,0.840,1677.761,0.008,1678.609,1
c6ee70f7-7c9a-465b-aabc-1b3a0de21021.jpg,rock,rock,0.8325,0.840,1677.761,0.008,1678.609,1
e96d57c1-ebdd-47ae-9df0-d0fba8e48001.jpg,others,others,0.6682,0.840,1677.761,0.008,1678.609,1
b2532751-48f3-4239-922e-d7f17bec6bd8.jpg,one,one,0.8508,0.840,1677.761,0.008,1678.609,1
5d772912-50c2-4260-9d0b-8fb65986509c.jpg,palm,palm,0.9925,0.840,1677.761,0.008,1678.609,1
062c306e-c593-4de8-8aed-f292beca6ddd.jpg,palm,palm,0.9851,0.840,1677.761,0.008,1678.609,1
04ad55f7-88f5-413e-bc27-1e538bf96818.jpg,fist,fist,0.9976,0.840,1677.761,0.008,1678.609,1
3d21e992-d60c-4aa0-9fdc-de9c409a477c.jpg,one,one,0.9554,0.840,1677.761,0.008,1678.609,1
60da3fbf-eeed-4907-a01f-9f690e622bf9.jpg,others,others,0.9572,0.840,1677.761,0.008,1678.609,1
4487668b-8c73-4636-918b-9fcda1f3bc4b.jpg,palm,rock,0.3744,0.840,1677.761,0.008,1678.609,0
370b0ab3-1412-4ccf-8482-68db08fc2c8d.jpg,fist,fist,0.9485,0.840,1677.761,0.008,1678.609,1
779e6a95-d88b-4eec-9a03-ddc936378ce6.jpg,one,others,0.7159,0.840,1677.761,0.008,1678.609,0
d64d1277-ef0d-471a-836f-9f369b32f451.jpg,others,one,0.3053,0.840,1677.761,0.007,1678.609,0
9a583601-9ba6-4d16-98bd-0a64f8a4b495.jpg,palm,palm,0.9541,0.840,1677.761,0.008,1678.609,1
08391db4-41d0-43bd-9cdd-c0d15aeb3f54.jpg,palm,palm,0.9448,0.840,1677.761,0.008,1678.609,1
576d6d01-ed0a-4da8-bdd4-09026414df27.jpg,fist,fist,0.3766,0.840,1677.761,0.008,1678.609,1
fb4cdee1-8411-4d79-a581-bb590621e880.jpg,one,one,0.8070,0.840,1677.761,0.008,1678.609,1
80f49743-ce27-43f8-b124-015d86c000d2.jpg,one,pinkie,0.3697,0.840,1677.761,0.008,1678.609,0
20c268ad-2777-42c3-a2a0-edaabd6708e4.jpg,rock,rock,0.6098,0.840,1677.761,0.008,1678.609,1
13ebb3b6-5c90-4b0b-9cfe-adf7c7937bfc.jpg,rock,rock,0.7847,0.840,1677.761,0.008,1678.609,1
be68914b-5dab-4943-aa75-41e1adbbaeff.jpg,one,one,0.9775,0.840,1677.762,0.008,1678.610,1
ff8a6c64-54bf-4de2-a019-dae64c130340.jpg,others,others,0.3148,0.840,1677.761,0.007,1678.609,1
21342180-af5c-4134-b144-c097226b8b8b.jpg,one,one,0.9276,0.840,1677.761,0.008,1678.609,1
f25f5a8e-273f-4e04-ad4d-901983530cae.jpg,pinkie,pinkie,0.8560,0.840,1677.761,0.008,1678.609,1
af1e9379-a087-4814-ba24-3c6843872981.jpg,rock,fist,0.5612,0.840,1677.761,0.008,1678.609,0
f2c55498-c100-4a6d-a669-32740ac6e174.jpg,one,one,0.9904,0.840,1677.760,0.008,1678.608,1
a5da1c1c-e3a5-4f34-959f-30e47d316769.jpg,fist,fist,1.0000,0.840,1677.761,0.008,1678.609,1
3f4cf868-933c-4654-9d4f-03fb340566e4.jpg,fist,fist,0.9965,0.840,1677.761,0.008,1678.609,1
ec66996b-a702-4305-aaeb-926d98c70be4.jpg,fist,fist,0.6907,0.840,1677.760,0.008,1678.608,1
14599795-07f2-457d-a4a2-91ece83cebb8.jpg,rock,rock,0.3281,0.840,1677.761,0.007,1678.608,1
1fff45d8-1893-40f0-883b-458d234b7178.jpg,fist,fist,0.9769,0.840,1677.761,0.008,1678.609,1
3c770847-ba63-4077-bfce-98db4d37e50f.jpg,pinkie,one,0.5693,0.840,1677.761,0.008,1678.609,0
ceab08f6-a6b7-46d1-989e-193772ae3df4.jpg,pinkie,one,0.3997,0.840,1677.761,0.008,1678.609,0
93424170-c845-42cc-b266-e6a06f564f6f.jpg,fist,fist,0.9610,0.840,1677.761,0.008,1678.609,1
53093f30-646b-423d-9274-9644d0da0d9e.jpg,fist,fist,0.9045,0.840,1677.761,0.008,1678.609,1
b8127bbb-d638-4a41-96bc-0c0f155a64a7.jpg,pinkie,pinkie,0.8681,0.840,1677.762,0.008,1678.610,1
fe223e0a-37cb-45a7-a99c-a65a56b5fa85.jpg,pinkie,pinkie,0.5809,0.840,1677.761,0.008,1678.609,1
e194ba0a-d024-49a7-8c89-40a598f7ba99.jpg,others,others,0.2537,0.840,1677.761,0.007,1678.608,1
fbffec5f-05bc-44d0-aca3-cd6146b9daab.jpg,one,one,0.8034,0.840,1677.761,0.008,1678.609,1
6b57e961-4ea3-4a33-b503-8e2ca200c887.jpg,pinkie,one,0.8208,0.840,1677.761,0.008,1678.609,0
ae3d2738-0a02-48a6-bca6-1bd10918cb17.jpg,palm,palm,0.9577,0.840,1677.761,0.008,1678.609,1
86b54b69-ceae-4d4c-8fb1-2317225efce6.jpg,rock,rock,0.6554,0.840,1677.761,0.008,1678.609,1
c8dbf138-c4a7-424e-8fd4-40c528000340.jpg,rock,rock,0.9621,0.840,1677.761,0.008,1678.609,1
8064ab53-bc63-4c0c-9237-906731c440c7.jpg,palm,palm,0.9903,0.840,1677.761,0.008,1678.609,1
c7ece029-bfbc-44aa-933f-afe254e9e013.jpg,pinkie,pinkie,0.4178,0.840,1677.761,0.008,1678.609,1
33f08920-1051-4b49-a213-865f49c52851.jpg,palm,palm,0.7118,0.840,1677.761,0.008,1678.609,1
3141b536-843f-46f6-9afc-3ec828532616.jpg,one,one,0.7746,0.840,1677.761,0.008,1678.609,1
e0263122-91f8-4f7c-944e-9926007d51dc.jpg,one,one,0.5779,0.840,1677.761,0.008,1678.609,1
f31764e9-2f6e-4665-ac2b-1aa4a7f2710f.jpg,rock,rock,0.7964,0.840,1677.761,0.008,1678.609,1
3345d407-3e5e-4ff4-afe5-c3577f4d440f.jpg,one,one,0.5802,0.840,1677.761,0.008,1678.609,1
042b2307-0f14-41a8-b1bd-05ce7c48b1bf.jpg,rock,rock,0.6522,0.840,1677.761,0.008,1678.609,1
ac723ef1-a3a1-47fa-80f4-05ad8cfed839.jpg,palm,palm,0.2387,0.840,1677.761,0.007,1678.608,1
0a9d1ad3-3142-472e-9088-7cddc11e8815.jpg,palm,palm,0.9654,0.840,1677.761,0.008,1678.609,1
dba27dc8-dc23-4a04-bcc5-5cd6d73e5f3c.jpg,fist,fist,0.9564,0.840,1677.760,0.008,1678.608,1
ff6af190-ca2b-4ca8-8ac4-f488c8e09fd2.jpg,fist,fist,0.9974,0.840,1677.761,0.008,1678.609,1
212f2603-3379-4aeb-b00a-f3677f5782b5.jpg,palm,palm,0.9961,0.840,1677.761,0.008,1678.609,1
d1b0bf56-17e9-4e71-b5ca-85f9e04782a9.jpg,rock,rock,0.3889,0.840,1677.761,0.008,1678.609,1
0670b408-8429-4014-a559-e64bc238852f.jpg,palm,palm,0.9983,0.840,1677.761,0.008,1678.609,1
965809ab-b1c8-433c-9a3f-0b0c75523647.jpg,others,others,0.3710,0.840,1677.761,0.008,1678.609,1
8b1781e8-4994-473a-9e1c-b0b8401bf92f.jpg,palm,palm,0.9721,0.840,1677.761,0.008,1678.609,1
9a889c52-2788-4875-81ca-518394ad79f4.jpg,others,others,0.5339,0.840,1677.761,0.008,1678.609,1
2bd5ae3a-effb-456d-b07f-d056f30f5abf.jpg,pinkie,pinkie,0.4831,0.840,1677.761,0.008,1678.609,1
2aa9d26c-7888-4c7b-ac57-85ef6b2d9fcb.jpg,palm,palm,0.7101,0.840,1677.761,0.008,1678.609,1
314c0308-5520-4e2f-9dd4-a09a58e58833.jpg,one,one,0.7716,0.840,1677.761,0.008,1678.609,1
8458cccd-5ec3-40a0-a7a6-e9ca774ffcca.jpg,rock,rock,0.3987,0.840,1677.761,0.008,1678.609,1
34e6ffe7-1ec9-4d3f-92aa-2ee005ac8ba3.jpg,rock,rock,0.9224,0.840,1677.761,0.008,1678.609,1
6c6bcbee-f182-4fd7-807e-f9ffb7895d72.jpg,fist,fist,0.7326,0.840,1677.761,0.008,1678.609,1
67ebf646-ebda-4790-b745-beb5250cb034.jpg,one,others,0.5985,0.840,1677.761,0.008,1678.609,0
ef0059c1-b842-4320-aa15-d9e8583b178a.jpg,rock,pinkie,0.4752,0.840,1677.761,0.008,1678.609,0
1b4035f4-9e47-46d7-bdc5-2ebaaa45a338.jpg,one,one,0.7110,0.840,1677.761,0.008,1678.609,1
69eaae58-6e1a-4c95-b2d6-2ce04fcb08a9.jpg,palm,palm,0.8641,0.840,1677.761,0.008,1678.609,1
09c82f68-268b-4e90-8dba-de3f742f3d34.jpg,fist,fist,0.6916,0.840,1677.761,0.008,1678.608,1
0531d540-91c8-4343-a459-79aaeb20fa06.jpg,others,one,0.4256,0.840,1677.761,0.008,1678.608,0
3edcfaaf-0482-4238-91ae-c4753472fbfc.jpg,one,one,0.7106,0.840,1677.761,0.008,1678.609,1
f259ecd3-303a-408f-9f84-8b1264b4059e.jpg,one,one,0.7119,0.840,1677.761,0.008,1678.609,1
8566b8ff-262c-4501-8a30-c6709f0bf4b3.jpg,one,one,0.5583,0.840,1677.760,0.008,1678.608,1
41440bc4-f4c8-47e3-b6c3-71f8bc99d2c2.jpg,rock,rock,0.9201,0.840,1677.761,0.008,1678.610,1
bc15f687-6864-4f7b-8e42-8d6352c05cc7.jpg,others,others,0.9431,0.840,1677.761,0.008,1678.609,1
167581e8-bc11-4c43-912e-e957f64a2912.jpg,one,one,0.6809,0.840,1677.761,0.008,1678.609,1
d5dcb866-f3c5-423b-933c-33395f97a2d7.jpg,others,one,0.3242,0.840,1677.761,0.007,1678.608,0
17318197-2ba6-45eb-9ebe-d5e1f0cdf448.jpg,pinkie,one,0.7025,0.840,1677.761,0.008,1678.609,0
092b6e52-4022-4f44-b392-39d43b602b69.jpg,rock,one,0.5569,0.840,1677.761,0.008,1678.609,0
68b0f4ae-2cc2-4665-892c-acec18f7bf7d.jpg,palm,palm,0.9742,0.840,1677.761,0.008,1678.609,1
dd01f68c-68dc-4793-a5fb-7b0573dfe452.jpg,palm,palm,0.9985,0.840,1677.761,0.008,1678.609,1
a19380d6-7ed4-4ea1-b779-70756145f13d.jpg,fist,fist,0.9988,0.840,1677.761,0.008,1678.609,1
521a74ef-5d9b-46c7-8c4a-3e8d3ea32bec.jpg,pinkie,pinkie,0.5864,0.840,1677.761,0.008,1678.609,1
9aa4bf96-0c1c-4ea9-be08-66e421573991.jpg,pinkie,pinkie,0.4671,0.840,1677.761,0.008,1678.609,1
60212fe7-9133-4cb8-936d-1df0d9c08646.jpg,pinkie,pinkie,0.9303,0.840,1677.762,0.008,1678.610,1
c4238020-3be6-4ae2-884d-ce49a40faedb.jpg,pinkie,pinkie,0.6951,0.840,1677.761,0.008,1678.609,1
7ee92b7b-d912-47aa-9060-f208a6f6b887.jpg,one,one,0.4911,0.840,1677.761,0.008,1678.609,1
62854e38-3e60-47ea-9d03-0edbcd757af3.jpg,others,palm,0.7919,0.840,1677.761,0.008,1678.609,0
a82a8eb6-4ecb-4015-afd4-b7a82e00815d.jpg,fist,fist,0.9362,0.840,1677.761,0.008,1678.609,1
363c9adb-7ec8-447f-bf02-b3f53d5cda17.jpg,palm,palm,0.9424,0.840,1677.761,0.008,1678.610,1
8f24530a-54dd-4b9a-b6e8-32433bd59221.jpg,fist,fist,0.7410,0.840,1677.761,0.008,1678.609,1
750c39a3-7947-4500-81ac-ec258e4cdc1f.jpg,fist,fist,0.8452,0.840,1677.761,0.008,1678.609,1
8129216d-cf50-4f67-8a18-e26864d4c2ee.jpg,fist,fist,0.9998,0.840,1677.761,0.008,1678.609,1
91c8b7ab-0603-43b6-b85b-74c55a5e96fa.jpg,palm,palm,0.9939,0.840,1677.761,0.008,1678.609,1
1527c4cb-c1bc-409f-b6c1-5aac40c3affd.jpg,palm,palm,0.9701,0.840,1677.761,0.008,1678.609,1
db76209c-d3ee-459c-b413-dff919080ded.jpg,pinkie,pinkie,0.5521,0.840,1677.760,0.008,1678.608,1
9a833110-07d2-4055-8efb-5776c7b124a1.jpg,fist,fist,0.9698,0.840,1677.761,0.008,1678.609,1
e35ce5dc-9a00-4413-bfb4-11f1d067f437.jpg,pinkie,pinkie,0.4643,0.840,1677.761,0.008,1678.609,1
e3cc0c87-4b4f-4f64-b708-b83c212f314d.jpg,others,one,0.4100,0.840,1677.761,0.007,1678.609,0
e295cfed-f194-4d84-b8fd-d4a7a55d60b9.jpg,others,one,0.7772,0.840,1677.761,0.008,1678.609,0
cecc1108-9900-432b-9ff9-141c5f89c910.jpg,palm,palm,0.9945,0.840,1677.761,0.008,1678.609,1
367450d5-a979-4fa9-880c-7e539c3d9d3e.jpg,rock,rock,0.7781,0.840,1677.760,0.008,1678.608,1
7f85dc1d-6400-4dc8-a339-ce564735f2ac.jpg,rock,rock,0.4251,0.840,1677.761,0.007,1678.608,1
360b068a-7a0a-47b0-9d74-13eedf58ea6a.jpg,rock,rock,0.8896,0.840,1677.761,0.008,1678.609,1
98335c68-c8ac-4f9b-9c30-0c1b3ed4cb0d.jpg,one,one,0.9256,0.840,1677.761,0.008,1678.609,1
6fbaf16e-a977-4815-8958-73d5a066d400.jpg,pinkie,pinkie,0.6441,0.840,1677.761,0.008,1678.609,1
b0d6625e-7955-4dfc-ae05-2bf158510f69.jpg,palm,palm,0.9735,0.840,1677.761,0.008,1678.609,1
f4684cae-3515-49a6-810c-68e8f993f178.jpg,pinkie,pinkie,0.7437,0.840,1677.761,0.008,1678.609,1
45d0cfb0-d457-4585-a600-c4f3dbc0903e.jpg,rock,pinkie,0.7561,0.840,1677.760,0.008,1678.609,0
9600e777-4794-4b88-bf5c-b273fddfa548.jpg,rock,rock,0.8562,0.840,1677.761,0.008,1678.608,1
a8d5918d-d48a-4d10-8e19-2bc18f8048b1.jpg,one,one,0.6805,0.840,1677.761,0.008,1678.609,1
9c507ccc-0876-4b26-9f90-b96adebc3fc2.jpg,rock,rock,0.9490,0.840,1677.761,0.008,1678.609,1
7ec20756-6ebb-41a4-8cce-71fc5b6b70c5.jpg,others,others,0.7492,0.840,1677.761,0.008,1678.609,1
d90d8292-4151-4a4b-aed6-f5b85d5c10be.jpg,palm,palm,0.7599,0.840,1677.761,0.008,1678.609,1
e17c777e-ce96-4467-ad8a-007d1962092d.jpg,pinkie,pinkie,0.9967,0.840,1677.761,0.008,1678.609,1
51443666-8e1b-4dd3-b10b-d8e3496218c1.jpg,others,others,0.6882,0.840,1677.761,0.008,1678.609,1
c38ad3b0-6876-483f-b1c8-e7f6970cf06e.jpg,others,one,0.6846,0.840,1677.761,0.008,1678.609,0
e4892355-a70e-4d96-bb0e-61d7c17904f7.jpg,others,others,0.9899,0.840,1677.761,0.008,1678.609,1
f98b21fc-b216-43ac-a461-3096bfe85df1.jpg,one,one,0.3854,0.840,1677.760,0.008,1678.608,1
eee4a07b-10fc-42bb-9dba-b67a54222d37.jpg,palm,palm,0.9937,0.840,1677.761,0.008,1678.609,1
ff9481d8-8d35-42ed-b0e7-5e7172d1730a.jpg,palm,palm,0.9990,0.840,1677.761,0.008,1678.609,1
36cd5bcd-04a8-45b7-a2d6-a312a2064945.jpg,fist,fist,0.9080,0.840,1677.761,0.008,1678.609,1
6f8f6b4d-0feb-4836-a446-b8701f1017f3.jpg,one,one,0.6387,0.840,1677.761,0.008,1678.609,1
594980b7-d43f-47cf-a4bf-dac76ba20526.jpg,others,palm,0.7911,0.840,1677.761,0.008,1678.609,0
7c411dd7-2c4a-46f8-b3d1-283d32f67ed7.jpg,palm,palm,0.8971,0.840,1677.760,0.008,1678.608,1
508e35f3-a8b0-4511-b4a3-d688b3421182.jpg,palm,palm,0.9991,0.840,1677.761,0.008,1678.609,1
bae3c3fe-cc27-404f-a8be-56cc3064b451.jpg,fist,one,0.3341,0.840,1677.761,0.008,1678.609,0
69e53c1d-f902-4219-a445-a8267faad6ee.jpg,others,one,0.5854,0.840,1677.762,0.008,1678.610,0
27f5e7ac-aaf6-4dab-b437-379d3b08bbdb.jpg,rock,rock,0.9160,0.840,1677.761,0.008,1678.609,1
ce43fd87-26f2-4436-b072-49be8fc68155.jpg,rock,rock,0.9050,0.840,1677.761,0.008,1678.609,1
5f029401-eb7f-454a-9059-2cd7f772e714.jpg,pinkie,pinkie,0.9862,0.840,1677.761,0.008,1678.609,1
25b0c221-c503-46a7-a141-e6091e9301de.jpg,one,one,0.9541,0.840,1677.761,0.008,1678.609,1
f9df97f5-cb1f-46b7-a187-ae929ae27acc.jpg,one,one,0.9937,0.840,1677.761,0.008,1678.609,1
98ed0bc6-7a60-468a-af07-836a83cb3d92.jpg,rock,rock,0.9286,0.840,1677.761,0.008,1678.609,1
2fa144dc-8b23-4d63-81a8-1e55ea78c647.jpg,others,one,0.4547,0.840,1677.761,0.008,1678.609,0
d3f0779f-d981-4181-b515-430fee875ad1.jpg,pinkie,fist,0.7032,0.840,1677.761,0.008,1678.609,0
a83096cd-986a-4a9a-bfb3-4d9e4d140a49.jpg,others,others,0.6223,0.840,1677.761,0.008,1678.609,1
34e7bcf5-3d7e-41e2-86cd-66281225e165.jpg,palm,palm,0.9053,0.840,1677.761,0.008,1678.609,1
9123763e-47a0-42ee-b297-7f4c3db64330.jpg,rock,fist,0.5327,0.840,1677.761,0.008,1678.609,0
52586065-2bcf-410d-b10a-7aba3cf382e1.jpg,pinkie,pinkie,0.9741,0.840,1677.761,0.008,1678.609,1
0696edb1-9ee0-41e5-8a65-4164978b07f7.jpg,palm,palm,0.9779,0.840,1677.761,0.008,1678.609,1
d1e7629a-cbb2-46fb-96ba-1a3a5949f5b0.jpg,pinkie,pinkie,0.9979,0.840,1677.761,0.008,1678.609,1
66f9c061-83dc-4fef-9b07-cb4c1ad8bd57.jpg,rock,rock,0.8443,0.840,1677.761,0.008,1678.609,1
8c6c8da6-2dbb-4a50-8dc9-6f0f764e9d74.jpg,others,others,0.5596,0.840,1677.761,0.008,1678.609,1
d001d93b-54dd-4116-ac89-11b93414f0a8.jpg,others,others,0.5258,0.840,1677.761,0.008,1678.609,1
91730d9a-da74-498a-a8b0-076639c397cd.jpg,pinkie,pinkie,0.8924,0.840,1677.761,0.008,1678.609,1
fe272b06-62b4-4f14-8a61-9a81e640c5cb.jpg,rock,rock,0.9333,0.840,1677.761,0.008,1678.609,1
cfdd0439-9bce-438a-8386-b14d4b7e19a8.jpg,pinkie,pinkie,0.3620,0.840,1677.761,0.008,1678.609,1
007cd8cf-5234-4646-b5e1-82ae1c04a9a4.jpg,fist,fist,0.9989,0.840,1677.761,0.008,1678.609,1
508c25a9-3ccc-4531-bb16-8b1087c8e628.jpg,fist,fist,0.5280,0.840,1677.761,0.008,1678.609,1
516abe4f-9a84-420b-9817-fcd7f647a814.jpg,others,others,0.4071,0.840,1677.761,0.008,1678.609,1
1abee65b-9c4a-4322-9ebe-6c8460b9e6bb.jpg,one,one,0.6646,0.840,1677.761,0.008,1678.609,1
3a0e448f-473c-4dbd-a1d6-e53288351974.jpg,fist,fist,0.6447,0.840,1677.761,0.008,1678.609,1
651bf482-961d-454c-80fa-9d4ed30048f2.jpg,fist,fist,0.6574,0.840,1677.761,0.008,1678.609,1
8853b1d2-4205-4246-a249-8647cb86e1a5.jpg,one,fist,0.6089,0.840,1677.761,0.008,1678.609,0
72d310a6-5298-4ded-90ce-0e483afd73bd.jpg,rock,rock,0.6865,0.840,1677.761,0.008,1678.609,1
a5e76cb2-bcc0-4a0a-9325-62351b701ef1.jpg,rock,rock,0.7991,0.840,1677.761,0.008,1678.609,1
bfc58c39-91b3-4106-9b76-7c2496e9c229.jpg,rock,others,0.7907,0.840,1677.761,0.008,1678.609,0
c37b8f68-a3d9-4b83-b517-c401221e3f1f.jpg,rock,rock,0.7188,0.840,1677.761,0.008,1678.609,1
f5a36347-1fbc-4c86-8b9a-1962c09cc8e6.jpg,palm,palm,0.9864,0.840,1677.761,0.008,1678.610,1
126fb179-82f5-47de-84ab-118add1b2055.jpg,one,others,0.6007,0.840,1677.761,0.008,1678.609,0
b63929b8-8545-403f-80d5-fa2ee4b9f22e.jpg,fist,fist,0.9973,0.840,1677.761,0.008,1678.609,1
93ec8ff9-4953-4a3a-aebf-ac77cbd02a2b.jpg,one,one,0.5788,0.840,1677.761,0.008,1678.609,1
2c1b752b-44fe-4642-8df8-c6f07cc54d9f.jpg,palm,palm,0.9824,0.840,1677.761,0.008,1678.609,1
c95a7b55-3fdb-4ae3-af58-25e0047fe4cd.jpg,fist,fist,0.9999,0.840,1677.762,0.008,1678.610,1
6ec1ef6a-2860-48af-a850-975cd0b55f20.jpg,pinkie,pinkie,0.7262,0.840,1677.761,0.008,1678.609,1
fa0e3563-2120-4970-b20e-a41ff3d7a8a1.jpg,palm,palm,0.9601,0.840,1677.761,0.008,1678.609,1
1f8e107d-1626-4ebd-b2bb-4414327f2eef.jpg,palm,palm,0.9935,0.840,1677.760,0.008,1678.608,1
0b87d061-dc5d-418c-96a1-95975d438ea0.jpg,one,one,0.4808,0.840,1677.761,0.008,1678.609,1
560ff093-8bfd-4c32-8863-42170cdf90bb.jpg,one,one,0.9855,0.840,1677.761,0.008,1678.609,1
adc1b1b7-db53-4f6a-b2f0-a315755d1a1b.jpg,one,one,0.9326,0.840,1677.761,0.008,1678.609,1
b1a754da-610c-460b-9dad-90951905dcb5.jpg,others,others,0.9979,0.840,1677.761,0.008,1678.610,1
7b9114de-2250-4842-b2b7-a4fd8146c62a.jpg,one,rock,0.3159,0.840,1677.761,0.007,1678.608,0
7fda887c-407c-4e34-9e77-0875ae670dfe.jpg,rock,rock,0.6815,0.840,1677.761,0.008,1678.609,1
27851409-693f-4370-95b6-0697aea27c41.jpg,palm,palm,0.9967,0.840,1677.761,0.008,1678.609,1
879abc5d-9388-4b0b-b934-9588163a5be3.jpg,one,one,0.9559,0.840,1677.760,0.008,1678.608,1
5c0b5e16-4c63-4f92-8dd8-76485a938175.jpg,palm,palm,0.9739,0.840,1677.761,0.008,1678.609,1
b0db680f-b7e1-43fa-98af-997f4dcdc638.jpg,others,others,0.3752,0.840,1677.761,0.008,1678.609,1
fc986e78-5731-4a56-b200-78280a1ea103.jpg,rock,pinkie,0.2676,0.840,1677.761,0.007,1678.608,0
5c582807-93d7-46a2-b19c-dcfdef1314d6.jpg,palm,palm,0.9663,0.840,1677.761,0.008,1678.609,1
4b25308c-b2df-4c81-b566-680df5f2a3c9.jpg,one,palm,0.3071,0.840,1677.761,0.007,1678.608,0
b4e365b2-4bd2-41d4-9249-36565f9ea90f.jpg,palm,palm,0.9900,0.840,1677.761,0.008,1678.609,1
75c54d7e-0d14-4d74-ae7e-266d3b4873bf.jpg,fist,fist,0.9983,0.840,1677.761,0.008,1678.609,1
2afa923f-d9fa-412d-834e-9ac392cc5153.jpg,others,others,0.7392,0.840,1677.761,0.008,1678.609,1
a76b9bb8-b3f7-4d60-83d5-38969477ccfd.jpg,rock,rock,0.9016,0.840,1677.761,0.008,1678.609,1
363a7a2f-0326-417d-91a2-96443738b212.jpg,pinkie,others,0.3287,0.840,1677.760,0.007,1678.608,0
afca4000-0241-4257-89f3-683aa9026c61.jpg,palm,palm,0.9853,0.840,1677.761,0.008,1678.609,1
751d6822-2ad9-48c9-ae92-c126012cb2ae.jpg,others,palm,0.4646,0.840,1677.761,0.008,1678.609,0
b31c62fc-d510-4bd0-bf3d-319c450f5a0e.jpg,one,one,0.9063,0.840,1677.761,0.008,1678.609,1
0b5ca07f-b29c-4f64-87e3-2c9f14d4d751.jpg,rock,rock,0.7312,0.840,1677.761,0.008,1678.609,1
b41fe1c8-26d7-482e-9d89-11c9756be06d.jpg,one,one,0.9722,0.840,1677.761,0.008,1678.609,1
25895167-4b62-4248-b8fc-fa20b5a664d6.jpg,one,one,0.9437,0.840,1677.761,0.008,1678.609,1
a614766b-4e5c-4fa6-a201-9892d5a21ae1.jpg,palm,palm,0.9986,0.840,1677.761,0.008,1678.610,1
3895a327-551c-4d6a-af26-d8d49e947ab6.jpg,fist,fist,0.9740,0.840,1677.762,0.008,1678.610,1
60ebadba-3463-4c82-a2ce-e1ee21277774.jpg,palm,palm,0.9752,0.840,1677.761,0.008,1678.609,1
c0268fdc-084a-4abf-86e7-f61acbb1e44a.jpg,pinkie,fist,0.4178,0.840,1677.761,0.008,1678.609,0
46fbdca4-36bb-4ca1-9b46-e8f316b86254.jpg,fist,fist,0.9997,0.840,1677.761,0.008,1678.609,1
c40cba97-3514-449b-9dff-c8cf9488e067.jpg,one,one,0.9614,0.840,1677.761,0.008,1678.609,1
a6172951-3e8d-4a20-b4f8-d35996d12944.jpg,one,one,0.9413,0.840,1677.761,0.008,1678.609,1
81bed2c9-af94-4baa-ae2c-967df318bddf.jpg,one,one,0.3267,0.840,1677.761,0.008,1678.609,1
b6bca1ea-cea9-4ad1-805b-d46cd1c2e0f0.jpg,pinkie,pinkie,0.6555,0.840,1677.761,0.008,1678.609,1
83c5a9e8-27c0-4c10-9131-7fa6b14b68c0.jpg,rock,rock,0.6981,0.840,1677.761,0.008,1678.609,1
58f7d40b-9212-4acc-b614-11d238ec8ae7.jpg,rock,rock,0.6095,0.840,1677.761,0.008,1678.609,1
f9adc716-a9bd-4b8f-a8c5-ae6792cb0ac6.jpg,fist,fist,0.7552,0.840,1677.761,0.008,1678.609,1
b5aea35c-0fa9-4b81-9118-73de2b8ca56a.jpg,fist,fist,0.9993,0.840,1677.761,0.008,1678.609,1
8bbdd431-618b-4de1-9591-8e81bcbe8baa.jpg,pinkie,pinkie,0.8465,0.840,1677.761,0.008,1678.609,1
0c653f64-af60-4420-ae6b-a59de72019ea.jpg,rock,rock,0.8734,0.840,1677.761,0.008,1678.609,1
726d688d-f69b-4d02-ab8c-42eff1b0185a.jpg,rock,fist,0.3660,0.840,1677.761,0.008,1678.609,0
a6016238-1106-4ff9-9b14-781d5b277805.jpg,pinkie,pinkie,0.5481,0.840,1677.761,0.008,1678.609,1
3bd0c5ee-1af7-4e62-b1d9-f005e677ec38.jpg,palm,palm,0.9923,0.840,1677.762,0.008,1678.610,1
93424170-c845-42cc-b266-e6a06f564f6f.jpg,fist,fist,0.9610,0.840,1677.761,0.008,1678.609,1
412c032e-6372-47db-b761-da27019fddad.jpg,fist,fist,0.9960,0.840,1677.761,0.008,1678.609,1
14669786-ae9c-4f83-a169-7092a61a59ee.jpg,rock,rock,0.7017,0.840,1677.761,0.008,1678.609,1
cf9eaac0-76cc-42cb-9f04-746b0be9b5e4.jpg,pinkie,pinkie,0.5621,0.840,1677.761,0.008,1678.609,1
a9296b7a-fbf9-4101-b636-89447f686c06.jpg,pinkie,others,0.7857,0.840,1677.761,0.008,1678.609,0
1371defd-12ad-415b-bfe2-f06622129cf9.jpg,fist,fist,0.8057,0.840,1677.761,0.008,1678.609,1
1af63fab-20c7-437b-86da-a6c3acbb625d.jpg,palm,palm,0.8656,0.840,1677.761,0.008,1678.609,1
db077533-a333-4d61-b393-66674f8c0412.jpg,palm,palm,0.9997,0.840,1677.761,0.008,1678.609,1
28cb2e04-13e4-4c27-ab72-7a8eece71c71.jpg,one,one,0.8374,0.840,1677.761,0.008,1678.609,1
d95da8bc-f07b-4f9f-a815-7b447a95b2ac.jpg,fist,fist,1.0000,0.840,1677.761,0.008,1678.609,1
30abc5da-09e6-4006-9591-3a0aa5a43559.jpg,one,one,0.9890,0.840,1677.761,0.008,1678.609,1
e450a12c-1028-4a12-ba38-0b9602672244.jpg,palm,palm,0.9824,0.840,1677.761,0.008,1678.609,1
ef577fb6-be0e-4a84-9b02-b73a7d769292.jpg,palm,palm,0.9936,0.840,1677.761,0.008,1678.609,1
1543c702-502a-440c-b9b0-f54ba3d095f5.jpg,one,one,0.9955,0.840,1677.761,0.008,1678.609,1
b9746253-c56e-4661-938d-8e3949c66f28.jpg,rock,rock,0.8452,0.840,1677.761,0.008,1678.610,1
2892413b-3f65-4460-8062-617fe7355046.jpg,one,one,0.9567,0.840,1677.761,0.008,1678.609,1
66f9c061-83dc-4fef-9b07-cb4c1ad8bd57.jpg,rock,rock,0.8443,0.840,1677.761,0.008,1678.609,1
5502b88b-ca3a-4284-96d6-69b5504d76a4.jpg,palm,palm,0.7941,0.840,1677.761,0.008,1678.609,1
3d682476-283f-47c8-bd08-56e37957c071.jpg,pinkie,pinkie,0.9244,0.840,1677.761,0.008,1678.609,1
c8761b31-2a10-491f-a6d1-bf5db73c72ac.jpg,others,fist,0.4365,0.840,1677.761,0.008,1678.608,0
a711098d-c446-4f64-ad7a-83fb092158d6.jpg,palm,palm,0.9621,0.840,1677.761,0.008,1678.609,1
c976a81d-03bf-4897-a866-1c442e70e393.jpg,others,others,0.5070,0.840,1677.761,0.008,1678.609,1
61113cce-e35a-4119-9b8c-fe3cd97cf728.jpg,rock,rock,0.8639,0.840,1677.761,0.008,1678.609,1
85dcba9e-3dfb-4233-8d90-0d9c626c3054.jpg,pinkie,pinkie,0.5722,0.840,1677.761,0.008,1678.609,1
0a0b2cba-a557-4cf4-8168-25ee95e74b51.jpg,rock,rock,0.4568,0.840,1677.761,0.008,1678.609,1
a62f07bf-3b7b-4e9f-9d67-97de13ea25b6.jpg,rock,one,0.4068,0.840,1677.761,0.008,1678.609,0
995edd3d-3132-4bd1-aff7-536e3a66c6cc.jpg,pinkie,pinkie,0.3392,0.840,1677.761,0.007,1678.608,1
c712d46f-d8ba-4c79-9aae-2541dc6d100a.jpg,others,others,0.4003,0.840,1677.760,0.008,1678.608,1
1dc61a70-6caf-414a-a586-e4d290a6ad82.jpg,one,one,0.9807,0.840,1677.761,0.008,1678.609,1
a7dfa2b1-17dd-47ec-abfc-00b3d9b7b471.jpg,fist,one,0.6783,0.840,1677.761,0.008,1678.608,0
49b80dcb-1650-4008-a664-f90e868d7593.jpg,rock,rock,0.8583,0.840,1677.761,0.008,1678.609,1
3421b5e5-745f-4081-8cc0-2d8af90fe353.jpg,fist,fist,0.9511,0.840,1677.761,0.008,1678.609,1
826033f1-e3c9-4eb1-ad21-bf6c8dcdc918.jpg,others,others,0.6739,0.840,1677.761,0.008,1678.609,1
3ee6308a-e9e0-409d-b59f-7c41e4100ad4.jpg,fist,fist,0.9983,0.840,1677.761,0.008,1678.609,1
c262912f-639a-49b9-afad-74b79a178fee.jpg,one,one,0.3160,0.840,1677.761,0.007,1678.608,1
e6fe792a-ee6c-4948-a3d0-d6fb3a467781.jpg,palm,palm,0.9858,0.840,1677.761,0.008,1678.609,1
e9752743-f25b-4ee1-8d46-a85555ba0188.jpg,fist,fist,0.9963,0.840,1677.762,0.008,1678.610,1
35decfa9-fb96-442e-b620-46d7f6295ffe.jpg,others,others,0.5566,0.840,1677.761,0.008,1678.609,1
8606ac3a-7b39-490d-bb3a-a86db6900d32.jpg,one,one,0.9797,0.840,1677.761,0.008,1678.609,1
98ce828f-a220-410b-a320-5ae32b248391.jpg,rock,rock,0.8179,0.840,1677.761,0.008,1678.609,1
d9cc7939-4323-4985-9a7f-e336642ecb3a.jpg,fist,fist,0.9514,0.840,1677.761,0.008,1678.609,1
583c8da3-669c-4caf-9b4e-70094e5a9213.jpg,palm,palm,0.6261,0.840,1677.761,0.008,1678.609,1
e14ff179-1730-4d41-85f6-f11e8c84950f.jpg,others,palm,0.9163,0.840,1677.761,0.008,1678.609,0
a07782cf-ea46-48e5-8fe4-1b1106904afb.jpg,palm,palm,0.9564,0.840,1677.761,0.008,1678.609,1
ad01813d-a27a-4c06-960e-d6166aeba702.jpg,rock,rock,0.9974,0.840,1677.761,0.008,1678.609,1
b75d2d72-5c8d-4741-b790-2f03fa0c956c.jpg,palm,palm,0.9550,0.840,1677.761,0.008,1678.609,1
6428379d-65a4-458a-8cd5-f505265fd16f.jpg,others,fist,0.3055,0.840,1677.761,0.007,1678.609,0
01b4a109-016e-46c9-96b7-dab154ae1d48.jpg,palm,palm,0.9788,0.840,1677.761,0.008,1678.609,1
7d7cec39-7076-4adb-a708-bcc053cad978.jpg,fist,fist,0.8548,0.840,1677.761,0.008,1678.609,1
def9a905-129d-49b4-8c00-6c89394defb8.jpg,one,one,0.5059,0.840,1677.761,0.008,1678.609,1
299b0987-ab7c-44e9-b3d7-31481da90c43.jpg,rock,rock,0.6416,0.840,1677.761,0.008,1678.609,1
184219ba-02f7-4619-bf60-b17ccda2aea9.jpg,rock,rock,0.8746,0.840,1677.761,0.008,1678.609,1
a402f853-eb29-4e4a-8c27-3d0fbae01d4a.jpg,rock,rock,0.3372,0.840,1677.761,0.007,1678.608,1
3f3dd445-f0bf-4613-976e-065ee535670a.jpg,one,one,0.4779,0.840,1677.761,0.008,1678.609,1
d216bb9b-3240-459e-a2bf-e5cb9dabac59.jpg,rock,rock,0.9799,0.840,1677.761,0.008,1678.609,1
2e00072b-a3d6-48fb-a7de-384c4f1d4a27.jpg,fist,fist,0.9951,0.840,1677.761,0.008,1678.609,1
4d62f21b-9c67-4bfe-a1aa-f7e6690a8feb.jpg,pinkie,pinkie,0.9939,0.840,1677.761,0.008,1678.609,1
4aa97019-07dc-40c3-82e4-0662987c0a7a.jpg,rock,rock,0.2907,0.840,1677.761,0.007,1678.609,1
4b188117-9533-45a9-abb2-8bbb2ad13b86.jpg,fist,fist,0.9985,0.840,1677.761,0.008,1678.609,1
20b6ab26-052e-4175-8981-9beb37e9d91b.jpg,fist,fist,0.9214,0.840,1677.761,0.008,1678.609,1
a9ba480d-b9a2-42f5-8272-008eef36e3a0.jpg,others,others,0.8210,0.840,1677.761,0.008,1678.609,1
cd544bde-4588-4a5f-af4f-7c58f1adc704.jpg,rock,rock,0.7198,0.840,1677.761,0.008,1678.609,1
f5fd1d47-323d-4d15-9043-724bcbb63ada.jpg,one,one,0.7542,0.840,1677.761,0.008,1678.609,1
c0ebb84e-d942-4005-864a-d70dc6948208.jpg,one,one,0.9389,0.840,1677.761,0.008,1678.609,1
3fb34505-9f1d-4552-8e12-7d1fd1680221.jpg,rock,rock,0.9748,0.840,1677.761,0.008,1678.609,1
1f99905c-0c8d-46b4-96b3-26de9abf822f.jpg,others,others,0.6355,0.840,1677.761,0.008,1678.609,1
d2435550-fafb-4f0b-aa11-a9b3f992baa2.jpg,others,one,0.6295,0.840,1677.761,0.008,1678.609,0
4464a21d-2904-4597-b480-85142c989ff7.jpg,others,others,0.5135,0.840,1677.761,0.008,1678.609,1
695d7ea9-b501-4c63-a3f4-32823cb06d58.jpg,palm,palm,0.9997,0.840,1677.761,0.008,1678.610,1
f6b6b46e-1507-44c4-b422-c258e62a0cc5.jpg,palm,palm,0.9715,0.840,1677.760,0.008,1678.608,1
7902ee94-570b-4d23-94d4-a84ba60e5587.jpg,fist,fist,0.9517,0.840,1677.761,0.008,1678.608,1
60212fe7-9133-4cb8-936d-1df0d9c08646.jpg,pinkie,pinkie,0.9303,0.840,1677.761,0.008,1678.609,1
e0c90db4-6fab-4f74-a734-2d7ff6e3e9be.jpg,others,one,0.3424,0.840,1677.761,0.007,1678.609,0
41d99aef-39e3-48b0-bbe8-b8df3b3be4fc.jpg,rock,rock,0.6767,0.840,1677.761,0.008,1678.609,1
3b64bdb9-567c-4b40-83ce-cfd2085fd45f.jpg,palm,palm,0.9799,0.840,1677.761,0.008,1678.609,1
916b6ab0-de98-40eb-8fd1-28cabc4fb29f.jpg,palm,palm,0.9966,0.840,1677.761,0.008,1678.609,1
61d2cb6b-cd56-4c44-b13e-8db180d2477b.jpg,pinkie,pinkie,0.4232,0.840,1677.761,0.008,1678.609,1
7bb2a8ef-cf75-43ff-8a93-98e10f13dd94.jpg,others,rock,0.3306,0.840,1677.761,0.008,1678.609,0
793a3d0a-c093-47aa-9877-d58c470f818c.jpg,palm,palm,0.8515,0.840,1677.761,0.008,1678.609,1
c7ef71f4-52d9-4419-a693-4ca9f9286b1d.jpg,fist,fist,0.9476,0.840,1677.761,0.008,1678.609,1
4f20e95b-13b1-438c-ace2-d5a89b8c3b7e.jpg,rock,rock,0.9910,0.840,1677.761,0.008,1678.609,1
7a0c60ce-7e23-4da2-8a13-81afa8b4b723.jpg,rock,rock,0.8843,0.840,1677.761,0.008,1678.609,1
f1b9b628-4ff9-4704-8462-84e1013e8f6f.jpg,fist,fist,0.9966,0.840,1677.761,0.008,1678.609,1
f85cbc31-96f9-4a9c-a39a-728f95a58071.jpg,pinkie,pinkie,0.8371,0.840,1677.761,0.008,1678.609,1
d3268710-a0b9-4234-8634-d19b2ac1b313.jpg,one,one,0.7309,0.840,1677.761,0.008,1678.609,1
1d5184e0-977b-4269-8eb6-b14b76726bba.jpg,fist,fist,0.9952,0.840,1677.761,0.008,1678.609,1
f96311c1-d3d3-4853-ab97-4b74cbce1f12.jpg,pinkie,pinkie,0.4710,0.840,1677.761,0.008,1678.609,1
57ce0a22-1ef7-4eb0-9c95-dbbbe04ee749.jpg,one,one,0.8473,0.840,1677.761,0.008,1678.609,1
c19ba715-ff43-4010-94ed-c91b3167bee9.jpg,palm,palm,0.9994,0.840,1677.761,0.008,1678.609,1
1a8d1186-0e59-410c-91ec-115b840f7147.jpg,palm,palm,0.9962,0.840,1677.761,0.008,1678.609,1
6ecbbdc7-460c-46bb-88c5-e3b930ffb68c.jpg,palm,palm,0.9629,0.840,1677.761,0.008,1678.609,1
5fd5a7c0-cfef-4013-ab75-bf183ec63003.jpg,others,others,0.9971,0.840,1677.761,0.008,1678.609,1
c6ee4230-91ad-4c96-9bd9-55fdaa63cc82.jpg,fist,fist,0.9937,0.840,1677.760,0.008,1678.609,1
1b971acb-5011-4e92-9490-ec77f8fd2ce2.jpg,others,one,0.3937,0.840,1677.761,0.007,1678.609,0
48f6f700-f582-47a5-bab3-d2fea3c8602e.jpg,palm,palm,0.9420,0.840,1677.761,0.008,1678.609,1
55e568d2-939b-4d22-b8fd-3dfa06ec099f.jpg,one,one,0.7373,0.840,1677.761,0.008,1678.609,1
e43c1620-61e8-4adc-a11a-bc39fdaafab1.jpg,palm,palm,0.9850,0.840,1677.761,0.008,1678.609,1
74682f75-7735-4772-9055-fb8debf6f6b9.jpg,others,others,0.8164,0.840,1677.761,0.008,1678.609,1
7dd96421-91e7-4ad2-a2ea-76f8c2511066.jpg,pinkie,rock,0.5163,0.840,1677.761,0.008,1678.609,0
80fcad87-34b5-4e71-a68c-3246ec35a683.jpg,one,one,0.8843,0.840,1677.761,0.008,1678.609,1
e1efbddf-636d-424e-9eb1-175b53032d29.jpg,one,one,0.8619,0.840,1677.761,0.008,1678.609,1
18e858be-44bb-4df9-b2e5-2fcf04a6522d.jpg,palm,palm,0.9907,0.840,1677.761,0.008,1678.609,1
5187c1da-3277-44a4-94f9-688e8e0bc13b.jpg,pinkie,rock,0.4514,0.840,1677.762,0.008,1678.609,0
73df83ac-f73d-48ec-b387-df8a37b4c506.jpg,palm,palm,0.9984,0.840,1677.761,0.008,1678.609,1
3a92e649-95de-470a-8243-b718fdf09f7d.jpg,palm,palm,0.9973,0.840,1677.761,0.008,1678.609,1
97a37c7c-69d2-4ea8-8623-cd9373cfb8f6.jpg,pinkie,one,0.7141,0.840,1677.761,0.008,1678.609,0
3516bae8-2cb6-448f-bd9f-f6e5eaec8536.jpg,pinkie,others,0.4027,0.840,1677.761,0.008,1678.609,0
47ea688a-86e2-4163-a8c5-067f3c15e628.jpg,others,palm,0.5025,0.840,1677.761,0.008,1678.609,0
0e6d0243-471d-4ef7-aead-d90f211c7b33.jpg,others,others,0.3396,0.840,1677.761,0.008,1678.609,1
486aa912-01b7-4c44-b370-b9be50cfa199.jpg,others,one,0.5958,0.840,1677.761,0.008,1678.609,0
5863612b-54d4-45e7-8907-03c9dd27db7d.jpg,palm,palm,0.9891,0.840,1677.761,0.008,1678.609,1
ff578afa-c4aa-4bd9-bb5a-857dee95ac3c.jpg,others,others,0.9659,0.840,1677.761,0.008,1678.609,1
c6e0646c-b688-4bb8-b4c5-870b86fdb806.jpg,pinkie,pinkie,0.9240,0.840,1677.761,0.008,1678.609,1
a603e5bd-4a64-4af2-a6c1-143bcde1b1ec.jpg,rock,rock,0.6085,0.840,1677.761,0.008,1678.609,1
c87442d7-3924-4efe-820d-6ac9b1acbac8.jpg,fist,fist,0.9858,0.840,1677.761,0.008,1678.609,1
75711cb6-4642-4918-a17a-d14bec526db9.jpg,rock,rock,0.9362,0.840,1677.761,0.008,1678.609,1
d5a33a7e-ae93-4405-8762-1afb060056c1.jpg,fist,fist,0.9822,0.840,1677.761,0.008,1678.609,1
7f780267-d0c6-42ed-825b-5b7dc9f3ff8c.jpg,palm,palm,0.9928,0.840,1677.761,0.008,1678.610,1
ce77de83-af14-4133-b05e-ac68b2037188.jpg,pinkie,one,0.5348,0.840,1677.761,0.008,1678.608,0
b8c5238b-d2ee-4014-9bad-3d26342edd3c.jpg,others,others,0.4323,0.840,1677.761,0.008,1678.609,1
2c2eb293-12b1-4bde-930b-9cc3242f680f.jpg,one,one,0.9198,0.840,1677.761,0.008,1678.609,1
d14bf45b-29fe-4033-8b8a-2291fe2c0693.jpg,others,palm,0.5807,0.840,1677.760,0.008,1678.608,0
35179c2b-953b-454e-9c0e-459271195256.jpg,others,others,0.7980,0.840,1677.761,0.008,1678.609,1
86a84e6b-f3c2-4bc4-a590-fe20c53a7385.jpg,pinkie,pinkie,0.9506,0.840,1677.761,0.008,1678.609,1
e8688c7f-18ac-4be3-9d29-bd7cfe28ac77.jpg,fist,fist,0.9370,0.840,1677.761,0.008,1678.609,1
83065424-b0f4-4315-bf2a-daff24d0255d.jpg,fist,fist,0.4006,0.840,1677.761,0.008,1678.609,1
bbba6778-4912-49a6-972d-a8fce042242d.jpg,rock,rock,0.9627,0.840,1677.761,0.008,1678.609,1
4b76355f-fc73-46f8-b620-eec35b1224d7.jpg,rock,rock,0.7593,0.840,1677.761,0.008,1678.608,1
60558ac1-b060-42d9-96c6-7c4d315d9364.jpg,others,one,0.5108,0.840,1677.761,0.008,1678.609,0
da7f4bd1-ddc9-42bf-9f16-17e70f0a9003.jpg,rock,rock,0.9650,0.840,1677.761,0.008,1678.609,1
f9d1cacb-6881-4e95-8683-39835f857eef.jpg,others,palm,0.4932,0.840,1677.761,0.008,1678.609,0
19193425-fa03-4b57-a567-44fa7a7691b0.jpg,others,palm,0.5803,0.840,1677.761,0.008,1678.609,0
3229b4f1-89e3-41d1-ba66-e3b4198b9a14.jpg,rock,pinkie,0.7240,0.840,1677.761,0.008,1678.609,0
9f777973-9030-4af2-9590-0b8f261270ea.jpg,others,fist,0.5304,0.840,1677.761,0.008,1678.609,0
4cb80841-1412-4b67-9c9e-78e5cb159bab.jpg,pinkie,fist,0.4989,0.840,1677.761,0.008,1678.608,0
77dc53a4-6aae-45a7-b68e-3048decf82d7.jpg,palm,palm,0.9767,0.840,1677.761,0.008,1678.609,1
14485b6d-9303-41ec-8bbb-1ff65ecfb8eb.jpg,rock,rock,0.5195,0.840,1677.761,0.008,1678.609,1
c7e34cba-bed4-46e5-8cd0-b69b1323cc93.jpg,fist,fist,0.9833,0.840,1677.761,0.008,1678.609,1
6e6d048a-f148-4f30-9303-01e9f2f09e28.jpg,pinkie,rock,0.4175,0.840,1677.761,0.008,1678.609,0
38f708d8-d228-4270-9233-96986f18b96b.jpg,others,one,0.5078,0.840,1677.761,0.008,1678.609,0
43cc76df-b240-481f-ad0d-ee36fc8bb081.jpg,pinkie,fist,0.4356,0.840,1677.761,0.008,1678.609,0
e44aec2c-b246-4e00-af28-c41582828948.jpg,others,fist,0.3545,0.840,1677.761,0.008,1678.609,0
1b61b6e4-b7dd-40c8-9e89-1870a756ef2d.jpg,fist,fist,0.4621,0.840,1677.761,0.008,1678.609,1
515936da-b209-43d5-bc08-7f7481294120.jpg,others,pinkie,0.3082,0.840,1677.761,0.007,1678.608,0
747858d2-8ff8-4245-8831-c8e891c6e72e.jpg,fist,fist,0.9262,0.840,1677.761,0.008,1678.609,1
d580de49-bc58-4a95-b8d3-02f714aa8922.jpg,others,rock,0.5307,0.840,1677.761,0.008,1678.609,0
f831017d-8022-47dc-b0b8-68d4f763ebe1.jpg,rock,rock,0.7035,0.840,1677.761,0.008,1678.609,1
b80ee6ad-3361-459b-aa55-1668f7e5aa19.jpg,rock,rock,0.6725,0.840,1677.761,0.008,1678.609,1
a6c30a09-d8b9-4409-af23-2937176184ea.jpg,rock,rock,0.9294,0.840,1677.761,0.008,1678.609,1
8ccd0e03-db27-47cb-98c6-7cfcf21dd015.jpg,others,others,0.6002,0.840,1677.761,0.008,1678.608,1
9eb68b08-1c82-4a28-945f-8736d5932157.jpg,fist,fist,0.9898,0.840,1677.761,0.008,1678.609,1
c70d5fc0-6a89-4bef-bfe4-ab23b7621bc0.jpg,palm,palm,0.9782,0.840,1677.761,0.008,1678.609,1
0869c04b-d715-4090-b988-9eb4f238a98b.jpg,pinkie,pinkie,0.9849,0.840,1677.761,0.008,1678.609,1
abf02a75-5473-490a-a517-37d12dc7aaa9.jpg,others,one,0.5296,0.840,1677.761,0.008,1678.609,0
f31194af-51fb-45ae-b1d9-099cd70d112f.jpg,palm,palm,0.9970,0.840,1677.761,0.008,1678.609,1
77198d35-1ca5-4273-9abd-8cb529c0e9ef.jpg,others,fist,0.4864,0.840,1677.761,0.008,1678.609,0
43f3a3cf-7efe-4c4a-acd7-cae4e89618fe.jpg,one,one,0.8212,0.840,1677.761,0.008,1678.609,1
268216b2-81b3-4e42-87fd-cbe90ee9c0ad.jpg,rock,rock,0.5368,0.840,1677.761,0.008,1678.609,1
5ed8d906-0afd-4099-b7d2-e0143280caae.jpg,rock,rock,0.6831,0.840,1677.761,0.008,1678.609,1
1a496b2d-7695-46b8-8ac4-fccbf5bef40e.jpg,others,fist,0.3085,0.840,1677.761,0.007,1678.609,0
bd968770-0eca-4ae4-bda2-90c4f740ad05.jpg,one,one,0.9866,0.840,1677.761,0.008,1678.609,1
978a3796-ddf5-4188-8fa4-a647ef6164c9.jpg,pinkie,pinkie,0.6183,0.840,1677.761,0.008,1678.609,1
c7d132ef-65de-4561-a651-3379577f2c8f.jpg,pinkie,pinkie,0.9984,0.840,1677.761,0.008,1678.609,1
4fa38c18-b9ad-47b5-982c-b064202f5c37.jpg,others,others,0.7554,0.840,1677.761,0.008,1678.609,1
a05e28e6-83a0-4ef9-bdf5-536b01b09c2f.jpg,others,others,0.8630,0.840,1677.761,0.008,1678.609,1
17916bf8-ce2e-47cd-92df-91d27f3c9848.jpg,others,one,0.5233,0.840,1677.760,0.008,1678.608,0
2fe755ae-b45f-43d5-b6e4-c95db936a7ef.jpg,rock,rock,0.7480,0.840,1677.762,0.008,1678.610,1
23720e60-0dec-4dab-abf2-3dc7bdca8053.jpg,rock,rock,0.9150,0.840,1677.760,0.008,1678.608,1
6bee7d74-5821-4588-a755-70209811b60b.jpg,palm,palm,0.9943,0.840,1677.761,0.008,1678.609,1
985a1a96-c29f-4628-99d8-2107878aaee3.jpg,fist,fist,0.9709,0.840,1677.761,0.008,1678.609,1
e3cfc224-b7a6-4fa8-86d5-c76ce9461f95.jpg,rock,one,0.5967,0.840,1677.761,0.008,1678.609,0
8e53ab5c-e7a7-438d-990c-c1dafc665bcc.jpg,pinkie,pinkie,0.8911,0.840,1677.761,0.008,1678.609,1
4c417442-1a64-4129-9abe-efb3e9b689f3.jpg,pinkie,pinkie,0.6645,0.840,1677.761,0.008,1678.609,1
1258a1e5-9190-47da-966b-5cc35b9db4b5.jpg,rock,rock,0.8767,0.840,1677.761,0.008,1678.609,1
f9a32bcc-128f-449e-8f13-4d6ca18e7103.jpg,others,others,0.9993,0.840,1677.760,0.008,1678.608,1
063b23ba-b50b-4fbb-b35f-8e1a2a8e18c6.jpg,palm,palm,0.9458,0.840,1677.761,0.008,1678.610,1
a1e330ac-1ee7-4c0c-a0ef-97464792a365.jpg,others,rock,0.9273,0.840,1677.761,0.008,1678.609,0
026ff1b7-0389-4c85-ab53-0b8ab5963467.jpg,rock,rock,0.9903,0.840,1677.761,0.008,1678.609,1
ec384f71-9225-4508-9b8e-9458524cc924.jpg,pinkie,pinkie,0.3944,0.840,1677.761,0.008,1678.609,1
7995e0f0-3a64-40f5-b619-3a1952466919.jpg,fist,fist,0.9877,0.840,1677.761,0.008,1678.609,1
dd86c33c-da44-4eaa-b9e0-416d25c68452.jpg,one,one,0.8100,0.840,1677.760,0.008,1678.608,1
fc737ee3-e197-4419-a249-eccf11a03b63.jpg,pinkie,pinkie,0.3515,0.840,1677.761,0.007,1678.609,1
1b7c5824-a19a-426f-9277-7fc81b5d08a7.jpg,fist,palm,0.4022,0.840,1677.761,0.008,1678.609,0
e54172ac-27a9-4e95-8cf5-808a38bfa697.jpg,others,fist,0.5761,0.840,1677.762,0.008,1678.610,0
d931df83-7628-4d93-ac84-78b305812a93.jpg,one,one,0.9888,0.840,1677.761,0.008,1678.609,1
d24b952d-8e25-4dcf-9cfd-a41cef7243af.jpg,pinkie,others,0.6581,0.840,1677.761,0.008,1678.609,0
2e4af41a-04a7-426e-bfa0-cbfc7ae8a1c2.jpg,palm,palm,0.9932,0.840,1677.761,0.008,1678.609,1
9dbd3ff0-363b-49dc-8719-a1a59ebd16c3.jpg,palm,palm,0.8967,0.840,1677.761,0.008,1678.609,1
455b8f41-019b-4188-b455-ceab70cb6faa.jpg,others,others,0.9392,0.840,1677.761,0.008,1678.609,1
5f325d9d-3a92-4796-a3ca-d34ab309cba0.jpg,rock,rock,0.4298,0.840,1677.761,0.008,1678.609,1
0e3f1bf8-891d-40c6-a602-37de968306af.jpg,rock,rock,0.7965,0.840,1677.761,0.008,1678.609,1
7bcae21e-0bbd-4d81-adc7-b6f8d508adf2.jpg,one,one,0.9026,0.840,1677.761,0.008,1678.609,1
3d771657-cdca-4f79-a308-a0bb64e6b70f.jpg,rock,rock,0.5163,0.840,1677.761,0.008,1678.609,1
587ad94c-33a1-4358-9577-1e5399e4ab10.jpg,palm,palm,0.9975,0.840,1677.761,0.008,1678.609,1
6c8518e2-63d7-41c5-85a3-d0d0f200a127.jpg,palm,palm,0.7705,0.840,1677.761,0.008,1678.609,1
037a435e-251a-4fb3-b16f-128540e8ea51.jpg,one,one,0.4617,0.840,1677.762,0.008,1678.610,1
d5cf426e-f966-4ae9-b06f-3b706e19678c.jpg,pinkie,pinkie,0.9670,0.840,1677.761,0.008,1678.609,1
ab11d3ba-eb3e-4a3d-bff3-4659e59fdf5f.jpg,pinkie,others,0.2957,0.840,1677.761,0.007,1678.609,0
fc400581-1281-4376-9755-0dd010a04dbf.jpg,fist,fist,0.9662,0.840,1677.761,0.008,1678.609,1
93b025a9-46cd-4630-a01f-3e257177ca67.jpg,others,palm,0.3197,0.840,1677.760,0.007,1678.608,0
a5702b15-23a2-45b4-8161-a816398f7376.jpg,pinkie,pinkie,0.5674,0.840,1677.761,0.008,1678.609,1
ee029f29-b50c-4a0f-8138-52ee9b396af8.jpg,pinkie,pinkie,0.5145,0.840,1677.761,0.008,1678.609,1
16e7577c-f84f-4295-bcee-d1613e6cb5ec.jpg,one,one,0.9773,0.840,1677.761,0.008,1678.609,1
fc4ca5f1-f339-4138-90f8-58b1de4aefd3.jpg,one,one,0.9126,0.840,1677.761,0.008,1678.609,1
ad399370-b211-4114-9081-a5ee416d743d.jpg,palm,palm,0.9619,0.840,1677.761,0.008,1678.609,1
8366e7d1-a9ab-4bcb-91ed-60a43eef2e29.jpg,pinkie,pinkie,0.7868,0.840,1677.761,0.008,1678.609,1
bbc399a3-ac66-4b1c-97bb-cc7e31032181.jpg,others,others,0.5739,0.840,1677.761,0.008,1678.609,1
e466bf78-3f97-4035-b6d6-5f99de1dd87e.jpg,one,one,0.9533,0.840,1677.761,0.008,1678.609,1
88a358a0-dbec-46ae-8b64-81153700c916.jpg,rock,rock,0.6166,0.840,1677.761,0.008,1678.609,1
f48f3b55-bcf7-41f9-b0a9-4e57edadfba2.jpg,rock,rock,0.9399,0.840,1677.761,0.008,1678.609,1
f0adbbce-6b0c-492a-822b-1b60673d36aa.jpg,palm,palm,0.9572,0.840,1677.761,0.008,1678.609,1
15acd808-89ed-4e16-b02e-6233082d0ab1.jpg,fist,fist,0.9975,0.840,1677.761,0.008,1678.608,1
a83af0c7-9189-4396-a7db-b095fc474cca.jpg,pinkie,pinkie,0.9843,0.840,1677.761,0.008,1678.609,1
7b8475d4-4db6-4c75-b615-eeac0df50d8f.jpg,palm,palm,0.9948,0.840,1677.761,0.008,1678.609,1
801c881d-6ecf-458f-95ff-a891db8e39a6.jpg,one,one,0.9654,0.840,1677.761,0.008,1678.609,1
cc4677e7-1dfa-4435-8714-db18e6951fe1.jpg,others,palm,0.6502,0.840,1677.761,0.008,1678.609,0
8275e47d-66ba-4917-92e0-1ba8e9df6f1e.jpg,one,one,0.9671,0.840,1677.761,0.008,1678.609,1
50fe9853-fd1b-4524-a1b7-f56fe9961f00.jpg,fist,fist,0.9999,0.840,1677.761,0.008,1678.609,1
98713cbb-7977-48bd-a981-39ce2841ce34.jpg,fist,fist,0.9358,0.840,1677.762,0.008,1678.610,1
00086aac-e142-4c40-a7fe-5ad5e60f580b.jpg,fist,fist,0.4203,0.840,1677.761,0.008,1678.609,1
f7c2001c-ae72-451a-99fc-27800bb8e276.jpg,fist,fist,0.9673,0.840,1677.761,0.008,1678.609,1
9d6d95b5-88d9-425e-86f3-72006428119a.jpg,fist,fist,0.9960,0.840,1677.761,0.008,1678.609,1
724e4dba-dfd5-472e-ac3a-983586a65150.jpg,rock,rock,0.9283,0.840,1677.761,0.008,1678.609,1
16c44982-cb3a-41eb-8450-1871ad2661ab.jpg,pinkie,pinkie,0.7256,0.840,1677.761,0.008,1678.609,1
2e1b05cb-4d36-4c4a-912e-1a4cb452bfc0.jpg,pinkie,pinkie,0.9254,0.840,1677.761,0.008,1678.609,1
39708462-561e-4ddc-ae8f-5594637c8be4.jpg,palm,palm,0.8153,0.840,1677.761,0.008,1678.609,1
7cdc3e3e-41b1-469b-9d8c-1cad5b7c9f08.jpg,fist,fist,0.9056,0.840,1677.761,0.008,1678.609,1
29dd681c-7c1f-4acc-8584-9aa9292c3879.jpg,pinkie,pinkie,0.9216,0.840,1677.761,0.008,1678.609,1
dcb5f220-cd7c-424e-8039-66c78a8e33e6.jpg,fist,one,0.2683,0.840,1677.761,0.007,1678.608,0
d025b03c-84b9-48b5-b83f-d0e241e57099.jpg,pinkie,pinkie,0.9960,0.840,1677.762,0.008,1678.610,1
d9cc7939-4323-4985-9a7f-e336642ecb3a.jpg,fist,fist,0.9514,0.840,1677.761,0.008,1678.609,1
6c5dfa51-1f6f-401e-8c34-0cad17fe19ea.jpg,others,others,0.4437,0.840,1677.761,0.008,1678.609,1
21f13ce8-d2ab-4360-b1f3-f4085ca5b625.jpg,palm,palm,0.9655,0.840,1677.761,0.008,1678.609,1
03f737d9-6a5d-423c-9118-79c0f088afdd.jpg,fist,fist,0.9274,0.840,1677.761,0.008,1678.609,1
6690117c-ed8d-4bdd-b74f-f919cd6005ad.jpg,others,others,0.8199,0.840,1677.761,0.008,1678.609,1
b52e8bfd-a5ef-4a3f-a54d-d9088395d555.jpg,rock,rock,0.4005,0.840,1677.761,0.008,1678.609,1
449730cb-8316-435e-9ee6-ae3ddb9e5633.jpg,one,one,0.9970,0.840,1677.761,0.008,1678.609,1
2e314251-8ac2-4e71-93fd-c519dd78f092.jpg,pinkie,one,0.2794,0.840,1677.761,0.007,1678.608,0
65f6777d-4248-412b-be9c-9c2bae07e12a.jpg,fist,fist,0.9999,0.840,1677.761,0.008,1678.609,1
6ebc7185-bdcd-411c-bf7f-acf1a2508647.jpg,pinkie,pinkie,0.9898,0.840,1677.761,0.008,1678.609,1
85fe656c-c2c1-48df-b791-1283b0df3fa5.jpg,pinkie,pinkie,0.7479,0.840,1677.761,0.008,1678.609,1
72579bfe-a708-47bc-ae22-b7d6f6e3d187.jpg,pinkie,pinkie,0.9905,0.840,1677.761,0.008,1678.608,1
1e9096b0-5fee-4550-a44f-9417e8b32140.jpg,fist,fist,0.7787,0.840,1677.762,0.008,1678.610,1
449705bf-433b-4f79-ae70-cd0d101455b4.jpg,rock,rock,0.8846,0.840,1677.761,0.008,1678.609,1
3712ebba-3041-4995-9aba-35df1f9e2f84.jpg,one,one,0.5262,0.840,1677.761,0.008,1678.609,1
20ee915e-a266-4dd2-afe7-db913daed3e3.jpg,palm,palm,0.9988,0.840,1677.761,0.008,1678.609,1
260a7672-9729-41fa-9792-d4267bb52ed8.jpg,rock,rock,0.9144,0.840,1677.760,0.008,1678.608,1
7f729d07-0512-41c7-a8c8-576d08a8c259.jpg,pinkie,others,0.7435,0.840,1677.761,0.008,1678.609,0
14929d52-76f8-49da-962b-3795080ae0f0.jpg,fist,fist,0.9996,0.840,1677.761,0.008,1678.608,1
12a41a47-6d8a-4557-99f9-91d01661e8c7.jpg,pinkie,pinkie,0.5508,0.840,1677.761,0.008,1678.609,1
2740295a-e79a-49fd-838f-357edb527939.jpg,fist,fist,0.4724,0.840,1677.761,0.008,1678.608,1
f4038193-d91d-4a40-b949-eed85527f7fc.jpg,fist,fist,0.9991,0.840,1677.761,0.008,1678.609,1
2d70d810-6bb8-4945-a196-8100d18e1e08.jpg,others,rock,0.4454,0.840,1677.761,0.008,1678.609,0
e593a8cd-3c92-4354-82cf-fc9c7a8b241f.jpg,rock,rock,0.8435,0.840,1677.761,0.008,1678.609,1
f5ce98c5-fb54-4cc3-9bfd-3da4f486932f.jpg,fist,fist,0.9955,0.840,1677.760,0.008,1678.608,1
e9749550-eac2-4a92-87b7-6222f70b96af.jpg,one,one,0.9924,0.840,1677.761,0.008,1678.609,1
15235fb8-1a2e-4d58-86dd-bb83832d4906.jpg,rock,rock,0.9121,0.840,1677.761,0.008,1678.610,1
20afc631-9556-47e8-a2d3-40d254d39128.jpg,pinkie,others,0.4718,0.840,1677.761,0.008,1678.609,0
a57c43ca-3450-4af1-baa9-192e4f6efcdd.jpg,one,one,0.6689,0.840,1677.761,0.008,1678.609,1
d0c887d4-2979-40ee-8b7b-ffb96ff5cc0d.jpg,others,others,0.9790,0.840,1677.761,0.008,1678.609,1
0b9ddf17-1d7a-4508-8492-606a58c3f606.jpg,palm,palm,0.9521,0.840,1677.761,0.008,1678.609,1
4cecbba3-9946-4ba3-80d1-a3d1cff5c255.jpg,rock,rock,0.5272,0.840,1677.761,0.008,1678.609,1
3a0b48db-7c7d-4c7c-abb9-b3f71b2aca73.jpg,rock,rock,0.8180,0.840,1677.761,0.008,1678.609,1
656a8170-1d11-4e5a-94c4-5de8f9dacb51.jpg,rock,rock,0.4268,0.840,1677.761,0.008,1678.609,1
7bc3ce53-c3f1-4621-a464-902568b7e2fe.jpg,pinkie,pinkie,0.4746,0.840,1677.761,0.007,1678.609,1
e358b1b3-d3a0-4652-a52a-03d74cea5d74.jpg,others,one,0.3624,0.840,1677.761,0.007,1678.609,0
28c9db8d-27f8-419c-868a-9bc24a14e6f0.jpg,one,one,0.9279,0.840,1677.761,0.008,1678.609,1
4e293ab2-fecf-4a6b-b5f9-c48e1ec7e1d7.jpg,one,one,0.6658,0.840,1677.761,0.008,1678.609,1
f556b8bc-5e7c-4749-bb37-6ca51f5e22b6.jpg,fist,one,0.3734,0.840,1677.761,0.008,1678.609,0
ac4bdee0-1721-452b-879b-e7e39a5e6a86.jpg,pinkie,pinkie,0.6757,0.840,1677.761,0.008,1678.609,1
0bd551b6-83d7-49a4-9e6d-f4dba1c1badc.jpg,one,one,0.8599,0.840,1677.761,0.008,1678.609,1
d708d7d3-e18e-421c-871d-5438aac3d500.jpg,pinkie,others,0.3843,0.840,1677.761,0.008,1678.609,0
a90e76f7-b70a-4cc3-a17f-8de8ac2d1f28.jpg,pinkie,others,0.4505,0.840,1677.761,0.008,1678.609,0
18657035-801a-4c04-b280-70c92376ff5b.jpg,fist,fist,0.9979,0.840,1677.761,0.008,1678.609,1
a43e0fe6-7992-4a38-a9ce-392fd1074ec2.jpg,rock,fist,0.2281,0.840,1677.761,0.007,1678.608,0
675bdd26-240a-4241-ab51-2cb2ef32d1ca.jpg,one,pinkie,0.8224,0.840,1677.761,0.008,1678.609,0
2030393d-eed9-4450-82ba-e33f46a7b982.jpg,one,one,0.6949,0.840,1677.762,0.008,1678.610,1
e2f78650-29a9-4812-9c99-cd2892465790.jpg,others,others,0.7665,0.840,1677.761,0.008,1678.609,1
efaf5fe1-ab75-474e-9956-d68dc0629474.jpg,others,others,0.5824,0.840,1677.761,0.008,1678.609,1
6f2d4098-c72d-4609-8439-5f6663d4e8c7.jpg,others,others,0.4998,0.840,1677.761,0.008,1678.609,1
9f947d5e-9051-4c18-9b0c-d5122f87a2d2.jpg,fist,fist,0.9989,0.840,1677.761,0.008,1678.609,1
eefa63d9-b9db-4c0c-b554-b0daaf9da3fe.jpg,rock,rock,0.9715,0.840,1677.761,0.008,1678.609,1
1239f54d-fcf1-46e8-b176-8e328421507b.jpg,fist,fist,0.9599,0.840,1677.761,0.008,1678.609,1
92c0cb1b-4082-44bc-940a-66555bef7cd5.jpg,palm,palm,0.9876,0.840,1677.761,0.008,1678.609,1
d65c0bf9-19aa-47c4-8804-49a42a779d58.jpg,rock,rock,0.5557,0.840,1677.761,0.008,1678.609,1
bb27f9a7-b96d-4301-81c2-ac2a0f77dba6.jpg,one,one,0.8080,0.840,1677.761,0.008,1678.609,1
f4ebd75a-d48d-4e54-a441-c2b833625c1c.jpg,fist,fist,0.9922,0.840,1677.761,0.008,1678.609,1
526315dc-3257-4a5f-890a-f320907b0028.jpg,fist,fist,0.9136,0.840,1677.761,0.008,1678.609,1
94040654-a146-4acf-93df-5ff45ebdd2e3.jpg,fist,one,0.4034,0.840,1677.761,0.007,1678.608,0
42b23fc9-81d6-4bb9-8dd7-f99d65e08215.jpg,pinkie,pinkie,0.4915,0.840,1677.761,0.008,1678.609,1
5c695a26-a761-43d8-83b2-74ce7abf4bf6.jpg,palm,palm,0.9946,0.840,1677.761,0.008,1678.609,1
c92a5a58-f756-428d-9c48-71c2785c0b2f.jpg,others,others,0.7969,0.840,1677.761,0.008,1678.609,1
b694b118-ea19-4785-af94-7dc2b85165a4.jpg,fist,fist,0.9983,0.840,1677.761,0.008,1678.609,1
937ee3ce-a081-41ce-bab2-921fed34f725.jpg,rock,rock,0.8836,0.840,1677.761,0.008,1678.609,1
aec5f2f8-af78-464a-ba7e-552ba7f43531.jpg,fist,fist,0.8759,0.840,1677.761,0.008,1678.609,1
85780a7e-9b5d-45de-ab8b-5c5493c37291.jpg,pinkie,fist,0.6260,0.840,1677.761,0.008,1678.609,0
8880cb0d-6fa3-4e23-a974-cc3b663b0ce5.jpg,rock,rock,0.8775,0.840,1677.761,0.008,1678.609,1
aa722dab-5d34-4462-a218-e92c6f7c6665.jpg,others,one,0.5412,0.840,1677.761,0.008,1678.609,0
a0398c87-70ad-4bc2-95bc-b3ae504a7d30.jpg,rock,one,0.5518,0.840,1677.761,0.008,1678.609,0
7562ac1e-5fb0-44e8-b03a-ad6768e8ee31.jpg,palm,palm,0.9209,0.840,1677.761,0.008,1678.609,1
bc182749-6751-4657-825e-ca8144009792.jpg,palm,palm,0.9830,0.840,1677.761,0.008,1678.609,1
417d79d2-d258-48f4-81d8-d7fd703780a4.jpg,palm,palm,0.9995,0.840,1677.760,0.008,1678.608,1
d270a279-4405-44ca-8a88-26cee93bbbd4.jpg,rock,rock,0.9867,0.840,1677.760,0.008,1678.608,1
0e65cae6-b18d-481d-83e3-21293351d794.jpg,one,fist,0.4469,0.840,1677.761,0.008,1678.609,0
b254a02b-14f6-4e5e-9f0e-8466be2cec4d.jpg,fist,fist,0.9476,0.840,1677.761,0.008,1678.609,1
b190b4c9-2108-488a-b29a-6a1d29edb167.jpg,others,others,0.9310,0.840,1677.761,0.008,1678.609,1
9bfdee40-899b-46a1-a5c5-500314bf8140.jpg,others,one,0.8566,0.840,1677.761,0.008,1678.609,0
022a965c-e179-4872-8746-a612c43cad41.jpg,palm,palm,0.9825,0.840,1677.761,0.008,1678.609,1
3ef0b89a-131c-4cae-ad66-6c102b9088e3.jpg,pinkie,pinkie,0.7246,0.840,1677.761,0.008,1678.609,1
d4745015-2150-47fc-9ae0-3c6ce0b7b356.jpg,pinkie,pinkie,0.9959,0.840,1677.762,0.008,1678.610,1
b1490487-0305-4dc3-a78b-8abda3a40897.jpg,others,one,0.4123,0.840,1677.760,0.008,1678.608,0
27b59b3c-6506-4dc9-804c-aab80606355a.jpg,fist,fist,0.9999,0.840,1677.761,0.008,1678.609,1
f9e4f95f-08c8-496f-836a-889b64652110.jpg,one,one,0.9017,0.840,1677.761,0.008,1678.609,1
a1601b31-77fb-400e-a3aa-1bace7a65ccf.jpg,rock,rock,0.9506,0.840,1677.761,0.008,1678.609,1
908db13c-e858-4c88-98cd-f02e62f16be6.jpg,fist,fist,0.6431,0.840,1677.761,0.008,1678.609,1
b4a3b8c6-c745-45dd-8d10-9d8e8e9b98db.jpg,fist,fist,0.6462,0.840,1677.761,0.008,1678.609,1
c5405ce6-c73a-4d63-9485-3da4546d6c79.jpg,pinkie,one,0.4392,0.840,1677.761,0.008,1678.609,0
a28d9a0b-28cb-4276-bc21-5fa304e89ad2.jpg,one,one,0.8244,0.840,1677.761,0.008,1678.609,1
4283640d-6caa-4875-a65e-616a9fe6ac3d.jpg,pinkie,others,0.5325,0.840,1677.761,0.008,1678.609,0
dac750c0-2c37-45b9-8042-f97e0bdc27ea.jpg,rock,rock,0.9107,0.840,1677.761,0.008,1678.609,1
d8dd0910-37fe-45d6-bddc-61eb6ecadade.jpg,palm,palm,0.9411,0.840,1677.760,0.008,1678.608,1
7bd37016-4222-4fe8-bff0-46dfc3b27c95.jpg,fist,fist,0.9731,0.840,1677.761,0.008,1678.609,1
e6d6026b-f772-4bd0-9c7b-96e246c39d66.jpg,fist,fist,0.9866,0.840,1677.761,0.008,1678.609,1
b6dc60b7-a1ec-4d9f-a0e6-6c399ea0af0d.jpg,palm,palm,0.9892,0.840,1677.762,0.008,1678.610,1
b04d8758-d110-4273-a72b-3af604438324.jpg,others,others,0.3654,0.840,1677.762,0.007,1678.609,1
c4eb0151-ad2e-450b-8ee5-352884624e3a.jpg,fist,fist,0.8935,0.840,1677.761,0.008,1678.609,1
e616ec3b-65f1-460e-8a70-d5d2f4495300.jpg,others,others,0.5935,0.840,1677.761,0.008,1678.609,1
da1ead3e-e746-4a1b-bbd3-95ded412d71d.jpg,others,others,0.4803,0.840,1677.761,0.008,1678.609,1
3aa91be8-e7e7-4e49-9574-4abe7ed2bdc8.jpg,others,others,0.3710,0.840,1677.761,0.008,1678.609,1
4f84dff4-d689-4809-8043-237c4525d3c0.jpg,palm,palm,0.9855,0.840,1677.761,0.008,1678.609,1
8505d39f-258d-49dc-9d66-918334c78715.jpg,others,others,0.6738,0.840,1677.761,0.008,1678.609,1
76aa5ec4-d5ea-4cf5-b3e0-c797257891d2.jpg,pinkie,pinkie,0.9420,0.840,1677.760,0.008,1678.608,1
6a7a2a49-6523-42be-b24c-54c036b1761b.jpg,rock,rock,0.8197,0.840,1677.761,0.008,1678.608,1
399809d9-31c7-426f-8f6d-07219a0af2ae.jpg,rock,rock,0.9754,0.840,1677.761,0.008,1678.609,1
b21e01f7-9c80-4706-8ea3-73364e7f7df4.jpg,others,others,0.8277,0.840,1677.761,0.008,1678.609,1
222a9894-12fe-4581-b4cf-ad85542d0213.jpg,fist,one,0.5904,0.840,1677.761,0.008,1678.608,0
cb6dda13-e22d-4dd0-ac02-7044b643d556.jpg,one,one,0.9941,0.840,1677.761,0.008,1678.609,1
262943c1-b879-486e-9bdb-5d26c47fcb1a.jpg,one,one,0.9328,0.840,1677.761,0.008,1678.609,1
37159a4f-221c-4106-9dc7-d2969919ae7b.jpg,palm,palm,0.9943,0.840,1677.761,0.008,1678.609,1
0ce34c6e-b47e-4262-9a30-e3516f65cd53.jpg,one,one,0.8780,0.840,1677.761,0.008,1678.609,1
9cac9655-cdba-452e-a7e1-dbfbea05359e.jpg,rock,rock,0.8352,0.840,1677.761,0.008,1678.609,1
7aa051ea-68d3-42bf-89c0-bc1c94d98208.jpg,others,others,0.9804,0.840,1677.761,0.008,1678.609,1
6b083550-7c80-4103-814e-da37c52fafc0.jpg,palm,palm,0.9338,0.840,1677.761,0.008,1678.609,1
d679f07f-21b2-4e55-8e73-003e0f7cd16a.jpg,pinkie,pinkie,0.6521,0.840,1677.761,0.008,1678.609,1
44d30720-5415-4ee2-b109-9a0cc034466b.jpg,palm,palm,0.8798,0.840,1677.761,0.008,1678.609,1
5dddaf18-3479-45b5-99b0-8cd38d7022e8.jpg,others,one,0.2886,0.840,1677.761,0.007,1678.608,0
8ba1ebbe-8a09-4fd2-9699-2c8201961d9b.jpg,one,one,0.6027,0.840,1677.761,0.008,1678.609,1
da0740a5-b0e0-43c5-b4e6-3ec69cd4c5e4.jpg,fist,fist,0.6798,0.840,1677.761,0.008,1678.608,1
2bb4dad7-84d2-460c-b617-fd96e6292ae7.jpg,one,one,0.5525,0.840,1677.761,0.008,1678.609,1
3ea1a612-f9fc-4063-abb4-71f199327bc8.jpg,one,pinkie,0.4967,0.840,1677.761,0.008,1678.609,0
824660a0-2d98-414a-9a56-8800fc539537.jpg,one,one,0.4388,0.840,1677.761,0.008,1678.609,1
62c06a6a-184c-4756-9d84-98afdd63e893.jpg,pinkie,pinkie,0.7607,0.840,1677.761,0.008,1678.609,1
a5da1c1c-e3a5-4f34-959f-30e47d316769.jpg,fist,fist,1.0000,0.840,1677.761,0.008,1678.609,1
da084da0-4468-4e16-bc47-f9c85dc81fda.jpg,others,others,0.9315,0.840,1677.761,0.008,1678.609,1
7899ab73-1ac8-48ee-8fd3-fb814b7e7512.jpg,pinkie,pinkie,0.9695,0.840,1677.761,0.008,1678.609,1
097f07b1-cff9-42ca-aa4b-4a5c73a22731.jpg,fist,fist,0.9601,0.840,1677.760,0.008,1678.608,1
4f6d43cc-9105-4539-a160-b30bbfc40fdd.jpg,others,palm,0.3245,0.840,1677.761,0.007,1678.608,0
d00564e4-2c9d-4e7a-a015-fbf39a537a38.jpg,fist,fist,0.9481,0.840,1677.761,0.008,1678.609,1
e5262153-0b81-4730-9208-e2ba295e312c.jpg,others,others,0.5526,0.840,1677.761,0.008,1678.609,1
4efe38fd-e3cc-4624-9aef-8976723fb8a3.jpg,one,one,0.9358,0.840,1677.761,0.008,1678.609,1
dededa69-49aa-44a5-af4e-4daf1165a287.jpg,pinkie,fist,0.6488,0.840,1677.760,0.008,1678.608,0
2fb6c41f-b107-4a7c-a109-b62094b7bfd5.jpg,others,others,0.8280,0.840,1677.761,0.008,1678.609,1
ec48b742-a222-49a8-b611-612ba03c81ef.jpg,others,one,0.4781,0.840,1677.761,0.008,1678.609,0
2d799985-ab83-4070-a0f6-65fd15daa38e.jpg,one,pinkie,0.7565,0.840,1677.761,0.008,1678.609,0
ade99811-632e-437c-b5fa-5891e7fd418e.jpg,pinkie,others,0.3562,0.840,1677.762,0.008,1678.609,0
87296bb5-452f-44b1-833d-1b4e27821d13.jpg,others,others,0.4337,0.840,1677.761,0.008,1678.609,1
4d278924-7ab9-4287-b523-ebeb72d8b34a.jpg,rock,rock,0.9878,0.840,1677.761,0.008,1678.609,1
67757249-da26-4b08-95aa-f9d3ceaf084c.jpg,fist,fist,0.8614,0.840,1677.761,0.008,1678.609,1
5843e5f5-9d43-4766-a2b2-712d773f9fdd.jpg,others,rock,0.3832,0.840,1677.761,0.008,1678.609,0
aafe4535-cdbf-4fc9-b4d5-92954c18bc1b.jpg,one,one,0.7935,0.840,1677.761,0.008,1678.609,1
b15d4875-681b-4574-8b17-ea384e54ce94.jpg,pinkie,fist,0.4406,0.840,1677.761,0.007,1678.608,0
d126f7d0-96d8-4b20-8f3e-b393d3187390.jpg,rock,rock,0.8682,0.840,1677.761,0.008,1678.609,1
452e6b66-e41b-4524-afb0-903a4a425bf8.jpg,fist,fist,0.9943,0.840,1677.761,0.008,1678.609,1
bacee60c-a850-40bf-a3c4-889cb9617f50.jpg,rock,rock,0.9074,0.840,1677.761,0.008,1678.609,1
4d7d7b89-096f-4b01-aa2f-5f12e308a470.jpg,others,others,0.4924,0.840,1677.761,0.008,1678.608,1
190b59ae-9886-4420-81a4-4fdf0ae6966f.jpg,fist,fist,0.9999,0.840,1677.761,0.008,1678.609,1
cd266c72-bca2-4af4-8a7f-5fd8abef7afb.jpg,rock,rock,0.6709,0.840,1677.761,0.008,1678.609,1
d64d1277-ef0d-471a-836f-9f369b32f451.jpg,others,one,0.3053,0.840,1677.761,0.007,1678.608,0
adf4073c-85aa-4e20-a7cc-3208992c3f5c.jpg,others,others,0.6542,0.840,1677.761,0.008,1678.609,1
61511b0b-6d27-4f7c-b665-2d22151f6109.jpg,one,one,0.7848,0.840,1677.761,0.008,1678.609,1
6cd8b544-3ed5-41c1-bfc3-c34473285d2b.jpg,one,one,0.6575,0.840,1677.761,0.008,1678.608,1
b42a6c48-e025-43bf-b08b-5a7d18b53181.jpg,fist,fist,0.9893,0.840,1677.761,0.008,1678.609,1
8c8b5e36-6dee-478d-b5fe-f9f78ad591d2.jpg,rock,one,0.8384,0.840,1677.761,0.008,1678.609,0
f196190e-34b8-4c5d-812d-7b2dc2c6fc86.jpg,rock,rock,0.5446,0.840,1677.761,0.008,1678.609,1
3c5b5e68-d07d-4fce-9a20-64bfaa2090ed.jpg,pinkie,one,0.2929,0.840,1677.761,0.007,1678.608,0
4ec44f98-45ca-4475-b260-d900671116c1.jpg,palm,palm,0.9940,0.840,1677.761,0.008,1678.609,1
cd6310d9-98fe-42cf-aef2-19432851f420.jpg,fist,fist,0.9958,0.840,1677.761,0.008,1678.609,1
f0385e87-f7e3-499a-b1bf-49c2b0f08eca.jpg,rock,rock,0.3608,0.840,1677.761,0.008,1678.609,1
a7fe1806-9410-4bb5-9985-37828181aa67.jpg,rock,pinkie,0.6968,0.840,1677.762,0.008,1678.610,0
e42880c2-eb21-4ba7-931f-7b2219e68d69.jpg,rock,rock,0.4938,0.840,1677.761,0.008,1678.609,1
508f4e49-6d21-4292-90df-0ef062ad0ba9.jpg,pinkie,pinkie,0.4054,0.840,1677.761,0.008,1678.609,1
37dae7fc-c610-4550-9558-3572493e4112.jpg,pinkie,pinkie,0.9666,0.840,1677.762,0.008,1678.610,1
f091ae8f-aa5b-462b-a745-0e2aa3d7dcbc.jpg,others,one,0.3147,0.840,1677.761,0.007,1678.608,0
3d373689-1f16-40de-a1b4-37e715574b2d.jpg,one,one,0.5351,0.840,1677.761,0.008,1678.609,1
e39aa7ef-e83b-4a96-967a-0d9daea8799e.jpg,palm,palm,0.9909,0.840,1677.760,0.008,1678.609,1
4a10699f-c6d1-44a1-a08e-7c9520678eeb.jpg,palm,palm,0.9930,0.840,1677.761,0.008,1678.609,1
35f087f7-cc65-4b1b-85da-2bd8a4b5ccb5.jpg,palm,palm,0.9992,0.840,1677.761,0.008,1678.609,1
bf2ba197-0693-421c-9b71-818e127e9a2a.jpg,rock,rock,0.9758,0.840,1677.761,0.008,1678.609,1
79c16923-7893-464c-9c43-5c38c4c4e110.jpg,pinkie,pinkie,0.4612,0.840,1677.761,0.008,1678.609,1
58269dea-88a7-4242-84db-ba6d92c0c82b.jpg,fist,fist,0.9984,0.840,1677.761,0.008,1678.609,1
65217473-c9d5-4ed9-a365-7e6207696ae2.jpg,rock,rock,0.4249,0.840,1677.761,0.008,1678.609,1
1dfa22c1-e41b-4c1f-8ff0-cc979d0261c2.jpg,fist,fist,0.9754,0.840,1677.761,0.008,1678.609,1
a4c8e395-cb58-4cb0-8357-4ea1e136e484.jpg,rock,rock,0.6858,0.840,1677.761,0.008,1678.609,1
795eaa30-be2c-4b2b-bba7-0d7a312a512d.jpg,palm,others,0.4312,0.840,1677.761,0.008,1678.609,0
77e7c43b-0cb9-49a1-8bfe-1e458865d384.jpg,pinkie,pinkie,0.5194,0.840,1677.761,0.008,1678.609,1
edc22489-b846-486d-b2af-e016c6c8ae87.jpg,pinkie,pinkie,0.8655,0.840,1677.761,0.008,1678.609,1
3f7f5e1d-6b6f-4be0-8075-cf27deae5482.jpg,pinkie,pinkie,0.9522,0.840,1677.761,0.008,1678.609,1
927c3f34-af7d-4fd0-9849-0b6e74ee2ee1.jpg,one,one,0.6390,0.840,1677.762,0.008,1678.610,1
06a7ba81-26a9-4434-8a1d-c99d077f59c1.jpg,one,one,0.8231,0.840,1677.761,0.008,1678.609,1
3f574ca6-c1dd-499e-a2b4-eb0c2389b960.jpg,pinkie,pinkie,0.7545,0.840,1677.761,0.008,1678.609,1
1c5baf8f-7950-4520-b34e-880f186c7049.jpg,palm,palm,0.6160,0.840,1677.761,0.008,1678.609,1
192c6f66-3b4e-41c4-970c-dd40ac68233c.jpg,rock,rock,0.9630,0.840,1677.761,0.008,1678.609,1
89850c23-5635-4004-b04a-6877ca61278e.jpg,others,palm,0.7141,0.840,1677.761,0.008,1678.609,0
b34cf7cd-8d81-41c4-a4fb-4b6b2c27c945.jpg,pinkie,pinkie,0.9101,0.840,1677.761,0.008,1678.609,1
afd2cd10-518c-4c11-8276-b0f2fa20bc23.jpg,pinkie,pinkie,0.6065,0.840,1677.761,0.008,1678.609,1
bcbb66bd-4413-4068-8e7d-00e1d95912da.jpg,others,others,0.4804,0.840,1677.761,0.008,1678.609,1
c06eac6a-acdb-4e16-a70d-15c5347ece14.jpg,others,others,0.9386,0.840,1677.761,0.008,1678.609,1
6021e99d-5197-4f2d-830a-6522403f01ed.jpg,one,one,0.9695,0.840,1677.761,0.008,1678.609,1
7f740557-6eb2-4fb1-88ad-ba543f2d7bec.jpg,fist,fist,0.8806,0.840,1677.761,0.008,1678.608,1
64e237dc-ae15-4535-aa38-61bde4a30f51.jpg,palm,palm,0.5543,0.840,1677.761,0.008,1678.609,1
b6ea631a-38e8-4666-81a5-0352c8faabc2.jpg,others,others,0.7596,0.840,1677.761,0.008,1678.609,1
b4c58e06-7f77-4e8a-8fc6-e6356f591c86.jpg,others,others,0.7130,0.840,1677.761,0.008,1678.609,1
32cf991b-3314-4e22-9377-b636afecb3d8.jpg,others,others,0.9621,0.840,1677.761,0.008,1678.609,1
68e2c71d-1776-413d-801e-2c62b3457345.jpg,one,one,0.9815,0.840,1677.761,0.008,1678.609,1
fb60a40c-8e8e-40b5-a015-c2e31a43a4fc.jpg,pinkie,pinkie,0.6255,0.840,1677.761,0.008,1678.609,1
29e9942e-c4a1-45ed-a01c-ad4fb4435e09.jpg,one,one,0.6040,0.840,1677.761,0.008,1678.609,1
6e37d3d3-e0b8-4aa9-9142-c967fdd2ed99.jpg,palm,palm,0.3147,0.840,1677.761,0.007,1678.608,1
270e3646-6da2-4b77-84cc-186ceb7db5f6.jpg,pinkie,pinkie,0.8615,0.840,1677.761,0.008,1678.609,1
4cc06604-26da-4ae5-bbc2-8787f239f92b.jpg,rock,rock,0.9967,0.840,1677.761,0.008,1678.609,1
95e7922d-20c4-4601-9797-363ada901581.jpg,fist,fist,0.4473,0.840,1677.761,0.008,1678.609,1
79ca8874-3de0-4ce1-be54-71042f25c354.jpg,pinkie,others,0.3008,0.840,1677.761,0.007,1678.609,0
96ba7812-e0f8-49e6-8efb-7bc90451be2e.jpg,others,pinkie,0.4554,0.840,1677.761,0.008,1678.609,0
384293f5-ccb6-45cc-8c20-774cb25b5ecb.jpg,others,others,0.6894,0.840,1677.761,0.008,1678.609,1
58ba195d-e039-4b04-a3b3-704be1c66257.jpg,others,fist,0.6989,0.840,1677.761,0.008,1678.609,0
1d7fe0c9-7ef2-4bc9-bf9d-869740383dc1.jpg,pinkie,pinkie,0.5859,0.840,1677.761,0.008,1678.609,1
ff2b27e2-d0de-4195-9411-85168277847a.jpg,one,one,0.9006,0.840,1677.761,0.008,1678.609,1
93537114-8a75-4633-a621-c8881a5e4006.jpg,fist,fist,0.9949,0.840,1677.761,0.008,1678.610,1
dbc6a482-908b-43df-a3ee-80b858709a98.jpg,fist,others,0.5050,0.840,1677.760,0.008,1678.608,0
d4fb2787-222f-4c29-85ec-60b04b9cfcd1.jpg,one,one,0.6992,0.840,1677.761,0.008,1678.609,1
f9d1cacb-6881-4e95-8683-39835f857eef.jpg,others,palm,0.4932,0.840,1677.761,0.008,1678.609,0
83d5a849-ef1d-4d81-9af0-0cd7a58dadec.jpg,one,one,0.7976,0.840,1677.761,0.008,1678.609,1
bf608b5b-5ba1-44bf-a1dd-6e6390438d46.jpg,others,one,0.2565,0.840,1677.761,0.007,1678.608,0
e8d4c43f-a838-4b0b-9e54-5322abad13fb.jpg,rock,one,0.3741,0.840,1677.761,0.008,1678.609,0
a479814b-f01d-4459-832f-829393a12c3c.jpg,one,one,0.4720,0.840,1677.761,0.007,1678.609,1
6b6b7390-19cf-4e64-a304-8d6ff2b95cdb.jpg,rock,rock,0.7178,0.840,1677.761,0.008,1678.609,1
ce7524d2-b546-44cc-a226-4d52d4bbb23a.jpg,rock,rock,0.3626,0.840,1677.761,0.008,1678.609,1
90efa693-eb63-4a05-b10c-53bb6e2cec39.jpg,pinkie,pinkie,0.9569,0.840,1677.761,0.008,1678.608,1
25b0c221-c503-46a7-a141-e6091e9301de.jpg,one,one,0.9541,0.840,1677.761,0.008,1678.609,1
08c1d5a6-ce66-4cc0-bcd2-2a8517fb1471.jpg,palm,palm,0.9115,0.840,1677.761,0.008,1678.609,1
318d8208-43c7-4f53-a350-2d7a3fc5a6a6.jpg,pinkie,fist,0.8496,0.840,1677.760,0.008,1678.608,0
d08601ff-3366-418c-ad50-fd494c3fb5ee.jpg,pinkie,fist,0.5207,0.840,1677.761,0.008,1678.609,0
3d16a0ba-4cfd-4e9e-9f40-22ff681267c2.jpg,fist,fist,0.9810,0.840,1677.760,0.008,1678.608,1
827ac92b-4320-474d-9745-a5c33abee233.jpg,fist,fist,0.9981,0.840,1677.761,0.008,1678.609,1
120d7965-6b36-4d8b-9c87-f4c779f8895d.jpg,others,pinkie,0.2865,0.840,1677.761,0.007,1678.609,0
dddfff8a-c4bb-4a83-a732-4eb13c0acf15.jpg,pinkie,pinkie,0.6696,0.840,1677.761,0.008,1678.609,1
ede702c0-ddd4-4315-b0c7-5ae445a9c4fa.jpg,fist,fist,0.9851,0.840,1677.761,0.008,1678.609,1
a78a6487-9eb1-4473-900b-e4e1b0bacc23.jpg,rock,rock,0.9678,0.840,1677.761,0.008,1678.610,1
e858c418-613e-4c23-a1ee-da6f3c898450.jpg,others,others,0.6820,0.840,1677.761,0.008,1678.609,1
013b94ad-4ef4-4f22-859d-69178d19fe74.jpg,one,one,0.9493,0.840,1677.761,0.008,1678.609,1
441ca97e-7bf5-4b15-b01f-25dd79a58b93.jpg,palm,palm,0.9785,0.840,1677.761,0.008,1678.610,1
035c109d-62f2-44d9-ac2b-d7ebde190d44.jpg,fist,fist,0.9995,0.840,1677.760,0.008,1678.608,1
ff432cec-0bc2-4877-9adb-f04fa62038a2.jpg,one,one,0.9320,0.840,1677.761,0.008,1678.609,1
5aaebf00-0c54-42a2-971d-8eb14470f37a.jpg,palm,palm,0.9796,0.840,1677.762,0.008,1678.610,1
30a6e82d-3c9d-4c83-b3d5-c62b5372c427.jpg,others,others,0.8754,0.840,1677.761,0.008,1678.609,1
f3d288c6-a245-4c1a-a968-e533b343a794.jpg,pinkie,pinkie,0.5770,0.840,1677.761,0.008,1678.609,1
82bc27fc-2f96-4115-99be-23380e6bf412.jpg,one,one,0.6029,0.840,1677.761,0.008,1678.609,1
3632a18c-1791-4e47-b707-354c997ce787.jpg,one,one,0.9760,0.840,1677.761,0.008,1678.609,1
15c38962-f14a-415e-af9a-e35b8d61c331.jpg,fist,fist,0.6375,0.840,1677.761,0.008,1678.609,1
46895ac8-1985-435a-8102-9197df76fd8c.jpg,palm,palm,0.9946,0.840,1677.761,0.008,1678.610,1
d508a8dc-1488-4939-aca8-3dd81d271e7e.jpg,palm,palm,0.9896,0.840,1677.761,0.008,1678.609,1
525eeabd-184c-409a-91e6-679498d9718c.jpg,fist,fist,1.0000,0.840,1677.761,0.008,1678.609,1
d88be2e1-4378-4445-af3d-799dcda052a9.jpg,pinkie,pinkie,0.5103,0.840,1677.761,0.008,1678.609,1
44681931-5aa4-481e-9526-6e7f0c0ce753.jpg,palm,palm,0.9991,0.840,1677.761,0.008,1678.609,1
a80bbeb4-39b7-48a2-ae32-67c956a5e514.jpg,others,one,0.4400,0.840,1677.761,0.008,1678.609,0
1a567716-e5ff-4959-a14c-597fdfa937ce.jpg,one,one,0.6388,0.840,1677.761,0.008,1678.609,1
7102ddd4-3ace-4649-9bbc-68c8be1fd7c0.jpg,rock,rock,0.9749,0.840,1677.761,0.008,1678.609,1
14c53dcd-3754-4f79-8c5b-07f34352fa82.jpg,palm,palm,0.4758,0.840,1677.761,0.008,1678.609,1
9b2384c8-dbec-4008-bac6-e64f87dcbfd9.jpg,rock,rock,0.9809,0.840,1677.761,0.008,1678.609,1
0c23592a-972f-44fb-b682-ecab17bf1c25.jpg,pinkie,pinkie,0.4389,0.840,1677.761,0.008,1678.609,1
c9f76d82-30d4-4e73-943e-f938077ae9c9.jpg,pinkie,pinkie,0.9418,0.840,1677.761,0.008,1678.609,1
b3446d3d-4349-483b-b2dc-12cade0e2a4b.jpg,rock,rock,0.9511,0.840,1677.761,0.008,1678.609,1
5bd8883f-8ca4-4af8-9888-674672ffcfab.jpg,pinkie,pinkie,0.4997,0.840,1677.761,0.008,1678.609,1
99f79e93-ec2b-4dcf-8d47-c781d0c67c63.jpg,pinkie,pinkie,0.6453,0.840,1677.761,0.008,1678.609,1
5c4af464-e07a-4943-8041-27afee08ed02.jpg,pinkie,pinkie,0.5578,0.840,1677.761,0.008,1678.609,1
bb69cc35-cfe1-4bf6-9c5d-1fc6a21189f6.jpg,fist,fist,0.9412,0.840,1677.761,0.008,1678.609,1
70350822-de9d-4d94-ad84-7936c03c421a.jpg,others,palm,0.6742,0.840,1677.761,0.008,1678.609,0
12a41a47-6d8a-4557-99f9-91d01661e8c7.jpg,pinkie,pinkie,0.5508,0.840,1677.761,0.008,1678.609,1
26c82098-a734-4c8f-a0d0-488cace66b17.jpg,rock,rock,0.3176,0.840,1677.761,0.007,1678.609,1
a68fe6fb-5073-4eef-b72b-3c73ecda0aca.jpg,fist,fist,0.9507,0.840,1677.761,0.008,1678.609,1
61214b59-b907-4146-ad42-c83d6f3f0fae.jpg,others,one,0.7087,0.840,1677.761,0.008,1678.609,0
d5273eb7-db36-48aa-b939-272bc9197d43.jpg,pinkie,others,0.5627,0.840,1677.761,0.008,1678.608,0
1ebed3c8-e731-497a-82fe-c3dfd330adf4.jpg,rock,rock,0.5161,0.840,1677.761,0.008,1678.609,1
cf4a0d3c-5635-4250-b4b3-6e429f28ceb4.jpg,others,palm,0.6701,0.840,1677.761,0.008,1678.609,0
32441401-ca1d-451d-ae5c-56b4182c9692.jpg,palm,palm,0.9742,0.840,1677.761,0.008,1678.609,1
667104c6-8f5e-4826-81e7-8fae4531e210.jpg,one,fist,0.4142,0.840,1677.761,0.008,1678.609,0
e142cc4f-98d7-4640-aaa9-9327df6fa385.jpg,palm,palm,0.9109,0.840,1677.761,0.008,1678.609,1
3c41686d-5baf-4369-92f9-372aa1d63f56.jpg,fist,fist,0.9318,0.840,1677.761,0.008,1678.609,1
34bcffdb-6d99-41aa-a35a-47d73851a3c2.jpg,one,fist,0.4781,0.840,1677.761,0.008,1678.609,0
6273c9bf-5283-4b91-b96d-275977f928c8.jpg,palm,palm,0.9976,0.840,1677.761,0.008,1678.609,1
a6351c84-4e13-46ce-8e7c-e56b326eb6e8.jpg,pinkie,pinkie,0.4569,0.840,1677.761,0.008,1678.609,1
2e37ff53-a762-441c-afa7-35fc633d9b87.jpg,rock,rock,0.9876,0.840,1677.761,0.008,1678.609,1
af8ecaa1-3a9e-4633-b90e-f56f8680d562.jpg,fist,fist,0.9589,0.840,1677.762,0.008,1678.610,1
2957696a-dfce-41f0-9f2e-c21ccd926f86.jpg,palm,palm,0.9930,0.840,1677.762,0.008,1678.610,1
4b6bb6d6-dceb-4797-b27d-4f77ae1ac558.jpg,others,others,0.8031,0.840,1677.761,0.008,1678.609,1
89b83c3b-f344-4404-a189-8816d0c463ed.jpg,fist,fist,0.9311,0.840,1677.761,0.008,1678.609,1
b746d6da-6f91-4b9c-995c-e8ab49a2d061.jpg,palm,palm,0.9118,0.840,1677.761,0.008,1678.609,1
f154737a-0a14-4be7-9335-e3137dae2ab1.jpg,fist,fist,0.9032,0.840,1677.761,0.008,1678.609,1
c0db36a8-48c6-48ef-9603-7ba21fb83781.jpg,palm,palm,0.9715,0.840,1677.761,0.008,1678.609,1
47fd6978-37f0-4197-acf8-5c581f510b11.jpg,rock,rock,0.8541,0.840,1677.761,0.008,1678.609,1
7cde5134-03de-4dbb-bd38-3c94333d6e58.jpg,rock,rock,0.7370,0.840,1677.761,0.008,1678.609,1
f00768c0-0d34-476e-ba87-c56d79f59b39.jpg,others,others,0.8918,0.840,1677.761,0.008,1678.609,1
b42f7384-a575-4bed-bf8e-02d5296d8336.jpg,palm,palm,0.3024,0.840,1677.761,0.007,1678.608,1
66825e69-c615-4793-a61f-ab0524a41fda.jpg,fist,fist,0.9981,0.840,1677.761,0.008,1678.609,1
d64fb98a-f14d-412e-ae88-49987ee5fdca.jpg,palm,palm,0.9817,0.840,1677.761,0.008,1678.609,1
6b3bef7f-dfd3-48c4-bd2b-105aed5f0f7a.jpg,rock,others,0.2592,0.840,1677.761,0.007,1678.608,0
b23e9561-4d1f-441f-9107-b966d45baa89.jpg,palm,palm,0.9853,0.840,1677.761,0.008,1678.609,1
b8277b71-ebef-40bd-a358-861eb4ae75f7.jpg,one,one,0.7449,0.840,1677.761,0.008,1678.608,1
6bc09680-aeda-4949-a37b-9c376092af0d.jpg,fist,fist,0.9990,0.840,1677.761,0.008,1678.609,1
98621d04-989f-4f6d-8844-6d806d5b9b89.jpg,palm,palm,0.9422,0.840,1677.761,0.008,1678.609,1
aecf1be1-a01f-4e18-a9bc-e81602980813.jpg,one,one,0.8652,0.840,1677.761,0.008,1678.609,1
a720929d-cd6b-460d-8320-ad5738535ecf.jpg,rock,rock,0.8950,0.840,1677.761,0.008,1678.609,1
272f077b-f51f-4a5b-bce9-b35f4223e5e0.jpg,one,one,0.8084,0.840,1677.761,0.008,1678.609,1
d7c1833b-7a58-41d7-a9a5-1f628f2f2052.jpg,fist,fist,0.8984,0.840,1677.761,0.008,1678.609,1
57f63912-db2b-4eb0-9789-f50b3095f20a.jpg,rock,rock,0.9086,0.840,1677.761,0.008,1678.609,1
d5abc55d-49e3-461b-b115-d24e42fac846.jpg,others,others,0.8086,0.840,1677.761,0.008,1678.609,1
828fd096-ca77-4196-8ed8-45cc33f76155.jpg,pinkie,fist,0.3479,0.840,1677.761,0.007,1678.608,0
196626be-0439-4a5c-a8b2-e87ea2c0de05.jpg,rock,rock,0.4581,0.840,1677.761,0.008,1678.609,1
1018bbf3-e894-4186-a407-567b6f345a51.jpg,one,one,0.6982,0.840,1677.761,0.008,1678.609,1
42076f0a-c79d-472c-aaaf-25b01dbc3fc0.jpg,one,one,0.7992,0.840,1677.761,0.008,1678.609,1
53b35713-e0bc-42d4-a83c-52e07de32efb.jpg,fist,fist,0.9986,0.840,1677.761,0.008,1678.609,1
d374dc5c-94ef-442c-a257-9ef2f4cb6632.jpg,fist,fist,0.9995,0.840,1677.761,0.008,1678.609,1
c89ed221-0473-4c21-a3e9-9938f79c0193.jpg,palm,palm,0.9986,0.840,1677.761,0.008,1678.609,1
ad8da060-f549-4e43-ad95-fe48cc35bd19.jpg,others,rock,0.3803,0.840,1677.761,0.007,1678.609,0
9b4bace2-e854-46c3-b723-601628a7fbea.jpg,others,one,0.6801,0.840,1677.761,0.008,1678.609,0
199cdd90-8af0-4948-8bab-e1f2d19f6b97.jpg,rock,rock,0.9387,0.840,1677.761,0.008,1678.609,1
f15a85ce-9230-43fa-b8a2-db45d2eedd5e.jpg,pinkie,pinkie,0.8615,0.840,1677.761,0.008,1678.609,1
c70d5fc0-6a89-4bef-bfe4-ab23b7621bc0.jpg,palm,palm,0.9782,0.840,1677.761,0.008,1678.609,1
f4d07ff7-42f6-4137-810e-fa5fefe8a619.jpg,one,one,0.7937,0.840,1677.761,0.008,1678.609,1
2a25fbed-c8eb-4da6-afc7-e32c30969a0c.jpg,palm,palm,0.9635,0.840,1677.761,0.008,1678.610,1
dd5651bb-7b10-4093-94bd-f7de3dcb18e1.jpg,pinkie,rock,0.2709,0.840,1677.761,0.007,1678.608,0
fa1167fc-d77b-4ae8-aaa5-2b30d8a59a46.jpg,one,one,0.6177,0.840,1677.761,0.008,1678.609,1
21b94990-bd44-47a3-a87f-bbec3ff8f3c7.jpg,fist,fist,0.7545,0.840,1677.761,0.008,1678.609,1
37515879-96ca-4d88-a52a-ef21762e99c8.jpg,others,one,0.3949,0.840,1677.761,0.008,1678.609,0
10989aa7-0170-4243-abdc-c0d25102efcf.jpg,pinkie,one,0.4648,0.840,1677.761,0.008,1678.609,0
4e39aede-c505-47e9-9e3c-123f22a6c94e.jpg,pinkie,pinkie,0.5438,0.840,1677.761,0.008,1678.609,1
f502b243-3cdd-4a88-909a-984480598487.jpg,fist,fist,0.9969,0.840,1677.761,0.008,1678.609,1
8283bb66-bbd3-4400-ad1c-af1cfbe8cc99.jpg,rock,rock,0.6666,0.840,1677.761,0.008,1678.609,1
9de761a5-66cd-4bdf-b931-af5377084f10.jpg,palm,palm,0.8289,0.840,1677.760,0.008,1678.609,1
1f33070f-c1b5-4d1e-9198-4e7fc65db662.jpg,one,fist,0.6653,0.840,1677.761,0.008,1678.609,0
c9ccc640-8e1f-451f-aba7-da1d4b8da176.jpg,fist,pinkie,0.4994,0.840,1677.761,0.007,1678.608,0
2fb6c41f-b107-4a7c-a109-b62094b7bfd5.jpg,others,others,0.8280,0.840,1677.761,0.008,1678.609,1
0d7ea109-0599-4faa-b60a-9e9c3b5c2e1d.jpg,fist,fist,0.9759,0.840,1677.761,0.008,1678.609,1
bf7e5494-0e3d-4ce6-8e80-7b5835e700ec.jpg,rock,rock,0.8131,0.840,1677.761,0.008,1678.609,1
3558cd62-db0e-4926-8c3f-856d81b3ab50.jpg,palm,palm,0.9789,0.840,1677.761,0.008,1678.609,1
f4314ad9-62fe-464d-9f9e-3fca5410c3e4.jpg,fist,fist,0.8397,0.840,1677.761,0.008,1678.609,1
e4b62ff0-59fa-47cd-9eb1-cea1aeb0a033.jpg,others,fist,0.6679,0.840,1677.761,0.008,1678.608,0
7b806798-c339-44c3-b771-d081a433b722.jpg,rock,rock,0.9703,0.840,1677.761,0.008,1678.609,1
579e1acd-2dd1-4a87-bf0d-304cbc9ec166.jpg,others,others,0.8506,0.840,1677.761,0.008,1678.609,1
577cfefe-e63a-45fe-9970-977be46078e2.jpg,fist,fist,0.8344,0.840,1677.761,0.008,1678.609,1
32a2c6fb-2ad6-4157-864c-c0284abb7ee0.jpg,one,one,0.6009,0.840,1677.761,0.008,1678.609,1
795af272-8480-4915-a7f5-cdfb2dd2b9ed.jpg,others,fist,0.6666,0.840,1677.761,0.008,1678.609,0
b40fd933-94a5-4f12-87bd-f212fc5211d3.jpg,palm,palm,0.9974,0.840,1677.761,0.008,1678.609,1
cacfc9f3-24e3-444e-b3f2-e35fd3593bf1.jpg,others,one,0.5493,0.840,1677.761,0.008,1678.609,0
1f840262-7cdf-4915-8fba-f38ca2ab3957.jpg,one,one,0.8893,0.840,1677.761,0.008,1678.609,1
8d9deacc-389b-4dc7-ad19-eb686834a706.jpg,others,others,0.6204,0.840,1677.761,0.008,1678.608,1
410099c3-318e-4a37-8c17-0aa9923fee06.jpg,palm,palm,0.9757,0.840,1677.761,0.008,1678.609,1
e89c554d-fe69-4b08-9481-b2ead0897b86.jpg,pinkie,pinkie,0.4866,0.840,1677.761,0.008,1678.609,1
e285f237-be9d-4b4e-815a-3e2817600f98.jpg,one,one,0.9081,0.840,1677.761,0.008,1678.609,1
46cae365-fdc4-4ba9-8517-44ef6590b131.jpg,pinkie,rock,0.3608,0.840,1677.761,0.008,1678.609,0
ed844ec8-ff07-48e4-92e1-868316625cc7.jpg,fist,fist,0.9941,0.840,1677.761,0.008,1678.609,1
28d05570-0b9b-470b-8105-881b8c2b50fa.jpg,pinkie,pinkie,0.9841,0.840,1677.761,0.008,1678.609,1
8a2dcea3-5b3d-47cc-9a69-2472523816ec.jpg,palm,palm,0.9968,0.840,1677.761,0.008,1678.609,1
2c77e0db-2cf0-4dc4-9d76-31514ff78fbf.jpg,one,one,0.4019,0.840,1677.761,0.008,1678.609,1
18dfd1e5-3aa1-4ad4-8c1f-8b4b67329bf3.jpg,fist,fist,0.4402,0.840,1677.761,0.008,1678.608,1
2b5c5f19-13b3-44f2-9dff-99ae40953d3f.jpg,pinkie,pinkie,0.9723,0.840,1677.761,0.008,1678.609,1
211c01fa-2a0f-4375-aff6-55cdb16855bb.jpg,palm,palm,0.9601,0.840,1677.761,0.008,1678.609,1
acb9b18f-ae3f-487a-88aa-b281380e1c2c.jpg,others,one,0.9470,0.840,1677.760,0.008,1678.608,0
a351b66f-681b-4ecb-a270-ed5425a87242.jpg,pinkie,pinkie,0.7143,0.840,1677.761,0.008,1678.609,1
24861932-6c23-4ade-ae54-92b3a89e4169.jpg,others,others,0.4265,0.840,1677.761,0.008,1678.609,1
1fc30a20-0aea-486b-9bd0-b7192311a552.jpg,one,one,0.7789,0.840,1677.761,0.008,1678.609,1
474f195a-1e70-4a00-827d-c7e311c6a4c9.jpg,palm,palm,0.8632,0.840,1677.761,0.008,1678.609,1
dc192cae-2749-4d82-988f-6d90917f9f42.jpg,pinkie,others,0.4458,0.840,1677.761,0.008,1678.609,0
e33a276d-b215-4d4e-bf6b-b97a95959911.jpg,pinkie,rock,0.4665,0.840,1677.761,0.008,1678.609,0
bc2b615a-b1b1-43d1-90b2-bcf31f0fd8f6.jpg,fist,fist,0.9925,0.840,1677.761,0.008,1678.609,1
8ce0eb48-dda0-4aae-b15e-013da71778ca.jpg,others,others,0.6074,0.840,1677.761,0.008,1678.609,1
9d5bdf87-582f-4710-9fc4-70b749e14b23.jpg,others,others,0.5222,0.840,1677.760,0.008,1678.608,1
0054ea58-dc7f-4841-bd2e-0d222a407d18.jpg,one,one,0.5989,0.840,1677.762,0.008,1678.610,1
7142f7a1-aba1-4663-96b8-a7c19316dae7.jpg,fist,fist,0.9627,0.840,1677.761,0.008,1678.609,1
9c855a60-f2f9-40bf-81a1-5918864a457b.jpg,rock,rock,0.4970,0.840,1677.761,0.008,1678.609,1
605e59b0-d8cb-449a-9eaa-d1ecca64a137.jpg,pinkie,one,0.4672,0.840,1677.762,0.008,1678.610,0
7a2e4156-6a97-4959-bc4e-2b68a5982359.jpg,rock,rock,0.9930,0.840,1677.761,0.008,1678.609,1
fbf6ebe1-bd90-46a2-ae1f-6095f956ee19.jpg,fist,fist,1.0000,0.840,1677.761,0.008,1678.609,1
09a0bfad-ce61-454d-a29b-181f991be1cc.jpg,one,one,0.6262,0.840,1677.761,0.008,1678.609,1
2a90f3de-972a-4ebe-a10d-d65f97726547.jpg,fist,fist,0.9972,0.840,1677.761,0.008,1678.609,1
cf6d23b4-049a-452c-baff-129cfe40feda.jpg,rock,rock,0.9461,0.840,1677.761,0.008,1678.609,1
c2f64489-b4f1-4ebc-bf01-68cb0f9b38f3.jpg,fist,fist,0.9658,0.840,1677.761,0.008,1678.609,1
d595f1dc-4c82-4f9d-9ea9-58ab66b141d8.jpg,others,others,0.9422,0.840,1677.762,0.008,1678.610,1
e934e472-1c01-43ba-99ca-a4c0e5a91aa3.jpg,one,one,0.9087,0.840,1677.761,0.008,1678.609,1
6dde041b-6946-4e46-ba36-559f84bba89e.jpg,others,others,0.6182,0.840,1677.761,0.008,1678.609,1
ea6b4745-04c7-45bb-b79a-ca2f82aa436d.jpg,one,one,0.9973,0.840,1677.761,0.008,1678.609,1
e4b19c66-d163-4d36-ab0b-6b857a12cf1f.jpg,one,one,0.8775,0.840,1677.761,0.008,1678.609,1
d3d86768-2d72-47ca-af8b-6c19d1faed01.jpg,pinkie,pinkie,0.6644,0.840,1677.761,0.008,1678.609,1
11c36992-9487-49d1-99ae-53a5e4cb7fa6.jpg,others,one,0.5749,0.840,1677.761,0.008,1678.609,0
ec26bed9-78e2-4d2e-bb4f-aa468f25b149.jpg,fist,fist,0.9660,0.840,1677.761,0.008,1678.609,1
84cb1ca9-ed80-47d2-8d2e-b361036d2c03.jpg,one,one,0.8577,0.840,1677.761,0.008,1678.609,1
05395496-79ec-4192-9739-7295d2524fbe.jpg,rock,rock,0.5213,0.840,1677.761,0.008,1678.609,1
6ee04830-91c6-4bb7-ac3b-813c96befc24.jpg,pinkie,pinkie,0.7526,0.840,1677.761,0.008,1678.609,1
59e1e5e6-3656-4414-9688-c72b4874b1f5.jpg,others,others,0.5133,0.840,1677.761,0.008,1678.609,1
25aa3bd4-7103-4db6-b27e-5332f5de91e7.jpg,rock,one,0.5369,0.840,1677.761,0.008,1678.609,0
ef09ef71-d674-4ca6-a6e6-84768f58a0ff.jpg,others,others,0.8162,0.840,1677.761,0.008,1678.609,1
15b33701-416a-41b5-b84e-ec9407124888.jpg,palm,palm,0.9882,0.840,1677.761,0.008,1678.609,1
c87088ef-7827-4ee9-a5a0-3e3e27d68e97.jpg,rock,rock,0.9850,0.840,1677.761,0.008,1678.609,1
13d5f904-8572-4780-b63e-beef7b59bd3d.jpg,others,others,0.4218,0.840,1677.761,0.008,1678.609,1
04819fd4-128b-4301-b31c-be646b52232c.jpg,pinkie,pinkie,0.3893,0.840,1677.761,0.008,1678.609,1
d068f57b-6cdd-4efc-9515-c06cf5fd5efd.jpg,rock,rock,0.9959,0.840,1677.761,0.008,1678.609,1
ccb238ca-0a03-4aca-b0a5-8bdfe7d54273.jpg,fist,fist,0.4782,0.840,1677.761,0.008,1678.609,1
3e8dbc62-da4c-4e74-9ebe-b993341e6e11.jpg,one,one,0.9562,0.840,1677.761,0.008,1678.609,1
88d22f8c-de76-4f01-bce5-a84224d5a36f.jpg,one,one,0.8168,0.840,1677.761,0.008,1678.609,1
2fd402f4-dead-47ca-963a-dd323be5b5ab.jpg,one,pinkie,0.4338,0.840,1677.761,0.008,1678.609,0
a5db9205-d0b0-43f0-81ab-0056057a19e5.jpg,fist,fist,0.9988,0.840,1677.761,0.008,1678.609,1
52586065-2bcf-410d-b10a-7aba3cf382e1.jpg,pinkie,pinkie,0.9741,0.840,1677.761,0.008,1678.609,1
addd5256-311a-4677-9d5a-d822757ddf94.jpg,pinkie,pinkie,0.8214,0.840,1677.761,0.008,1678.609,1
0d5653c6-1fa7-4dc8-adea-6da2a922d440.jpg,palm,palm,0.9921,0.840,1677.761,0.008,1678.609,1
1f1ec189-0abf-4f48-89e1-275b2d1b6bcd.jpg,one,one,0.9080,0.840,1677.761,0.008,1678.609,1
fbf562c3-cb7c-4097-96a6-b259371f92a6.jpg,others,palm,0.5714,0.840,1677.761,0.008,1678.609,0
8d19882b-b25b-4bb9-85dd-501c84be8564.jpg,pinkie,pinkie,0.8650,0.840,1677.761,0.008,1678.609,1
866c3724-f621-4942-bc2d-918f46d2b402.jpg,rock,rock,0.8957,0.840,1677.761,0.008,1678.609,1
f3d89db0-6c5b-4174-a585-d97802aea035.jpg,one,one,0.7620,0.840,1677.761,0.008,1678.608,1
95fb4e20-e3eb-4c47-8e54-9638245eb9e6.jpg,rock,rock,0.8709,0.840,1677.761,0.008,1678.609,1
bda04016-ed49-468a-ae6b-bb996b68143d.jpg,pinkie,pinkie,0.9887,0.840,1677.761,0.008,1678.609,1
ba072498-413e-4abe-8d76-0a74d88e7309.jpg,others,others,0.9330,0.840,1677.761,0.008,1678.609,1
28dc196c-8e42-4894-8c58-4b99473431da.jpg,rock,rock,0.7886,0.840,1677.761,0.008,1678.609,1
b4a05155-8ff0-4682-8f60-0695cd835b7b.jpg,pinkie,palm,0.3777,0.840,1677.761,0.008,1678.609,0
ab3342e5-e762-4e97-8bba-92324b748b57.jpg,rock,others,0.3803,0.840,1677.761,0.008,1678.609,0
0312b4e2-5048-4296-bd7d-62488f250cb1.jpg,others,others,0.4247,0.840,1677.761,0.008,1678.609,1
7ed9f2bb-1ff8-4250-a2a7-3a2f231e833f.jpg,one,one,0.8319,0.840,1677.761,0.008,1678.609,1
71084c8e-72d5-471f-b697-6dad906dbc1f.jpg,fist,fist,0.9561,0.840,1677.761,0.008,1678.609,1
a9252b9e-5e17-48be-b169-2c76356e2214.jpg,others,others,0.6104,0.840,1677.761,0.008,1678.609,1
bc5653bb-85cb-40e3-8f1d-d7b698994bb7.jpg,rock,rock,0.8050,0.840,1677.761,0.008,1678.609,1
3d4be506-e4e4-4d12-a86d-d35187fa900a.jpg,one,one,0.5772,0.840,1677.761,0.008,1678.609,1
8cffed0a-d37f-481c-8ae7-72febc3c86f4.jpg,palm,palm,0.9821,0.840,1677.761,0.008,1678.610,1
0061cb96-328f-4c3a-9b6b-274ac4d7c585.jpg,one,rock,0.3637,0.840,1677.761,0.008,1678.608,0
352ee1e0-ab73-44a3-b832-ba28d6404b70.jpg,rock,rock,0.6102,0.840,1677.761,0.008,1678.609,1
85ede225-3944-4b66-bc30-6552c83f4a7a.jpg,palm,one,0.3582,0.840,1677.761,0.008,1678.609,0
067f1c5a-ed3d-4ff0-9ecf-a29b16ffa99c.jpg,rock,rock,0.9150,0.840,1677.761,0.008,1678.609,1
53368b9d-2eb5-4bda-a65c-3f598879cd3e.jpg,fist,fist,0.9863,0.840,1677.761,0.008,1678.609,1
5f029401-eb7f-454a-9059-2cd7f772e714.jpg,pinkie,pinkie,0.9862,0.840,1677.761,0.008,1678.609,1
92efba01-9201-45a3-b154-5eab6695dbec.jpg,one,rock,0.2548,0.840,1677.761,0.007,1678.608,0
f31494c8-84e9-4985-9e6d-a0d53347ba73.jpg,one,fist,0.5596,0.840,1677.761,0.008,1678.609,0
b351c285-3e6a-4894-a0ef-65d414de284e.jpg,fist,fist,0.7813,0.840,1677.761,0.008,1678.609,1
3d50a568-b590-4740-9cea-302634f1a6e0.jpg,rock,rock,0.8010,0.840,1677.761,0.008,1678.609,1
44cfc03a-ab99-4363-a58e-82d7b11688ca.jpg,fist,fist,0.9992,0.840,1677.761,0.008,1678.609,1
fcbc1e5f-ff85-4d73-ab62-465cac9a94b5.jpg,one,one,0.8783,0.840,1677.761,0.008,1678.609,1
e8a9ece5-2931-4093-a0bb-9503bd63ea42.jpg,fist,fist,0.9367,0.840,1677.760,0.008,1678.608,1
a46464ff-e7f9-432e-b02c-bae4d177ea86.jpg,fist,fist,0.7803,0.840,1677.761,0.008,1678.609,1
659ee9fb-7c82-431c-aca8-6ab854dcc9e5.jpg,one,one,0.5571,0.840,1677.761,0.008,1678.609,1
1a85b715-a3c4-4087-b5a4-71acb588a201.jpg,pinkie,pinkie,0.4629,0.840,1677.761,0.008,1678.609,1
80234532-b07a-4000-8952-f55707c2b776.jpg,others,palm,0.4833,0.840,1677.761,0.008,1678.609,0
5e819b21-6eae-46f8-be63-6e88a341a786.jpg,palm,palm,0.9850,0.840,1677.761,0.008,1678.609,1
4827777a-428f-4e50-ab5c-43dc466d602e.jpg,palm,palm,0.9848,0.840,1677.761,0.008,1678.609,1
1cd8206d-0b34-40a3-ac46-49a580dfacfb.jpg,rock,one,0.2548,0.840,1677.761,0.007,1678.608,0
c75cf4c5-d841-4119-a0fc-6045067e9a3e.jpg,rock,rock,0.9478,0.840,1677.761,0.008,1678.609,1
e09d8ca8-a78d-43d3-814b-9b6acf88b94f.jpg,pinkie,pinkie,0.4183,0.840,1677.761,0.008,1678.609,1
7f3f00e5-ebe2-4ade-a8b2-3e4011f296c8.jpg,fist,fist,0.9991,0.840,1677.761,0.008,1678.608,1
7abb884b-b598-468d-be36-f894dcf0f4ca.jpg,rock,rock,0.7347,0.840,1677.761,0.008,1678.609,1
12026076-b03b-421c-8d8d-8cc149405b7d.jpg,pinkie,one,0.2821,0.840,1677.761,0.007,1678.609,0
8c23e0bf-03ad-4bbc-950d-ccdb0a6ed957.jpg,fist,fist,0.9826,0.840,1677.761,0.008,1678.609,1
ed1737fd-bce4-4039-89c0-ac1e9f8fd680.jpg,one,one,0.9723,0.840,1677.762,0.008,1678.610,1
3b62058f-36ae-4039-89e8-48757141874c.jpg,pinkie,pinkie,0.8879,0.840,1677.761,0.008,1678.608,1
75adeec8-cb55-4873-967c-e2506c5eda22.jpg,one,one,0.9197,0.840,1677.761,0.008,1678.609,1
6e892343-ffe0-40da-9a5d-5edf031f2bf0.jpg,one,fist,0.5099,0.840,1677.761,0.008,1678.608,0
ea082d44-f156-4fef-a469-07e77671ce0d.jpg,one,one,0.9412,0.840,1677.760,0.008,1678.608,1
e1e9ae73-0a70-4696-b2c8-5d6c7909d29c.jpg,pinkie,pinkie,0.6888,0.840,1677.761,0.008,1678.609,1
1db6ac3c-c60f-4c2b-a65f-31d9c120dcd0.jpg,pinkie,pinkie,0.6042,0.840,1677.761,0.008,1678.609,1
a2ea547f-4627-4818-ba4b-0d2c34b2ec9b.jpg,fist,fist,0.9786,0.840,1677.760,0.008,1678.608,1
4e0cd0f1-96ac-49c5-8110-72ba027829a1.jpg,one,one,0.6738,0.840,1677.761,0.008,1678.609,1
649a6e53-aa7f-47da-ae79-47b3ccd5bdaf.jpg,pinkie,pinkie,0.7570,0.840,1677.761,0.008,1678.608,1
75f2bd88-b61a-40a1-ac9f-54da4a260538.jpg,pinkie,pinkie,0.9906,0.840,1677.761,0.008,1678.609,1
688cc450-508e-4224-b0a6-684a318ab8fc.jpg,fist,fist,0.9872,0.840,1677.761,0.008,1678.609,1
6bf8c278-55e4-4d84-b76f-2de2006c6269.jpg,pinkie,rock,0.5712,0.840,1677.761,0.008,1678.609,0
d0767287-4728-4423-9c95-347a26a7cc21.jpg,rock,rock,0.8920,0.840,1677.761,0.008,1678.609,1
eef6c919-8fe1-4070-ab27-76d79415cae7.jpg,pinkie,pinkie,0.4017,0.840,1677.761,0.008,1678.609,1
8e29fa2b-4622-47ce-95f6-aa1e3f08ce90.jpg,rock,fist,0.4691,0.840,1677.761,0.008,1678.609,0
4544f00d-df37-495c-aff2-13aaf2009ee6.jpg,rock,rock,0.7835,0.840,1677.761,0.008,1678.609,1
380a5b86-9e11-4089-b04e-f595db0355c9.jpg,palm,palm,0.9853,0.840,1677.761,0.008,1678.609,1
58c483f7-a2cb-408f-9bc1-60aba190add3.jpg,fist,fist,0.9758,0.840,1677.761,0.008,1678.608,1
ab0eea75-780b-4c12-a37c-46e579d9d661.jpg,rock,pinkie,0.3200,0.840,1677.761,0.007,1678.608,0
369cf597-93ed-444b-969b-185e5e20af7d.jpg,pinkie,one,0.3663,0.840,1677.762,0.008,1678.609,0
79617b3d-6a2d-45cd-9530-c8e690ca4b9a.jpg,palm,palm,0.9875,0.840,1677.761,0.008,1678.609,1
ad7337ed-2891-42a0-97f3-1c493e060448.jpg,fist,fist,0.9587,0.840,1677.761,0.008,1678.609,1
d3c86c4b-0021-438a-a5ee-7b45cfc03238.jpg,one,one,0.8460,0.840,1677.760,0.008,1678.609,1
57964c07-42cf-473d-a8a1-ef60fb9071f5.jpg,fist,fist,0.9226,0.840,1677.761,0.008,1678.609,1
a9231237-5622-49c7-be95-048d6ba14a5d.jpg,fist,fist,0.8793,0.840,1677.761,0.008,1678.609,1
523711bb-22ea-469c-a649-a2016abe0551.jpg,rock,rock,0.5251,0.840,1677.761,0.008,1678.609,1
d772213e-ae25-4ef3-804c-d8fd459f4756.jpg,rock,rock,0.8414,0.840,1677.761,0.008,1678.608,1
127ca41d-e58b-497f-b2d9-8efacd70c885.jpg,rock,rock,0.9557,0.840,1677.761,0.008,1678.609,1
745f5b7e-2f5b-426c-8ccc-1e1cf49b2a41.jpg,fist,fist,0.9884,0.840,1677.761,0.008,1678.609,1
a0f33bcd-1573-47d9-8b31-39408a0c7b43.jpg,one,one,0.5464,0.840,1677.761,0.008,1678.609,1
1617e115-efb4-4858-b1ee-2db1a2a77199.jpg,rock,rock,0.7891,0.840,1677.761,0.008,1678.609,1
22fafe6b-ba77-4d8d-9fc8-de19169addc1.jpg,fist,fist,0.7418,0.840,1677.761,0.008,1678.609,1
09744693-2cc6-4e8f-8f5a-e5ba82f45f07.jpg,one,one,0.9118,0.840,1677.761,0.008,1678.609,1
3b429674-0c31-4d6f-b908-3e2493feca49.jpg,fist,fist,0.7857,0.840,1677.761,0.008,1678.609,1
b245b043-def8-423d-98c6-801d94dd3865.jpg,one,one,0.9863,0.840,1677.761,0.008,1678.609,1
6a03438f-4950-469d-870f-7deb86a12bb0.jpg,one,one,0.7379,0.840,1677.761,0.008,1678.609,1
b09ed1fd-8925-49cf-a41e-637245b497a6.jpg,rock,one,0.3113,0.840,1677.761,0.007,1678.608,0
8652c23a-13c2-4725-bd5d-3d06ae27270f.jpg,palm,palm,0.9753,0.840,1677.761,0.008,1678.609,1
8a5ad529-9d8c-428f-8748-6d89a7c43994.jpg,others,one,0.4246,0.840,1677.761,0.008,1678.608,0
b44fc56c-ab84-4274-8d9c-5fdc8f952687.jpg,rock,rock,0.9164,0.840,1677.761,0.008,1678.609,1
699da6ae-a5d7-45c3-aafd-df3f3bbb3b30.jpg,rock,rock,0.9039,0.840,1677.761,0.008,1678.609,1
489dbfe5-5a83-43fa-92d2-b42cf3aced12.jpg,rock,rock,0.9207,0.840,1677.761,0.008,1678.609,1
52c8cbe1-8362-449a-8dce-968d237a5c74.jpg,pinkie,pinkie,0.9839,0.840,1677.761,0.008,1678.609,1
6ca45a4f-d4b7-4c69-8cfb-ea9d49a2c2d3.jpg,rock,rock,0.9119,0.840,1677.761,0.008,1678.609,1
9f2a7953-629e-4ddd-9d5e-1dbeedb22e2b.jpg,rock,rock,0.4185,0.840,1677.761,0.008,1678.609,1
04123eeb-e07f-47a1-8080-31e0c39e0c1e.jpg,palm,palm,0.7095,0.840,1677.761,0.008,1678.609,1
bd7c593c-0948-46c5-af9a-346166c30c49.jpg,fist,fist,0.9939,0.840,1677.761,0.008,1678.609,1
ff432cec-0bc2-4877-9adb-f04fa62038a2.jpg,one,one,0.9320,0.840,1677.761,0.008,1678.609,1
a93db404-91a3-408c-a6fc-c521c760b92f.jpg,palm,palm,0.9986,0.840,1677.761,0.008,1678.609,1
319b45bc-77ab-4705-acb8-0b10a5eb2847.jpg,rock,rock,0.6620,0.840,1677.761,0.008,1678.609,1
32912c69-4937-4ef6-88ed-a4f3d1c5a69f.jpg,palm,palm,0.9712,0.840,1677.761,0.008,1678.609,1
9a84bd93-9d2a-4735-a679-c99a9c4a4923.jpg,palm,palm,0.9993,0.840,1677.760,0.008,1678.608,1
9e379262-2336-497c-b805-e45356790e6c.jpg,one,one,0.8580,0.840,1677.761,0.008,1678.609,1
ef1dc8f1-ebf2-4f2b-87cc-712c7959eca0.jpg,rock,rock,0.9691,0.840,1677.761,0.008,1678.608,1
34115d4c-8b85-4ca3-81c1-1b3e7813c0bd.jpg,fist,fist,0.9735,0.840,1677.761,0.008,1678.609,1
8e21a9e9-0385-43cb-abe9-d9e2ac53ee24.jpg,palm,palm,0.3211,0.840,1677.761,0.007,1678.608,1
86daf176-7b7f-48ce-947d-5dd1b76d53da.jpg,fist,fist,0.9908,0.840,1677.761,0.008,1678.608,1
ab896376-d995-4b65-99bd-f7ba71013702.jpg,others,rock,0.6318,0.840,1677.761,0.008,1678.609,0
7707343a-d020-49a8-8e78-f7afe52b5223.jpg,fist,fist,0.9584,0.840,1677.761,0.008,1678.608,1
cddde524-63d9-49b5-9ebc-06cd79941074.jpg,one,one,0.3709,0.840,1677.760,0.008,1678.608,1
b3824c66-37d1-44ef-a5c5-40fa0c777f19.jpg,palm,palm,0.6622,0.840,1677.761,0.008,1678.609,1
36003a3b-b205-4a96-8531-3a138fc7e2d9.jpg,others,others,0.5546,0.840,1677.761,0.008,1678.609,1
7def0d33-5436-4176-b548-e19c11fdfce5.jpg,palm,palm,0.9809,0.840,1677.761,0.008,1678.609,1
62fb05dc-4d86-4732-869a-dbf0d70d4d12.jpg,one,one,0.8332,0.840,1677.761,0.008,1678.609,1
81a7021a-2172-4605-9991-cad3036bb919.jpg,rock,one,0.5395,0.840,1677.761,0.008,1678.609,0
5002f510-b432-4f97-a4d0-250dee50f517.jpg,one,one,0.7145,0.840,1677.761,0.008,1678.609,1
2aaa4cdf-c932-467c-8ffd-229f60497ed9.jpg,one,one,0.9515,0.840,1677.761,0.008,1678.609,1
175c19e2-9bf1-45e2-82ec-0e5d8f0fce7d.jpg,pinkie,fist,0.8157,0.840,1677.761,0.008,1678.609,0
c5f3ccd5-4872-410e-9be9-fa7964925fc2.jpg,pinkie,pinkie,0.9376,0.840,1677.761,0.008,1678.609,1
6db080b4-8dbe-42e9-ac95-54b470e35e79.jpg,rock,pinkie,0.8870,0.840,1677.761,0.008,1678.609,0
ff67c269-9c5f-4f45-ac85-f8a07bc3a13b.jpg,palm,palm,0.6329,0.840,1677.762,0.008,1678.610,1
f4df24d7-71d2-4ef1-aa36-48774e4c9a72.jpg,rock,rock,0.6354,0.840,1677.761,0.008,1678.609,1
79681775-0557-4dfb-a7d0-4df030f6cb8a.jpg,others,one,0.3849,0.840,1677.761,0.007,1678.609,0
8f9d2a44-9565-45c3-a7ea-76ab78d65777.jpg,one,one,0.4865,0.840,1677.761,0.008,1678.609,1
897e1ff0-4ab3-4872-a8c0-036c2c5c1e32.jpg,palm,palm,0.7261,0.840,1677.761,0.008,1678.609,1
1706592c-12b6-4f86-8af7-39eceba8ed75.jpg,others,others,0.8920,0.840,1677.761,0.008,1678.609,1
b7ee013b-b1ef-4375-9900-c9f82419f0e1.jpg,palm,palm,0.9976,0.840,1677.761,0.008,1678.610,1
faa546fe-5c09-4e2a-9baa-f6ac152073e2.jpg,pinkie,pinkie,0.3331,0.840,1677.761,0.007,1678.609,1
c7937eef-b1f7-4f59-93c2-812d9e7b1f76.jpg,one,one,0.4893,0.840,1677.761,0.008,1678.609,1
7928f844-9da1-4729-985d-6b8361f69fc1.jpg,palm,palm,0.8243,0.840,1677.761,0.008,1678.609,1
e72f38ce-6362-4977-ad3d-37356a5cddb1.jpg,one,one,0.8999,0.840,1677.761,0.008,1678.609,1
5aafa8ad-18af-41f1-bf48-2af53b13eccd.jpg,fist,fist,0.9939,0.840,1677.761,0.008,1678.609,1
c326d387-fbdb-4ab8-a639-e77b1aacafc0.jpg,fist,fist,0.9992,0.840,1677.761,0.008,1678.609,1
d8d5c730-bc61-4dfb-a926-78af6179b27f.jpg,palm,palm,0.9953,0.840,1677.761,0.008,1678.609,1
fa096433-5c17-4225-8221-76722b1e27de.jpg,palm,palm,0.9962,0.840,1677.761,0.008,1678.609,1
d3d4ba01-f98e-4857-a199-8c19ea5b3558.jpg,palm,palm,0.9682,0.840,1677.761,0.008,1678.609,1
2f9a345f-a504-4624-a180-c9ed96b97880.jpg,others,others,0.9126,0.840,1677.761,0.008,1678.609,1
59e0e1ac-85fe-43a7-9a31-df093d5da560.jpg,one,one,0.8901,0.840,1677.760,0.008,1678.609,1
bff6165d-04f7-418d-b6c0-40491c190bfe.jpg,rock,fist,0.4038,0.840,1677.761,0.008,1678.609,0
88b11f19-f913-4631-9ada-6a03636a530f.jpg,palm,palm,0.9192,0.840,1677.762,0.008,1678.610,1
1ce6d999-c494-425d-947e-0c46bd6d6462.jpg,rock,rock,0.8134,0.840,1677.761,0.008,1678.609,1
ff371aa6-3c6b-41d9-a99e-906c14d0474d.jpg,palm,palm,0.9831,0.840,1677.761,0.008,1678.609,1
158dc21b-ee61-4ae6-8c7b-80ced3304c72.jpg,one,one,0.4592,0.840,1677.761,0.008,1678.608,1
b7cff422-4fc7-4958-b2b7-4ed7e0d217e0.jpg,others,one,0.2842,0.840,1677.760,0.007,1678.608,0
401c3d74-7f1a-48f1-bce4-0b347f362a05.jpg,pinkie,pinkie,0.6222,0.840,1677.761,0.008,1678.608,1
a25117a1-d0a7-4da3-874c-0e2f75ce04c9.jpg,one,one,0.7517,0.840,1677.761,0.008,1678.609,1
7d1f4b79-6915-4b4e-ad06-9b57687c206a.jpg,one,one,0.7294,0.840,1677.760,0.008,1678.608,1
79b454ee-a83f-470a-b46b-8488428051d5.jpg,others,others,0.6821,0.840,1677.761,0.008,1678.609,1
cef4acd3-8122-42b5-bbe6-7e2d698b0435.jpg,fist,fist,0.9998,0.840,1677.761,0.008,1678.609,1
205a23d5-d147-44f5-b196-45398343a86b.jpg,rock,rock,0.8242,0.840,1677.761,0.008,1678.609,1
c4c5688a-9486-4a7e-ad85-3a9f23c0ba94.jpg,others,palm,0.7685,0.840,1677.761,0.008,1678.609,0
69edf51a-f537-40f5-b74c-51b3720512ef.jpg,one,one,0.8942,0.840,1677.761,0.008,1678.610,1
fb60a40c-8e8e-40b5-a015-c2e31a43a4fc.jpg,pinkie,pinkie,0.6255,0.840,1677.761,0.008,1678.609,1
f29bb884-7c84-47fb-be77-80013ed56e18.jpg,pinkie,pinkie,0.9771,0.840,1677.761,0.008,1678.609,1
eeda7af0-03f2-47f5-b040-4cf87fa810c7.jpg,others,fist,0.7303,0.840,1677.761,0.008,1678.609,0
278cea6b-d054-481e-9b8b-46ddca795986.jpg,pinkie,fist,0.7201,0.840,1677.761,0.008,1678.609,0
0cafcf42-9b45-483b-a4a2-12ca81bcbe2e.jpg,rock,rock,0.8602,0.840,1677.761,0.008,1678.609,1
481e6db1-8271-4c05-8f02-8e61a90d720e.jpg,others,others,0.5346,0.840,1677.761,0.008,1678.609,1
01c248e1-41e3-492b-965a-231ce746de32.jpg,one,one,0.7039,0.840,1677.761,0.008,1678.609,1
514eddc0-4a2a-4f8a-ae0b-e349e85ec3bb.jpg,pinkie,pinkie,0.8634,0.840,1677.761,0.008,1678.609,1
2050baf5-0da9-4d8b-bce8-b96c76915eea.jpg,pinkie,pinkie,0.4897,0.840,1677.761,0.008,1678.609,1
57ef7d40-9bb1-4284-84cf-290f2fb270ae.jpg,one,one,0.6966,0.840,1677.761,0.008,1678.609,1
48472eff-3bb1-476a-9c43-a6f87f8f694c.jpg,fist,fist,0.9352,0.840,1677.761,0.008,1678.609,1
d9c0a417-4edc-4686-bb9d-a6aaae0020ac.jpg,palm,palm,0.8665,0.840,1677.761,0.008,1678.609,1
d180ed00-12f0-4594-ab6c-5c97a0110c96.jpg,one,pinkie,0.5394,0.840,1677.761,0.008,1678.609,0
7c6a5759-ab6b-463c-8b37-5870ef2f448c.jpg,fist,fist,0.9958,0.840,1677.761,0.008,1678.609,1
c5843746-649a-4f82-8382-ece2c9ab27a7.jpg,palm,others,0.4339,0.840,1677.761,0.008,1678.608,0
857110e7-2880-49e8-a96d-f23743f44616.jpg,fist,fist,0.9981,0.840,1677.761,0.008,1678.609,1
9ff72ace-d9d4-4bb8-8df0-eb4c518edd84.jpg,rock,rock,0.4642,0.840,1677.761,0.008,1678.609,1
e76337db-29f7-4fa6-be77-a5e4581eb5f8.jpg,fist,fist,0.9179,0.840,1677.761,0.008,1678.609,1
4c3ddcd7-a3c8-4ae2-aa07-b13a783c3104.jpg,rock,pinkie,0.8145,0.840,1677.761,0.008,1678.609,0
1185e27c-3e7c-4d2d-949a-0295ae441fde.jpg,rock,rock,0.8098,0.840,1677.761,0.008,1678.609,1
fa1a9d38-3ef5-4742-a2d4-d9f85df73f9e.jpg,fist,fist,0.9994,0.840,1677.761,0.008,1678.609,1
99c5d446-ed6e-4fbd-b3be-bc6932bb71de.jpg,palm,palm,0.9958,0.840,1677.761,0.008,1678.609,1
87259879-7325-428e-890c-31e1d47fb177.jpg,rock,rock,0.8518,0.840,1677.761,0.008,1678.609,1
55742c96-81cd-43a0-a611-faaf368655ce.jpg,rock,pinkie,0.3193,0.840,1677.761,0.007,1678.609,0
11157051-1df8-46ab-a1b9-6e4283d02f60.jpg,rock,rock,0.5109,0.840,1677.761,0.008,1678.609,1
014f9045-32fb-4cef-a609-b33d4239b100.jpg,one,one,0.2731,0.840,1677.761,0.007,1678.608,1
ca3a5f2a-5d6f-44fe-bd07-fe96376f597d.jpg,palm,palm,0.9991,0.840,1677.761,0.008,1678.609,1
ba2771b1-b700-470c-8608-f6a780684458.jpg,rock,rock,0.7156,0.840,1677.761,0.008,1678.609,1
16e66435-c331-489f-91e0-9eb811adf751.jpg,palm,palm,0.9060,0.840,1677.761,0.008,1678.609,1
2181e7a5-457c-4e80-88fd-9dff1d4d88b2.jpg,pinkie,others,0.3953,0.840,1677.761,0.008,1678.609,0
f29bb884-7c84-47fb-be77-80013ed56e18.jpg,pinkie,pinkie,0.9771,0.840,1677.760,0.008,1678.608,1
ad0f8f18-dfcb-454b-a29b-5196fb7e081b.jpg,fist,one,0.2637,0.840,1677.761,0.007,1678.608,0
7e7ed11a-9f17-4519-ba2b-4c4ceb727028.jpg,one,one,0.5375,0.840,1677.761,0.008,1678.609,1
698fc017-a578-4e62-88d4-b06f4c3d3ef1.jpg,one,one,0.9973,0.840,1677.761,0.008,1678.609,1
6b6db025-98d6-441d-9d0f-d4bf8c629321.jpg,rock,rock,0.7806,0.840,1677.761,0.008,1678.609,1
04266d8e-c725-4de0-a1db-963e01b1af2e.jpg,palm,palm,0.9878,0.840,1677.761,0.008,1678.609,1
9bc66a4f-f7b4-4472-b4b3-01ed5aab0653.jpg,rock,rock,0.9896,0.840,1677.761,0.008,1678.609,1
80983d26-4dde-4b76-b355-dea35fe48447.jpg,rock,rock,0.4786,0.840,1677.761,0.008,1678.609,1
f58a4043-f170-4bf3-937c-b1c77fc8e255.jpg,fist,fist,0.9843,0.840,1677.762,0.008,1678.610,1
3c9c120d-4d49-4de0-b533-f8e9fdbd303d.jpg,rock,palm,0.2785,0.840,1677.762,0.007,1678.609,0
b80b517f-df1d-4535-9db4-88896bb90056.jpg,fist,fist,0.9912,0.840,1677.761,0.008,1678.609,1
f46cee84-4571-4c29-898a-a36270097df5.jpg,others,fist,0.4400,0.840,1677.761,0.008,1678.609,0
20ee038c-5593-447c-a92a-f9abc3e5c7f7.jpg,pinkie,pinkie,0.8287,0.840,1677.761,0.008,1678.609,1
31b1a1e2-741b-4911-8956-f9fbf57ec6da.jpg,palm,palm,0.9933,0.840,1677.761,0.008,1678.609,1
2c827185-6dbc-43da-a2c8-8734e68ee078.jpg,fist,fist,0.8431,0.840,1677.761,0.008,1678.609,1
bf421840-e9b2-4a7d-97af-21f98ba87b18.jpg,rock,rock,0.6371,0.840,1677.761,0.008,1678.609,1
cd432b0b-a4b5-4d88-80f5-3de7684541aa.jpg,rock,rock,0.5955,0.840,1677.761,0.008,1678.609,1
0ab8bb5c-673f-4dcc-899f-55279a2b236c.jpg,others,others,0.9526,0.840,1677.761,0.008,1678.609,1
9c64ab93-e1dd-4c04-8d6a-468d8c5ed348.jpg,others,others,0.7252,0.840,1677.761,0.008,1678.609,1
b3f4c124-c25f-4735-be3a-840eeaccfe95.jpg,fist,fist,0.7757,0.840,1677.761,0.008,1678.609,1
ec0b39a8-124d-4c14-878b-7e0a3cf4f8cc.jpg,one,one,0.5824,0.840,1677.760,0.008,1678.608,1
74612d46-fd31-4eb8-acd6-6871258118c5.jpg,fist,fist,0.8911,0.840,1677.761,0.008,1678.609,1
d43861f5-78b9-42ba-8fe7-1edebeb05dec.jpg,others,fist,0.4397,0.840,1677.761,0.008,1678.609,0
f843146c-21d0-47ce-9f9b-099420bcf667.jpg,rock,rock,0.8012,0.840,1677.761,0.008,1678.609,1
634e6448-05bf-464f-802b-57f21f72adc5.jpg,pinkie,pinkie,0.8697,0.840,1677.761,0.008,1678.609,1
26834246-f05c-40f5-8659-ea2d2776203c.jpg,palm,palm,0.9972,0.840,1677.761,0.008,1678.609,1
e4bf38c2-31ce-4a59-a165-5694fb932275.jpg,one,one,0.6250,0.840,1677.761,0.008,1678.609,1
88a0ad52-3775-41aa-a5d5-bad4f4e3ebc1.jpg,rock,rock,0.6381,0.840,1677.761,0.008,1678.609,1
e9b834d0-2f4b-4b60-a570-d89e38a3e928.jpg,fist,fist,0.9227,0.840,1677.761,0.008,1678.609,1
8c99d348-94f8-454f-a214-89ab0d8e8593.jpg,palm,palm,0.9976,0.840,1677.761,0.008,1678.609,1
d416af61-66f4-4221-8daa-b39deef5243f.jpg,others,one,0.9245,0.840,1677.761,0.008,1678.609,0
ecd136d4-f6ca-4a1d-9372-c64fa4cd2a8d.jpg,rock,rock,0.5934,0.840,1677.761,0.008,1678.609,1
5fb9964a-f6e8-4606-9516-ece12dc2a119.jpg,others,others,0.4210,0.840,1677.761,0.008,1678.609,1
35343950-1a50-4875-a3c6-c742ae7894c7.jpg,palm,palm,0.9886,0.840,1677.761,0.008,1678.609,1
46f6fc84-31dd-4e6d-87aa-4a2ec7d907ee.jpg,palm,palm,0.9909,0.840,1677.761,0.008,1678.609,1
fb0a6de3-2661-4504-9894-bd84d149c5c8.jpg,palm,palm,0.9452,0.840,1677.761,0.008,1678.609,1
7875d2f0-a11b-4a72-8d3a-689bc4cfce76.jpg,rock,pinkie,0.5360,0.840,1677.761,0.008,1678.609,0
39be0b80-e62f-4cce-9314-98e9c88aaff0.jpg,others,fist,0.4369,0.840,1677.761,0.007,1678.608,0
5e25572b-88f1-4646-b48d-b4114170beb7.jpg,pinkie,pinkie,0.5639,0.840,1677.761,0.008,1678.608,1
4b25308c-b2df-4c81-b566-680df5f2a3c9.jpg,one,palm,0.3071,0.840,1677.761,0.007,1678.609,0
c550d81c-a658-4fd5-a21b-246d97730b9d.jpg,fist,fist,0.9719,0.840,1677.761,0.008,1678.609,1
26a3b672-d9ed-4082-af44-7ca70fa4fc94.jpg,others,one,0.6528,0.840,1677.761,0.008,1678.609,0
9f5e7b71-bab6-47eb-bee5-4c106dba9ac5.jpg,one,one,0.6966,0.840,1677.761,0.008,1678.609,1
7c48310e-05c5-475c-8733-074d9c517b5f.jpg,rock,rock,0.9789,0.840,1677.761,0.008,1678.609,1
f64d27af-ad00-4980-8493-56b57aa5a14a.jpg,pinkie,pinkie,0.4193,0.840,1677.761,0.008,1678.608,1
de8ae5dc-dbee-41a5-92ea-78f16accd3a7.jpg,palm,palm,0.9976,0.840,1677.761,0.008,1678.609,1
a4a00842-12ab-4022-acce-03622fc8c305.jpg,one,one,0.7615,0.840,1677.761,0.008,1678.609,1
1fe0738c-caad-4826-b09c-feac1711c8a4.jpg,fist,fist,0.6853,0.840,1677.761,0.008,1678.609,1
3c426bc2-c496-4e6c-939b-ffd2e05607f2.jpg,rock,rock,0.9463,0.840,1677.761,0.008,1678.609,1
cdf9c2b4-f31f-44e2-8d8b-e8eb1bc5d36c.jpg,fist,fist,0.9808,0.840,1677.761,0.008,1678.609,1
1d57cf97-a7bc-47c8-9fb7-1f3904d8a945.jpg,pinkie,pinkie,0.4438,0.840,1677.761,0.008,1678.609,1
b882f066-ddc1-4967-bebe-c636e21e8bc7.jpg,rock,rock,0.3522,0.840,1677.761,0.007,1678.609,1
97eb8b5f-4b1e-49e2-b151-749e6ccb33d8.jpg,one,one,0.5570,0.840,1677.761,0.008,1678.609,1
6ef05b6e-4339-439e-83a4-1a9a4a11de03.jpg,one,one,0.6801,0.840,1677.761,0.008,1678.609,1
8058b786-4875-4ba3-89af-9e1c637b81b7.jpg,one,one,0.9178,0.840,1677.761,0.008,1678.609,1
169d1126-8bc9-47ce-9b63-01a7078ed7e4.jpg,pinkie,pinkie,0.7294,0.840,1677.761,0.008,1678.609,1
60cacea6-2747-4daa-a4c8-70bbe51e29a7.jpg,palm,palm,0.9967,0.840,1677.761,0.008,1678.609,1
20cff1c0-9f0a-46c3-aaed-9d084f65cce0.jpg,one,one,0.7346,0.840,1677.761,0.008,1678.609,1
2255db97-f32a-4d66-8757-3c5b33325971.jpg,palm,palm,0.9259,0.840,1677.761,0.008,1678.609,1
a5ab648c-0724-4ad9-9640-840ff76e1da9.jpg,others,rock,0.5065,0.840,1677.760,0.008,1678.608,0
a708ca1c-19ca-4c06-8cd7-b9caca81fb5c.jpg,pinkie,pinkie,0.8222,0.840,1677.761,0.008,1678.609,1
3fea0cc7-e077-4d56-a31d-d339cf9171af.jpg,fist,fist,0.7119,0.840,1677.761,0.008,1678.609,1
6ee04830-91c6-4bb7-ac3b-813c96befc24.jpg,pinkie,pinkie,0.7526,0.840,1677.761,0.008,1678.609,1
53880da9-3a7f-4568-837a-4c08aaafa664.jpg,one,one,0.7832,0.840,1677.761,0.008,1678.609,1
bc257ecf-c058-40ae-ac10-54f214933532.jpg,rock,rock,0.3903,0.840,1677.761,0.008,1678.609,1
c3955a37-8214-45a0-b69f-8ef75e8e0f11.jpg,palm,palm,0.7227,0.840,1677.761,0.008,1678.609,1
774c4bad-5b2d-4c3b-b633-4acfc44e5ea0.jpg,palm,palm,0.9527,0.840,1677.761,0.008,1678.609,1
d1b0bf56-17e9-4e71-b5ca-85f9e04782a9.jpg,rock,rock,0.3889,0.840,1677.761,0.008,1678.608,1
3c5edd87-af93-4e19-9517-ec5672a538cf.jpg,fist,fist,0.9001,0.840,1677.761,0.008,1678.609,1
df7632d1-21aa-41bb-883d-7ec0f25c08b7.jpg,others,others,0.9847,0.840,1677.761,0.008,1678.609,1
783284c3-fd66-4fef-aab5-5590c134d594.jpg,others,others,0.7681,0.840,1677.761,0.008,1678.609,1
0e0190c3-be59-46ed-9206-c93044e20f32.jpg,one,one,0.4507,0.840,1677.761,0.008,1678.609,1
2f3242d4-a4e2-4623-92a1-52a21bd174a9.jpg,one,one,0.9979,0.840,1677.761,0.008,1678.608,1
986dc151-ddf7-473e-ad5c-ad63d6c8d892.jpg,palm,palm,0.9945,0.840,1677.761,0.008,1678.609,1
a81370c0-543e-4dc0-83a8-935c03b67f50.jpg,others,others,0.8797,0.840,1677.761,0.008,1678.609,1
3f22e424-bdb1-42bd-a0a7-3d8a00a1d0a8.jpg,fist,fist,0.5846,0.840,1677.760,0.008,1678.608,1
2c15fe78-c23c-4255-bd41-320e207cbd7e.jpg,others,one,0.3567,0.840,1677.761,0.007,1678.609,0
d133d6d3-81cc-407d-a4f1-8b83501c6c18.jpg,rock,others,0.4631,0.840,1677.761,0.008,1678.609,0
f51fe894-9220-4127-aef4-6b8852042774.jpg,one,one,0.6968,0.840,1677.761,0.008,1678.609,1
9234bfa8-3578-46a8-8a84-654953c9005e.jpg,palm,palm,0.9853,0.840,1677.761,0.008,1678.609,1
e5f18853-dbac-4199-ad4a-3fb71b36133d.jpg,others,others,0.9992,0.840,1677.760,0.008,1678.608,1
9466698b-2d8b-4cc0-8abd-dec11b557ae3.jpg,fist,fist,0.9591,0.840,1677.761,0.008,1678.609,1
95b9dde1-48d4-4416-8d92-829a2b109ffa.jpg,rock,rock,0.5680,0.840,1677.761,0.008,1678.609,1
6573f6f1-7115-4bba-8b9d-719634c8ae71.jpg,one,one,0.9002,0.840,1677.761,0.008,1678.609,1
17b748a9-6cfe-4146-b6d0-dd8d0dd79e4b.jpg,one,pinkie,0.6007,0.840,1677.761,0.008,1678.609,0
4fdbf1de-03a8-45e1-aa2d-a0d0e0a95c85.jpg,fist,fist,1.0000,0.840,1677.761,0.008,1678.609,1
4a5c841d-3688-4ce1-bf37-1eddd9511927.jpg,pinkie,pinkie,0.5909,0.840,1677.761,0.008,1678.610,1
b67190d2-a531-4d85-bcc6-27516d215218.jpg,rock,rock,0.3265,0.840,1677.761,0.008,1678.608,1
d727e09c-7cbd-4f4c-b113-43befeb16719.jpg,rock,palm,0.2691,0.840,1677.761,0.007,1678.609,0
b006256e-e43d-4517-989d-2f5856578bf0.jpg,one,fist,0.3667,0.840,1677.761,0.008,1678.609,0
3887b02b-a5cc-4a5d-9ffc-5227d4d4861e.jpg,pinkie,rock,0.5070,0.840,1677.761,0.008,1678.609,0
8161ae94-fe3c-4b15-a353-dab9e39c308a.jpg,fist,fist,0.9027,0.840,1677.761,0.008,1678.609,1
675a7f9f-b8c7-4ba0-953b-a5202acc9a64.jpg,others,one,0.5504,0.840,1677.760,0.008,1678.609,0
46e64017-782a-447d-b19f-175fdb675295.jpg,one,one,0.8912,0.840,1677.761,0.008,1678.609,1
7865244a-a4ea-40d3-b742-64ab7506a318.jpg,palm,palm,0.8609,0.840,1677.761,0.008,1678.609,1
00fe6b15-4b33-4544-b20f-c6fb598b2637.jpg,one,one,0.9251,0.840,1677.761,0.008,1678.609,1
6cbc5fd6-4740-4596-a98d-dc00c10211b3.jpg,pinkie,pinkie,0.8752,0.840,1677.761,0.008,1678.609,1
4a112fbe-8b6c-4d67-865c-0d14f893e0a4.jpg,pinkie,pinkie,0.7166,0.840,1677.761,0.008,1678.609,1
529ef709-db2b-45cf-9b0d-6c03b78d156f.jpg,pinkie,others,0.3209,0.840,1677.761,0.007,1678.609,0
425e445b-190f-4308-9da5-fbb4d83759a1.jpg,pinkie,pinkie,0.8670,0.840,1677.760,0.008,1678.609,1
c736bb68-05d9-40df-a671-a38ca52725f0.jpg,fist,fist,0.9873,0.840,1677.760,0.008,1678.609,1
1d28f1b0-e474-4d52-9eec-ec2e09f7f1a6.jpg,palm,palm,0.9578,0.840,1677.761,0.008,1678.610,1
101ddd26-5327-4dda-b512-f4c4a7ba3120.jpg,others,pinkie,0.6103,0.840,1677.761,0.008,1678.609,0
31b3f3a2-58d0-412a-96d5-762fdb8a12c3.jpg,rock,rock,0.6462,0.840,1677.761,0.008,1678.609,1
d3129b94-1dfe-4690-b3a8-863efd1173fb.jpg,pinkie,rock,0.5425,0.840,1677.761,0.008,1678.608,0
b483009e-64d2-475d-90cb-1de1548c7da0.jpg,pinkie,pinkie,0.7817,0.840,1677.761,0.008,1678.609,1
80de7dc1-2d86-4aa1-9747-a38971eda2bc.jpg,fist,fist,0.9955,0.840,1677.761,0.008,1678.609,1
d161ae2d-68dd-4689-823d-0d312dc98988.jpg,one,one,0.9421,0.840,1677.761,0.008,1678.609,1
8cfed91f-4369-4fd6-a0c4-a70dc2255b79.jpg,rock,fist,0.5158,0.840,1677.761,0.008,1678.609,0
b809f708-deea-400e-8af1-d519704170fb.jpg,fist,fist,0.9901,0.840,1677.762,0.008,1678.610,1
634d10c0-1f6c-459d-9ff1-b6ba4a67d2d6.jpg,pinkie,pinkie,0.7783,0.840,1677.761,0.008,1678.609,1
2a2071e8-ce57-4553-9053-417c52dfcec8.jpg,others,others,0.7596,0.840,1677.761,0.008,1678.609,1
04d91ea6-4f5f-49ee-9138-e260a0dffa1b.jpg,fist,fist,0.5789,0.840,1677.761,0.008,1678.609,1
bfb0ed69-e621-45a2-a7cc-38cb051533ee.jpg,one,one,0.6885,0.840,1677.762,0.008,1678.610,1
427bec02-0a61-4950-9386-089300fff400.jpg,palm,palm,0.9997,0.840,1677.761,0.008,1678.609,1
7ed1096c-ae8a-40cc-8a33-c2b1ea93947c.jpg,pinkie,one,0.3826,0.840,1677.760,0.007,1678.608,0
2e6d793d-ece2-43d6-a91e-a69df721bd61.jpg,palm,rock,0.3146,0.840,1677.761,0.007,1678.608,0
c1ed36d4-5fbb-4dd4-885b-642d194bbb92.jpg,pinkie,pinkie,0.7019,0.840,1677.761,0.008,1678.609,1
5a989f4b-647e-4d55-91e9-7a825ad2124b.jpg,rock,rock,0.4296,0.840,1677.760,0.008,1678.608,1
2e28a774-f710-452e-96de-de2649995e7b.jpg,pinkie,pinkie,0.8265,0.840,1677.761,0.008,1678.609,1
9b0a28a0-be33-4f8d-826d-76914e8d867d.jpg,palm,palm,0.9925,0.840,1677.761,0.008,1678.609,1
68bd3b1d-3157-4910-8f4c-b16d7a0a0c74.jpg,others,others,0.7437,0.840,1677.761,0.008,1678.609,1
9b30cfee-c8b4-424d-a9d7-bd434af76615.jpg,pinkie,pinkie,0.7475,0.840,1677.761,0.008,1678.609,1
6aa60717-282c-4e0c-84ca-289f379fe260.jpg,others,one,0.3561,0.840,1677.761,0.008,1678.608,0
d97b7b79-d5da-4f92-9e22-f6647bf36391.jpg,one,one,0.8594,0.840,1677.761,0.008,1678.609,1
2c15685d-28e6-46b9-9571-c7d3460bd274.jpg,others,others,0.3843,0.840,1677.761,0.008,1678.609,1
698b56e7-7694-420f-9cbd-8c6a1d866263.jpg,palm,palm,0.9552,0.840,1677.762,0.008,1678.610,1
92ad6b45-fae2-42ba-a1f8-28ffccd0dfa5.jpg,fist,fist,0.9469,0.840,1677.761,0.008,1678.608,1
55e05500-35ab-4fdd-8c4a-e615a17e9695.jpg,others,others,0.7468,0.840,1677.761,0.008,1678.610,1
a8e6e064-396a-4688-85d6-8caa277768c1.jpg,one,others,0.3355,0.840,1677.761,0.008,1678.608,0
002091dc-d98d-45c1-9135-bf059558b06b.jpg,one,one,0.7355,0.840,1677.761,0.008,1678.609,1
1b0c35fd-d570-4b7a-845c-989c87fbf4dd.jpg,pinkie,rock,0.3312,0.840,1677.761,0.007,1678.609,0
4ce99359-6db9-4884-97f8-1f78a3914e22.jpg,palm,palm,0.9346,0.840,1677.761,0.008,1678.609,1
f5d9897c-0fce-4131-bd0a-d35ebd282261.jpg,rock,rock,0.7903,0.840,1677.761,0.008,1678.609,1
8d18c988-b75b-4a4b-94c6-40e457a50360.jpg,one,one,0.8318,0.840,1677.761,0.008,1678.609,1
810f9122-10d6-4c4e-9254-af7e9a2b744e.jpg,pinkie,pinkie,0.8820,0.840,1677.761,0.008,1678.609,1
6da291bf-a578-43ae-8c6c-1332833933a3.jpg,fist,fist,0.9029,0.840,1677.761,0.008,1678.609,1
1ed3f1d6-14a0-41c7-b26f-a287b94cc037.jpg,fist,fist,0.9986,0.840,1677.761,0.008,1678.609,1
18dc649c-0367-4aca-9124-64a463160f83.jpg,one,one,0.8487,0.840,1677.761,0.008,1678.609,1
419bcf87-c329-42e5-99bc-e8ef83ae1aa9.jpg,fist,fist,0.8392,0.840,1677.761,0.008,1678.609,1
f45f08dc-9e34-4534-a5de-4620a299fe23.jpg,pinkie,pinkie,0.8587,0.840,1677.761,0.008,1678.609,1
f3ee5c05-a650-46bb-83e4-fce82c549869.jpg,fist,fist,0.9975,0.840,1677.761,0.008,1678.609,1
38bfe9d4-869d-4587-adfe-78d066326d60.jpg,palm,palm,0.9978,0.840,1677.761,0.008,1678.609,1
11c2d5f2-bb88-43fe-b035-5a5cc43dfc1b.jpg,rock,one,0.5582,0.840,1677.761,0.008,1678.609,0
cca6eb8e-8a39-4744-9365-a1fb79e4e6ce.jpg,rock,rock,0.3169,0.840,1677.761,0.007,1678.608,1
e935c24b-e694-4f4d-a15f-751856d90cef.jpg,one,one,0.4652,0.840,1677.761,0.007,1678.609,1
4f2ff79b-316d-42f5-840e-75ea696ae858.jpg,palm,palm,0.9998,0.840,1677.760,0.008,1678.609,1
8f99270d-8710-4844-8cda-2e6b52538744.jpg,rock,rock,0.9168,0.840,1677.761,0.008,1678.609,1
9528047f-ef66-44d0-8649-c47e8bb0d4fe.jpg,pinkie,rock,0.3825,0.840,1677.761,0.008,1678.609,0
db4df047-d818-49f6-b369-8260f306bd38.jpg,others,others,0.9731,0.840,1677.761,0.008,1678.609,1
d9012633-d021-4ea8-9b03-ca1463243763.jpg,fist,fist,0.9999,0.840,1677.761,0.008,1678.609,1
2c4a9f4b-bb7d-445b-b99b-94fe096ac47f.jpg,one,one,0.5094,0.840,1677.761,0.008,1678.609,1
de690ef4-b6e6-4bc4-824d-47654362c2d6.jpg,palm,palm,0.9990,0.840,1677.761,0.008,1678.609,1
3bc26eb8-57ee-4bc8-a13c-0d9372ed006a.jpg,palm,palm,0.9973,0.840,1677.761,0.008,1678.610,1
2b2e9786-75ab-432c-a61a-6b81e66b1055.jpg,fist,others,0.4777,0.840,1677.761,0.008,1678.609,0
4444e8cc-a36d-4539-a57e-bf6302fa67eb.jpg,one,one,0.9166,0.840,1677.761,0.008,1678.609,1
6f780a24-5d5e-40fa-8c93-3b269f86e0ec.jpg,others,others,0.3556,0.840,1677.761,0.008,1678.609,1
3e68cfdc-a35a-4b24-aa30-67437a9b9ead.jpg,rock,rock,0.6896,0.840,1677.761,0.008,1678.609,1
88817823-f303-47aa-83f9-61bec76bbf28.jpg,fist,fist,0.9962,0.840,1677.761,0.008,1678.609,1
898ac697-792b-4bf2-be96-3d41c9ffe3cc.jpg,rock,rock,0.2389,0.840,1677.761,0.007,1678.608,1
7cb7b817-f567-414e-a402-5aa362325b33.jpg,pinkie,pinkie,0.6874,0.840,1677.761,0.008,1678.609,1
a8d03e63-5b53-4109-93f0-adb24e44e88e.jpg,one,one,0.6603,0.840,1677.760,0.008,1678.608,1
8d8ca440-a84b-4727-9237-871b22d2508e.jpg,palm,palm,0.8995,0.840,1677.761,0.008,1678.609,1
2c7c5b7d-d71f-445e-b6d8-1525888ebc6e.jpg,one,one,0.8869,0.840,1677.761,0.008,1678.609,1
ec442ee7-7604-4c12-904f-5f9ae1abedec.jpg,pinkie,pinkie,0.7674,0.840,1677.761,0.008,1678.609,1
f8b8696a-ff08-4dab-826b-f44624131b84.jpg,palm,palm,0.9950,0.840,1677.761,0.008,1678.609,1
c8dbf138-c4a7-424e-8fd4-40c528000340.jpg,rock,rock,0.9621,0.840,1677.761,0.008,1678.609,1
6cb1a3f6-bd0a-462b-9a72-e6288bd9dda4.jpg,others,others,0.5685,0.840,1677.761,0.008,1678.609,1
5a16475c-14da-45a8-970b-1698f89e9368.jpg,others,others,0.4355,0.840,1677.761,0.008,1678.609,1
b1a62a4d-4ef7-4394-be05-5b439dc03557.jpg,palm,palm,0.9467,0.840,1677.762,0.008,1678.610,1
24745e94-fa0e-4ac0-b910-2e285f595789.jpg,one,one,0.9382,0.840,1677.761,0.008,1678.609,1
5c1c44b4-9afc-4563-a1ed-857f7a562226.jpg,palm,palm,0.9877,0.840,1677.760,0.008,1678.608,1
d59ee1aa-f6f5-499d-9b0b-298db11bfb3c.jpg,fist,fist,0.9772,0.840,1677.761,0.008,1678.609,1
40dbd406-201b-4a2a-8688-bfd3d20cc92c.jpg,others,others,0.7990,0.840,1677.761,0.008,1678.609,1
115cfc23-db95-441d-8fe0-6f9985b49b3d.jpg,rock,rock,0.9330,0.840,1677.761,0.008,1678.609,1
a144e10e-5542-4d63-b7ff-390d6ac094e3.jpg,one,one,0.9915,0.840,1677.761,0.008,1678.609,1
664c44ee-e715-4ab2-8c57-e347c71b48a8.jpg,fist,fist,0.9878,0.840,1677.762,0.008,1678.610,1
b7057b31-0196-47f4-a957-684b5abb040b.jpg,rock,rock,0.8085,0.840,1677.761,0.008,1678.609,1
f12b1ae7-7dc2-4a72-861f-a3a023de39b4.jpg,one,one,0.7274,0.840,1677.761,0.008,1678.609,1
2522e787-7e41-4d13-ad2b-81a59aa81ba1.jpg,fist,one,0.4231,0.840,1677.761,0.008,1678.608,0
7d33cfca-5ed8-43d7-9863-cd3e3f92a663.jpg,rock,rock,0.4029,0.840,1677.761,0.007,1678.609,1
f08ebbbe-09e7-49e6-a2d0-048d8f601c36.jpg,pinkie,pinkie,0.7879,0.840,1677.761,0.008,1678.609,1
6a8d5c07-e6d2-4eba-9086-4f1280148137.jpg,others,others,0.8482,0.840,1677.761,0.008,1678.609,1
88fb8b8c-fdea-4e91-ac5b-6aee234e0ba2.jpg,one,one,0.9865,0.840,1677.761,0.008,1678.609,1
640d56c3-91c7-404c-b10d-16508f4b3665.jpg,one,one,0.8958,0.840,1677.761,0.008,1678.609,1
92fad565-d4ea-4eee-93c0-482aa86a42d7.jpg,rock,rock,0.8392,0.840,1677.761,0.008,1678.609,1
2efa40b5-ab9c-46ce-abbf-34d29c8b1dc5.jpg,pinkie,pinkie,0.9909,0.840,1677.761,0.008,1678.609,1
9c232ff8-18db-446d-9b62-8b57f2f146ee.jpg,one,one,0.9911,0.840,1677.761,0.008,1678.609,1
57cd23fd-9a72-40c1-ba6d-0f29f9d9769d.jpg,palm,palm,0.9909,0.840,1677.761,0.008,1678.610,1
f2f599bd-9f76-45ee-bd67-2f39f5fc5761.jpg,pinkie,pinkie,0.9024,0.840,1677.761,0.008,1678.609,1
895060bb-bb4d-4780-b1f0-99e03db271fc.jpg,rock,rock,0.3520,0.840,1677.761,0.007,1678.609,1
bbd5c166-f69d-42bd-8486-1e3cdaf37af7.jpg,one,one,0.8565,0.840,1677.761,0.008,1678.608,1
1c6e93ca-f0e8-425c-a897-48aa69531994.jpg,one,one,0.6586,0.840,1677.761,0.008,1678.609,1
0f8761cc-b7a3-4846-b066-40f2c6b063b7.jpg,fist,fist,0.9936,0.840,1677.761,0.008,1678.609,1
1249bff6-294a-4c99-bd2e-10956ece80ab.jpg,others,others,0.8789,0.840,1677.761,0.008,1678.609,1
2cbf4714-39f3-41b8-a646-be9dbe998d88.jpg,palm,palm,0.8099,0.840,1677.761,0.008,1678.609,1
5b354185-d10c-42df-8d7b-43fabda6dcab.jpg,others,others,0.5404,0.840,1677.761,0.008,1678.608,1
da7d7169-9f72-44de-a2c7-f322e5c9de9a.jpg,palm,palm,0.9510,0.840,1677.761,0.008,1678.609,1
bc5653bb-85cb-40e3-8f1d-d7b698994bb7.jpg,rock,rock,0.8050,0.840,1677.761,0.008,1678.609,1
af59d36d-7510-421b-aa93-8c0c1b6ab56b.jpg,others,fist,0.5470,0.840,1677.761,0.008,1678.609,0
244619e3-b6e2-46b7-94fe-9dc924cf62cf.jpg,others,others,0.6757,0.840,1677.761,0.008,1678.609,1
3eed8558-3dff-4b20-8129-08f4a22a4043.jpg,others,fist,0.4185,0.840,1677.761,0.008,1678.609,0
daa4662e-1214-4f75-9285-5c3fb4f0ce90.jpg,pinkie,pinkie,0.8486,0.840,1677.760,0.008,1678.608,1
33e846f8-7308-40d0-90c6-adaaa3d16910.jpg,pinkie,pinkie,0.6006,0.840,1677.761,0.008,1678.609,1
43b4ccde-56ff-4f1f-8780-2fccc9f0c98a.jpg,others,others,0.5837,0.840,1677.761,0.008,1678.609,1
07858486-a53d-4600-b78f-c0b17cb2de6c.jpg,one,one,0.9432,0.840,1677.761,0.008,1678.609,1
1e3f116c-0d6d-4527-b709-de94f80690ac.jpg,rock,pinkie,0.2937,0.840,1677.761,0.007,1678.608,0
4fa38c18-b9ad-47b5-982c-b064202f5c37.jpg,others,others,0.7554,0.840,1677.761,0.008,1678.609,1
1580de4d-cabd-41b2-90e3-fbbcd77829ba.jpg,palm,palm,0.6052,0.840,1677.761,0.008,1678.609,1
8882e0d6-2c90-4895-bad4-4999a7e373be.jpg,rock,rock,0.9217,0.840,1677.761,0.008,1678.609,1
594045d0-6ef4-48ee-8186-7d1b5eac9b05.jpg,fist,fist,0.9980,0.840,1677.761,0.008,1678.609,1
8e0e0fe7-5cb0-4b34-921b-c3d591113bcb.jpg,rock,rock,0.6113,0.840,1677.761,0.008,1678.609,1
b27ef1f3-5508-4600-99e3-e55fb9bdbafa.jpg,others,one,0.5412,0.840,1677.761,0.008,1678.609,0
c67c7e45-e3d8-454e-b87f-70f2473e8074.jpg,one,one,0.6324,0.840,1677.761,0.008,1678.609,1
7a0ac617-181a-4b2d-8d7b-fe707d488ef8.jpg,one,one,0.5689,0.840,1677.761,0.008,1678.608,1
4eb1299c-d708-4b01-8f5d-79c1000a93b9.jpg,fist,fist,0.7949,0.840,1677.761,0.008,1678.609,1
85b22c5c-32e8-4934-bb5d-ab45b09d0b60.jpg,one,one,0.6683,0.840,1677.761,0.008,1678.609,1
f00c1a29-2da4-4fb4-be7f-d76acbd6301a.jpg,others,others,0.7149,0.840,1677.761,0.008,1678.609,1
8e647181-7ed1-4416-839f-7305ee305e67.jpg,palm,palm,0.8388,0.840,1677.761,0.008,1678.609,1
d6ce287a-8b99-4010-882c-cc4fdc045128.jpg,pinkie,pinkie,0.8290,0.840,1677.761,0.008,1678.609,1
8ab773f7-d941-40d4-be3d-6e711f9f788b.jpg,one,others,0.5434,0.840,1677.761,0.008,1678.609,0
0ea35d14-4c6e-46ca-9c49-16dec0908882.jpg,one,one,0.8921,0.840,1677.761,0.008,1678.609,1
41717b4a-3546-4c3f-ab85-4576118ae79a.jpg,pinkie,fist,0.4457,0.840,1677.761,0.008,1678.609,0
93de9606-4b97-4e06-842d-19fad044fa98.jpg,pinkie,rock,0.2368,0.840,1677.761,0.007,1678.608,0
b107054a-6cae-4987-adef-684ab86d7350.jpg,one,fist,0.5374,0.840,1677.761,0.008,1678.609,0
eb19819c-e5a6-4538-8d82-2adb37bc3fbb.jpg,fist,fist,0.9813,0.840,1677.761,0.008,1678.609,1
1861ea21-ecc0-4903-b9c4-e2d3e139b184.jpg,one,one,0.8812,0.840,1677.761,0.008,1678.609,1
8a1365b2-7e8a-4df0-b7dc-5123273bf310.jpg,pinkie,pinkie,0.9951,0.840,1677.761,0.008,1678.609,1
3dff4b50-1dc4-44c3-a99f-6fa62845f9b3.jpg,pinkie,pinkie,0.6200,0.840,1677.761,0.008,1678.609,1
f4d1cdb8-650b-45c6-a05c-621762b07650.jpg,pinkie,one,0.3592,0.840,1677.761,0.008,1678.609,0
810572b6-1b86-4628-9868-ad0a43550feb.jpg,others,others,0.7198,0.840,1677.761,0.008,1678.609,1
3e50bf99-b5dc-4a4a-85da-7d4c24dd5f26.jpg,rock,rock,0.4296,0.840,1677.761,0.008,1678.609,1
9d71f7d5-1d67-4e95-9070-b06367ed9126.jpg,fist,fist,0.7287,0.840,1677.761,0.008,1678.608,1
64bd61d8-6502-404e-9027-f0452560275c.jpg,rock,rock,0.9558,0.840,1677.761,0.008,1678.609,1
7a5e7a6e-ab6f-4256-918f-4e7b098f423b.jpg,one,one,0.9843,0.840,1677.761,0.008,1678.609,1
36361995-707b-4cf1-bd20-e38bc936f5ba.jpg,pinkie,pinkie,0.6809,0.840,1677.761,0.008,1678.609,1
ba9c5f68-409e-431e-91d9-17f78f7ad3c2.jpg,rock,rock,0.9758,0.840,1677.761,0.008,1678.609,1
6e9e279d-438f-4b45-914f-1e5d3d6e3daa.jpg,others,others,0.9509,0.840,1677.761,0.008,1678.609,1
02368ecf-2452-4a39-80f2-1a7e0db7438b.jpg,others,others,0.9501,0.840,1677.761,0.008,1678.609,1
d6a4f79c-f534-463d-8b3c-2b7070291b34.jpg,pinkie,fist,0.3863,0.840,1677.761,0.008,1678.609,0
83ef5923-eaf1-43d9-be7c-b95d01d57351.jpg,palm,palm,0.9952,0.840,1677.761,0.008,1678.609,1
82cac3f2-3bad-4e46-bdc4-ff04d73475f5.jpg,pinkie,pinkie,0.6029,0.840,1677.761,0.008,1678.609,1
045e53a5-3b93-4498-a508-3a0ea4fdb7f4.jpg,fist,fist,0.9862,0.840,1677.761,0.008,1678.609,1
167581e8-bc11-4c43-912e-e957f64a2912.jpg,one,one,0.6809,0.840,1677.761,0.008,1678.609,1
7e21850a-a16a-4651-bc79-e046686a88a7.jpg,fist,fist,0.9157,0.840,1677.761,0.008,1678.609,1
b548e2c5-a304-4de8-8d9c-dfd99ed34a48.jpg,others,others,0.5270,0.840,1677.761,0.008,1678.609,1
bc24fef4-3fbf-4548-859f-702c86b515e7.jpg,others,one,0.5281,0.840,1677.761,0.008,1678.609,0
7e5ac694-28ee-45a8-9b8b-e39d72ce9cfc.jpg,pinkie,pinkie,0.9934,0.840,1677.761,0.008,1678.609,1
340fe56c-88b1-4590-8f07-efb9fc29f9d3.jpg,pinkie,pinkie,0.8292,0.840,1677.761,0.008,1678.609,1
ec468226-25ea-4bd4-adb8-10961fa9a5dc.jpg,fist,fist,0.8752,0.840,1677.761,0.008,1678.609,1
e94381c0-e693-42bc-8204-adb635f78573.jpg,others,others,0.5860,0.840,1677.761,0.008,1678.608,1
a38ac5ab-9a99-4e15-bf00-e872b5ad5bd0.jpg,others,rock,0.8583,0.840,1677.761,0.008,1678.609,0
5eb11cde-3c98-40ff-9e0d-0e59dbaeedd1.jpg,fist,fist,0.9978,0.840,1677.761,0.008,1678.609,1
2625defd-9245-4955-974b-021f5708e198.jpg,palm,palm,0.9355,0.840,1677.761,0.008,1678.609,1
75e2f54c-119e-48e7-af6e-9d0a5504825e.jpg,one,one,0.6329,0.840,1677.761,0.008,1678.609,1
b15e91d0-d7e8-4172-b1be-9c6314e6b9d1.jpg,palm,palm,0.8436,0.840,1677.762,0.008,1678.610,1
b23e9561-4d1f-441f-9107-b966d45baa89.jpg,palm,palm,0.9853,0.840,1677.761,0.008,1678.608,1
46522d36-5883-434c-8794-c49db00feea8.jpg,one,one,0.8460,0.840,1677.761,0.008,1678.609,1
92435ce9-d723-4624-86ee-1c301614ff24.jpg,one,one,0.4847,0.840,1677.761,0.008,1678.609,1
751bf8ea-d731-412a-90a9-e859d658092b.jpg,pinkie,fist,0.5174,0.840,1677.760,0.008,1678.608,0
aef21059-fc3e-4141-aeb8-164dacc52c97.jpg,others,others,0.8268,0.840,1677.761,0.008,1678.608,1
158e61e6-1bf8-4502-a754-21f12fe817a0.jpg,palm,palm,0.9234,0.840,1677.761,0.008,1678.609,1
01dc609b-aa42-4760-b0be-0dc13ae0ab19.jpg,others,others,0.4158,0.840,1677.761,0.008,1678.609,1
07c94a90-d025-4e8f-b58f-f848d7e4b622.jpg,others,palm,0.7295,0.840,1677.761,0.008,1678.609,0
b07660ce-df40-4e31-a648-9a0072934c2d.jpg,pinkie,pinkie,0.5816,0.840,1677.760,0.008,1678.608,1
6768a279-0192-463c-a878-bd0ddb395405.jpg,palm,palm,0.9999,0.840,1677.761,0.008,1678.610,1
000610e1-c7f7-438b-9065-f5fa3f29bb6e.jpg,one,one,0.9646,0.840,1677.761,0.008,1678.608,1
e4051463-3b48-4d28-ac0b-bb82bef5c235.jpg,others,pinkie,0.2886,0.840,1677.761,0.007,1678.609,0
a96ce9c6-6ceb-4c99-8aca-ae38acfd9bdb.jpg,pinkie,pinkie,0.8743,0.840,1677.761,0.008,1678.609,1
20044659-4fd8-48f3-8e46-e84d6e349e1a.jpg,palm,palm,0.9983,0.840,1677.761,0.008,1678.610,1
6a7f2f32-449a-464f-bb79-3f522bda76f9.jpg,fist,fist,0.7889,0.840,1677.761,0.008,1678.609,1
ab368f95-b4ed-409e-b793-6e7fa089897e.jpg,palm,palm,0.9871,0.840,1677.761,0.008,1678.609,1
4e189760-1454-4c8b-9816-3af657203f72.jpg,pinkie,pinkie,0.8401,0.840,1677.761,0.008,1678.609,1
c818faf4-53a7-4fbe-8343-b3a6c97da93c.jpg,others,one,0.5360,0.840,1677.761,0.008,1678.609,0
cd4dcfab-5ad9-42b8-a9fa-ffcf2787640d.jpg,fist,fist,0.8822,0.840,1677.761,0.008,1678.609,1
8903b225-cecb-4351-82bc-5090b26e084b.jpg,rock,pinkie,0.9096,0.840,1677.761,0.008,1678.609,0
bf26e4c0-10b9-47ff-9eee-f247e9e9b7a1.jpg,palm,palm,0.7733,0.840,1677.761,0.008,1678.609,1
03a4ca3d-64de-40f4-a0e0-463923481d4c.jpg,one,one,0.3752,0.840,1677.761,0.008,1678.609,1
591d21b7-abc5-4f50-9c79-15b9227ea639.jpg,others,others,0.6887,0.840,1677.761,0.008,1678.609,1
daf59249-7ba1-4acd-8283-573ee6c0cae0.jpg,rock,rock,0.9587,0.840,1677.761,0.008,1678.609,1
804b02ba-47cf-4abc-bcbb-0097aec5d9c0.jpg,pinkie,pinkie,0.8881,0.840,1677.761,0.008,1678.609,1
b821d16b-2d03-4b83-b917-075458b2067e.jpg,fist,fist,0.8862,0.840,1677.761,0.008,1678.609,1
a9e61201-d967-413e-987b-197210ab0f21.jpg,fist,fist,0.9896,0.840,1677.761,0.008,1678.609,1
42955ae0-3056-4f69-8817-ac0714440a1c.jpg,pinkie,pinkie,0.8554,0.840,1677.761,0.008,1678.609,1
1985171a-3d5e-4213-9210-82036a15a0f9.jpg,fist,fist,0.9977,0.840,1677.761,0.008,1678.609,1
4f913187-aa77-4171-9173-307574990bc0.jpg,palm,palm,0.8316,0.840,1677.761,0.008,1678.609,1
3dba48b4-27dd-4941-aefd-e0e820962f30.jpg,others,pinkie,0.4119,0.840,1677.761,0.008,1678.609,0
8c85fb39-4fc2-442e-b56d-016021c48676.jpg,pinkie,pinkie,0.5187,0.840,1677.761,0.008,1678.608,1
34817a5d-de2f-4fa6-bf54-c81f888cf5f3.jpg,others,palm,0.3777,0.840,1677.761,0.007,1678.609,0
8bf83ecc-7114-4765-bc19-7c9fb9308f9b.jpg,fist,fist,0.7586,0.840,1677.761,0.008,1678.609,1
4137bb3b-1fbf-405b-9f4b-c4b2babf16f1.jpg,others,palm,0.5677,0.840,1677.761,0.008,1678.609,0
f68fbc20-dfeb-44a7-a673-83882bb0c9be.jpg,one,one,0.7241,0.840,1677.761,0.008,1678.609,1
8c9c1d18-55a0-41e3-bb37-272b809691d6.jpg,pinkie,pinkie,0.5040,0.840,1677.761,0.008,1678.609,1
9353f841-9536-455e-bbb4-7375e22c59f6.jpg,pinkie,pinkie,0.9562,0.840,1677.761,0.008,1678.608,1
b78d5a5e-60ce-4bd1-b505-6b322ad79d64.jpg,fist,fist,0.9713,0.840,1677.760,0.008,1678.608,1
70f90886-c711-4391-965d-a997e5fe3dc4.jpg,fist,fist,0.9999,0.840,1677.761,0.008,1678.609,1
2dc94210-6f66-457d-a01c-a332683a2a8b.jpg,others,others,0.8934,0.840,1677.761,0.008,1678.609,1
f1fc899e-e76a-4ee5-9cc8-9ed155d0a79a.jpg,fist,fist,0.9170,0.840,1677.761,0.008,1678.609,1
4a89bf6b-62c0-4e53-a388-ec9d42eb637a.jpg,one,one,0.4581,0.840,1677.761,0.008,1678.609,1
e12a4110-4067-4059-bacf-74bea4ae2608.jpg,others,others,0.6662,0.840,1677.761,0.008,1678.609,1
1ea27470-880c-45c4-b972-b0f1a3bb6b2d.jpg,one,one,0.4884,0.840,1677.761,0.008,1678.609,1
0222bf9f-2a76-4de2-abe3-c9b9de6878b0.jpg,palm,palm,0.9498,0.840,1677.762,0.008,1678.610,1
34096729-08d7-4444-a82d-089305466cd9.jpg,fist,fist,0.8698,0.840,1677.761,0.008,1678.609,1
ff66c9fe-5b4f-455a-8290-48a062564455.jpg,palm,palm,0.9579,0.840,1677.761,0.008,1678.609,1
6b39b91c-7778-446a-a5fd-7b6a2aabcbfc.jpg,rock,rock,0.9655,0.840,1677.761,0.008,1678.609,1
48651dbe-412c-4ee7-84f4-9a5a41d22937.jpg,fist,fist,0.6304,0.840,1677.761,0.008,1678.609,1
443c82b0-81c2-44f6-a301-7eea76c6cfa6.jpg,fist,fist,0.7280,0.840,1677.761,0.008,1678.609,1
4270ac86-bd6e-45c5-a886-6c163648ba8a.jpg,rock,rock,0.6620,0.840,1677.761,0.008,1678.609,1
489dbfe5-5a83-43fa-92d2-b42cf3aced12.jpg,rock,rock,0.9207,0.840,1677.761,0.008,1678.609,1
57454604-e14d-4863-b86c-afe3a0b69218.jpg,fist,fist,0.9955,0.840,1677.761,0.008,1678.609,1
493e2d51-69d4-495f-970e-dcdf0df6d013.jpg,palm,palm,0.8188,0.840,1677.761,0.008,1678.609,1
9565eabe-6eb4-4333-8f9c-0baf704d0fa0.jpg,pinkie,others,0.3654,0.840,1677.761,0.007,1678.608,0
2d5a197b-e423-4a83-9878-70cba8692365.jpg,palm,palm,0.9790,0.840,1677.760,0.008,1678.609,1
6a10d96e-eb0a-4dde-8912-c3aef0be5925.jpg,fist,fist,0.9955,0.840,1677.761,0.008,1678.609,1
741e9805-bd9b-4c39-9bc8-4d9735c0b2eb.jpg,fist,fist,0.8051,0.840,1677.762,0.008,1678.610,1
50b41fb0-fbf1-4fa0-9935-234a444d56b1.jpg,fist,fist,0.9626,0.840,1677.761,0.008,1678.609,1
a337d7cb-fb51-449b-a6f2-1f85b510bac2.jpg,others,one,0.9846,0.840,1677.761,0.008,1678.609,0
cc4ea56c-5a1b-4ca9-ab2d-32db5545a6f4.jpg,palm,one,0.2592,0.840,1677.761,0.007,1678.608,0
7d8682e4-0617-4d53-aa06-b7cb360f5b30.jpg,pinkie,fist,0.6204,0.840,1677.761,0.008,1678.609,0
308fe048-7766-4012-8baf-11fb6b34298e.jpg,rock,rock,0.9777,0.840,1677.761,0.008,1678.609,1
4a66f456-eb64-490b-988b-a4f69018fe69.jpg,fist,fist,0.7365,0.840,1677.762,0.008,1678.610,1
6c72f62a-c191-4a8f-8074-62fbcbf7176b.jpg,rock,rock,0.7082,0.840,1677.761,0.008,1678.609,1
a1203eb8-0383-4e07-8234-4f6a891a9812.jpg,others,others,0.9277,0.840,1677.761,0.008,1678.609,1
6fc4e401-99dd-48c8-b0d3-9bfc265494ef.jpg,palm,palm,0.9130,0.840,1677.761,0.008,1678.609,1
093092f9-14b2-4c33-bb32-13ef4282bd3a.jpg,palm,palm,0.9980,0.840,1677.761,0.008,1678.609,1
be4c47f2-e55e-4b81-b060-95f1d9520cc2.jpg,pinkie,one,0.6469,0.840,1677.761,0.008,1678.609,0
78deb3ee-e9a3-4cac-95ea-affbedb686e4.jpg,others,rock,0.6701,0.840,1677.761,0.008,1678.609,0
be0e43ff-113b-4b7c-be7e-a80e497313e5.jpg,palm,palm,0.9794,0.840,1677.761,0.008,1678.609,1
fd282597-464b-4d73-823f-0a6c22a66816.jpg,rock,rock,0.8861,0.840,1677.761,0.008,1678.609,1
5fe0cf1f-6f67-4f08-861e-e6ae2519675c.jpg,pinkie,pinkie,0.7784,0.840,1677.761,0.008,1678.609,1
59d6859a-3011-4ab8-a907-e41392c67cbe.jpg,pinkie,pinkie,0.4645,0.840,1677.761,0.008,1678.608,1
4620ead7-ac15-4fcb-adf8-42e11d389144.jpg,pinkie,pinkie,0.6965,0.840,1677.761,0.008,1678.609,1
66651e4a-2b3c-4fe2-9511-bf5349f32707.jpg,palm,palm,0.9853,0.840,1677.761,0.008,1678.609,1
197c9067-aceb-437c-8881-8a4024407ec5.jpg,rock,rock,0.9921,0.840,1677.761,0.008,1678.609,1
aacc9032-b1d0-435e-a49b-03c1a55a60f1.jpg,one,one,0.9636,0.840,1677.761,0.008,1678.609,1
a1caec41-2a3a-4afd-aefa-608e8a4c5d0e.jpg,pinkie,pinkie,0.5996,0.840,1677.761,0.008,1678.609,1
1f840262-7cdf-4915-8fba-f38ca2ab3957.jpg,one,one,0.8893,0.840,1677.761,0.008,1678.609,1
4e0bf902-67d6-4c00-8bf2-3a1387e34ff3.jpg,fist,fist,0.9492,0.840,1677.761,0.008,1678.609,1
e323d60e-23a1-4246-991c-9b61793e2033.jpg,others,one,0.4203,0.840,1677.761,0.008,1678.609,0
0c429480-0d26-4148-bee9-f6c972c48f1f.jpg,rock,rock,0.9841,0.840,1677.761,0.008,1678.610,1
3ccf0193-417c-4165-9d5e-493b2524ff95.jpg,rock,rock,0.8390,0.840,1677.761,0.008,1678.609,1
054de567-ad5c-4cb2-9ee2-ffbb6f74cdea.jpg,rock,rock,0.9950,0.840,1677.761,0.008,1678.609,1
d90d54cd-e59d-4574-8ead-3d639c391b1d.jpg,palm,palm,0.6593,0.840,1677.761,0.008,1678.609,1
acd68635-d457-426b-86ed-f2bc640b3e81.jpg,one,one,0.9449,0.840,1677.761,0.008,1678.609,1
f9120c8c-ecf4-422f-98af-f333028f10fa.jpg,others,others,0.5050,0.840,1677.761,0.008,1678.609,1
0869c04b-d715-4090-b988-9eb4f238a98b.jpg,pinkie,pinkie,0.9849,0.840,1677.761,0.008,1678.609,1
c2fc5f8f-06a6-47db-a1f6-9f70bcabcdda.jpg,fist,fist,0.2637,0.840,1677.761,0.007,1678.608,1
94e5a77d-ce70-4281-88bd-57cfc1983736.jpg,fist,fist,0.9906,0.840,1677.761,0.008,1678.609,1
52ed6b3d-7ff5-4aef-a43d-ec558c0233ea.jpg,rock,rock,0.7308,0.840,1677.761,0.008,1678.609,1
0f9a2144-30d1-491b-91fa-af24948421ef.jpg,one,one,0.9872,0.840,1677.761,0.008,1678.609,1
4c254220-65f9-4ba6-84f0-9a318cd12bfc.jpg,others,others,0.9799,0.840,1677.761,0.008,1678.609,1
2aa35a92-5397-4c68-96c9-7164fed05e29.jpg,one,rock,0.4332,0.840,1677.761,0.008,1678.609,0
bcf6b453-3c9e-40ad-b224-a4a12d37d865.jpg,palm,palm,0.9774,0.840,1677.761,0.008,1678.609,1
ff7bf13b-3446-4771-af7a-bf6ddbf05879.jpg,rock,rock,0.9621,0.840,1677.761,0.008,1678.609,1
8c07d980-74c8-4003-8ec0-8a726944f74c.jpg,one,one,0.6454,0.840,1677.761,0.008,1678.609,1
2af4ebdb-e60c-4129-93e3-6162513fb936.jpg,fist,fist,0.9768,0.840,1677.761,0.008,1678.609,1
5b2424ce-0b99-41ea-a279-8ce5453d4a3f.jpg,rock,pinkie,0.5469,0.840,1677.761,0.008,1678.609,0
7e92c9cf-2250-4b0e-8245-6ff682427bfe.jpg,one,one,0.7473,0.840,1677.761,0.008,1678.609,1
d92be428-461f-4637-b8b7-ea7e6ccffb0f.jpg,rock,rock,0.7215,0.840,1677.761,0.008,1678.609,1
332f38d4-a171-4320-8882-fdd29377ae49.jpg,fist,fist,0.9999,0.840,1677.761,0.008,1678.609,1
ceffcf2a-bcc2-4097-9cdb-3530e2da9a39.jpg,palm,palm,0.9925,0.840,1677.761,0.008,1678.609,1
ff578afa-c4aa-4bd9-bb5a-857dee95ac3c.jpg,others,others,0.9659,0.840,1677.762,0.008,1678.610,1
1bcebf8b-e2bd-45fd-98f6-ea5a315c9972.jpg,others,others,0.5371,0.840,1677.761,0.008,1678.608,1
a422e405-e6a0-4ae6-b127-9284299de736.jpg,one,one,0.5143,0.840,1677.762,0.008,1678.610,1
b6088765-85ea-4e39-a2cb-3231f5c04383.jpg,others,pinkie,0.7913,0.840,1677.761,0.008,1678.609,0
91788e00-77dd-4b1f-ab1e-fab399ac09c0.jpg,rock,rock,0.9733,0.840,1677.761,0.008,1678.609,1
cca8febb-035a-49a8-97f8-3d2b2753cb46.jpg,fist,fist,0.8918,0.840,1677.761,0.008,1678.609,1
ebc3a03d-6ba3-4597-b76a-cbd36bbb8f49.jpg,one,one,0.9970,0.840,1677.761,0.008,1678.610,1
07bbc991-0206-4757-b56c-20c3834dbe63.jpg,rock,rock,0.8299,0.840,1677.761,0.008,1678.609,1
93e31334-b07f-486d-a7d3-ca0a0b79d462.jpg,palm,palm,0.9970,0.840,1677.761,0.008,1678.610,1
588e629d-f07e-4c77-b453-f8f242f106e8.jpg,pinkie,rock,0.3563,0.840,1677.761,0.007,1678.608,0
e7843f98-0e36-4f0a-b502-fa23c5a38cd6.jpg,pinkie,pinkie,0.3749,0.840,1677.761,0.008,1678.609,1
d782f887-fa8a-4437-8263-953a8c17c1d7.jpg,one,one,0.7293,0.840,1677.760,0.008,1678.608,1
43998735-4e71-4b46-a614-7b9ad03df4f3.jpg,rock,rock,0.8411,0.840,1677.761,0.008,1678.609,1
3f740655-aaa7-4410-b30c-8372a884b9a5.jpg,fist,pinkie,0.4891,0.840,1677.761,0.007,1678.608,0
fc277988-73fc-4e5c-aa0b-6b73605ebf0d.jpg,pinkie,pinkie,0.4093,0.840,1677.761,0.008,1678.609,1
7ecddbb5-4793-4e2f-8311-1445c760aac7.jpg,fist,fist,0.6730,0.840,1677.761,0.008,1678.609,1
3d2c2241-8d8a-48b1-81a7-f40f877cfe4c.jpg,rock,rock,0.8985,0.840,1677.761,0.008,1678.609,1
67b4b4fd-b006-45c9-a20e-9d2c70a2657a.jpg,pinkie,pinkie,0.6040,0.840,1677.761,0.008,1678.609,1
7c4e9dcf-af45-436f-8d30-debb2c2c6045.jpg,others,pinkie,0.2630,0.840,1677.761,0.007,1678.608,0
52340192-deee-4f21-a8fc-7b69bf584a66.jpg,rock,palm,0.6738,0.840,1677.761,0.008,1678.609,0
fd3ef58d-04cf-4651-93bd-9ed336d2ecf2.jpg,rock,rock,0.5806,0.840,1677.761,0.008,1678.609,1
fb341a62-3a58-48f2-8e53-e11fd98fc8aa.jpg,pinkie,pinkie,0.7329,0.840,1677.761,0.008,1678.609,1
053b2aa6-0521-4ecf-9a42-0b3c23584ed5.jpg,others,others,0.5511,0.840,1677.761,0.008,1678.609,1
c61e8619-0c22-4613-ad5b-6f3b6a592f87.jpg,one,one,0.6443,0.840,1677.761,0.008,1678.609,1
c48d261a-6f54-4aab-828c-b065806acc46.jpg,palm,palm,0.8325,0.840,1677.761,0.008,1678.609,1
4dd7717e-c2e7-45c0-be9a-99f342c2c355.jpg,rock,rock,0.9201,0.840,1677.760,0.008,1678.608,1
538259b4-48f4-4347-a416-f02038c81a22.jpg,pinkie,pinkie,0.9501,0.840,1677.760,0.008,1678.608,1
376e0c4d-4ca2-4baf-a460-9312cc401583.jpg,one,one,0.8469,0.840,1677.761,0.008,1678.609,1
62610ac1-7ad3-49bd-b831-60bdabbf7de3.jpg,pinkie,pinkie,0.9681,0.840,1677.761,0.008,1678.609,1
b92a8ade-68e8-428e-a6ed-2a8ced3d2d14.jpg,one,one,0.5106,0.840,1677.761,0.008,1678.609,1
0a329cf8-d8c7-48d1-95a9-ab169d36bf74.jpg,rock,rock,0.5961,0.840,1677.761,0.008,1678.609,1
25346c0a-bb84-4390-9186-e45e7ec725aa.jpg,fist,fist,0.9618,0.840,1677.760,0.008,1678.609,1
9d14e2fe-4770-4c35-94e7-f075d52c09c0.jpg,rock,rock,0.9549,0.840,1677.760,0.008,1678.608,1
8e9e183d-1ce8-4175-9b55-fef309abd711.jpg,palm,palm,0.9993,0.840,1677.761,0.008,1678.609,1
023aacd5-ed67-4d51-b431-3caaa3af5637.jpg,others,one,0.5539,0.840,1677.761,0.008,1678.609,0
3b259bae-6a44-43b0-b7e9-0af417f1e50c.jpg,fist,fist,0.9844,0.840,1677.761,0.008,1678.609,1
a6016238-1106-4ff9-9b14-781d5b277805.jpg,pinkie,pinkie,0.5481,0.840,1677.761,0.008,1678.609,1
010bac92-854e-4333-97f6-59b70528c45b.jpg,rock,rock,0.7875,0.840,1677.761,0.008,1678.609,1
b468df6a-3bfe-4123-8b40-3f750e1b86ae.jpg,palm,palm,0.9997,0.840,1677.761,0.008,1678.610,1
1f840262-7cdf-4915-8fba-f38ca2ab3957.jpg,one,one,0.8893,0.840,1677.760,0.008,1678.608,1
b33f15a2-c5cc-4e39-b7e3-2468699e4621.jpg,others,others,0.7694,0.840,1677.761,0.008,1678.609,1
88f6d0c4-f55b-49e5-bc0a-435ae27576a9.jpg,fist,fist,0.7794,0.840,1677.761,0.008,1678.609,1
d9fabd8d-4d7a-49c8-a938-4e9783ea946f.jpg,others,others,0.4774,0.840,1677.761,0.008,1678.609,1
209dbda3-a7e0-4166-bffc-11acf08f3365.jpg,fist,fist,0.9962,0.840,1677.761,0.008,1678.609,1
9639cc76-9c46-4a73-8b20-514584707607.jpg,palm,palm,0.9274,0.840,1677.761,0.008,1678.609,1
7e494fe4-164f-4353-9bc7-7a9933ba95d3.jpg,others,one,0.6377,0.840,1677.761,0.008,1678.609,0
83d1e2fa-b1d6-483f-bba7-b78b002d701f.jpg,one,one,0.6193,0.840,1677.761,0.008,1678.609,1
3c401958-af6b-41e7-b943-b06cf1fd5baf.jpg,fist,fist,0.9979,0.840,1677.761,0.008,1678.609,1
c80afcfc-9a8c-4b52-812e-ed90624cc433.jpg,one,one,0.9447,0.840,1677.761,0.008,1678.609,1
99ab8648-c7d1-4dcc-af1d-85e904d7d526.jpg,others,one,0.9386,0.840,1677.761,0.008,1678.609,0
5358f7dd-03e3-4255-b3d6-8f2829b626d9.jpg,others,others,0.8846,0.840,1677.761,0.008,1678.609,1
eee08138-1de6-4ef3-b973-2e083c37c632.jpg,others,others,0.4522,0.840,1677.761,0.008,1678.609,1
3f5d2598-2394-45b2-b1bf-1310b3587ba2.jpg,rock,rock,0.8731,0.840,1677.761,0.008,1678.609,1
e6aed0ba-ca77-4122-be5d-297b185e5f32.jpg,others,others,0.7516,0.840,1677.761,0.008,1678.609,1
fde52511-2c64-4e89-9035-2af6059dd7d4.jpg,others,pinkie,0.3798,0.840,1677.760,0.008,1678.608,0
f31764e9-2f6e-4665-ac2b-1aa4a7f2710f.jpg,rock,rock,0.7964,0.840,1677.761,0.008,1678.609,1
8e964647-ea67-4fb6-a796-8d0ce6cb9707.jpg,one,one,0.5413,0.840,1677.761,0.008,1678.609,1
8944ccfc-0023-4afe-8c01-7e834d650bca.jpg,others,others,0.6971,0.840,1677.761,0.008,1678.609,1
819f1294-0dc8-4845-8a68-9316044f0135.jpg,pinkie,pinkie,0.6086,0.840,1677.761,0.008,1678.609,1
38699519-3fab-4127-8fa5-02ada3ac762a.jpg,rock,rock,0.7556,0.840,1677.761,0.008,1678.609,1
015923ab-6bc1-49a5-bd9b-94331cd4e11a.jpg,fist,fist,0.9948,0.840,1677.760,0.008,1678.608,1
3fd4788d-d7d5-4aa6-a6f0-a5e6fc7c9b13.jpg,rock,rock,0.5010,0.840,1677.761,0.008,1678.609,1
59f1041d-75dc-4be5-ac53-3b71c3f294ea.jpg,fist,one,0.3885,0.840,1677.761,0.008,1678.609,0
0b17905e-2dd9-4529-a401-c72bf2e8bb7a.jpg,rock,rock,0.6446,0.840,1677.761,0.008,1678.609,1
36490245-cabf-4c83-bc81-8b9073540176.jpg,fist,fist,0.9137,0.840,1677.761,0.008,1678.609,1
094a9d24-ade9-4b13-9b10-5acc5bf53957.jpg,fist,fist,0.9499,0.840,1677.761,0.008,1678.609,1
84f9338e-12e7-4c7d-a5c9-9bd172e53ec1.jpg,fist,fist,0.9556,0.840,1677.761,0.008,1678.609,1
778195d7-3907-4590-bdd6-b5020e1d85f0.jpg,others,fist,0.5191,0.840,1677.761,0.008,1678.609,0
8802bf50-c82a-496d-b3b3-169eda5ad5e4.jpg,fist,fist,0.9510,0.840,1677.761,0.008,1678.609,1
53585e67-7c95-4333-a68e-1c67258668bd.jpg,fist,fist,0.9990,0.840,1677.762,0.008,1678.610,1
a98b9049-f9db-49e0-9bde-da3b1615efb9.jpg,others,one,0.2614,0.840,1677.761,0.007,1678.608,0
faa5b287-5b3f-4f19-9987-ea3b0bbe35b1.jpg,palm,palm,0.9959,0.840,1677.761,0.008,1678.609,1
61828fe5-e566-458e-9c3e-3a6c8872d409.jpg,fist,fist,0.9404,0.840,1677.761,0.008,1678.608,1
3f3d5303-f148-4c26-beab-8a1c081249d3.jpg,palm,palm,0.6285,0.840,1677.760,0.008,1678.609,1
1f1845e5-8d8f-4efc-89e7-7a8b7d40520c.jpg,others,others,0.5676,0.840,1677.761,0.008,1678.609,1
8a8ef2e2-d543-4116-913e-f80fdcad8168.jpg,fist,fist,0.9937,0.840,1677.761,0.008,1678.609,1
3c3edfa4-050f-4354-9f6b-b3c83231dafb.jpg,fist,fist,0.9301,0.840,1677.761,0.008,1678.609,1
e6810105-cb2d-4712-86bf-d18ab7f18c72.jpg,palm,palm,0.5967,0.840,1677.761,0.008,1678.609,1
62b2e811-080f-43ad-aaff-308c4848e3e5.jpg,pinkie,others,0.5613,0.840,1677.761,0.008,1678.609,0
635760bc-355a-4788-84cb-e2c2c2b99039.jpg,others,palm,0.4175,0.840,1677.761,0.008,1678.609,0
e525c69a-aab0-48ef-8239-f10b9369d229.jpg,pinkie,fist,0.3139,0.840,1677.761,0.007,1678.609,0
d41176f6-4ec2-481c-a990-fc536b00d3d3.jpg,palm,palm,0.9912,0.840,1677.760,0.008,1678.609,1
f8a19eaa-5ee8-4737-b1fc-5da0936ff7c3.jpg,one,one,0.8056,0.840,1677.761,0.008,1678.609,1
3611ca51-7d51-474b-9d3b-69ad751d319e.jpg,pinkie,rock,0.6000,0.840,1677.761,0.008,1678.609,0
07c027f8-fc73-46f0-af02-4a9414ed61a4.jpg,fist,fist,0.9575,0.840,1677.761,0.008,1678.609,1
c22bcbd6-b4d1-4544-941a-b5533080d33e.jpg,palm,palm,0.9736,0.840,1677.761,0.008,1678.609,1
b1db9b4d-4564-416c-8f43-99e918e4306a.jpg,palm,palm,0.9945,0.840,1677.761,0.008,1678.609,1
748b214d-ba2a-42ef-9c9f-7b5cdd6c3fde.jpg,others,rock,0.3594,0.840,1677.761,0.008,1678.609,0
43105f08-e417-4e26-9f52-7119a5b6cedd.jpg,rock,rock,0.8168,0.840,1677.762,0.008,1678.610,1
7ab17e69-7ff8-4784-a7c2-1b3eda9a3a09.jpg,pinkie,pinkie,0.9763,0.840,1677.761,0.008,1678.609,1
4ccd685b-8ce2-4b66-9e6a-1e29ed900d64.jpg,fist,fist,0.5223,0.840,1677.761,0.008,1678.608,1
e77b5570-e213-400d-8a17-bac71356ce3b.jpg,pinkie,pinkie,0.3791,0.840,1677.761,0.007,1678.609,1
992b1e88-6757-4f19-bb80-4eadc8b4b8ba.jpg,rock,rock,0.5410,0.840,1677.761,0.008,1678.609,1
9d7ffe54-6a7b-4b42-8747-3eeed37b1524.jpg,rock,rock,0.7324,0.840,1677.761,0.008,1678.609,1
0eb9a935-d596-4ced-aa8c-6999b32434ee.jpg,palm,palm,0.9825,0.840,1677.761,0.008,1678.609,1
318da2e8-1f7a-4ed7-a269-eaa0a56d35ad.jpg,others,others,0.5278,0.840,1677.761,0.008,1678.609,1
34bcffdb-6d99-41aa-a35a-47d73851a3c2.jpg,one,fist,0.4781,0.840,1677.761,0.008,1678.608,0
47f30a3c-c313-43b7-8159-097ea13b91c5.jpg,others,others,0.4559,0.840,1677.761,0.008,1678.609,1
e4f15f4e-20e4-4891-8ab0-a84e1e0d6d82.jpg,pinkie,rock,0.5254,0.840,1677.761,0.008,1678.609,0
d53042c5-78f7-44e7-9045-f35124f9e5cf.jpg,one,one,0.9774,0.840,1677.761,0.008,1678.609,1
adf1f1cf-30cd-444d-9718-14bb2c4747ff.jpg,one,one,0.3947,0.840,1677.761,0.008,1678.609,1
383162bc-9aa4-40f0-8132-9108062f9852.jpg,others,others,0.5185,0.840,1677.761,0.008,1678.609,1
0b9ade16-9f96-49be-ba72-b6d883ae3d94.jpg,rock,rock,0.1938,0.840,1677.761,0.006,1678.607,1
d23563c3-b723-41dd-a427-458b661b0bed.jpg,others,others,0.4241,0.840,1677.761,0.008,1678.609,1
ff339898-7f99-46b2-b2c9-bfc600d792a9.jpg,rock,rock,0.3123,0.840,1677.761,0.007,1678.609,1
3e3384e6-0323-4e76-8936-2b40effc125b.jpg,rock,rock,0.3279,0.840,1677.761,0.007,1678.608,1
e15fcee0-28fc-47e3-8724-eddad20e092f.jpg,others,rock,0.5783,0.840,1677.761,0.008,1678.609,0
089f5ae8-e2eb-4544-882e-26ec886fdf94.jpg,others,others,0.7676,0.840,1677.761,0.008,1678.609,1
250912ff-b060-4097-a448-04c3865b8688.jpg,one,one,0.3215,0.840,1677.761,0.008,1678.609,1
cc4677e7-1dfa-4435-8714-db18e6951fe1.jpg,others,palm,0.6502,0.840,1677.761,0.008,1678.609,0
031d04fb-4574-4fb2-8fad-18f1c0007a7b.jpg,rock,rock,0.6393,0.840,1677.761,0.008,1678.609,1
f68147a2-38ae-41ed-9bb1-af92de040edf.jpg,fist,fist,0.9724,0.840,1677.761,0.008,1678.609,1
7b7c8791-5843-469b-bb7a-0d01254123ae.jpg,others,others,0.9491,0.840,1677.761,0.008,1678.609,1
7437f456-0e32-4c6d-a624-c35c72363606.jpg,pinkie,rock,0.3884,0.840,1677.761,0.007,1678.608,0
0b7027e9-efe6-49ec-82d5-02746fad56f4.jpg,others,others,0.3964,0.840,1677.761,0.008,1678.609,1
ac915b22-8fb9-448b-8194-64506225a3ff.jpg,palm,palm,0.9655,0.840,1677.761,0.008,1678.609,1
a1477ced-2e7c-4850-beac-51f65e48775f.jpg,one,one,0.9719,0.840,1677.761,0.008,1678.609,1
9850ed10-0904-4a37-8e69-dfd9e713b570.jpg,palm,palm,0.8730,0.840,1677.761,0.008,1678.609,1
acee8d00-0fa9-4232-ba7e-7f0f9f8bbab4.jpg,palm,palm,0.9946,0.840,1677.761,0.008,1678.609,1
83205de4-445d-4f50-af95-987fe3ff6d65.jpg,fist,fist,0.6068,0.840,1677.761,0.008,1678.609,1
8c6b8b20-e43a-43f5-8995-2aa9d8660eca.jpg,rock,rock,0.9938,0.840,1677.761,0.008,1678.609,1
481e6db1-8271-4c05-8f02-8e61a90d720e.jpg,others,others,0.5346,0.840,1677.761,0.008,1678.609,1
150d8c84-c309-4be0-86f5-2550eb93b708.jpg,fist,fist,0.9910,0.840,1677.761,0.008,1678.609,1
d9a49018-777a-4644-839e-a83d9ecaa0c4.jpg,fist,fist,0.9641,0.840,1677.761,0.008,1678.609,1
70c8579c-3e96-490a-995e-822f19bcecba.jpg,fist,fist,0.9647,0.840,1677.761,0.008,1678.610,1
61f73a93-113d-43c8-9eec-f314354f18c7.jpg,pinkie,fist,0.5686,0.840,1677.761,0.008,1678.609,0
6d01a20a-3d6c-4221-8993-16305249360e.jpg,others,rock,0.7235,0.840,1677.761,0.008,1678.609,0
06b10896-4f7e-4021-9753-54a35b754134.jpg,others,others,0.9987,0.840,1677.761,0.008,1678.609,1
6bfbfb2c-5b09-4843-a52f-0c3c7eac1760.jpg,one,one,0.7148,0.840,1677.761,0.008,1678.609,1
c6a1d37c-86f1-4e99-8aa2-8ee9159648cf.jpg,pinkie,rock,0.6900,0.840,1677.761,0.008,1678.609,0
0c89252e-a654-44ba-a176-d7fddb2f1b4c.jpg,palm,rock,0.3806,0.840,1677.761,0.007,1678.608,0
f5c1f319-b652-48f8-b106-f6c397582c97.jpg,others,others,0.9745,0.840,1677.761,0.008,1678.609,1
3a990e3a-779e-4a2d-94ec-b6ae34806488.jpg,pinkie,pinkie,0.8360,0.840,1677.761,0.008,1678.609,1
3e1c8f22-b21f-49e6-b767-a23a0d99ed98.jpg,palm,palm,0.9986,0.840,1677.761,0.008,1678.609,1
1bd79cca-ecd5-4b61-8a7f-c26e1bc0f846.jpg,rock,rock,0.9658,0.840,1677.760,0.008,1678.608,1
abce71dc-29a6-428d-a362-8150dd78b28e.jpg,one,one,0.9646,0.840,1677.761,0.008,1678.609,1
acfc5579-7446-4cb5-b772-d13ac669b421.jpg,palm,palm,0.7286,0.840,1677.761,0.008,1678.609,1
aa33e385-ab73-4836-9c60-6f90b1e884c8.jpg,pinkie,pinkie,0.8346,0.840,1677.761,0.008,1678.608,1
ed92252d-cbdd-4ce8-b10d-52eab20c17d1.jpg,pinkie,pinkie,0.9195,0.840,1677.761,0.008,1678.609,1
9ff47778-185c-4443-9535-ed8f11090c93.jpg,fist,fist,0.9803,0.840,1677.761,0.008,1678.608,1
d6e38ca8-1f32-4533-98b8-c233bf1e4aeb.jpg,fist,fist,0.9975,0.840,1677.761,0.008,1678.608,1
a39e4325-facd-4d29-a59b-084bd6615d42.jpg,fist,fist,0.5808,0.840,1677.761,0.008,1678.609,1
513b2ba1-3021-4c18-b9d3-df427c24b0d5.jpg,rock,rock,0.6211,0.840,1677.761,0.008,1678.609,1
63bf9ac0-f060-4ea7-8be5-2f522b74a223.jpg,one,one,0.9905,0.840,1677.761,0.008,1678.609,1
0e3ec661-bbc6-4688-b3a7-eb39968e2c90.jpg,pinkie,pinkie,0.4279,0.840,1677.761,0.008,1678.609,1
5be255d5-7d10-43c6-86fe-cd5dfcb837e4.jpg,others,others,0.4818,0.840,1677.761,0.008,1678.609,1
6a6d6e13-77bc-4107-8883-66b8319d700e.jpg,fist,fist,0.9999,0.840,1677.761,0.008,1678.609,1
fd44976a-fd91-4b9f-b8c3-1781f26931ee.jpg,pinkie,pinkie,0.9933,0.840,1677.761,0.008,1678.609,1
7a4fec9b-42f3-4f50-987a-35884d01cc75.jpg,palm,palm,0.9983,0.840,1677.761,0.008,1678.609,1
16b2e41a-0b34-4ca3-b0b0-8d6c43f1f7e4.jpg,fist,fist,0.7675,0.840,1677.761,0.008,1678.609,1
97673693-66af-436c-93f1-96343a17d614.jpg,rock,rock,0.4791,0.840,1677.761,0.008,1678.609,1
8052d076-eab7-47f0-8ad3-1326432dbcbc.jpg,one,one,0.4987,0.840,1677.761,0.008,1678.609,1
88472c57-bc44-4573-80f3-a3a713963177.jpg,palm,palm,0.6746,0.840,1677.761,0.008,1678.609,1
751a687a-4ffd-4a63-8017-b931cb209031.jpg,fist,fist,0.7252,0.840,1677.761,0.008,1678.609,1
354a3053-03b1-4797-ad9d-73708b506ce0.jpg,others,one,0.6317,0.840,1677.761,0.008,1678.609,0
81c4d35c-966c-470a-bcb8-de259e145e62.jpg,one,one,0.9486,0.840,1677.761,0.008,1678.609,1
3e95904d-a00d-49d3-86a8-e75484c3ccab.jpg,pinkie,pinkie,0.9355,0.840,1677.761,0.008,1678.609,1
5d886f32-424c-4d4f-bf76-8a814c86115e.jpg,others,fist,0.7173,0.840,1677.761,0.008,1678.609,0
4438d9f3-1463-4e10-968e-6f70b8f2293a.jpg,one,one,0.8111,0.840,1677.761,0.008,1678.609,1
06813a09-80af-4ee4-b534-03656c26e0dd.jpg,rock,rock,0.3782,0.840,1677.761,0.008,1678.609,1
f619580a-80d4-4608-9880-c60fecec61ec.jpg,fist,fist,0.9942,0.840,1677.761,0.008,1678.609,1
c44d3c78-2ee3-46b5-aaf6-37b2fffaf233.jpg,palm,palm,0.9490,0.840,1677.761,0.008,1678.609,1
41689a6c-d1e3-4590-ac9a-3b7491064cb6.jpg,fist,fist,0.8759,0.840,1677.761,0.008,1678.609,1
de6a4184-1dff-40e8-9437-cb142b2b0ef5.jpg,others,others,0.7469,0.840,1677.761,0.008,1678.609,1
977a1dbd-6fe7-464b-98dc-2e0902f1d4e3.jpg,one,one,0.8562,0.840,1677.761,0.008,1678.609,1
7347b3ee-77ce-4daa-9223-227eeb964d51.jpg,others,others,0.4678,0.840,1677.761,0.008,1678.609,1
6326545e-823d-4760-9b09-2d6bcb8a6393.jpg,fist,fist,0.9755,0.840,1677.761,0.008,1678.609,1
5585963d-27e5-478e-9c78-c3045275a1d6.jpg,rock,rock,0.9421,0.840,1677.761,0.008,1678.609,1
21f97204-973b-414c-bbb1-4ddef84eee57.jpg,fist,fist,0.9982,0.840,1677.761,0.008,1678.609,1
49946fc3-d503-4ebe-bb8d-69cefadf9134.jpg,pinkie,pinkie,0.3186,0.840,1677.761,0.007,1678.609,1
36ca67a7-2c93-4851-b4e5-4e426816b261.jpg,palm,palm,0.9970,0.840,1677.761,0.008,1678.609,1
8b947b13-066d-4a78-971d-a696d765b89d.jpg,palm,palm,0.6963,0.840,1677.762,0.008,1678.610,1
56fa31f5-f464-47a3-af97-4c1067582fe1.jpg,palm,palm,0.9821,0.840,1677.760,0.008,1678.608,1
4c19b571-c8b8-48ce-8b2e-6469ee467981.jpg,palm,palm,0.9988,0.840,1677.761,0.008,1678.610,1
20778054-4faf-468e-84a0-c7c665af967c.jpg,rock,rock,0.9948,0.840,1677.761,0.008,1678.609,1
555b5e7e-b0a7-4786-9279-77d17224cd1f.jpg,one,one,0.9120,0.840,1677.761,0.008,1678.609,1
40a3f27e-897d-4599-b1ce-d572adc7ddd4.jpg,palm,palm,0.9951,0.840,1677.761,0.008,1678.609,1
7698a79d-1071-469a-a52c-19a636d2aa11.jpg,palm,palm,0.8205,0.840,1677.761,0.008,1678.609,1
ae50709d-4dbd-4d5d-b5e7-a61a7e4cffcd.jpg,rock,rock,0.9506,0.840,1677.761,0.008,1678.609,1
bbb156e3-0bcc-4872-9e9f-71b4553302d0.jpg,others,fist,0.4464,0.840,1677.761,0.008,1678.609,0
5b777091-2a9a-4da4-8d43-7280a3d14d04.jpg,one,fist,0.4307,0.840,1677.760,0.008,1678.608,0
ed7db4b6-9290-4fa2-98b2-200a95eb24e8.jpg,palm,palm,0.7986,0.840,1677.761,0.008,1678.609,1
f9f11da1-400e-48c0-a8ce-5f6af6df255d.jpg,pinkie,pinkie,0.4821,0.840,1677.760,0.008,1678.608,1
d8529476-a77c-44d8-b40a-1cdeadfd4726.jpg,pinkie,one,0.5813,0.840,1677.761,0.008,1678.609,0
ad06a2e0-83b5-4280-94c5-ff5480e992d3.jpg,pinkie,fist,0.4285,0.840,1677.761,0.008,1678.609,0
d0c28490-eea7-430c-b607-5fd92485372e.jpg,fist,fist,0.9622,0.840,1677.761,0.008,1678.609,1
de9d6fcd-9304-47f9-a77b-50b8509ab4e1.jpg,fist,fist,0.9982,0.840,1677.761,0.008,1678.608,1
942e0214-d936-4a71-b4ce-4b62bae93194.jpg,fist,fist,0.9848,0.840,1677.761,0.008,1678.609,1
9c7e39b3-f444-440c-9f04-a2706442c641.jpg,one,fist,0.5148,0.840,1677.761,0.008,1678.609,0
b888ef23-bc56-40e5-b3f3-b738ff513313.jpg,pinkie,pinkie,0.5732,0.840,1677.761,0.008,1678.608,1
d6eb9439-eefc-41f5-ba63-190591f33359.jpg,one,one,0.6588,0.840,1677.761,0.008,1678.609,1
ef49a2bf-d17e-4b26-ae50-6298c704759e.jpg,fist,fist,0.9971,0.840,1677.761,0.008,1678.609,1
6af9ec11-38a7-464b-b590-f3b357b7dcfa.jpg,fist,fist,0.9908,0.840,1677.761,0.008,1678.609,1
863f4164-841f-4428-b8dc-66e8757608f1.jpg,rock,rock,0.8070,0.840,1677.761,0.008,1678.609,1
ecd7b9ee-618e-4ebc-a23b-0547a4b152b5.jpg,others,others,0.5404,0.840,1677.761,0.008,1678.609,1
77e7c43b-0cb9-49a1-8bfe-1e458865d384.jpg,pinkie,pinkie,0.5194,0.840,1677.760,0.008,1678.608,1
19572d19-9243-47d1-b98b-6fd2414102d4.jpg,fist,fist,0.9988,0.840,1677.761,0.008,1678.609,1
f33b8801-b31f-422d-a021-9cd701eff104.jpg,palm,palm,0.9925,0.840,1677.761,0.008,1678.609,1
c4853186-0706-45de-bf33-b3ee1dbbdee7.jpg,others,others,0.8448,0.840,1677.761,0.008,1678.609,1
a9e49a87-320c-448d-9d4a-05a60cdbb368.jpg,one,one,0.9559,0.840,1677.761,0.008,1678.608,1
9ba14915-6ee7-4087-a707-5bdefb10c01c.jpg,fist,fist,0.9125,0.840,1677.760,0.008,1678.608,1
3c377019-cbd8-4fae-9365-9f384a7220b1.jpg,pinkie,fist,0.7212,0.840,1677.761,0.008,1678.609,0
f0e1baa4-bbf0-4e3d-a2ef-3f0606b93324.jpg,rock,rock,0.8885,0.840,1677.761,0.008,1678.609,1
941e6066-c932-4d71-8370-a20ff89fffa6.jpg,palm,palm,0.9257,0.840,1677.761,0.008,1678.609,1
8578ccdb-7574-48cb-bc5b-59eda672d51a.jpg,fist,fist,0.9853,0.840,1677.762,0.008,1678.610,1
610867b3-cf13-4eb0-abea-bfdc717ddbd9.jpg,pinkie,pinkie,0.5825,0.840,1677.761,0.008,1678.609,1
7b91cec2-4bc3-441c-9919-b55579fd36bf.jpg,rock,rock,0.6960,0.840,1677.761,0.008,1678.609,1
3e17aa7c-6546-400f-a144-1dd60fff6a7b.jpg,pinkie,pinkie,0.8509,0.840,1677.761,0.008,1678.609,1
781fa3cf-30fd-44ce-869a-c848c99ba43a.jpg,pinkie,pinkie,0.4389,0.840,1677.761,0.008,1678.609,1
14421ebf-e294-4522-ae20-8ccdcba06d0e.jpg,rock,rock,0.6790,0.840,1677.761,0.008,1678.609,1
ded78f5c-ccb7-4896-a341-f0000497e983.jpg,others,fist,0.4482,0.840,1677.761,0.008,1678.609,0
ae0ab309-3471-4f36-83a5-b52fe9e63696.jpg,pinkie,one,0.2873,0.840,1677.761,0.007,1678.608,0
7565d27b-60cd-4e68-88d0-54702223edf3.jpg,palm,palm,0.9954,0.840,1677.761,0.008,1678.609,1
5a987f12-456e-4a69-8f4f-95220381a81c.jpg,fist,fist,0.9873,0.840,1677.761,0.008,1678.609,1
41099af9-2d69-43f2-af8b-7546d10f44b8.jpg,pinkie,pinkie,0.6467,0.840,1677.760,0.008,1678.608,1
d9aedb6a-6b0b-476f-baee-2d9fd6fcdcd7.jpg,one,one,0.8122,0.840,1677.761,0.008,1678.609,1
c48e3324-d3fe-44be-90c1-58de5d00d460.jpg,others,others,0.5484,0.840,1677.761,0.008,1678.609,1
e6d09626-f5c5-49e9-82af-b74e50237bf9.jpg,fist,fist,0.9191,0.840,1677.761,0.008,1678.609,1
fa90fee9-b438-400f-9d9e-ab1ea97aff6c.jpg,pinkie,others,0.5254,0.840,1677.761,0.008,1678.609,0
551704d2-4bd1-4564-8526-a787522d7294.jpg,palm,palm,0.9943,0.840,1677.761,0.008,1678.609,1
8427b572-9fb9-4fc4-ad60-48b3a6a4d796.jpg,pinkie,pinkie,0.8682,0.840,1677.761,0.008,1678.609,1
d8d0fa79-acb2-47e4-8e39-18f2f14098b4.jpg,rock,palm,0.8210,0.840,1677.761,0.008,1678.609,0
59e4f891-4ae7-42b4-bbec-8ebe4ca04c11.jpg,rock,pinkie,0.7348,0.840,1677.761,0.008,1678.609,0
9a87be8e-77b6-4936-86d2-93d40a6361bd.jpg,palm,palm,0.7617,0.840,1677.762,0.008,1678.610,1
e466b426-f2f0-414c-a03a-40a0dcfd7529.jpg,others,one,0.5914,0.840,1677.761,0.008,1678.609,0
c9cd5a2f-df5d-4257-99de-1cd90ed77b2c.jpg,others,rock,0.3823,0.840,1677.761,0.007,1678.608,0
c76baaae-6fe4-46d5-ac3c-6b8c3baa11f2.jpg,pinkie,pinkie,0.4497,0.840,1677.761,0.008,1678.609,1
a5f6d32d-d355-4849-bb84-4af27323f55a.jpg,palm,palm,0.9946,0.840,1677.761,0.008,1678.609,1
6dfe5b9a-ccde-4eaf-8f6e-ec01adfa5d07.jpg,fist,fist,0.9951,0.840,1677.761,0.008,1678.609,1
95fb4e20-e3eb-4c47-8e54-9638245eb9e6.jpg,rock,rock,0.8709,0.840,1677.761,0.008,1678.609,1
b5621c5b-4b81-44e7-948c-97ea7f32526e.jpg,fist,fist,0.9078,0.840,1677.761,0.008,1678.609,1
79898fa4-ea48-46bb-945f-181f0899bc90.jpg,fist,fist,0.8010,0.840,1677.761,0.008,1678.609,1
f26f2e39-3292-4b40-9c7a-212c2d6a505b.jpg,one,rock,0.3739,0.840,1677.760,0.007,1678.608,0
054a0ae4-dcb0-464a-a4a2-9241096c2966.jpg,palm,palm,0.9978,0.840,1677.761,0.008,1678.609,1
ff9481d8-8d35-42ed-b0e7-5e7172d1730a.jpg,palm,palm,0.9990,0.840,1677.761,0.008,1678.609,1
7a50d5d2-b316-487b-9e2e-fb2d552ccc41.jpg,others,palm,0.9501,0.840,1677.761,0.008,1678.609,0
1edae3af-0bec-4f88-89a4-bcbb70a25300.jpg,pinkie,one,0.5152,0.840,1677.761,0.008,1678.609,0
3ce6ad91-00e4-4139-97d4-a9863b1b0f3e.jpg,rock,rock,0.8247,0.840,1677.761,0.008,1678.609,1
5c660399-110c-44c2-b64e-571504a99f3e.jpg,palm,others,0.4236,0.840,1677.761,0.008,1678.609,0
680f876b-6759-402a-81c6-29c5906f337b.jpg,others,others,0.9785,0.840,1677.761,0.008,1678.609,1
b1a85c8e-bb6c-4577-9840-720360aa5684.jpg,one,one,0.8948,0.840,1677.761,0.008,1678.609,1
c011b8e1-eb92-4135-b3aa-3e9029742676.jpg,rock,others,0.3229,0.840,1677.761,0.007,1678.609,0
2957696a-dfce-41f0-9f2e-c21ccd926f86.jpg,palm,palm,0.9930,0.840,1677.762,0.008,1678.610,1
4f7f6791-7689-40d6-b2e3-a80facde21c3.jpg,others,others,0.7643,0.840,1677.761,0.008,1678.609,1
af28ae4e-3c5d-46c1-bc02-b7f22bf2d7c9.jpg,others,others,0.6988,0.840,1677.761,0.008,1678.609,1
97537d01-8fdf-44d4-8d59-3feaec67e1c9.jpg,one,one,0.8295,0.840,1677.761,0.008,1678.609,1
82c1d0b7-0741-4293-a60a-1a0b138930e8.jpg,rock,rock,0.7804,0.840,1677.761,0.008,1678.609,1
0829b390-44ce-4f7e-91bf-1c9e7a6722f6.jpg,one,one,0.4907,0.840,1677.761,0.008,1678.609,1
8086f215-8716-41d1-a8dc-a3c5b6e3fe65.jpg,rock,one,0.3826,0.840,1677.761,0.008,1678.609,0
7645b690-e9af-47f2-9c22-f03ee8ff601b.jpg,others,others,0.5605,0.840,1677.761,0.008,1678.609,1
aef21059-fc3e-4141-aeb8-164dacc52c97.jpg,others,others,0.8268,0.840,1677.761,0.008,1678.609,1
de867c83-a79f-4834-b0f0-7f62f47d25aa.jpg,rock,rock,0.4927,0.840,1677.761,0.008,1678.609,1
8c85fb39-4fc2-442e-b56d-016021c48676.jpg,pinkie,pinkie,0.5187,0.840,1677.761,0.008,1678.608,1
d4028566-10f6-4d17-8037-964d3aef35c4.jpg,others,others,0.6382,0.840,1677.761,0.008,1678.609,1
d8dd0910-37fe-45d6-bddc-61eb6ecadade.jpg,palm,palm,0.9411,0.840,1677.761,0.008,1678.609,1
6f71db37-17bc-4434-bb6d-08b218837e11.jpg,others,others,0.5956,0.840,1677.761,0.008,1678.609,1
71604086-82ca-490d-b10c-2aa69cd2fd52.jpg,others,rock,0.9064,0.840,1677.761,0.008,1678.609,0
0d5da6ca-d238-4a22-a039-4f8a55b16f21.jpg,one,one,0.9658,0.840,1677.761,0.008,1678.609,1
da9b36d4-eeb7-4fdc-99c9-d98b5593d1b0.jpg,palm,palm,0.6922,0.840,1677.761,0.008,1678.609,1
da081fac-5d2b-4905-ab47-4f8b9ec24899.jpg,rock,rock,0.7695,0.840,1677.762,0.008,1678.610,1
6d10f208-f8a5-4900-af0c-59d40d71b422.jpg,others,rock,0.3543,0.840,1677.761,0.007,1678.608,0
0e6e7713-0c9c-4ae4-b055-d44cda92f2c6.jpg,palm,palm,0.9429,0.840,1677.761,0.008,1678.609,1
96dd3689-ee2c-4388-951c-a9ec22bb889d.jpg,palm,palm,0.9271,0.840,1677.761,0.008,1678.609,1
9c7e39b3-f444-440c-9f04-a2706442c641.jpg,one,fist,0.5148,0.840,1677.761,0.008,1678.608,0
699d45db-96f8-4f32-84f1-f6892661c2a0.jpg,rock,rock,0.3820,0.840,1677.761,0.007,1678.608,1
f53b5527-eaae-42eb-9349-f5ffb5a2bc8e.jpg,others,palm,0.5447,0.840,1677.761,0.008,1678.609,0
5a912337-91cb-471c-a172-32c215410472.jpg,rock,pinkie,0.7771,0.840,1677.761,0.008,1678.609,0
94b7dcac-b556-465b-ae79-c1841e8ea9f2.jpg,palm,palm,0.9060,0.840,1677.761,0.008,1678.609,1
22280e7b-441e-4203-9e51-07e6aa401985.jpg,fist,fist,0.8474,0.840,1677.761,0.008,1678.609,1
4c218518-6395-4f34-a15b-e5ba37d4038b.jpg,others,others,0.6799,0.840,1677.761,0.008,1678.609,1
07cc9d44-bd7a-4e14-8a1c-1e6d22caf3a2.jpg,palm,palm,0.9404,0.840,1677.761,0.008,1678.609,1
9078d60b-298b-44fd-b4fc-297ef23433c1.jpg,palm,palm,0.9901,0.840,1677.761,0.008,1678.609,1
73913707-05cc-4c39-8e53-fc5919f5a0e3.jpg,palm,palm,0.9983,0.840,1677.761,0.008,1678.609,1
69592773-1d14-46ac-8d3c-98c2ac5c76ee.jpg,pinkie,pinkie,0.8196,0.840,1677.760,0.008,1678.608,1
244619e3-b6e2-46b7-94fe-9dc924cf62cf.jpg,others,others,0.6757,0.840,1677.761,0.008,1678.609,1
fbe0dab6-7bba-4bd1-aabd-a93dc2261d6d.jpg,others,others,0.4622,0.840,1677.761,0.008,1678.609,1
1a74964c-23d3-49c9-96df-05641c0791f2.jpg,rock,rock,0.8283,0.840,1677.761,0.008,1678.609,1
6a717691-6628-4113-a79a-947b17660713.jpg,one,one,0.9164,0.840,1677.761,0.008,1678.609,1
814ece4c-36ca-4c8b-8562-b59b6fcc3ea2.jpg,pinkie,rock,0.3965,0.840,1677.761,0.008,1678.609,0
c69ccdb7-74ac-4c01-92c5-1bbcb9c343c7.jpg,palm,palm,0.9992,0.840,1677.761,0.008,1678.609,1
c3fd4045-c201-440b-995d-2eac8bbba24f.jpg,rock,rock,0.6914,0.840,1677.761,0.008,1678.609,1
f6cc81b2-cc98-4f18-88ca-cb71163b4c04.jpg,rock,pinkie,0.5846,0.840,1677.761,0.008,1678.609,0
6c56ddee-1b35-41bc-9d9c-41736339ed32.jpg,palm,palm,0.9909,0.840,1677.761,0.008,1678.609,1
bf8031f0-1034-441c-9e2d-f14a1145c752.jpg,palm,palm,0.9889,0.840,1677.761,0.008,1678.609,1
f3086dc2-59a4-450d-aecb-77da6111a429.jpg,fist,fist,0.9762,0.840,1677.761,0.008,1678.609,1
16a3ce6b-9ce3-4e2b-97dd-633d403f47d2.jpg,pinkie,pinkie,0.9105,0.840,1677.761,0.008,1678.609,1
6f2da17b-113c-4225-92da-0461c8cf5586.jpg,one,others,0.3942,0.840,1677.761,0.008,1678.608,0
445e71a5-7d6e-4f97-8696-4acdea60c4cf.jpg,palm,palm,0.9991,0.840,1677.761,0.008,1678.610,1
b986a5d1-acfa-4b4c-82bd-db42913981d9.jpg,fist,one,0.2853,0.840,1677.761,0.007,1678.609,0
d7cd8cf6-26b5-4b73-854f-74382f584e54.jpg,palm,palm,0.8761,0.840,1677.761,0.008,1678.610,1
9ac60380-e287-4bdf-ac74-ddb0de533222.jpg,one,one,0.9963,0.840,1677.761,0.008,1678.609,1
2aa0067a-b19e-4746-9991-358c11dbe5ae.jpg,pinkie,pinkie,0.2853,0.840,1677.761,0.007,1678.608,1
4a4a1996-f897-4864-8f75-2d62dbede8f6.jpg,others,fist,0.4139,0.840,1677.761,0.008,1678.609,0
19f62117-d86d-46ed-85f1-6eed769e68bd.jpg,pinkie,pinkie,0.2696,0.840,1677.761,0.007,1678.608,1
a9122f64-c96f-43b6-aaa4-6a4ca77f0c44.jpg,one,one,0.9851,0.840,1677.761,0.008,1678.609,1
bfa4061f-164f-4a40-ad20-50d89f5ce704.jpg,one,one,0.9828,0.840,1677.760,0.008,1678.609,1
9d535211-4f08-4379-9935-6964d2f344de.jpg,palm,palm,0.9936,0.840,1677.761,0.008,1678.609,1
d30b916d-caf8-4a04-b212-81a51cc30fff.jpg,pinkie,pinkie,0.8695,0.840,1677.761,0.008,1678.609,1
0fb2e17d-1766-4c83-aaec-e9eb2601bd7d.jpg,one,one,0.8440,0.840,1677.761,0.008,1678.609,1
8649e6ec-2548-4e5f-a49b-d734fefc7c87.jpg,rock,rock,0.4300,0.840,1677.761,0.008,1678.609,1
22392db8-d6f9-4630-8690-d279050bcd67.jpg,fist,fist,0.9780,0.840,1677.761,0.008,1678.609,1
ea517c11-40d7-4dff-9ff3-6f2e70fc2ba3.jpg,palm,palm,0.9901,0.840,1677.761,0.008,1678.609,1
354e3237-ebc0-4798-a39e-389a027d05cb.jpg,fist,fist,0.9351,0.840,1677.760,0.008,1678.608,1
9befa629-1f9c-48ce-9dc5-60dbf3553474.jpg,others,others,0.3874,0.840,1677.761,0.008,1678.609,1
17c695bc-03f2-410b-8f16-3f19bb0749ac.jpg,others,others,0.5950,0.840,1677.762,0.008,1678.610,1
d3297424-c374-45cb-ad5a-a19bd84e7287.jpg,others,others,0.3718,0.840,1677.761,0.007,1678.608,1
7cf9fc9b-4ebf-40d0-bea8-a29e4cba8510.jpg,fist,fist,0.9996,0.840,1677.761,0.008,1678.609,1
af79836d-82c0-4006-a909-09a05213b5fe.jpg,one,one,0.9187,0.840,1677.760,0.008,1678.609,1
8e8bcde4-e05e-4f0e-bd9d-497c442994c4.jpg,rock,rock,0.8487,0.840,1677.761,0.008,1678.609,1
197950e9-e552-46be-8e39-4a37cf1cbee1.jpg,one,one,0.9703,0.840,1677.761,0.008,1678.609,1
4204a64a-5bab-4216-a7b6-cbc114c49711.jpg,fist,fist,0.9911,0.840,1677.761,0.008,1678.608,1
9d7339df-6d49-4b03-a4f6-9ecdce7f720a.jpg,palm,palm,0.9431,0.840,1677.760,0.008,1678.608,1
d26d84cd-7b83-4f3f-b5f4-cbcef54a9dc8.jpg,palm,palm,0.5980,0.840,1677.761,0.008,1678.609,1
8eb51339-b9bb-425b-9115-cd8bdfd55410.jpg,one,one,0.5707,0.840,1677.761,0.008,1678.609,1
85030f71-913a-43b1-8817-b698ea7505e9.jpg,others,one,0.4499,0.840,1677.761,0.008,1678.609,0
b8125f3d-6180-4de3-ba85-5b874fc4730f.jpg,pinkie,one,0.4978,0.840,1677.761,0.008,1678.609,0
30760728-2939-42bf-9412-2a8f9b2c4dae.jpg,pinkie,pinkie,0.5330,0.840,1677.762,0.008,1678.610,1
c48d103d-346d-4eed-adbf-90ab2b3c9cd0.jpg,fist,fist,0.9845,0.840,1677.761,0.008,1678.609,1
bf6efc27-a547-4dda-96d1-389367be003d.jpg,palm,palm,0.9889,0.840,1677.761,0.008,1678.609,1
8a38184b-2c97-4865-972e-f1028b329e9c.jpg,one,one,0.3993,0.840,1677.761,0.008,1678.609,1
f66fb1f2-3ea3-4c23-b85c-9daf39d01533.jpg,fist,fist,0.7656,0.840,1677.761,0.008,1678.609,1
e3f5481b-70ae-44ca-9fe1-2dcef232f9af.jpg,others,others,0.8686,0.840,1677.761,0.008,1678.609,1
3a1f506d-325a-44c4-ae66-42347f3562b7.jpg,pinkie,pinkie,0.8511,0.840,1677.761,0.008,1678.609,1
85fb90ce-c08a-435d-a915-d464260557c0.jpg,palm,palm,0.7940,0.840,1677.761,0.008,1678.609,1
46426321-dc52-43ed-983a-7299f6af7178.jpg,others,others,0.9242,0.840,1677.762,0.008,1678.610,1
d0be1930-00b9-4291-aaf2-ae83e9595250.jpg,palm,palm,0.9356,0.840,1677.761,0.008,1678.609,1
a8dd62e9-236e-40ec-984d-5ecbe2219e93.jpg,pinkie,pinkie,0.9805,0.840,1677.761,0.008,1678.609,1
1d70f8f7-d884-49d2-ab14-0e7264e25287.jpg,one,one,0.9323,0.840,1677.761,0.008,1678.609,1
f8743c39-a5e5-4907-9177-68ab4c3b229b.jpg,palm,palm,0.9775,0.840,1677.761,0.008,1678.609,1
4db4a829-63fc-44f9-9622-5fcacaf9e13f.jpg,palm,palm,0.9983,0.840,1677.761,0.008,1678.609,1
3be54deb-7a7d-4d09-a4e0-897ba70b833c.jpg,palm,palm,0.9998,0.840,1677.761,0.008,1678.610,1
fea80476-1778-4a6e-89b2-d8f8873dd591.jpg,rock,rock,0.9502,0.840,1677.761,0.008,1678.609,1
d3854176-d20c-44e3-ae91-c3bedd5bb47b.jpg,fist,fist,0.9986,0.840,1677.761,0.008,1678.609,1
a59f412d-f061-46ea-a9e5-45f85429660f.jpg,fist,fist,0.9901,0.840,1677.761,0.008,1678.609,1
c1215c74-b4f2-4998-9cf2-da804412d427.jpg,one,one,0.8936,0.840,1677.760,0.008,1678.608,1
5276ea47-5fc4-4fd8-a588-9d36f14adae4.jpg,one,one,0.8929,0.840,1677.761,0.008,1678.609,1
190d27e7-42d4-4be3-a6d7-9a253701c6ea.jpg,fist,fist,0.9593,0.840,1677.761,0.008,1678.609,1
a0a63229-8d18-4e75-bdc5-e17ddc5a131a.jpg,pinkie,others,0.3934,0.840,1677.761,0.008,1678.609,0
9b497cef-144f-4ac9-b299-521a46bf5767.jpg,pinkie,pinkie,0.7140,0.840,1677.761,0.008,1678.609,1
86295f52-536e-4f9c-96f9-c2196511fb75.jpg,one,one,0.5789,0.840,1677.761,0.008,1678.609,1
5facd0cb-8578-4726-ad36-380cc83502cb.jpg,one,one,0.8050,0.840,1677.761,0.008,1678.609,1
5488b5c8-5dc2-4e6b-bd72-21232cc607ea.jpg,rock,rock,0.8620,0.840,1677.761,0.008,1678.609,1
f4536107-acdf-4237-96cd-f1e9d38250a1.jpg,pinkie,pinkie,0.4918,0.840,1677.761,0.008,1678.609,1
b85d8788-a59c-4a22-a838-847fb1f6c268.jpg,one,one,0.9003,0.840,1677.761,0.008,1678.609,1
63b670ca-b7c0-45a5-a8b7-f3d0851378f4.jpg,one,one,0.9739,0.840,1677.761,0.008,1678.609,1
c7059840-0778-4a13-bbd7-feec25f0514d.jpg,pinkie,pinkie,0.6820,0.840,1677.761,0.008,1678.609,1
ea665a8c-530f-4a74-a420-eaebce2a4d4b.jpg,palm,palm,0.9916,0.840,1677.761,0.008,1678.609,1
4f9f634b-3c84-4339-9016-44858f72b1f9.jpg,others,palm,0.8725,0.840,1677.761,0.008,1678.609,0
eebaf4e5-859a-4f28-88eb-99e605c0f17a.jpg,fist,fist,0.7459,0.840,1677.761,0.008,1678.609,1
6854e4e7-ec88-4ca4-9f53-1208a633c6b6.jpg,palm,palm,0.2429,0.840,1677.762,0.007,1678.609,1
780bd38b-3c14-455b-a12f-3a7c9f3629b1.jpg,others,others,0.9185,0.840,1677.761,0.008,1678.609,1
f556b8bc-5e7c-4749-bb37-6ca51f5e22b6.jpg,fist,one,0.3734,0.840,1677.761,0.008,1678.609,0
f1089cad-9cd8-454e-8988-1fdcd72d1c48.jpg,fist,fist,0.9857,0.840,1677.761,0.008,1678.609,1
e3806fbd-c7e9-4573-bb19-c60bf7a05645.jpg,others,others,0.5838,0.840,1677.761,0.008,1678.609,1
192720bf-8ef1-4316-914d-d546b84f0f9b.jpg,others,others,0.6658,0.840,1677.761,0.008,1678.609,1
118d0cd5-ecb5-41d2-9b84-9981a99304c2.jpg,one,one,0.3926,0.840,1677.761,0.008,1678.609,1
a26f53c9-6138-4675-865b-3dd403512dba.jpg,fist,fist,0.9456,0.840,1677.761,0.008,1678.609,1
c172f307-5f8d-4e8c-af38-90c9d04847e5.jpg,others,one,0.3744,0.840,1677.762,0.008,1678.609,0
b16080bf-4598-4f4c-8b81-aee6a9d0dffa.jpg,rock,rock,0.7773,0.840,1677.761,0.008,1678.609,1
5238e1b3-e8b6-472e-831e-fe6d07387243.jpg,pinkie,pinkie,0.9795,0.840,1677.761,0.008,1678.609,1
9250ca32-4d1e-4c0e-95b3-93856d657583.jpg,pinkie,pinkie,0.9066,0.840,1677.761,0.008,1678.609,1
72bb0372-dfa8-47fb-b409-858d31c78818.jpg,others,others,0.4999,0.840,1677.761,0.008,1678.609,1
577e27ae-8569-402a-b18a-db6bb322c854.jpg,rock,rock,0.7600,0.840,1677.761,0.008,1678.609,1
9ff1a4c8-9d5c-4023-984c-60cebac343b7.jpg,pinkie,others,0.2657,0.840,1677.762,0.007,1678.609,0
4e0e94ee-8909-4cbd-be04-0da7164c4964.jpg,pinkie,pinkie,0.5474,0.840,1677.761,0.008,1678.609,1
5d53075d-339b-48bc-bb91-c4f2af90c9cb.jpg,others,fist,0.5501,0.840,1677.761,0.008,1678.609,0
12a73a84-a5d4-4a04-8f63-da36ebcccbd4.jpg,pinkie,one,0.3562,0.840,1677.761,0.008,1678.609,0
d28ebf6a-8bf7-4660-b26c-795c3dcac213.jpg,pinkie,pinkie,0.8698,0.840,1677.761,0.008,1678.609,1
c38d839b-cef8-4100-8509-3d45052fa615.jpg,pinkie,pinkie,0.3750,0.840,1677.761,0.007,1678.608,1
e8c545ff-56a1-4b55-9d9e-70ff6a134ef2.jpg,fist,fist,0.9249,0.840,1677.761,0.008,1678.609,1
170ecade-8c26-4f91-8dc5-07cef32ae5b2.jpg,palm,others,0.2592,0.840,1677.761,0.007,1678.608,0
8d54026e-7217-49b9-8249-bcc0f983e61e.jpg,pinkie,pinkie,0.6847,0.840,1677.761,0.008,1678.609,1
9394fd15-03fb-466f-b387-8f5eca8a81f5.jpg,pinkie,pinkie,0.9762,0.840,1677.761,0.008,1678.609,1
e2cdb468-50dc-4df7-978e-d17d22f0eed3.jpg,pinkie,rock,0.3744,0.840,1677.761,0.008,1678.608,0
c0ad7a2a-4324-47d8-8b88-1e8d7227555f.jpg,fist,fist,0.9869,0.840,1677.761,0.008,1678.609,1
ac8dc851-33bc-4860-8801-d0df4b6c33de.jpg,rock,one,0.5149,0.840,1677.761,0.008,1678.609,0
d991711b-e5d7-4bfd-b700-8b62acfa5745.jpg,pinkie,pinkie,0.9406,0.840,1677.761,0.008,1678.609,1
e9d231ce-ee84-4a63-be15-877994efb441.jpg,rock,rock,0.9441,0.840,1677.761,0.008,1678.609,1
4e8d9735-c54c-41d1-9b7c-6acae6ebef67.jpg,fist,one,0.3592,0.840,1677.761,0.008,1678.609,0
96003bc5-897e-402b-823d-72614e1af9b1.jpg,one,one,0.9349,0.840,1677.761,0.008,1678.609,1
6bd87ecc-0f75-4842-8ea6-18ae1a698fea.jpg,palm,palm,0.9971,0.840,1677.761,0.008,1678.609,1
7865244a-a4ea-40d3-b742-64ab7506a318.jpg,palm,palm,0.8609,0.840,1677.761,0.008,1678.609,1
06402a5d-fc80-4080-b5b8-5d16384ad5ce.jpg,others,others,0.9766,0.840,1677.761,0.008,1678.609,1
238c7230-bb42-4b96-aa3f-668b5a7308a7.jpg,palm,palm,0.3126,0.840,1677.761,0.008,1678.609,1
f8b8696a-ff08-4dab-826b-f44624131b84.jpg,palm,palm,0.9950,0.840,1677.761,0.008,1678.609,1
7c466720-3d4d-4f87-ac1a-4b687a0a9760.jpg,pinkie,pinkie,0.5039,0.840,1677.761,0.008,1678.609,1
111b6141-7f8f-4857-9262-7a0e62376d17.jpg,palm,palm,0.9740,0.840,1677.761,0.008,1678.609,1
e7af7d2f-42b2-408d-9a27-65d43875f381.jpg,fist,fist,0.9824,0.840,1677.762,0.008,1678.610,1
72a43628-5454-41a1-8586-77715afdb2c3.jpg,fist,fist,0.8913,0.840,1677.761,0.008,1678.609,1
da8f06fe-f2f5-4aa1-b1fa-b0f0a8ac7619.jpg,pinkie,pinkie,0.3359,0.840,1677.760,0.007,1678.608,1
34fac241-f2b9-4495-8f57-d87051f9bdfa.jpg,others,fist,0.6162,0.840,1677.761,0.008,1678.609,0
e6ccad3c-4ccd-457f-bae9-047f0257e79e.jpg,palm,palm,0.8364,0.840,1677.761,0.008,1678.609,1
16237f40-2839-4275-979e-ee051617b248.jpg,one,one,0.7234,0.840,1677.761,0.008,1678.609,1
9481cbd4-8cf4-4e9b-8890-e841fd3a00f1.jpg,palm,palm,0.9506,0.840,1677.761,0.008,1678.609,1
26d0d11d-7959-4a27-be20-42f1072f92f6.jpg,one,one,0.9894,0.840,1677.761,0.008,1678.609,1
60fece82-4f14-44a7-a638-6967d85c3a94.jpg,one,one,0.6928,0.840,1677.761,0.008,1678.609,1
726706cb-1ece-4a47-af6f-f0f7e14157ba.jpg,one,one,0.7136,0.840,1677.761,0.008,1678.609,1
d924e0a0-54a9-4e61-802c-01e7251281dc.jpg,pinkie,one,0.2509,0.840,1677.760,0.007,1678.608,0
3f5c5536-06c3-4627-8720-03d06f716659.jpg,fist,fist,0.9868,0.840,1677.761,0.008,1678.609,1
cb803360-8c51-42c2-b47a-583f9a996b46.jpg,palm,palm,0.9553,0.840,1677.762,0.008,1678.610,1
72cfc480-a77a-411f-a117-c0d2c3673b65.jpg,pinkie,pinkie,0.8595,0.840,1677.761,0.008,1678.609,1
910de4d8-78d1-48a9-a391-27dc76c7f44e.jpg,pinkie,fist,0.5819,0.840,1677.761,0.008,1678.609,0
dff02b9c-6903-483b-9b97-c908ed03f1a6.jpg,others,fist,0.7945,0.840,1677.761,0.008,1678.609,0
4bf67017-4c40-4794-8c0a-73f25ccf5265.jpg,fist,fist,0.9974,0.840,1677.761,0.008,1678.609,1
68620f2a-a9c6-4d1f-a73f-feb804f46c40.jpg,fist,fist,0.9652,0.840,1677.761,0.008,1678.609,1
d900d954-765f-45f9-b0d4-296d9d1703d0.jpg,pinkie,pinkie,0.6887,0.840,1677.761,0.008,1678.609,1
31abe705-11c0-46fd-96f6-2b0107d38def.jpg,others,fist,0.8534,0.840,1677.761,0.008,1678.609,0
75f29162-0ecf-4adf-b05b-8514a8c851c0.jpg,fist,fist,0.9962,0.840,1677.761,0.008,1678.609,1
577dbe99-01e5-48e3-9615-233d0343c9fc.jpg,palm,palm,0.9984,0.840,1677.761,0.008,1678.609,1
91788e00-77dd-4b1f-ab1e-fab399ac09c0.jpg,rock,rock,0.9733,0.840,1677.761,0.008,1678.609,1
32a2c6fb-2ad6-4157-864c-c0284abb7ee0.jpg,one,one,0.6009,0.840,1677.761,0.008,1678.609,1
1515a588-e96c-4d3e-811e-588651540ba2.jpg,pinkie,pinkie,0.9316,0.840,1677.761,0.008,1678.609,1
b89ac327-b5de-49b0-81e6-6d262be370db.jpg,pinkie,pinkie,0.9591,0.840,1677.761,0.008,1678.609,1
583c8da3-669c-4caf-9b4e-70094e5a9213.jpg,palm,palm,0.6261,0.840,1677.761,0.008,1678.609,1
b53a6810-7d68-489a-a1ba-a9ae28752bba.jpg,one,one,0.9286,0.840,1677.761,0.008,1678.609,1
2485a8f6-e91a-4aac-a1d1-377c0536250f.jpg,one,rock,0.7350,0.840,1677.761,0.008,1678.609,0
f04dc38b-31b6-4e64-9a09-5efd2eff137c.jpg,rock,rock,0.6636,0.840,1677.761,0.008,1678.609,1
afb74bbc-386a-4437-becd-a6b135c415a7.jpg,rock,rock,0.7675,0.840,1677.761,0.008,1678.609,1
f820f3b0-0f48-4d67-84c6-1ff6ce6d6e24.jpg,fist,fist,0.9994,0.840,1677.761,0.008,1678.609,1
01b6eb1f-3ae4-4e2e-be35-2ea503383bf6.jpg,one,one,0.8357,0.840,1677.761,0.008,1678.609,1
2c7f0442-58b4-4717-8248-a5ff49e10d35.jpg,rock,rock,0.8919,0.840,1677.761,0.008,1678.609,1
74669628-a758-4dd9-8400-3a7f41350343.jpg,others,one,0.4696,0.840,1677.761,0.008,1678.609,0
ebc9d9e2-8b11-4384-be16-f163c28496cf.jpg,palm,palm,0.9665,0.840,1677.762,0.008,1678.610,1
f4dea03e-1260-4ece-a40d-43d32137f23f.jpg,pinkie,rock,0.4249,0.840,1677.761,0.007,1678.608,0
4cbadcd8-55e7-4e05-9a76-6c15f59a828a.jpg,others,one,0.3183,0.840,1677.761,0.007,1678.608,0
91ba88e9-f5a7-438d-9b7a-309928edfbe5.jpg,one,pinkie,0.3575,0.840,1677.761,0.008,1678.609,0
fa589270-9ce5-4d63-9650-a4b5eb79cd45.jpg,pinkie,one,0.3889,0.840,1677.761,0.008,1678.608,0
270092d9-fb99-498d-861a-7d8c4d990ff0.jpg,palm,palm,0.9827,0.840,1677.761,0.008,1678.609,1
cf699500-e096-4757-bc43-f796852dd27e.jpg,fist,fist,0.9258,0.840,1677.761,0.008,1678.609,1
3fd3cd4a-fb6c-4a03-a9a6-1f5340651302.jpg,rock,rock,0.7680,0.840,1677.761,0.008,1678.609,1
de4b206b-8fcb-4225-95ff-b4bf5cb9ddbd.jpg,one,one,0.8489,0.840,1677.761,0.008,1678.609,1
40e3ecb9-b1e6-4674-88cc-3f0988f13e6f.jpg,rock,rock,0.7731,0.840,1677.761,0.008,1678.609,1
9f230402-16a1-4714-937b-7958b053b162.jpg,others,fist,0.4910,0.840,1677.761,0.007,1678.608,0
4f377d27-a9b5-4986-9a1b-60e9aaf556e3.jpg,pinkie,pinkie,0.7111,0.840,1677.760,0.008,1678.608,1
4dc9411c-4a9c-456b-aee8-dd2404506603.jpg,others,others,0.8743,0.840,1677.761,0.008,1678.609,1
b6a03cd6-14d2-4c2b-ab90-b71700378ddd.jpg,one,one,0.9532,0.840,1677.761,0.008,1678.609,1
e4fb0058-f2ec-400c-83e6-6397df373c75.jpg,others,others,0.5963,0.840,1677.761,0.008,1678.609,1
c92a5a58-f756-428d-9c48-71c2785c0b2f.jpg,others,others,0.7969,0.840,1677.761,0.008,1678.609,1
3cc14335-a16b-4581-8f4d-05f247365598.jpg,fist,fist,0.9987,0.840,1677.761,0.008,1678.609,1
7dd8b0b5-a5e2-4d12-9457-8a12bba618a6.jpg,fist,fist,0.9991,0.840,1677.761,0.008,1678.609,1
4d95b4e5-25f0-462d-b60f-ed81efda94e6.jpg,fist,fist,0.9988,0.840,1677.761,0.008,1678.609,1
3ebfd476-0772-4484-94c7-f76ce200ed8a.jpg,fist,fist,0.9900,0.840,1677.761,0.008,1678.609,1
c582169f-8940-4f18-a65d-189a20563a0a.jpg,one,rock,0.4672,0.840,1677.762,0.008,1678.610,0
fc52ea33-74b5-4e37-8313-02a459126596.jpg,palm,palm,0.8826,0.840,1677.761,0.008,1678.609,1
a8493c29-fa48-4b6a-b794-7827feecfa4a.jpg,one,one,0.9448,0.840,1677.761,0.008,1678.609,1
027ca110-02bc-4f6b-8017-9a13c0263702.jpg,fist,fist,0.9295,0.840,1677.761,0.008,1678.609,1
ce833f37-4008-4a2d-bf45-8f8b02172a83.jpg,others,one,0.4391,0.840,1677.761,0.007,1678.609,0
78111daf-19ff-4a2c-a182-a504624fa592.jpg,fist,fist,0.9123,0.840,1677.761,0.008,1678.609,1
6fdbabdf-8e7d-4752-b60c-3364ae334521.jpg,rock,rock,0.8729,0.840,1677.761,0.008,1678.609,1
6fc4e401-99dd-48c8-b0d3-9bfc265494ef.jpg,palm,palm,0.9130,0.840,1677.761,0.008,1678.609,1
ca8025f7-f82d-4369-8d37-754a91b41142.jpg,rock,rock,0.9377,0.840,1677.761,0.008,1678.609,1
972c6850-b630-4798-935c-d5d8c4fc2c00.jpg,rock,fist,0.3903,0.840,1677.761,0.008,1678.608,0
fde24ce6-b3d9-4121-8226-8621218c82d1.jpg,fist,fist,0.9958,0.840,1677.761,0.008,1678.609,1
02dffc34-762f-48f0-86e0-dc376bbc525b.jpg,fist,fist,0.9986,0.840,1677.761,0.008,1678.609,1
4192c42b-4e96-4620-8df7-49f917ea6c52.jpg,pinkie,pinkie,0.5800,0.840,1677.761,0.008,1678.609,1
1d295fa4-c740-4d19-920f-7ed9b46726c7.jpg,pinkie,pinkie,0.6970,0.840,1677.761,0.008,1678.609,1
db53d467-9b8d-4e60-b24f-0977a9f175ee.jpg,pinkie,pinkie,0.8327,0.840,1677.761,0.008,1678.609,1
d2f612e7-b69d-463f-af15-b6164bdf970f.jpg,palm,palm,0.8898,0.840,1677.761,0.008,1678.609,1
df15bf3d-faf1-4db1-a748-10277723d050.jpg,rock,rock,0.8168,0.840,1677.761,0.008,1678.609,1
f2f551b2-7ebf-478e-8985-00c221d524c4.jpg,others,others,0.6093,0.840,1677.761,0.008,1678.609,1
95e67db2-f0df-4529-9b57-b85f542a02bb.jpg,palm,palm,0.8585,0.840,1677.761,0.008,1678.609,1
6013227f-3601-4099-8231-6437bbd34aaf.jpg,one,one,0.7378,0.840,1677.761,0.008,1678.609,1
16591eff-ae97-40e1-a483-3fcf66552e7c.jpg,fist,fist,0.4811,0.840,1677.762,0.008,1678.609,1
e31495dd-1e42-4207-94d3-e37a5e5ae46c.jpg,pinkie,others,0.3145,0.840,1677.761,0.007,1678.609,0
2feb97d0-a7ff-4d09-ad34-3c053cad7d4a.jpg,palm,palm,0.9853,0.840,1677.761,0.008,1678.609,1
48cc807b-83cf-4920-bc93-9e2b4ebc2f83.jpg,palm,palm,0.9712,0.840,1677.761,0.008,1678.609,1
b540771f-1c15-41f2-b9e9-5a7a3393a3d5.jpg,fist,fist,0.9736,0.840,1677.761,0.008,1678.609,1
afbb1ac2-c11a-4a63-8ab2-27b591997a93.jpg,fist,fist,0.9990,0.840,1677.762,0.008,1678.610,1
53af93b7-01d9-4577-9d76-f6ebdb0aed20.jpg,palm,palm,0.9996,0.840,1677.761,0.008,1678.609,1
bcbb1ffe-d499-454e-95cd-60862ce809c0.jpg,palm,palm,0.9801,0.840,1677.761,0.008,1678.609,1
8288ac1d-c1e6-4493-87fb-22f54d7dab9f.jpg,fist,fist,0.9505,0.840,1677.761,0.008,1678.609,1
4811e443-f83f-4833-8bc6-fec5761e5627.jpg,one,one,0.6803,0.840,1677.761,0.008,1678.609,1
c97172a2-87c3-4b7e-9fc3-a39ef2590449.jpg,rock,rock,0.3921,0.840,1677.761,0.008,1678.609,1
6011a42f-9e42-4043-84f2-14c2048064e5.jpg,pinkie,pinkie,0.9234,0.840,1677.761,0.008,1678.609,1
5ba02f56-dcee-4ca1-b8b5-60885383da8c.jpg,pinkie,pinkie,0.6854,0.840,1677.761,0.008,1678.609,1
ef44ea3c-5afa-4996-81b9-7a0cd60f0173.jpg,pinkie,pinkie,0.9823,0.840,1677.761,0.008,1678.609,1
724fa6c1-7a5c-4097-9f09-3df080b4edc6.jpg,pinkie,pinkie,0.7563,0.840,1677.761,0.008,1678.609,1
2273d870-6b4f-481c-8a20-b1c6ffec7212.jpg,rock,rock,0.2793,0.840,1677.761,0.007,1678.608,1
5c939457-a223-4b36-9ba1-2a1ffaeb1cd4.jpg,pinkie,pinkie,0.7696,0.840,1677.761,0.008,1678.609,1
19d04bdd-acdd-4ace-999c-c4e46e257af6.jpg,pinkie,one,0.4775,0.840,1677.761,0.008,1678.609,0
a395fe2f-7be3-4c61-ad1c-2bbee5530473.jpg,fist,fist,0.7258,0.840,1677.761,0.008,1678.609,1
be4c47f2-e55e-4b81-b060-95f1d9520cc2.jpg,pinkie,one,0.6469,0.840,1677.761,0.008,1678.609,0
172a38d5-9342-4c2a-b47e-ccaa658b32ee.jpg,others,others,0.8902,0.840,1677.761,0.008,1678.610,1
5ba9b114-716d-4cd5-a2de-60ce3924e9b0.jpg,one,one,0.8437,0.840,1677.761,0.008,1678.609,1
a88917d8-11ca-4769-bdb9-9cac33fb86b8.jpg,one,one,0.8605,0.840,1677.761,0.008,1678.609,1
fa728f77-0b3e-4c3c-95e2-fbd3ff575ae1.jpg,palm,palm,0.9993,0.840,1677.761,0.008,1678.609,1
83749987-039b-4976-93e2-75f4aa5306a1.jpg,others,fist,0.4944,0.840,1677.761,0.008,1678.609,0
9fa6d91b-489f-4c09-8ba3-a8a3ae9fa162.jpg,palm,palm,0.9772,0.840,1677.761,0.008,1678.609,1
70d28a55-2e68-4191-8214-b448698046cf.jpg,rock,rock,0.9559,0.840,1677.761,0.008,1678.608,1
7fda887c-407c-4e34-9e77-0875ae670dfe.jpg,rock,rock,0.6815,0.840,1677.761,0.008,1678.609,1
45b41d95-c6c7-424e-b2c1-2f6bd2c2a485.jpg,fist,fist,0.9719,0.840,1677.761,0.008,1678.609,1
c4391816-182a-439e-9dc3-b088472f055d.jpg,fist,fist,0.5091,0.840,1677.760,0.008,1678.608,1
af988bcb-cbaf-4e4b-90ac-80f8ce15c6bb.jpg,palm,palm,0.9990,0.840,1677.761,0.008,1678.609,1
b5b374bb-92ea-42d4-b052-23a1e54d67ec.jpg,fist,fist,0.9998,0.840,1677.761,0.008,1678.609,1
b1e513b4-8141-4ca1-8b99-3fcb4dd254fa.jpg,palm,palm,0.9450,0.840,1677.761,0.008,1678.610,1
7d4fa2b2-c140-48a3-9e86-172bd79cd32f.jpg,rock,rock,0.9929,0.840,1677.761,0.008,1678.609,1
58e21484-e197-4a5a-b8c8-1fc6775fa2de.jpg,pinkie,pinkie,0.3105,0.840,1677.761,0.007,1678.608,1
5442d765-8057-4fd6-b2b7-234ebeed0503.jpg,fist,one,0.2874,0.840,1677.761,0.007,1678.609,0
de319fa5-2bb5-4a71-9470-7cb22f294f03.jpg,pinkie,fist,0.4920,0.840,1677.761,0.008,1678.609,0
eebf4150-f2de-43d9-aff6-96612eaae4e3.jpg,one,one,0.9866,0.840,1677.761,0.008,1678.609,1
8e964647-ea67-4fb6-a796-8d0ce6cb9707.jpg,one,one,0.5413,0.840,1677.761,0.008,1678.609,1
f45f08dc-9e34-4534-a5de-4620a299fe23.jpg,pinkie,pinkie,0.8587,0.840,1677.761,0.008,1678.609,1
8cd6d787-9e85-4de6-a5f6-4b84e0237895.jpg,pinkie,pinkie,0.9881,0.840,1677.761,0.008,1678.609,1
01b60e1e-e27d-4bc9-a1d0-d5a6cbbd50d5.jpg,rock,rock,0.9684,0.840,1677.761,0.008,1678.609,1
e4038098-1f75-4433-b073-c432fb1b4c1c.jpg,rock,rock,0.9641,0.840,1677.761,0.008,1678.609,1
3ab74cdb-9d4a-4b36-95dc-198b8f9336ed.jpg,fist,fist,0.7747,0.840,1677.761,0.008,1678.609,1
b5a79ce5-7d6a-48b4-a10c-e1c837af993b.jpg,one,one,0.8596,0.840,1677.761,0.008,1678.609,1
cdf523f0-b800-443c-b325-716550f31bd3.jpg,palm,palm,0.9009,0.840,1677.761,0.008,1678.610,1
bcb5fee7-049c-4f4b-81f5-2423671d4547.jpg,pinkie,pinkie,0.3936,0.840,1677.761,0.008,1678.609,1
490296eb-b5ea-4d02-9624-c5686070f0c1.jpg,pinkie,pinkie,0.3990,0.840,1677.761,0.008,1678.609,1
b7b23dc7-4810-4ef9-b421-747407c1d6a1.jpg,palm,palm,0.8995,0.840,1677.761,0.008,1678.609,1
616a7d8c-c350-43e5-b70f-19ac214f589e.jpg,rock,rock,0.6069,0.840,1677.761,0.008,1678.609,1
a76c3621-7817-4a9b-8e3e-194e1a8316da.jpg,fist,fist,0.4916,0.840,1677.761,0.008,1678.609,1
34a9e910-1535-4c11-8013-4c71747ebc4e.jpg,fist,fist,0.7927,0.840,1677.761,0.008,1678.609,1
07609197-29f0-4ba8-a056-f0e9760a2f8b.jpg,one,one,0.9029,0.840,1677.761,0.008,1678.609,1
44a32c7c-9999-4618-97a5-4f7d7754bafd.jpg,one,one,0.7714,0.840,1677.761,0.008,1678.609,1
6a6831b6-1700-48e5-953f-4b81da6adadb.jpg,one,one,0.6696,0.840,1677.760,0.008,1678.608,1
f434c58b-6de5-46b8-ad52-402e1d703dab.jpg,fist,fist,0.6495,0.840,1677.761,0.008,1678.609,1
da91cfe5-cfd0-42ba-a9ec-ca434406625b.jpg,pinkie,others,0.5495,0.840,1677.761,0.008,1678.609,0
f1ade54a-26a4-437e-ab7a-297dc545ddf6.jpg,palm,palm,0.9914,0.840,1677.761,0.008,1678.609,1
2bfe367e-aefc-4b9e-82a7-e1eabc8d4233.jpg,rock,rock,0.3259,0.840,1677.762,0.007,1678.609,1
112c7344-a5fb-4ab0-b163-3e8a46600a84.jpg,pinkie,pinkie,0.9470,0.840,1677.761,0.008,1678.609,1
878fc6a2-5a74-4607-9dc2-c47619a030c7.jpg,one,one,0.8907,0.840,1677.761,0.008,1678.609,1
a3882d77-a8cf-4e7f-af5e-f723e86f99c1.jpg,palm,palm,0.9598,0.840,1677.761,0.008,1678.609,1
4d691d94-ec74-4e90-b81d-df8af52109b8.jpg,palm,fist,0.4525,0.840,1677.761,0.008,1678.609,0
ae84d76d-097c-4ac1-8537-cecc6f8fd994.jpg,rock,rock,0.4187,0.840,1677.761,0.008,1678.609,1
e003b958-15cf-47e2-9c1e-7aea656a17ef.jpg,rock,rock,0.9379,0.840,1677.761,0.008,1678.609,1
0a7a2cfd-6533-4407-a123-cb160e4c5ffa.jpg,rock,rock,0.7364,0.840,1677.761,0.008,1678.609,1
e1d71cc7-6568-4090-b2af-8f0da4ffb40b.jpg,others,fist,0.3453,0.840,1677.761,0.008,1678.608,0
bf572bb7-9828-4fb4-9e81-824b6b406340.jpg,palm,palm,0.9977,0.840,1677.761,0.008,1678.609,1
ba7971f2-f1ef-429c-96e8-2c5ca0bdd1dc.jpg,others,others,0.4673,0.840,1677.761,0.008,1678.609,1
0ec63992-fbc9-41c8-8b4a-36995ca4ed41.jpg,rock,rock,0.5734,0.840,1677.761,0.008,1678.609,1
f3975a37-dd70-4ca4-9c2a-d0daecce8b8a.jpg,rock,one,0.2453,0.840,1677.761,0.007,1678.608,0
b9a5bc4c-bf0b-450f-a43b-a47f70681f76.jpg,pinkie,rock,0.5472,0.840,1677.761,0.008,1678.608,0
dc7cc35c-a61f-4bd9-9576-bdffcaff0502.jpg,palm,palm,0.9945,0.840,1677.761,0.008,1678.609,1
43fb4d7b-861e-407e-807b-2c5ab4ac4753.jpg,palm,palm,0.8162,0.840,1677.761,0.008,1678.609,1
2dc7e728-a742-4824-bb30-312a0f0e970e.jpg,one,pinkie,0.5280,0.840,1677.761,0.008,1678.609,0
046ae137-429b-4145-96a0-94579f9d746b.jpg,fist,fist,0.9409,0.840,1677.761,0.008,1678.609,1
ba513def-d2de-4c40-910c-3fb12a8ab9eb.jpg,pinkie,pinkie,0.8061,0.840,1677.761,0.008,1678.609,1
b4976b29-16e3-486e-82b1-c4df6a39fb62.jpg,rock,rock,0.5761,0.840,1677.761,0.008,1678.609,1
ab6fa32e-f75a-40c4-83c3-643d39c1a6b3.jpg,palm,palm,0.8900,0.840,1677.762,0.008,1678.610,1
d035452b-4d48-4a1f-82d9-3aa4956b46a0.jpg,pinkie,pinkie,0.5271,0.840,1677.761,0.008,1678.609,1
8319ef6b-1fef-4c5c-b315-0d059be12ae6.jpg,one,one,0.9683,0.840,1677.761,0.008,1678.609,1
4f9c0a6e-fdce-4944-8178-c209c6d789de.jpg,fist,fist,0.9172,0.840,1677.761,0.008,1678.608,1
f31764e9-2f6e-4665-ac2b-1aa4a7f2710f.jpg,rock,rock,0.7964,0.840,1677.761,0.008,1678.609,1
485d74cf-bc73-4af6-803e-81d2367ef242.jpg,one,one,0.4817,0.840,1677.761,0.008,1678.609,1
22d11ad8-6190-42d0-93b6-74a0f6323f12.jpg,one,rock,0.5894,0.840,1677.760,0.008,1678.608,0
763b1c22-f2b1-4335-98b0-688822c5269b.jpg,others,others,0.9920,0.840,1677.761,0.008,1678.609,1
4a53cc66-2d48-4a5b-a41c-bed4f8be5e70.jpg,fist,fist,0.9593,0.840,1677.761,0.008,1678.609,1
fa2f1c03-7204-44a1-9b20-86f8db74082f.jpg,others,others,0.5433,0.840,1677.761,0.008,1678.609,1
a23db8be-7654-4702-a79e-b025d2d9da24.jpg,pinkie,rock,0.2991,0.840,1677.762,0.007,1678.609,0
79d07fdf-3e2a-4a52-a2a3-157a429cca41.jpg,palm,palm,0.9998,0.840,1677.761,0.008,1678.609,1
ca72e98f-437d-4490-947d-436745e580ab.jpg,pinkie,pinkie,0.6406,0.840,1677.761,0.008,1678.609,1
aa18de0a-7a33-483a-a137-78a9449a2c4f.jpg,others,others,0.5456,0.840,1677.761,0.008,1678.609,1
c7653a27-5f18-469a-8a0a-22107f1f7c66.jpg,fist,fist,0.7891,0.840,1677.761,0.008,1678.609,1
6120b454-e81e-4e0f-9d0f-c07cdbfb3339.jpg,palm,palm,0.9125,0.840,1677.762,0.008,1678.610,1
d71a8c8d-57c2-426d-bf8c-e5f2f2b79815.jpg,pinkie,pinkie,0.9162,0.840,1677.761,0.008,1678.609,1
60e87788-b316-41ca-81c8-b1840bc72c27.jpg,palm,palm,0.8627,0.840,1677.761,0.008,1678.609,1
a86a541f-4787-4a7e-93e2-ef0269ea8501.jpg,one,one,0.5832,0.840,1677.761,0.008,1678.609,1
e723d5cd-5129-4cc4-a6e4-027a87488e87.jpg,palm,palm,0.2984,0.840,1677.761,0.007,1678.608,1
40f391d9-d1e3-4b09-9080-ac023bec25fa.jpg,others,fist,0.4183,0.840,1677.761,0.008,1678.609,0
dd418030-1ec0-47cc-bf61-0d7b2ac0d15f.jpg,pinkie,pinkie,0.4997,0.840,1677.761,0.008,1678.609,1
7d3e1c67-f7c5-4575-b1b7-e929d0906b87.jpg,one,one,0.6374,0.840,1677.761,0.008,1678.609,1
825c5e84-af0e-4b10-85d3-e3932b14eca6.jpg,pinkie,pinkie,0.7980,0.840,1677.762,0.008,1678.610,1
78963d77-096a-4189-b549-e492de7d64e7.jpg,one,one,0.9143,0.840,1677.761,0.008,1678.608,1
74426500-7ba6-4630-864f-825eeb2131b8.jpg,pinkie,pinkie,0.9777,0.840,1677.761,0.008,1678.609,1
1cc445d5-3ee6-4d8e-8034-be3aa99531ef.jpg,fist,fist,0.9848,0.840,1677.761,0.008,1678.608,1
7aa1f8d0-abf5-41f1-9839-5db2f61f3a3f.jpg,fist,fist,0.5521,0.840,1677.761,0.008,1678.609,1
ba89a050-be3f-4b1a-85ac-ab70bc831621.jpg,pinkie,fist,0.5090,0.840,1677.761,0.008,1678.609,0
f209eca7-1865-4b4b-8c1f-392de29d3bff.jpg,rock,rock,0.9763,0.840,1677.761,0.008,1678.609,1
134d3a77-e982-469d-bf5f-852c3770b4ea.jpg,palm,palm,0.9804,0.840,1677.761,0.008,1678.609,1
3e142221-51c4-4f97-8f01-b85d30eff014.jpg,pinkie,pinkie,0.6871,0.840,1677.761,0.008,1678.609,1
0406213d-2ff7-4578-9a01-12c5f10730c7.jpg,palm,palm,0.9836,0.840,1677.761,0.008,1678.609,1
4f58e285-33d8-47f9-96c6-debd78ca15ea.jpg,pinkie,pinkie,0.9474,0.840,1677.761,0.008,1678.609,1
0d7024cf-cbb6-49ed-827d-d23612170012.jpg,rock,rock,0.8622,0.840,1677.761,0.008,1678.609,1
f8895cf4-c20b-4c72-aa70-9097c3faf884.jpg,others,others,0.5152,0.840,1677.761,0.008,1678.609,1
ccdd26c0-1c1d-4db9-9cfc-ae8b00413929.jpg,fist,fist,0.9387,0.840,1677.761,0.008,1678.609,1
d07de3ff-32e0-4c18-afa5-6902f2cd70fa.jpg,one,one,0.9035,0.840,1677.761,0.008,1678.609,1
7f50f3c3-8f44-48c0-a4b2-bf20be9b66e6.jpg,others,rock,0.3071,0.840,1677.761,0.007,1678.609,0
8347c26d-6b77-4d95-8edc-3b82e451ce23.jpg,fist,fist,1.0000,0.840,1677.761,0.008,1678.609,1
8e045a8b-a935-4dd6-8879-f422b16e19e9.jpg,pinkie,others,0.4645,0.840,1677.761,0.008,1678.609,0
aaa474b0-212f-4161-823c-fb5f115ba1e7.jpg,palm,palm,0.9752,0.840,1677.761,0.008,1678.609,1
533402e4-2086-4893-a7b3-e306b73442d2.jpg,pinkie,pinkie,0.9922,0.840,1677.761,0.008,1678.609,1
064d72c4-782f-44a3-a214-f5ff6ea3406b.jpg,others,one,0.5814,0.840,1677.762,0.008,1678.610,0
e06f59c7-9606-4d7c-9546-947fb80da78e.jpg,palm,palm,0.6912,0.840,1677.761,0.008,1678.609,1
7abb884b-b598-468d-be36-f894dcf0f4ca.jpg,rock,rock,0.7347,0.840,1677.761,0.008,1678.609,1
1f606ce6-47b9-4726-8f00-1569d3c547d0.jpg,pinkie,pinkie,0.9525,0.840,1677.761,0.008,1678.609,1
d8482843-17a1-4757-828d-70579b43a36b.jpg,one,one,0.5387,0.840,1677.761,0.008,1678.609,1
3503fab8-11e6-4bf0-8e7d-2106783943a2.jpg,pinkie,one,0.5040,0.840,1677.761,0.008,1678.609,0
8ca933f6-898e-4a38-9e19-41926b334e34.jpg,one,one,0.8314,0.840,1677.761,0.008,1678.609,1
14a297d4-1024-477c-a847-1f9d2602f97d.jpg,palm,palm,0.9985,0.840,1677.761,0.008,1678.609,1
5d169b97-672a-48c1-8ee1-885e6eaf23a8.jpg,pinkie,pinkie,0.5677,0.840,1677.761,0.008,1678.609,1
4f45f4f3-5832-4e11-92fb-8a5d8734ff4d.jpg,others,others,0.9728,0.840,1677.761,0.008,1678.609,1
aad2ffef-7ccd-494a-96f0-ede7b4b5da66.jpg,pinkie,pinkie,0.7609,0.840,1677.761,0.008,1678.609,1
0acdc615-7a9d-4044-9b61-451a2f325d7d.jpg,fist,fist,0.7681,0.840,1677.761,0.008,1678.608,1
fa2af2e9-a001-4065-9e66-f596f40cd9a6.jpg,pinkie,one,0.4523,0.840,1677.761,0.008,1678.609,0
5e40affc-5f32-4451-b67b-762a017f31ca.jpg,rock,rock,0.9783,0.840,1677.761,0.008,1678.609,1
5299b452-6181-48e3-9bd5-da24b169ec64.jpg,pinkie,pinkie,0.6431,0.840,1677.761,0.008,1678.609,1
2054b0c5-d926-4600-85a8-1dac61a6960b.jpg,others,others,0.6885,0.840,1677.761,0.008,1678.609,1
c1b11b69-706a-4677-b254-16a98509d330.jpg,rock,rock,0.8610,0.840,1677.761,0.008,1678.609,1
141664e0-73b6-4774-91ea-7a5283fcc398.jpg,palm,palm,0.9380,0.840,1677.761,0.008,1678.609,1
829317b9-7dbc-4872-96b1-c1fd81f608b5.jpg,one,one,0.7337,0.840,1677.761,0.008,1678.609,1
3400b07c-fb2c-4287-901d-b9d0e5b43852.jpg,fist,one,0.4373,0.840,1677.761,0.008,1678.609,0
848874ca-4ac6-4ccf-9ad6-86658abab338.jpg,palm,palm,0.2704,0.840,1677.761,0.007,1678.609,1
2ea9a179-cab0-4380-9d17-e4d5a3351262.jpg,one,one,0.9144,0.840,1677.761,0.008,1678.609,1
b6e4564b-32d1-496b-87fc-81a7bb37743a.jpg,one,one,0.4921,0.840,1677.761,0.008,1678.609,1
a23d7d45-203f-4018-ba87-91669d71eb60.jpg,rock,rock,0.7901,0.840,1677.761,0.008,1678.609,1
10c93ea6-2dc7-4758-9dd7-3e5790c7e6c7.jpg,others,others,0.8543,0.840,1677.761,0.008,1678.609,1
b51202c6-6b2a-4f33-956c-1be407b5817c.jpg,others,others,0.4577,0.840,1677.761,0.008,1678.609,1
924b584c-b8bc-49b9-a61e-878346b80242.jpg,pinkie,fist,0.4067,0.840,1677.761,0.008,1678.608,0
c812dcf0-2e81-4d50-8796-2f15e523f77b.jpg,pinkie,pinkie,0.5093,0.840,1677.761,0.008,1678.608,1
ce3e1ccd-23a2-4c32-9b1d-57eba6f44019.jpg,fist,fist,0.9999,0.840,1677.761,0.008,1678.609,1
19bb34b8-40ca-4df0-b4ae-bac293cfa2fe.jpg,others,others,0.7120,0.840,1677.761,0.008,1678.609,1
2e0a29c0-7a11-473f-b1ba-3e529b6e236e.jpg,fist,fist,0.8169,0.840,1677.761,0.008,1678.609,1
6e71bab5-6103-48b2-a212-7a7e345eb766.jpg,others,one,0.7216,0.840,1677.761,0.008,1678.609,0
7cc6d71a-a585-4aea-a922-d96ad04718fd.jpg,palm,palm,0.8639,0.840,1677.761,0.008,1678.609,1
75cc260d-428e-4c7e-b42c-65f83d0a04ae.jpg,rock,one,0.4122,0.840,1677.761,0.008,1678.609,0
7f780267-d0c6-42ed-825b-5b7dc9f3ff8c.jpg,palm,palm,0.9928,0.840,1677.761,0.008,1678.609,1
14100733-87a1-46a5-9555-a2cee127f6cf.jpg,palm,palm,0.7884,0.840,1677.761,0.008,1678.609,1
b4a70cc7-b8c4-4ba7-b5ed-fbada619765a.jpg,rock,rock,0.4320,0.840,1677.760,0.008,1678.608,1
846aa8a8-ec56-4999-b7d9-7bf42fef75a6.jpg,rock,rock,0.7114,0.840,1677.761,0.008,1678.609,1
f8803fea-105d-4ede-8b82-7e4242b1b08b.jpg,rock,rock,0.7743,0.840,1677.761,0.008,1678.609,1
231565c4-0210-4896-b0a9-ecbb795d0331.jpg,one,one,0.8789,0.840,1677.761,0.008,1678.609,1
ea9c7807-a250-4af2-8eca-c9a820f61c2c.jpg,rock,rock,0.2575,0.840,1677.761,0.007,1678.609,1
3b429674-0c31-4d6f-b908-3e2493feca49.jpg,fist,fist,0.7857,0.840,1677.761,0.008,1678.609,1
78334421-5856-44e2-a5d6-36292e2f0e56.jpg,fist,fist,0.9986,0.840,1677.761,0.008,1678.609,1
93d5f3d8-32f0-4240-a8ac-33d80426aae8.jpg,fist,fist,0.5291,0.840,1677.761,0.008,1678.609,1
e86e25aa-8473-4b34-be78-ccc3a8988327.jpg,palm,palm,0.8822,0.840,1677.761,0.008,1678.609,1
96e59ff3-d590-4d75-9942-4d5cfc8163aa.jpg,rock,rock,0.9523,0.840,1677.761,0.008,1678.609,1
e9c5ec26-0efc-4af2-9b72-b11bed0ad4c9.jpg,others,one,0.6334,0.840,1677.761,0.008,1678.609,0
2fd35ac2-c493-4eca-9528-29e8077e15ff.jpg,fist,fist,0.6762,0.840,1677.761,0.008,1678.609,1
a6c10a6f-34ca-4bbd-be74-874c1ff4e5fa.jpg,one,fist,0.3654,0.840,1677.761,0.008,1678.609,0
5a44336e-062b-4217-b8b9-c514cc83e765.jpg,one,one,0.6260,0.840,1677.761,0.008,1678.609,1
45b41d95-c6c7-424e-b2c1-2f6bd2c2a485.jpg,fist,fist,0.9719,0.840,1677.761,0.008,1678.609,1
108a756c-7802-4f73-909a-4edffb5318c3.jpg,one,rock,0.5674,0.840,1677.761,0.008,1678.609,0
ad35b5b7-2aed-49ab-be22-a386f17cb814.jpg,fist,others,0.3730,0.840,1677.761,0.007,1678.608,0
d6b32a4d-599d-4a3e-b111-8987959cbb24.jpg,one,one,0.9669,0.840,1677.762,0.008,1678.610,1
c5319d5e-3866-4029-be2e-cb7daea563b6.jpg,pinkie,pinkie,0.4500,0.840,1677.760,0.008,1678.608,1
655e2ca7-3a13-4368-bb40-27c433b0625d.jpg,fist,fist,0.9995,0.840,1677.761,0.008,1678.609,1
a7986654-9abb-4666-897d-9ecc645de370.jpg,others,others,0.8831,0.840,1677.761,0.008,1678.609,1
391565e6-d4f3-4920-a013-d3fe12e3eed9.jpg,one,fist,0.5400,0.840,1677.761,0.008,1678.609,0
454208b4-84c6-4501-bec7-d433dc6328fd.jpg,fist,fist,0.9943,0.840,1677.761,0.008,1678.609,1
4dc9318e-6224-412d-8710-98c9a63778ef.jpg,fist,fist,0.5695,0.840,1677.761,0.008,1678.609,1
2784e09a-475b-47a0-bd73-2f66bdcdc3cc.jpg,fist,fist,0.5892,0.840,1677.761,0.008,1678.609,1
91701352-fdfe-4159-950a-36fed1aa168f.jpg,pinkie,pinkie,0.9988,0.840,1677.761,0.008,1678.609,1
a63dc986-36dc-4741-873d-7e4f8ac1a9ba.jpg,others,others,0.9779,0.840,1677.760,0.008,1678.608,1
3558c250-d0d0-422b-961c-3ff12c638ae0.jpg,fist,fist,0.9988,0.840,1677.761,0.008,1678.609,1
ad17ad91-74ca-4f18-8591-4870e1d44e75.jpg,pinkie,pinkie,0.9852,0.840,1677.761,0.008,1678.609,1
1f315b63-8dc8-49a8-8646-8ffd2cb827c6.jpg,palm,palm,0.9867,0.840,1677.761,0.008,1678.609,1
6886883e-03fe-4c5f-9678-e312bc643b90.jpg,pinkie,pinkie,0.3085,0.840,1677.761,0.007,1678.608,1
3b7c1b8b-f3dd-4769-8ef0-310acf9f6814.jpg,palm,one,0.2541,0.840,1677.761,0.007,1678.609,0
5466940f-0618-428c-acb5-19bf447442c1.jpg,one,one,0.9278,0.840,1677.761,0.008,1678.609,1
4a5c841d-3688-4ce1-bf37-1eddd9511927.jpg,pinkie,pinkie,0.5909,0.840,1677.761,0.008,1678.609,1
2aae6668-f025-406e-a13f-b2ba0e484b3a.jpg,fist,fist,0.9076,0.840,1677.761,0.008,1678.609,1
d7861221-44ea-4313-8408-96a2032a1d06.jpg,rock,rock,0.9013,0.840,1677.761,0.008,1678.609,1
6d12ba6f-3431-4436-8084-c9f7de24c54b.jpg,others,one,0.3948,0.840,1677.761,0.008,1678.608,0
0b30fe2f-f570-4780-a35e-64591a4da619.jpg,rock,palm,0.3975,0.840,1677.761,0.008,1678.609,0
edcb406c-a339-4201-bc97-16be73ce1695.jpg,one,one,0.7919,0.840,1677.761,0.008,1678.609,1
d92381e0-41de-4546-acaa-a6dd9e12fccc.jpg,palm,palm,0.9936,0.840,1677.761,0.008,1678.609,1
1a0771e8-881c-4fff-acaf-80df71e8f182.jpg,pinkie,pinkie,0.9695,0.840,1677.761,0.008,1678.609,1
ad8aaeda-608f-4fb8-b171-79ada56a1a1c.jpg,one,one,0.8158,0.840,1677.761,0.008,1678.608,1
6441e831-e6e1-4d8a-b27b-38e17696326d.jpg,palm,palm,0.9971,0.840,1677.761,0.008,1678.610,1
85780a7e-9b5d-45de-ab8b-5c5493c37291.jpg,pinkie,fist,0.6260,0.840,1677.761,0.008,1678.608,0
62fd19ec-0684-4243-b613-cb82a4daa96a.jpg,one,one,0.7322,0.840,1677.761,0.008,1678.609,1
50c09889-72f7-41cb-84d4-0d1fa4d24480.jpg,pinkie,pinkie,0.3261,0.840,1677.761,0.007,1678.608,1
0b0fb42d-7643-446e-a62e-41a0a7478037.jpg,palm,palm,0.9861,0.840,1677.761,0.008,1678.609,1
d9237717-c21e-4507-a51b-dedaa10bcee9.jpg,palm,palm,0.9209,0.840,1677.761,0.008,1678.609,1
e2d6dac8-a8b9-4657-9f76-bb5831972f4f.jpg,pinkie,one,0.2995,0.840,1677.761,0.007,1678.608,0
f1b921c2-87c0-415f-8c90-95b576d5417f.jpg,others,others,0.6107,0.840,1677.761,0.008,1678.609,1
dbc0fb02-ef8f-4dd6-86ea-945ad8d420f9.jpg,rock,rock,0.4898,0.840,1677.761,0.008,1678.609,1
aade6022-21e4-4296-a38c-7b131bb1edbe.jpg,palm,palm,0.9819,0.840,1677.761,0.008,1678.609,1
49eafa0b-eeea-4f34-af6b-3eac7c5ff51a.jpg,fist,fist,0.9983,0.840,1677.761,0.008,1678.609,1
a63dc986-36dc-4741-873d-7e4f8ac1a9ba.jpg,others,others,0.9779,0.840,1677.762,0.008,1678.610,1
6dd634fd-89de-491a-a758-05ab36a4fa0b.jpg,others,rock,0.3836,0.840,1677.761,0.007,1678.609,0
1a88edf9-832f-4e8d-a9ee-73739543a265.jpg,palm,palm,0.9753,0.840,1677.761,0.008,1678.609,1
fcb3faf7-81b5-4c5c-bee9-5bb574650582.jpg,fist,fist,0.7825,0.840,1677.761,0.008,1678.609,1
3e986bed-973f-4040-93ab-8351b329586e.jpg,one,pinkie,0.5970,0.840,1677.761,0.008,1678.609,0
27e6417f-ed21-4ee6-86ef-a35372715df9.jpg,one,one,0.5492,0.840,1677.761,0.008,1678.609,1
6720da18-ccff-48ee-bbea-390ce20a6d3f.jpg,pinkie,pinkie,0.8618,0.840,1677.761,0.008,1678.609,1
8b6df2e4-c2ad-424b-9164-0e34dbedf241.jpg,one,one,0.9877,0.840,1677.761,0.008,1678.609,1
37164c18-0bf3-4461-9c7e-e8d10d0c8580.jpg,one,one,0.7758,0.840,1677.760,0.008,1678.609,1
6efe538e-ddb3-4f9a-a100-31f96cb22302.jpg,one,one,0.8424,0.840,1677.761,0.008,1678.609,1
89195576-f933-4dd4-80d2-fc534134adfd.jpg,others,one,0.5517,0.840,1677.761,0.008,1678.609,0
e3c0505c-ff1e-4aea-92dd-e3c7e8db0a53.jpg,fist,fist,0.9151,0.840,1677.761,0.008,1678.609,1
da07bcf0-3aee-4feb-b5af-8bf661f31ec1.jpg,others,others,0.5835,0.840,1677.761,0.008,1678.609,1
90aa9b8e-d825-4637-a4a2-5c6a5286859d.jpg,palm,palm,0.9714,0.840,1677.761,0.008,1678.609,1
5dd689cb-9b71-44fa-910a-3bc1f76095be.jpg,pinkie,pinkie,0.7863,0.840,1677.760,0.008,1678.608,1
2e391ee9-9d4b-49f5-a225-a671d6222b8f.jpg,others,others,0.2947,0.840,1677.761,0.007,1678.608,1
2c334f45-0280-4cd3-ab08-b2e389002b1f.jpg,others,others,0.7975,0.840,1677.761,0.008,1678.609,1
96983944-f727-42c4-aa90-50ff3b8e87d2.jpg,one,one,0.4147,0.840,1677.761,0.008,1678.608,1
16907847-6e68-4af6-b8d6-7677065d96b6.jpg,fist,fist,0.5548,0.840,1677.761,0.008,1678.609,1
8d490ca0-8639-421c-8fe6-b03ca0bbf8e3.jpg,rock,rock,0.9346,0.840,1677.761,0.008,1678.609,1
bfc73513-1f33-4cef-a181-c303b62a3e93.jpg,pinkie,pinkie,0.9093,0.840,1677.761,0.008,1678.608,1
84e36b84-462b-4397-9876-8a90c322310d.jpg,one,others,0.4732,0.840,1677.761,0.008,1678.609,0
bb1ae084-38c9-4558-9f21-c40833dbaf0e.jpg,one,one,0.8810,0.840,1677.761,0.008,1678.609,1
8a0fd84b-3df5-47a9-8be1-6cc3cd4b785c.jpg,one,one,0.7052,0.840,1677.761,0.008,1678.609,1
19287193-d5f7-42b2-affe-2974460cd186.jpg,palm,palm,0.9945,0.840,1677.761,0.008,1678.609,1
c6d9401f-aa5a-4e25-9a17-61d41c995c9c.jpg,palm,palm,0.9987,0.840,1677.760,0.008,1678.608,1
f29bb884-7c84-47fb-be77-80013ed56e18.jpg,pinkie,pinkie,0.9771,0.840,1677.761,0.008,1678.609,1
ba93e43d-0dcb-44da-88c7-7dd43ae159b2.jpg,palm,palm,0.5226,0.840,1677.761,0.008,1678.609,1
6bc52ae1-f1fe-45eb-956f-fac99652be51.jpg,others,others,0.6661,0.840,1677.761,0.008,1678.609,1
c5cf49bc-9920-4f5b-8185-a2caf858726e.jpg,others,one,0.6418,0.840,1677.761,0.008,1678.609,0
c6caae24-c0ad-44da-bdac-7b6badca3dd9.jpg,others,others,0.9632,0.840,1677.761,0.008,1678.609,1
4d2d9dcc-1ca6-4a32-ad6c-a2a9e358d8d5.jpg,pinkie,pinkie,0.4031,0.840,1677.761,0.008,1678.608,1
ec242f90-b007-426d-a894-a54a6f627c4e.jpg,fist,fist,0.9966,0.840,1677.761,0.008,1678.609,1
5f3eb93d-99d3-4f5c-b6f3-0ad7a8664d74.jpg,palm,palm,0.9772,0.840,1677.761,0.008,1678.609,1
d5f4c3f8-5a93-463e-a1f1-4619294eb064.jpg,one,one,0.9260,0.840,1677.761,0.008,1678.609,1
c9e741e4-2263-453a-885c-dd7bf8435b35.jpg,fist,fist,0.9954,0.840,1677.762,0.008,1678.610,1
dda5497f-b6f1-4c04-b659-bd4e055972b3.jpg,rock,rock,0.5703,0.840,1677.761,0.008,1678.609,1
1c92eba9-1272-4c8b-83f5-205f525acff2.jpg,palm,palm,0.9828,0.840,1677.761,0.008,1678.609,1
0ea8065d-0f11-4e0b-96d9-63b6daf33a04.jpg,rock,rock,0.7527,0.840,1677.761,0.008,1678.609,1
2a2ebd65-901f-4239-834c-63fa9f2a4a05.jpg,fist,fist,0.9968,0.840,1677.761,0.008,1678.609,1
169d1126-8bc9-47ce-9b63-01a7078ed7e4.jpg,pinkie,pinkie,0.7294,0.840,1677.761,0.008,1678.609,1
135fe3ca-0220-40e4-93ef-2b3ec0994d6b.jpg,pinkie,one,0.3766,0.840,1677.761,0.007,1678.609,0
675f2bb3-7b2b-45af-895a-4475f843efd3.jpg,one,others,0.5217,0.840,1677.762,0.008,1678.610,0
05a1cf9a-9ee1-442c-a09e-822cf1660413.jpg,one,one,0.6756,0.840,1677.761,0.008,1678.609,1
4843fe45-ffb0-4fea-84c1-13b904a08e39.jpg,one,one,0.9050,0.840,1677.761,0.008,1678.609,1
7a246a47-d598-4f25-93d6-48e4b90ed84d.jpg,rock,rock,0.6906,0.840,1677.761,0.008,1678.609,1
cd462285-0108-4b35-8bc1-fc63ff902229.jpg,pinkie,pinkie,0.9654,0.840,1677.761,0.008,1678.609,1
b7d5554f-b0a1-434c-a6d6-0d36c8cd3012.jpg,pinkie,pinkie,0.6172,0.840,1677.761,0.008,1678.609,1
9f89aec7-d53e-4b27-a06a-93cf84394f73.jpg,rock,rock,0.9251,0.840,1677.761,0.008,1678.609,1
f3dd52c9-b9d1-45cf-b840-418df35678f0.jpg,pinkie,pinkie,0.8679,0.840,1677.761,0.008,1678.609,1
67424077-3955-436e-8e44-f8344a10a501.jpg,pinkie,rock,0.5326,0.840,1677.761,0.008,1678.609,0
c5c03745-0680-41a7-9549-b34182bf6acb.jpg,others,palm,0.7644,0.840,1677.761,0.008,1678.609,0
17613472-ff4b-4eda-8f0e-a26d4a043343.jpg,pinkie,pinkie,0.5049,0.840,1677.761,0.008,1678.609,1
2760931b-9705-4b5b-974e-fc8ad65fc82f.jpg,fist,fist,0.8053,0.840,1677.761,0.008,1678.609,1
f24f4e9a-28ee-4220-a74d-077efde0fbd5.jpg,one,one,0.7615,0.840,1677.761,0.008,1678.609,1
6bf1170e-36d8-4c62-8093-060a8b38ba1c.jpg,palm,palm,0.9945,0.840,1677.761,0.008,1678.609,1
61c9fc8f-7ac4-4fae-b229-24b0e7a12934.jpg,others,palm,0.6910,0.840,1677.761,0.008,1678.609,0
7092d795-9a92-403d-9a21-839dde617a30.jpg,fist,fist,0.8388,0.840,1677.761,0.008,1678.609,1
149ef617-5583-45e8-a824-c539bf584096.jpg,fist,fist,0.9903,0.840,1677.761,0.008,1678.609,1
dced4ec9-d0cc-4f0a-be91-f7cc6ec0afdc.jpg,pinkie,pinkie,0.4373,0.840,1677.761,0.008,1678.609,1
bb24ba97-b671-4765-a1f6-c2aeba625f03.jpg,palm,palm,0.7012,0.840,1677.761,0.008,1678.610,1
8bfef49b-5dbd-46b0-912e-7424cb61ab27.jpg,pinkie,pinkie,0.4497,0.840,1677.761,0.008,1678.609,1
e0aadcd1-9497-47da-981d-bf8895af0c61.jpg,palm,palm,0.6678,0.840,1677.760,0.008,1678.608,1
d163c298-1787-43af-bab7-dbcccb271827.jpg,one,one,0.5620,0.840,1677.761,0.008,1678.609,1
0ec43ba3-3d35-43ec-bcfe-8458afddff97.jpg,fist,fist,0.9981,0.840,1677.761,0.008,1678.609,1
89b6a9f5-9b0d-4347-b1ca-02af491d3b9b.jpg,pinkie,pinkie,0.8253,0.840,1677.762,0.008,1678.610,1
266bb54c-3d8b-41ac-8fcd-2b764836db71.jpg,rock,rock,0.4112,0.840,1677.761,0.008,1678.608,1
68c05dc2-91a9-478c-9d98-4763283b677f.jpg,rock,fist,0.3966,0.840,1677.761,0.008,1678.608,0
32e4622f-c114-426f-aaf9-f974ac96b6dd.jpg,fist,fist,0.9994,0.840,1677.761,0.008,1678.609,1
c409548e-f582-46fa-81f5-46f4db50cdd1.jpg,others,one,0.5540,0.840,1677.761,0.008,1678.609,0
ede06d27-f840-4f07-9499-8b12eaff710e.jpg,fist,fist,0.9752,0.840,1677.761,0.008,1678.609,1
5b7bbaaa-d879-4af7-b7a9-4730a52a454c.jpg,others,others,0.7864,0.840,1677.761,0.008,1678.609,1
fd6e7f64-3bcb-4e3d-aef2-60f704cf8cb0.jpg,one,one,0.4743,0.840,1677.761,0.008,1678.609,1
a0936f49-f298-4ea6-9539-6568fc45c9dc.jpg,others,others,0.5575,0.840,1677.761,0.008,1678.609,1
b6a72dad-7a5f-4ec1-80f2-571b667dcecb.jpg,palm,palm,0.9973,0.840,1677.761,0.008,1678.609,1
34cd2faa-edb2-41da-9b5d-575229d27f2c.jpg,pinkie,pinkie,0.7951,0.840,1677.761,0.008,1678.609,1
029794b3-f099-44eb-bcaf-5c88eab802b6.jpg,palm,palm,0.4581,0.840,1677.761,0.007,1678.609,1
54029231-2ec4-4fe8-8640-dec0855b4773.jpg,one,one,0.6403,0.840,1677.761,0.008,1678.609,1
0ab7239f-aeab-4cda-81bb-3ddba672273e.jpg,fist,fist,0.8920,0.840,1677.761,0.008,1678.609,1
84fff46f-4ad5-4ba7-91c2-f838e5379414.jpg,palm,palm,0.9765,0.840,1677.761,0.008,1678.609,1
a07c96c5-a53b-4938-810e-c54ad619170e.jpg,pinkie,pinkie,0.7908,0.840,1677.761,0.008,1678.609,1
27aab318-194a-4435-ac3b-8f7f208c1da3.jpg,pinkie,pinkie,0.3910,0.840,1677.761,0.008,1678.609,1
7bd37016-4222-4fe8-bff0-46dfc3b27c95.jpg,fist,fist,0.9731,0.840,1677.761,0.008,1678.609,1
7104dafc-530b-4194-89c5-6faf6eba0aeb.jpg,fist,fist,0.8807,0.840,1677.761,0.008,1678.609,1
1720a752-5c8a-4cef-9e06-248dda85d199.jpg,fist,fist,0.7644,0.840,1677.761,0.008,1678.609,1
30bf3ff3-a93f-4c6b-9eb6-4c937cae5afa.jpg,pinkie,pinkie,0.9244,0.840,1677.761,0.008,1678.609,1
7c4c4fc6-af2b-4aa2-bc23-d48b4c6bc20d.jpg,palm,palm,0.5251,0.840,1677.761,0.008,1678.609,1
4b25308c-b2df-4c81-b566-680df5f2a3c9.jpg,one,palm,0.3071,0.840,1677.761,0.007,1678.609,0
81f0dd75-4487-452c-8010-195119e9e543.jpg,fist,fist,0.8437,0.840,1677.761,0.008,1678.609,1
b7fa5d69-5774-4bee-a826-ef5802f06e90.jpg,palm,palm,0.9893,0.840,1677.761,0.008,1678.609,1
36a75fb2-0cc0-4786-a673-180f229fe97e.jpg,pinkie,pinkie,0.4053,0.840,1677.761,0.008,1678.609,1
3ea1a612-f9fc-4063-abb4-71f199327bc8.jpg,one,pinkie,0.4967,0.840,1677.761,0.008,1678.609,0
6ea67a40-ddf7-4b90-b364-83e0dd7456bd.jpg,pinkie,others,0.2851,0.840,1677.761,0.007,1678.609,0
754bb328-7078-4180-be55-7d910518472b.jpg,fist,fist,0.9895,0.840,1677.761,0.008,1678.609,1
9f792d7e-b90f-4074-a0e1-084f1385be87.jpg,others,rock,0.7850,0.840,1677.761,0.008,1678.609,0
e8444431-b81a-431b-af3b-10223d0d6742.jpg,pinkie,pinkie,0.3597,0.840,1677.761,0.007,1678.609,1
d96b24e1-405e-4fa5-adaf-48546afef3a3.jpg,others,one,0.9224,0.840,1677.761,0.008,1678.609,0
d938fa00-e049-4223-85f6-1c2d515b7ff2.jpg,palm,palm,0.7146,0.840,1677.761,0.008,1678.609,1
c736bb68-05d9-40df-a671-a38ca52725f0.jpg,fist,fist,0.9873,0.840,1677.761,0.008,1678.609,1
d24a5fa8-365d-4cb1-9270-03848709968b.jpg,fist,fist,0.9597,0.840,1677.761,0.008,1678.609,1
186298fb-364d-499f-8141-b0168bb06903.jpg,others,others,0.3969,0.840,1677.761,0.008,1678.609,1
72a43628-5454-41a1-8586-77715afdb2c3.jpg,fist,fist,0.8913,0.840,1677.761,0.008,1678.609,1
ee06833e-a083-4f72-ba0e-157511474fce.jpg,fist,fist,0.9944,0.840,1677.761,0.008,1678.609,1
5cc1faab-d61e-4cfb-86aa-406c32ad7401.jpg,others,others,0.6557,0.840,1677.761,0.008,1678.609,1
7e96496c-7a27-4e75-99dc-ee6ab5d9eef7.jpg,one,one,0.9658,0.840,1677.761,0.008,1678.609,1
7043a265-fa71-41f4-83b9-10d407ffb240.jpg,palm,palm,0.5437,0.840,1677.760,0.008,1678.609,1
527a5524-371a-49bc-b208-3950d5c80db8.jpg,fist,fist,0.9806,0.840,1677.761,0.008,1678.609,1
0dc970cd-8483-451b-b5aa-5f00484b293f.jpg,fist,fist,0.9355,0.840,1677.761,0.008,1678.609,1
ae7274cd-d067-457e-b6ed-4d57f9725a05.jpg,pinkie,pinkie,0.6716,0.840,1677.761,0.008,1678.609,1
a8f5da01-0429-43d6-9ea2-f3045725b0ee.jpg,one,one,0.9353,0.840,1677.761,0.008,1678.609,1
7bf95af0-c22f-4f93-aa3c-5ae7852539cf.jpg,pinkie,pinkie,0.8333,0.840,1677.761,0.008,1678.609,1
3410ac83-4d89-4c9e-8316-b43f635dad33.jpg,palm,palm,0.9767,0.840,1677.761,0.008,1678.609,1
0e017f1f-0715-49d0-901a-f19adf1bef1f.jpg,pinkie,pinkie,0.9836,0.840,1677.761,0.008,1678.609,1
ff562dd0-d126-4ab3-a992-ee66a50a8714.jpg,pinkie,pinkie,0.5194,0.840,1677.761,0.008,1678.609,1
ece3da91-9371-4be3-a462-b666b89f1053.jpg,rock,rock,0.6118,0.840,1677.761,0.008,1678.609,1
ffba6a8c-37c2-495d-9f1c-cb03d330cf4c.jpg,rock,rock,0.6988,0.840,1677.761,0.008,1678.609,1
dbc055df-d3c8-477a-a368-64b82c0bf94e.jpg,pinkie,others,0.3324,0.840,1677.761,0.007,1678.608,0
e0da9895-3038-466f-ba5f-fc10443ee043.jpg,others,others,0.7913,0.840,1677.761,0.008,1678.609,1
529a04a4-5fd7-4c40-9183-b4f32219a871.jpg,one,one,0.7698,0.840,1677.760,0.008,1678.608,1
7bd8dde8-9603-4804-ac5e-078acc05ccff.jpg,rock,fist,0.6193,0.840,1677.761,0.008,1678.609,0
311e6477-69a1-498b-9e5d-49eda3591d90.jpg,rock,rock,0.7505,0.840,1677.761,0.008,1678.608,1
dd160683-2a66-4ee4-aa5e-50460b1c593b.jpg,palm,palm,0.9399,0.840,1677.761,0.008,1678.609,1
cb2b27dc-3e99-4e35-9194-2f90c207887c.jpg,rock,fist,0.3699,0.840,1677.761,0.008,1678.609,0
364addfb-6f6f-4acf-bd6a-4c9a999dac9a.jpg,palm,palm,0.9851,0.840,1677.761,0.008,1678.609,1
3d70a2eb-a07f-4c14-bb78-44148fa1161a.jpg,rock,rock,0.9910,0.840,1677.761,0.008,1678.609,1
d665f749-6456-484b-b229-4755511139bf.jpg,others,others,0.8414,0.840,1677.761,0.008,1678.609,1
589e5fdf-ec9e-49ea-b775-cc52729a97c1.jpg,others,others,0.9993,0.840,1677.761,0.008,1678.609,1
bef49636-8b1a-41aa-ad38-410b23c3522c.jpg,palm,palm,0.9933,0.840,1677.761,0.008,1678.609,1
2fbaf79c-000a-4aaf-b24a-dbbbf63151e3.jpg,one,one,0.9348,0.840,1677.760,0.008,1678.608,1
4f07f429-869b-48d6-acf9-8ae934b6d82a.jpg,others,others,0.4600,0.840,1677.761,0.008,1678.609,1
5bcc6bd1-9a17-42dc-9b80-a5bb917539b7.jpg,one,one,0.9606,0.840,1677.761,0.008,1678.609,1
a7c96d59-5976-4238-9321-c05cdd8d9d4b.jpg,others,one,0.3981,0.840,1677.761,0.008,1678.609,0
6097591f-8411-495a-83c0-fccfe011f4f6.jpg,fist,fist,0.4346,0.840,1677.761,0.008,1678.609,1
7adce002-44d8-413b-b1d9-34d731da0aac.jpg,others,fist,0.8168,0.840,1677.761,0.008,1678.609,0
2f5dfcb0-1125-4eee-94b7-aa15c16d6b11.jpg,one,one,0.8979,0.840,1677.761,0.008,1678.609,1
163bedbd-5369-4f92-bfb0-1bdaaea969a5.jpg,palm,palm,0.6870,0.840,1677.761,0.008,1678.609,1
5442d765-8057-4fd6-b2b7-234ebeed0503.jpg,fist,one,0.2874,0.840,1677.761,0.007,1678.609,0
92eadfb3-a5c7-4b2d-acca-91602dc735a2.jpg,pinkie,pinkie,0.8114,0.840,1677.761,0.008,1678.609,1
443a01f2-2d8e-4c4e-b543-a4afda90aa45.jpg,others,others,0.3243,0.840,1677.761,0.007,1678.608,1
6407b369-aa78-473d-81e7-9cd5dc603f2d.jpg,others,others,0.9612,0.840,1677.761,0.008,1678.609,1
bb6e2acc-12a0-43e4-8771-fac297e9a57e.jpg,fist,fist,0.9983,0.840,1677.761,0.008,1678.609,1
cce904a3-ba0b-4c4e-a94a-92ff30f3c9ee.jpg,palm,palm,0.9927,0.840,1677.761,0.008,1678.609,1
3b42be5a-3ac9-4c67-bbfb-e0cdb8664e4b.jpg,one,one,0.9724,0.840,1677.761,0.008,1678.609,1
3fe852c6-0600-4a38-a376-f2d21f09c651.jpg,pinkie,one,0.4348,0.840,1677.761,0.008,1678.609,0
ffa5144f-6d4c-4ecf-8ce3-8d37d96a7c6e.jpg,rock,rock,0.9592,0.840,1677.761,0.008,1678.609,1
94853a80-d31d-4912-af4f-360988c4271d.jpg,rock,rock,0.7490,0.840,1677.761,0.008,1678.609,1
33a8f846-fcd9-46d0-babb-cad516e3073e.jpg,rock,palm,0.5016,0.840,1677.761,0.008,1678.609,0
41eb61e9-06f5-4905-9433-342d4c953854.jpg,others,rock,0.9015,0.840,1677.761,0.008,1678.609,0
d865dbc8-3f7d-41ae-9f16-5a36ff0217b5.jpg,fist,fist,0.8958,0.840,1677.760,0.008,1678.608,1
23f0aa11-68ba-4f49-8a9d-b0b7f6cdd346.jpg,others,others,0.3402,0.840,1677.761,0.007,1678.608,1
88613f30-bfb3-4985-acf5-7301893ba5b5.jpg,fist,pinkie,0.3578,0.840,1677.761,0.007,1678.608,0
f70b2b1d-3c1d-4d6c-a282-c5b96b08bd7b.jpg,others,others,0.4063,0.840,1677.761,0.008,1678.609,1
dc1b3ba9-a1ea-4ba1-b3b0-953637dd017d.jpg,others,one,0.7350,0.840,1677.761,0.008,1678.609,0
7275a041-a444-498c-837a-3aea728715af.jpg,rock,rock,0.7140,0.840,1677.761,0.008,1678.609,1
fafb51e0-02b6-4a41-80af-3d6e824598c5.jpg,fist,fist,0.9988,0.840,1677.761,0.008,1678.609,1
061ebf89-aa7d-4f32-ae94-bc46bd6dd39d.jpg,pinkie,others,0.5345,0.840,1677.761,0.008,1678.609,0
596ff81f-e879-48ab-aed8-9aeee625200b.jpg,palm,palm,0.9880,0.840,1677.761,0.008,1678.609,1
dad7a483-5d35-4c21-8835-63ebab7609ec.jpg,pinkie,pinkie,0.3386,0.840,1677.761,0.007,1678.609,1
19b67618-155d-4b0c-8567-1000a338585f.jpg,pinkie,one,0.4561,0.840,1677.761,0.008,1678.609,0
b0d31b1f-258e-48fe-bea5-1152e2d38cce.jpg,fist,fist,0.9920,0.840,1677.760,0.008,1678.608,1
4d533296-43b3-43d6-bffb-ef4a0eb5b4d9.jpg,fist,one,0.3021,0.840,1677.761,0.007,1678.608,0
ffc8059b-d629-42a9-ad56-0c44d9f1a938.jpg,rock,rock,0.7126,0.840,1677.761,0.008,1678.609,1
6f0f42d9-b10b-42e3-b5d3-b07d4315cb04.jpg,pinkie,rock,0.4035,0.840,1677.761,0.008,1678.609,0
9f2d1b68-5b96-42f6-8f7b-9bd966d0d3d1.jpg,fist,fist,0.7817,0.840,1677.761,0.008,1678.609,1
1cfeedd3-6216-4f64-8a0b-d9405e1f74e2.jpg,rock,rock,0.9739,0.840,1677.761,0.008,1678.609,1
728e99f0-942d-4acc-afa0-5936cca12639.jpg,fist,fist,1.0000,0.840,1677.760,0.008,1678.608,1
bb5db44a-0cc5-4b90-90bc-a6a0c75128c1.jpg,fist,pinkie,0.3127,0.840,1677.761,0.007,1678.609,0
897c948f-f12b-41f1-9c9d-dd109a6380fb.jpg,others,others,0.9665,0.840,1677.761,0.008,1678.609,1
74869d44-04c3-4959-9d9a-879e50d1acd7.jpg,pinkie,pinkie,0.9836,0.840,1677.761,0.008,1678.609,1
02716102-9f99-4737-99a1-a148ff6c7b63.jpg,rock,rock,0.9824,0.840,1677.761,0.008,1678.609,1
2f67d6cb-5c81-46f8-a151-93ce1421e2a7.jpg,one,one,0.7921,0.840,1677.761,0.008,1678.609,1
9b555ff8-e015-4bf6-a55a-7436f91c2d73.jpg,rock,rock,0.8662,0.840,1677.761,0.008,1678.608,1
879f83db-3e45-4c11-8e81-922fbf32d1fe.jpg,pinkie,pinkie,0.8225,0.840,1677.761,0.008,1678.609,1
0caf68ff-68d2-44e6-9675-187a6f6956cf.jpg,others,palm,0.5416,0.840,1677.761,0.008,1678.609,0
ea77a1b9-6e89-405a-983e-a7ef730870e0.jpg,others,others,0.9961,0.840,1677.761,0.008,1678.609,1
7ddf480c-92e1-4d6b-8d99-4e1def45f3b8.jpg,one,one,0.6731,0.840,1677.761,0.008,1678.609,1
d5c1f854-e86a-4061-a101-d50f49ba8310.jpg,others,others,0.2956,0.840,1677.761,0.007,1678.609,1
65e4a9da-b1b9-4d7a-a2b0-2eac4ee5b57e.jpg,others,others,0.5358,0.840,1677.761,0.008,1678.609,1
b83d86be-eed7-429c-9ea7-21e69dafb4ab.jpg,rock,rock,0.6798,0.840,1677.761,0.008,1678.608,1
1721025e-829b-4ab9-b116-287e37884dae.jpg,pinkie,pinkie,0.9118,0.840,1677.762,0.008,1678.610,1
5d127538-42a3-4644-aac5-a193409f1c4f.jpg,fist,fist,0.6288,0.840,1677.761,0.008,1678.609,1
d2f43d6d-ec6b-4851-b40c-64de65edd76e.jpg,one,pinkie,0.3245,0.840,1677.760,0.007,1678.608,0
9b5b4a02-0823-466d-a61b-aedcc1d2dfd7.jpg,pinkie,pinkie,0.9637,0.840,1677.761,0.008,1678.609,1
1a567716-e5ff-4959-a14c-597fdfa937ce.jpg,one,one,0.6388,0.840,1677.761,0.008,1678.609,1
e44d9503-fd80-46cd-8f6c-feba4486c0cd.jpg,others,others,0.6620,0.840,1677.761,0.008,1678.609,1
b1c9a28b-df50-4d8d-8790-5f0c2c46aa3f.jpg,rock,pinkie,0.8764,0.840,1677.761,0.008,1678.609,0
0a9b6217-fa48-4004-b733-91ac53f447b4.jpg,others,palm,0.7462,0.840,1677.761,0.008,1678.609,0
eecb58ad-0656-4298-b967-6a5076539045.jpg,pinkie,fist,0.7857,0.840,1677.761,0.008,1678.609,0
8d57f4cc-dbd5-46dd-898b-922a00af3bd3.jpg,one,one,0.9748,0.840,1677.762,0.008,1678.610,1
c21d1c2c-7e2c-437f-94f3-079899ac4c55.jpg,one,one,0.6154,0.840,1677.761,0.008,1678.609,1
6972540f-9bac-4171-88c5-b6f35db4aea0.jpg,pinkie,pinkie,0.9135,0.840,1677.761,0.008,1678.609,1
731eb3d4-e474-4387-8a0e-ef27ac45289a.jpg,rock,others,0.3268,0.840,1677.761,0.008,1678.609,0
744a56e8-c095-403a-898e-4686580c632e.jpg,others,rock,0.5597,0.840,1677.761,0.008,1678.609,0
f3b061ad-04bd-4a64-9080-c01439175639.jpg,rock,rock,0.9944,0.840,1677.761,0.008,1678.609,1
1727af17-8303-46b0-a576-096c47825d6c.jpg,others,others,0.5248,0.840,1677.761,0.008,1678.609,1
dc7947fb-59d8-40b8-b130-02c61ea25a8e.jpg,one,one,0.7807,0.840,1677.761,0.008,1678.609,1
36e53116-55fc-4cce-99f0-56ad31b24494.jpg,palm,palm,0.9359,0.840,1677.761,0.008,1678.609,1
ceabebff-9858-4510-9939-01b74f679074.jpg,others,others,0.3542,0.840,1677.761,0.008,1678.609,1
8c714e17-df92-4b13-b950-840b8f155f92.jpg,rock,rock,0.4755,0.840,1677.761,0.008,1678.609,1
a64b530c-2c98-4053-9b37-ef02492d386f.jpg,palm,palm,0.9869,0.840,1677.761,0.008,1678.609,1
5e9913d6-20e0-4645-b918-caf4f7c8c1a6.jpg,fist,fist,0.9971,0.840,1677.761,0.008,1678.609,1
9a67f0a6-0690-4ac3-9f02-c7a378ad3088.jpg,one,one,0.9710,0.840,1677.762,0.008,1678.610,1
2658f606-e5e1-4477-8b86-7560ec3ad629.jpg,others,others,0.4291,0.840,1677.761,0.008,1678.609,1
b67d3706-2843-4849-ae2e-1a9cf1506a63.jpg,pinkie,fist,0.3250,0.840,1677.761,0.008,1678.609,0
578053fc-81b8-40bb-a7b0-e4ccd0c616b4.jpg,one,one,0.9440,0.840,1677.761,0.008,1678.609,1
b3824c66-37d1-44ef-a5c5-40fa0c777f19.jpg,palm,palm,0.6622,0.840,1677.761,0.008,1678.610,1
bd0c1377-3afa-44c4-8b73-ef2b4b64c171.jpg,fist,fist,0.9505,0.840,1677.761,0.008,1678.609,1
51d9360d-eb81-4664-a4ba-a674b70d3dc2.jpg,others,others,0.8153,0.840,1677.761,0.008,1678.609,1
574a6156-2fcc-42bc-9f8f-34b1299e9f5f.jpg,one,fist,0.8774,0.840,1677.761,0.008,1678.609,0
a0283a12-12ab-4a69-8a8e-8d638584f8ea.jpg,others,others,0.9875,0.840,1677.761,0.008,1678.609,1
c1cabed1-32e0-4bf9-8b06-310209f2a686.jpg,palm,palm,0.9937,0.840,1677.761,0.008,1678.609,1
7831abbe-aea3-4504-900f-9d4a1149a064.jpg,rock,rock,0.5164,0.840,1677.761,0.008,1678.610,1
a9119c1a-efd8-4600-87eb-680f62fdb2a7.jpg,palm,palm,0.9961,0.840,1677.761,0.008,1678.609,1
e5f18853-dbac-4199-ad4a-3fb71b36133d.jpg,others,others,0.9992,0.840,1677.761,0.008,1678.609,1
39b5e1e8-6ca1-4d11-86af-fd46edc9d23c.jpg,rock,rock,0.9252,0.840,1677.760,0.008,1678.608,1
ae992a0c-3630-44d1-b5ec-78df49c01771.jpg,rock,rock,0.8670,0.840,1677.760,0.008,1678.608,1
1b2ac76e-0b62-4ad8-b1f6-90ad1619078d.jpg,pinkie,pinkie,0.9073,0.840,1677.761,0.008,1678.609,1
2b821efb-a0ab-4bbd-9976-4329da264ab6.jpg,others,others,0.5274,0.840,1677.761,0.008,1678.609,1
87d76603-e21b-4c1c-b9d5-15b144abc79e.jpg,one,fist,0.4597,0.840,1677.760,0.008,1678.608,0
7562ac1e-5fb0-44e8-b03a-ad6768e8ee31.jpg,palm,palm,0.9209,0.840,1677.761,0.008,1678.609,1
918f8879-efdf-4d1a-b83e-23762a004eed.jpg,others,fist,0.8087,0.840,1677.761,0.008,1678.609,0
1a4aef67-2c8b-475e-915c-897faf9c5ff6.jpg,pinkie,pinkie,0.9130,0.840,1677.761,0.008,1678.609,1
57d17c4e-28a0-4109-aa4b-05c7f10a4957.jpg,palm,palm,0.9952,0.840,1677.761,0.008,1678.609,1
9b7c6360-f0f2-4a80-aed0-8e85c848c389.jpg,others,others,0.9775,0.840,1677.761,0.008,1678.609,1
ece460c5-8906-4b59-8eb4-2181da0537eb.jpg,rock,rock,0.2504,0.840,1677.761,0.007,1678.608,1
d6ac1e9b-b3c5-4e5f-a766-ac7a686a30a0.jpg,others,pinkie,0.5061,0.840,1677.761,0.008,1678.609,0
a2f83f88-4be6-4557-83c7-077071e09304.jpg,pinkie,one,0.3436,0.840,1677.761,0.008,1678.609,0
97ffc5ba-6ceb-4486-9214-26d384639b82.jpg,others,palm,0.9349,0.840,1677.761,0.008,1678.609,0
7f490ecc-32f5-4928-bdb8-be8127ab24d0.jpg,pinkie,pinkie,0.7070,0.840,1677.761,0.008,1678.609,1
b698deb4-48c0-44fb-9fb8-86c28fc9ddab.jpg,palm,palm,0.9854,0.840,1677.761,0.008,1678.609,1
7b07924a-3335-4290-a865-89a82d451ca3.jpg,pinkie,pinkie,0.9941,0.840,1677.761,0.008,1678.609,1
09b689df-4f6e-41d1-a8b7-e3378c384dd1.jpg,palm,palm,0.4668,0.840,1677.761,0.008,1678.609,1
9cc6573e-e41a-444e-8188-078562756558.jpg,pinkie,pinkie,0.5196,0.840,1677.761,0.008,1678.608,1
67c609be-e4c5-4873-835c-3813116f1c75.jpg,one,one,0.8155,0.840,1677.761,0.008,1678.609,1
d4269400-ffbe-461c-8d65-c696a4bb0db1.jpg,pinkie,pinkie,0.4537,0.840,1677.761,0.008,1678.608,1
7ce4a6c7-fad0-4ba9-8a4d-1172d2ec8cdc.jpg,rock,rock,0.4596,0.840,1677.761,0.008,1678.609,1
b6685592-fd20-415b-8ee4-3675ffbe4d38.jpg,pinkie,pinkie,0.2650,0.840,1677.761,0.007,1678.609,1
81f44f31-0a14-4be8-8688-fd593fa97ddd.jpg,palm,palm,0.3796,0.840,1677.761,0.008,1678.609,1
6639399a-b1bd-4bd9-80aa-57dd43204ea6.jpg,pinkie,rock,0.4918,0.840,1677.761,0.007,1678.608,0
564459bf-0289-4c9a-8c58-21a742c44c47.jpg,rock,rock,0.9452,0.840,1677.761,0.008,1678.609,1
1f395f0a-8003-4e75-8a68-ec8c9a315307.jpg,palm,palm,0.7213,0.840,1677.761,0.008,1678.609,1
f062868d-fb07-43bc-be0c-18b43c862fd7.jpg,pinkie,others,0.4206,0.840,1677.761,0.008,1678.609,0
ef2f20b5-c7e8-448f-8328-456fb10a8675.jpg,palm,palm,0.9665,0.840,1677.761,0.008,1678.610,1
5d172456-11e5-4e08-9b66-160656cf2547.jpg,others,fist,0.6857,0.840,1677.761,0.008,1678.609,0
f1c44fac-bdaf-460b-b9e9-550e8c049bd3.jpg,fist,fist,0.9185,0.840,1677.761,0.008,1678.609,1
7ed26ebc-1e6d-4c6c-9942-7bf6b226b170.jpg,fist,fist,0.9545,0.840,1677.761,0.008,1678.609,1
0a700075-ead3-41a1-bb88-46128c52a5a7.jpg,pinkie,pinkie,0.8051,0.840,1677.761,0.008,1678.608,1
003d4eba-ea7d-4050-a4ea-0b0a9036a514.jpg,others,palm,0.8673,0.840,1677.761,0.008,1678.609,0
26e3e903-2527-4e32-8c77-bb953118dd42.jpg,palm,palm,0.9255,0.840,1677.761,0.008,1678.609,1
329bfacb-a142-4c8f-9321-11720f0f05c3.jpg,palm,palm,0.9202,0.840,1677.761,0.008,1678.609,1
837256ac-0e5a-4379-8be5-233030b9bfea.jpg,palm,palm,0.9966,0.840,1677.761,0.008,1678.609,1
301650a7-1991-4cda-aaed-98b212b7231a.jpg,rock,rock,0.4796,0.840,1677.761,0.008,1678.609,1
4be344d8-1833-42e8-89d4-cce9b2c51982.jpg,others,others,0.4948,0.840,1677.761,0.008,1678.609,1
86646bb2-c914-49f4-86f7-f866e71b7d25.jpg,one,one,0.9908,0.840,1677.761,0.008,1678.609,1
a5a85b1a-c762-4840-8cfe-6abbc9666a19.jpg,fist,fist,0.9981,0.840,1677.761,0.008,1678.609,1
881ef472-cfbd-47eb-8d14-0163773aa638.jpg,others,others,0.6657,0.840,1677.761,0.008,1678.609,1
6d536018-6d89-4871-a543-b752b733a660.jpg,palm,palm,0.9261,0.840,1677.761,0.008,1678.609,1
68823afe-e7e6-4586-929e-f693838a3a96.jpg,fist,fist,0.8989,0.840,1677.761,0.008,1678.609,1
a5fdf90d-d68a-4411-bd11-a8cb781bd6b7.jpg,fist,fist,0.9954,0.840,1677.761,0.008,1678.609,1
b581a9f7-6767-476a-901f-67f1c34fa4f5.jpg,one,one,0.6153,0.840,1677.761,0.008,1678.608,1
9842e118-4e85-49fc-aabd-805534651bf9.jpg,pinkie,pinkie,0.9932,0.840,1677.761,0.008,1678.609,1
0655ee1b-af59-4d4a-808e-037f111869ec.jpg,fist,fist,0.8795,0.840,1677.761,0.008,1678.609,1
10fcef3a-46ab-48b6-ac2a-e54338e4ab9a.jpg,palm,palm,0.6879,0.840,1677.761,0.008,1678.609,1
3c6a1f1a-844a-4a47-ba8c-1ae2cc9c9682.jpg,others,others,0.7314,0.840,1677.761,0.008,1678.609,1
793b6b67-ebe2-4e6f-8724-ffd7dc40244f.jpg,palm,palm,0.9962,0.840,1677.761,0.008,1678.609,1
534a709b-7688-4c94-a14b-090dde0d6bd7.jpg,palm,palm,0.9923,0.840,1677.761,0.008,1678.610,1
2787a7bf-dd9a-4d14-b7cb-ee57074733aa.jpg,rock,rock,0.8984,0.840,1677.761,0.008,1678.609,1
77c3a799-d455-46c6-813c-5ed20e953520.jpg,rock,rock,0.9817,0.840,1677.762,0.008,1678.610,1
05585f76-c164-4f30-954f-a0419e9e62be.jpg,others,one,0.4050,0.840,1677.761,0.008,1678.609,0
415c0d75-80a6-4ebf-a5ca-4510a7f39329.jpg,palm,palm,0.9990,0.840,1677.762,0.008,1678.610,1
c9c6b197-628c-43cd-9df5-27e63e529afb.jpg,one,one,0.6328,0.840,1677.761,0.008,1678.609,1
354e3237-ebc0-4798-a39e-389a027d05cb.jpg,fist,fist,0.9351,0.840,1677.761,0.008,1678.609,1
4444e8cc-a36d-4539-a57e-bf6302fa67eb.jpg,one,one,0.9166,0.840,1677.761,0.008,1678.609,1
ba7d5c30-c13f-4728-8fca-7f22cc99a2bb.jpg,one,fist,0.4944,0.840,1677.761,0.008,1678.609,0
f1e5997b-fa63-4dea-879e-786fc6736da4.jpg,pinkie,pinkie,0.9716,0.840,1677.761,0.008,1678.609,1
2109ec5f-c960-4523-a525-595dae6f7b33.jpg,palm,palm,0.9931,0.840,1677.761,0.008,1678.609,1
d37d9091-d5e1-402f-a529-57c867151b63.jpg,others,others,0.9841,0.840,1677.761,0.008,1678.609,1
80983d26-4dde-4b76-b355-dea35fe48447.jpg,rock,rock,0.4786,0.840,1677.761,0.008,1678.609,1
567b3a94-6660-4543-8b06-8a6148c760f7.jpg,rock,rock,0.8318,0.840,1677.761,0.008,1678.609,1
8658d190-ae65-4613-beab-a35be31600fd.jpg,rock,rock,0.5528,0.840,1677.761,0.008,1678.609,1
0d6fdcd2-3bcb-4ddb-96f5-41308ffd2a27.jpg,palm,one,0.3497,0.840,1677.761,0.008,1678.609,0
65ee44e6-562e-4a73-a830-ffb1c03a9873.jpg,palm,palm,0.9227,0.840,1677.761,0.008,1678.609,1
e364d8e7-8d3d-4f07-a671-44bfe787a396.jpg,rock,rock,0.9810,0.840,1677.761,0.008,1678.609,1
87a4fc8f-f30f-48ab-9baa-e698d2de6c8d.jpg,pinkie,pinkie,0.6146,0.840,1677.761,0.008,1678.609,1
ca3f4471-19e7-4112-a2bd-1995572b0bde.jpg,fist,fist,0.9938,0.840,1677.761,0.008,1678.609,1
c443156e-e39e-4d3e-9ea4-7b37a0aa6cf0.jpg,others,others,0.7940,0.840,1677.762,0.008,1678.610,1
4847fa3b-8b07-4fbe-8708-74f2d7cf5415.jpg,fist,fist,0.8420,0.840,1677.761,0.008,1678.609,1
ab9eca6c-e88b-43d6-bfb1-5a628054ee04.jpg,pinkie,rock,0.4116,0.840,1677.761,0.008,1678.609,0
b20f36fc-5815-43f7-ad7a-e267899be62a.jpg,palm,palm,0.9955,0.840,1677.761,0.008,1678.609,1
0f45b83a-3ff6-45cc-805f-4c4729d21849.jpg,palm,palm,0.9955,0.840,1677.761,0.008,1678.609,1
ad24a032-831f-4139-9168-4fdfe3cbf503.jpg,others,others,0.8550,0.840,1677.761,0.008,1678.609,1
57114e8a-4db1-40d6-beb8-6985905c0831.jpg,others,one,0.8357,0.840,1677.761,0.008,1678.609,0
640f3e8a-48da-468f-b899-fbc6738052a5.jpg,one,one,0.3184,0.840,1677.761,0.007,1678.609,1
7245005f-4ca9-42cb-8b59-bb064c9da178.jpg,one,one,0.9008,0.840,1677.761,0.008,1678.609,1
4102e655-831d-41de-8b58-77257e018cf3.jpg,one,one,0.5782,0.840,1677.761,0.008,1678.609,1
8d3e5556-7433-4c30-87b2-0972e2dee3e2.jpg,palm,palm,0.9962,0.840,1677.761,0.008,1678.609,1
c6a95be4-80b0-41ff-96ab-e82950b98878.jpg,fist,fist,0.9714,0.840,1677.761,0.008,1678.609,1
d45f6197-541c-4792-b827-4cd9c8401b58.jpg,one,one,0.9003,0.840,1677.761,0.008,1678.609,1
0aa6ffed-b4e3-420b-ae54-a58ccaa24070.jpg,one,one,0.7275,0.840,1677.761,0.008,1678.609,1
274a2183-14cb-40b0-b3df-f36da5c372ca.jpg,rock,rock,0.8536,0.840,1677.761,0.008,1678.609,1
d819723a-12f5-417c-8db6-31a462c37f95.jpg,fist,fist,0.9340,0.840,1677.761,0.008,1678.609,1
bab5aa52-def5-4b72-b889-5eaa1424874c.jpg,palm,palm,0.9842,0.840,1677.761,0.008,1678.609,1
78652ad9-c600-429c-b880-34e9ce3e45c8.jpg,rock,rock,0.7808,0.840,1677.761,0.008,1678.609,1
66fb1e6b-82f4-46cb-8a96-3160471b4d2e.jpg,pinkie,pinkie,0.5670,0.840,1677.761,0.008,1678.609,1
b979d893-8051-4026-b9f1-d11210f101ca.jpg,palm,palm,0.9961,0.840,1677.760,0.008,1678.608,1
978cc3e8-ad00-42e9-b1c1-c008b7e7d968.jpg,fist,fist,0.9984,0.840,1677.761,0.008,1678.609,1
19d8398e-a18a-409f-ac97-0e3e2a121374.jpg,pinkie,pinkie,0.8800,0.840,1677.761,0.008,1678.609,1
b88aec83-78f2-4112-96f6-64ec809f3b26.jpg,rock,rock,0.9186,0.840,1677.761,0.008,1678.609,1
faf37859-9b06-4870-a728-59ebc70576c2.jpg,one,one,0.4927,0.840,1677.761,0.007,1678.609,1
31f1a366-f9e5-41c4-ab85-3d16f3299c4e.jpg,pinkie,pinkie,0.8544,0.840,1677.761,0.008,1678.609,1
11d3216c-5b6f-4052-b427-dc28a6b6fe4c.jpg,rock,pinkie,0.5632,0.840,1677.761,0.008,1678.609,0
7b406adb-00a4-4af9-97b1-eab99335b651.jpg,fist,fist,0.5338,0.840,1677.761,0.008,1678.609,1
c3ac0d4b-81da-4263-8f6f-119c7b44aa41.jpg,fist,fist,0.9991,0.840,1677.761,0.008,1678.609,1
85ede225-3944-4b66-bc30-6552c83f4a7a.jpg,palm,one,0.3582,0.840,1677.761,0.008,1678.609,0
92feb9e5-3ab7-4911-a4a7-578ce9748f96.jpg,one,one,0.5232,0.840,1677.761,0.008,1678.609,1
91788b0d-f616-4883-8466-75ede518db70.jpg,pinkie,pinkie,0.9265,0.840,1677.761,0.008,1678.609,1
7564327e-d950-4c68-8b56-6ba9ab8db4ff.jpg,palm,palm,0.5629,0.840,1677.761,0.008,1678.609,1
deff40b1-f50f-4c33-8884-5ac3fc1bfac0.jpg,one,one,0.8811,0.840,1677.761,0.008,1678.609,1
87056f53-a58e-4fe7-9441-a2ea73afbd90.jpg,one,one,0.4627,0.840,1677.760,0.008,1678.608,1
ad8aaeda-608f-4fb8-b171-79ada56a1a1c.jpg,one,one,0.8158,0.840,1677.761,0.008,1678.609,1
93b025a9-46cd-4630-a01f-3e257177ca67.jpg,others,palm,0.3197,0.840,1677.761,0.007,1678.608,0
2e32730c-7b23-4881-b591-e553a47ca82b.jpg,one,one,0.9841,0.840,1677.761,0.008,1678.609,1
0ceaf101-84ca-433e-88d1-b9ac188a8cfb.jpg,one,one,0.9644,0.840,1677.761,0.008,1678.609,1
4b0555ed-ea29-44be-899b-717324d2e29a.jpg,palm,palm,0.9881,0.840,1677.761,0.008,1678.609,1
45318a6a-7edf-40b0-a687-82853f020cd3.jpg,pinkie,pinkie,0.8921,0.840,1677.761,0.008,1678.609,1
93b4a485-e5fc-4d1c-bc54-a427469abf4e.jpg,others,others,0.6475,0.840,1677.761,0.008,1678.609,1
4a811485-bae1-43f7-8e90-b128a0ed7dd5.jpg,one,rock,0.4545,0.840,1677.761,0.008,1678.609,0
925266b5-4ae6-4412-a95b-17c3c3c82b4b.jpg,palm,palm,0.9838,0.840,1677.761,0.008,1678.609,1
5532b528-8907-46d9-8647-15354286ac0f.jpg,fist,fist,0.9828,0.840,1677.761,0.008,1678.609,1
24b4f30f-6334-48c0-be68-70a808de9558.jpg,pinkie,pinkie,0.8868,0.840,1677.762,0.008,1678.610,1
cf965afb-1171-4113-b642-d45b886ce5bf.jpg,pinkie,pinkie,0.9573,0.840,1677.761,0.008,1678.609,1
972402e0-cdd7-4b8d-b471-8d3a0c632c58.jpg,rock,others,0.3308,0.840,1677.761,0.007,1678.609,0
d9d02c9f-a7b1-483c-8043-ad18bd921fbd.jpg,fist,fist,0.9705,0.840,1677.761,0.008,1678.609,1
56cb423e-89db-426b-a82b-8efb09882552.jpg,palm,palm,0.9775,0.840,1677.761,0.008,1678.609,1
2f121d48-f460-4dc1-9ef2-d53b0d3753ce.jpg,pinkie,others,0.6925,0.840,1677.761,0.008,1678.609,0
6538c9fb-80e8-4d99-ad17-0c90ba1955a0.jpg,others,others,0.5385,0.840,1677.760,0.008,1678.608,1
42b86822-9f22-4b72-8ae9-f6c493e81fa9.jpg,palm,palm,0.9655,0.840,1677.761,0.008,1678.609,1
9e767f82-060e-47aa-b2df-0fd0049da58f.jpg,pinkie,rock,0.4373,0.840,1677.761,0.007,1678.609,0
a67fb8f7-95ca-4fa9-ac55-f0733a4d4c3b.jpg,rock,rock,0.9712,0.840,1677.761,0.008,1678.609,1
219cc06f-3b66-482f-ae4b-87b97bbd18a1.jpg,fist,fist,0.9986,0.840,1677.761,0.008,1678.609,1
bb66c92f-a36c-4f89-9972-5cd9ac44306c.jpg,fist,fist,0.9313,0.840,1677.761,0.008,1678.609,1
61828fe5-e566-458e-9c3e-3a6c8872d409.jpg,fist,fist,0.9404,0.840,1677.761,0.008,1678.609,1
37a60f4e-2f3a-4499-b4c5-481dca01d518.jpg,palm,palm,0.9882,0.840,1677.761,0.008,1678.609,1
8a6ed782-1d87-462e-84b2-7454aeec603b.jpg,others,fist,0.3810,0.840,1677.760,0.007,1678.608,0
8e2f1679-5719-453d-8aaf-9bece1e3e507.jpg,one,one,0.7920,0.840,1677.761,0.008,1678.609,1
2cf7ce19-bf22-467b-beb9-ea0eb4494047.jpg,fist,fist,0.9384,0.840,1677.761,0.008,1678.609,1
78908dae-37ff-44d0-8069-74f972fa5fd0.jpg,fist,fist,0.6073,0.840,1677.761,0.008,1678.609,1
59db94d4-715f-4712-85bd-64d24cc52026.jpg,pinkie,rock,0.8828,0.840,1677.761,0.008,1678.609,0
59b9787b-2154-4dc6-b6e9-e1de80200b60.jpg,palm,palm,0.9797,0.840,1677.761,0.008,1678.609,1
a3282dfc-b2b6-4256-88a3-850f7ae518b8.jpg,palm,palm,0.9714,0.840,1677.761,0.008,1678.609,1
819f1294-0dc8-4845-8a68-9316044f0135.jpg,pinkie,pinkie,0.6086,0.840,1677.761,0.008,1678.609,1
57119252-d3d3-4c11-8f5e-51588310cca7.jpg,one,one,0.8455,0.840,1677.761,0.008,1678.609,1
804b02ba-47cf-4abc-bcbb-0097aec5d9c0.jpg,pinkie,pinkie,0.8881,0.840,1677.761,0.008,1678.609,1
575e10cd-41b5-4860-8a25-0d10f8561b99.jpg,others,fist,0.6650,0.840,1677.761,0.008,1678.609,0
c667273a-7f55-403e-82fc-e272023147b6.jpg,fist,fist,0.4006,0.840,1677.761,0.008,1678.609,1
e36950b4-ef97-4810-82d4-0fc6976e9e92.jpg,rock,rock,0.5320,0.840,1677.761,0.008,1678.609,1
59ac7302-18ca-450c-919d-68f6819f37a1.jpg,others,others,0.5493,0.840,1677.761,0.008,1678.609,1
2054b0c5-d926-4600-85a8-1dac61a6960b.jpg,others,others,0.6885,0.840,1677.761,0.008,1678.609,1
3699db59-bc44-4ead-b4fe-b1311f960fbc.jpg,fist,fist,0.9960,0.840,1677.761,0.008,1678.609,1
47cd4a37-2cd6-429f-9eae-9dc735a5ee47.jpg,one,one,0.8723,0.840,1677.761,0.008,1678.609,1
9680fcc6-5723-460c-9255-a3630032b945.jpg,fist,fist,1.0000,0.840,1677.761,0.008,1678.609,1
ab6f7b0e-bc52-467d-8e1e-010ee48c562c.jpg,one,one,0.9369,0.840,1677.761,0.008,1678.609,1
a2ef5a3c-a4a6-4887-8f24-28dd63981505.jpg,fist,fist,0.9364,0.840,1677.761,0.008,1678.609,1
9f232d8f-7c13-4cb5-bab3-aff53b926d19.jpg,rock,palm,0.6242,0.840,1677.760,0.008,1678.609,0
0f30865b-0b5d-4147-803d-ee97c1bb8249.jpg,others,others,0.8364,0.840,1677.761,0.008,1678.609,1
52405f75-12c6-4dda-8a0e-6ce56d7b7fee.jpg,palm,palm,0.9957,0.840,1677.761,0.008,1678.609,1
53ec2c29-d7de-428e-b0ff-a9d0e2836e81.jpg,palm,palm,0.9509,0.840,1677.760,0.008,1678.608,1
4211fc29-7064-4ca9-867d-24853c6ab56f.jpg,fist,one,0.5291,0.840,1677.761,0.008,1678.609,0
30f7bc04-d7b4-4a15-8e46-814d6abcd421.jpg,others,others,0.5304,0.840,1677.761,0.008,1678.609,1
0c1a08b8-d815-436a-8c59-6a7beffe77a0.jpg,pinkie,pinkie,0.8261,0.840,1677.761,0.008,1678.609,1
17d6a489-5cef-418c-96e7-8695f0653aff.jpg,palm,palm,0.9039,0.840,1677.761,0.008,1678.609,1
d46f135c-466a-4608-aa0e-1579edc470ce.jpg,rock,rock,0.5475,0.840,1677.761,0.008,1678.609,1
5ce125d4-ff9d-424e-a640-bab762f368cc.jpg,rock,rock,0.8779,0.840,1677.761,0.008,1678.609,1
e172d99f-1e2b-4e0a-a775-9ae6fc1b2ea7.jpg,palm,palm,0.9626,0.840,1677.761,0.008,1678.609,1
2117fe2c-ece3-4c50-909e-eabaaa38248b.jpg,others,others,0.3704,0.840,1677.761,0.008,1678.609,1
9607278d-39c7-4bd7-96b9-63f4120aeb96.jpg,rock,rock,0.5947,0.840,1677.761,0.008,1678.609,1
837cacd1-d1d1-4423-b33c-7daf68b029f2.jpg,others,others,0.4797,0.840,1677.761,0.008,1678.609,1
ee9d7d6e-33ca-459a-afb8-a6d7014fc660.jpg,palm,palm,0.9713,0.840,1677.761,0.008,1678.609,1
2d61a557-ebe8-4ab3-9d1e-ddd70bdbf1e1.jpg,pinkie,one,0.3758,0.840,1677.760,0.008,1678.608,0
8fb5ead3-eb3b-44b9-8f4a-7677d480563f.jpg,pinkie,rock,0.4026,0.840,1677.761,0.007,1678.608,0
db1718c2-b047-476b-af0d-857847bad1ea.jpg,one,one,0.8897,0.840,1677.761,0.008,1678.609,1
98a320be-a9ac-46e3-b72e-4345eb0ecd62.jpg,pinkie,pinkie,0.7765,0.840,1677.761,0.008,1678.609,1
bbc25d15-006c-49c6-8b9c-2b5f6f6dbc40.jpg,others,rock,0.4208,0.840,1677.761,0.007,1678.609,0
92322a7c-883f-4a24-bdc6-330614482abc.jpg,one,one,0.9145,0.840,1677.761,0.008,1678.609,1
5a780fda-04b3-4140-a5be-b0fcb9b561d5.jpg,one,one,0.6379,0.840,1677.761,0.008,1678.609,1
be3d7f3d-e677-4454-91ed-8df2eea68f43.jpg,rock,rock,0.3656,0.840,1677.761,0.007,1678.608,1
14652e77-47e8-44b1-81e2-d4e72c2f8bb1.jpg,palm,palm,0.9576,0.840,1677.761,0.008,1678.610,1
2d2089b2-f91a-4e23-82e4-af2240f9a2a4.jpg,fist,fist,0.9463,0.840,1677.761,0.008,1678.609,1
b1c5898c-4e2e-4989-bd86-63a173b4ec2c.jpg,fist,fist,0.9968,0.840,1677.761,0.008,1678.609,1
e2341855-8544-4e9f-bbf4-78f557b63476.jpg,rock,rock,0.6036,0.840,1677.761,0.008,1678.608,1
3b95ded2-47af-4d39-8df6-ad06e54276a8.jpg,rock,rock,0.9820,0.840,1677.761,0.008,1678.609,1
9b8eaf3e-fcf5-4f99-9eee-4bc0ba698b68.jpg,pinkie,pinkie,0.8819,0.840,1677.761,0.008,1678.609,1
3ac742a3-52e2-4402-b8d6-dc9d4b9eee25.jpg,others,one,0.4252,0.840,1677.761,0.008,1678.609,0
48193594-c0d1-41b9-b95c-8834eb5cc04a.jpg,others,palm,0.4958,0.840,1677.761,0.008,1678.609,0
a3795100-fb63-44e1-a1d1-8c3331a2852d.jpg,palm,palm,0.9444,0.840,1677.761,0.008,1678.609,1
dd1ecdc9-d22b-4119-8188-41cb4c0005c3.jpg,others,rock,0.3922,0.840,1677.761,0.008,1678.609,0
8900066f-1504-45a3-91a1-a050329038cf.jpg,fist,fist,0.9901,0.840,1677.761,0.008,1678.609,1
fdd0ba82-9326-4809-97e0-43771d063c34.jpg,pinkie,pinkie,0.5711,0.840,1677.761,0.008,1678.609,1
a37cd6b4-5a84-4fca-b770-0589f546b0af.jpg,rock,one,0.5755,0.840,1677.761,0.008,1678.609,0
5b16db0c-14f4-4883-8849-5ed766e16d8c.jpg,palm,palm,0.9014,0.840,1677.761,0.008,1678.609,1
5a40ad89-d8e4-42ad-9a6d-a98aa5fdef4b.jpg,others,rock,0.3888,0.840,1677.761,0.008,1678.608,0
b2cc114f-7d76-45f0-9566-0d60409b4dc4.jpg,pinkie,pinkie,0.9892,0.840,1677.761,0.008,1678.609,1
922af2f7-aa1d-48dc-b3d9-607ea0fc8ebf.jpg,pinkie,pinkie,0.9602,0.840,1677.761,0.008,1678.609,1
2254abc7-588d-453b-b0cf-67f9195dc967.jpg,others,fist,0.4320,0.840,1677.761,0.008,1678.609,0
e307ee8a-a13d-4eb8-9b7e-62693c0754a2.jpg,pinkie,pinkie,0.3957,0.840,1677.761,0.008,1678.609,1
ccfacdfe-ae68-4dfc-9c96-46227c16ea57.jpg,fist,fist,0.9518,0.840,1677.761,0.008,1678.609,1
f086af9a-e7fc-48d4-be64-2bf2c3a85b36.jpg,pinkie,pinkie,0.8579,0.840,1677.761,0.008,1678.609,1
b9d4f3c8-6dfe-4134-ba1d-df6ed4354319.jpg,others,palm,0.4386,0.840,1677.761,0.008,1678.609,0
db553690-583f-40df-9d9c-fab4e72d2cef.jpg,pinkie,fist,0.5752,0.840,1677.761,0.008,1678.609,0
71de4b41-fc9d-45a1-9b8f-255504b0580c.jpg,pinkie,rock,0.5857,0.840,1677.761,0.008,1678.609,0
a6a8d29d-e701-4697-b719-84dc7b45626f.jpg,rock,rock,0.8703,0.840,1677.761,0.008,1678.609,1
348fae5f-895d-42ee-b2bf-5cf45f76659f.jpg,one,one,0.7255,0.840,1677.761,0.008,1678.609,1
122f1d84-e8ca-4465-89e8-de76848fc21f.jpg,fist,fist,0.9966,0.840,1677.761,0.008,1678.609,1
1c128749-8587-4805-a498-2cfe991c3be4.jpg,one,one,0.6656,0.840,1677.761,0.008,1678.609,1
4988287f-4164-47c2-8296-5f12a4cc9aec.jpg,pinkie,others,0.4909,0.840,1677.761,0.008,1678.609,0
6944f49f-aae3-4823-bc4b-9e2c46fc8ade.jpg,others,others,0.9166,0.840,1677.761,0.008,1678.609,1
a7f6fa34-eed8-45a6-8549-8f3768b9b03f.jpg,one,one,0.7169,0.840,1677.761,0.008,1678.609,1
1d28c598-8b97-47ed-a1b4-30c31d687630.jpg,rock,rock,0.9401,0.840,1677.761,0.008,1678.609,1
98eaaee0-e9ea-4d0b-b324-6335f5a07fec.jpg,others,others,0.6954,0.840,1677.761,0.008,1678.609,1
5d6ec199-c498-4035-8fb9-d10bc18e39d8.jpg,palm,palm,0.8791,0.840,1677.761,0.008,1678.609,1
d04ce265-e9ee-46e2-a1ff-a5755a65d794.jpg,fist,fist,0.9630,0.840,1677.761,0.008,1678.609,1
609b74cf-881a-4591-a3a4-bd7326e35900.jpg,pinkie,fist,0.4837,0.840,1677.761,0.008,1678.609,0
2ae6eafe-8df5-420a-b196-ce74c1cd1e33.jpg,palm,fist,0.3340,0.840,1677.761,0.007,1678.608,0
64711591-ddaa-46c7-bd7b-5bfaf826339e.jpg,pinkie,pinkie,0.5202,0.840,1677.761,0.008,1678.609,1
45bbb2d1-adff-4ba5-907d-c224cd85d31b.jpg,one,one,0.7405,0.840,1677.761,0.008,1678.609,1
24861932-6c23-4ade-ae54-92b3a89e4169.jpg,others,others,0.4265,0.840,1677.761,0.008,1678.608,1
e2fe496b-84be-44c4-9dd1-ed8bb7199118.jpg,rock,rock,0.6927,0.840,1677.761,0.008,1678.609,1
1b529065-7613-4f8b-bc03-c6a9157698ed.jpg,one,one,0.8544,0.840,1677.762,0.008,1678.610,1
25737f7c-b388-4cbe-bc05-96116a565471.jpg,rock,rock,0.9678,0.840,1677.760,0.008,1678.609,1
419c6834-0d7d-4ece-aef3-a7539fec1b0e.jpg,pinkie,pinkie,0.8313,0.840,1677.761,0.008,1678.609,1
b3824c66-37d1-44ef-a5c5-40fa0c777f19.jpg,palm,palm,0.6622,0.840,1677.761,0.008,1678.609,1
e22af3a5-1c5b-42bb-9c9f-180da86e90e7.jpg,palm,palm,0.9791,0.840,1677.761,0.008,1678.609,1
c2824f0d-b929-438b-90c5-2c4d8429c458.jpg,pinkie,fist,0.5427,0.840,1677.761,0.008,1678.609,0
f7c35a43-b47a-4591-ae40-fcd12ef1cc2c.jpg,fist,fist,0.9705,0.840,1677.761,0.008,1678.609,1
e6d6429f-4593-4407-8fcb-0e5db05f67d3.jpg,rock,rock,0.9252,0.840,1677.761,0.008,1678.609,1
91bd220b-1472-477b-ad69-dd190436d420.jpg,pinkie,pinkie,0.4606,0.840,1677.761,0.008,1678.609,1
ade99811-632e-437c-b5fa-5891e7fd418e.jpg,pinkie,others,0.3562,0.840,1677.761,0.008,1678.609,0
0871d5aa-d683-4abc-8c25-452bdae2796b.jpg,one,one,0.9925,0.840,1677.761,0.008,1678.609,1
abfe56b5-f6ff-4413-b0af-09caf301b7a2.jpg,fist,fist,0.9867,0.840,1677.761,0.008,1678.608,1
36ff167a-c63a-4fdd-a1d2-6e77b34c38f2.jpg,pinkie,others,0.3805,0.840,1677.761,0.008,1678.608,0
a0c296a2-ce20-4ca0-b80d-58aa310b84eb.jpg,rock,rock,0.8134,0.840,1677.761,0.008,1678.609,1
b22441bf-cd80-4066-80e0-59b8039178b3.jpg,fist,fist,0.9926,0.840,1677.761,0.008,1678.609,1
7f3859be-2e0f-4dc2-aa35-fbce4a2b2941.jpg,pinkie,pinkie,0.4529,0.840,1677.761,0.007,1678.608,1
a571882b-865e-4147-839c-3d013ffbeac9.jpg,pinkie,pinkie,0.9793,0.840,1677.761,0.008,1678.609,1
f892f370-abc7-44b8-a4cd-ea87adec82d0.jpg,pinkie,pinkie,0.9453,0.840,1677.762,0.008,1678.610,1
c903da84-7a0e-45bd-94a8-881ca606619c.jpg,palm,palm,0.9253,0.840,1677.761,0.008,1678.609,1
53e9f51b-bff1-46a1-875c-d766ca49f255.jpg,fist,fist,0.3997,0.840,1677.761,0.008,1678.609,1
613a6de7-fc96-4da7-9ca9-0298013914c5.jpg,others,others,0.5517,0.840,1677.761,0.008,1678.609,1
ef96c1ba-2887-441a-8737-21e79a1bee7f.jpg,others,others,0.3490,0.840,1677.761,0.007,1678.609,1
8df14fe4-433c-4df5-a8f0-2abae33cdb21.jpg,pinkie,pinkie,0.9822,0.840,1677.761,0.008,1678.609,1
6d809ee8-4fb5-4d3d-aed8-8d0fea66db81.jpg,fist,fist,0.9941,0.840,1677.761,0.008,1678.609,1
24558c3a-ebc2-4fc5-9c54-c4cb24de966c.jpg,pinkie,pinkie,0.9855,0.840,1677.761,0.008,1678.609,1
d7cc3313-9bfc-4890-89ca-8992d0a71045.jpg,rock,rock,0.7266,0.840,1677.761,0.008,1678.609,1
79898fa4-ea48-46bb-945f-181f0899bc90.jpg,fist,fist,0.8010,0.840,1677.761,0.008,1678.609,1
fa27360c-e543-4795-97e6-bf72624cc4ce.jpg,others,others,0.5426,0.840,1677.761,0.008,1678.609,1
8732b61e-f50a-4a89-a7c3-ec98d73a86e9.jpg,palm,palm,0.6390,0.840,1677.761,0.008,1678.609,1
c4b0f424-b832-4efa-88c9-ee7648779824.jpg,palm,palm,0.9396,0.840,1677.761,0.008,1678.610,1
00a47a5d-98fd-46e9-bbfe-2d01ce2c4b8c.jpg,fist,fist,0.9790,0.840,1677.761,0.008,1678.609,1
37a9283f-f62b-4db7-b98b-e94cf4d871f3.jpg,fist,fist,0.9415,0.840,1677.761,0.008,1678.609,1
16e2020d-1932-41dd-a441-b82fe5e728e1.jpg,pinkie,rock,0.6282,0.840,1677.760,0.008,1678.608,0
536121cc-d1da-4652-b6d9-e1d89f99a8b6.jpg,pinkie,pinkie,0.7214,0.840,1677.761,0.008,1678.609,1
01a11961-0f88-4143-b1d3-9460fbbbf5f5.jpg,one,one,0.8896,0.840,1677.761,0.008,1678.609,1
0837306a-2d6f-499f-8386-0c2c5e875a57.jpg,others,fist,0.6018,0.840,1677.761,0.008,1678.609,0
54ea22fa-126f-4f5d-bcd4-63724300cb37.jpg,fist,fist,0.5715,0.840,1677.762,0.008,1678.610,1
2d7733e0-4b14-4c4b-9b40-7d73ee45e212.jpg,fist,fist,0.8272,0.840,1677.761,0.008,1678.609,1
a4e61fbe-048f-45fd-98c6-6b4a71fc62a3.jpg,rock,rock,0.4606,0.840,1677.760,0.008,1678.608,1
9d7339df-6d49-4b03-a4f6-9ecdce7f720a.jpg,palm,palm,0.9431,0.840,1677.761,0.008,1678.609,1
c4580470-a864-41cc-839a-ec60d4fd05da.jpg,palm,palm,0.5651,0.840,1677.761,0.008,1678.609,1
5592e20b-b1df-4bfc-bdcd-cc9538627347.jpg,others,others,0.9902,0.840,1677.761,0.008,1678.610,1
49a965d8-ed81-44fa-91aa-e55c95c3513f.jpg,one,one,0.9981,0.840,1677.761,0.008,1678.609,1
37d1c6b9-950a-4985-8f47-17c331912bf0.jpg,fist,fist,0.9474,0.840,1677.761,0.008,1678.609,1
4eab2754-a988-4d28-a34a-f931993f2c80.jpg,others,one,0.3892,0.840,1677.761,0.007,1678.609,0
995edd3d-3132-4bd1-aff7-536e3a66c6cc.jpg,pinkie,pinkie,0.3392,0.840,1677.761,0.007,1678.608,1
6a66fc04-40a5-453a-9e43-838690cc6ff0.jpg,palm,palm,0.9762,0.840,1677.761,0.008,1678.609,1
b23e9561-4d1f-441f-9107-b966d45baa89.jpg,palm,palm,0.9853,0.840,1677.761,0.008,1678.609,1
3f561251-0882-49f2-85b3-c64953323650.jpg,palm,palm,0.9344,0.840,1677.761,0.008,1678.609,1
2bf6493a-0d72-4794-9407-e5021e79b81b.jpg,rock,rock,0.4643,0.840,1677.761,0.008,1678.609,1
f1c5e497-b6a9-4922-b1d4-bf764558d00e.jpg,others,others,0.6798,0.840,1677.761,0.008,1678.609,1
6542c712-f765-4fac-bb3c-1993e16bc294.jpg,fist,fist,0.7819,0.840,1677.761,0.008,1678.609,1
ed0cbe67-7c10-40cf-887a-332790ace386.jpg,pinkie,pinkie,0.9237,0.840,1677.761,0.008,1678.609,1
eecfabae-d705-4133-84cb-4a0a5f4c86f8.jpg,pinkie,fist,0.3854,0.840,1677.761,0.008,1678.609,0
c536c768-e85a-4dab-a095-89e5afee02c7.jpg,pinkie,pinkie,0.4285,0.840,1677.761,0.007,1678.608,1
74705324-8fcc-4a6a-925a-b6a9674170c7.jpg,one,fist,0.3285,0.840,1677.761,0.007,1678.608,0
0fafe562-5c7c-4e89-a0f0-26ae0bf4e87f.jpg,palm,palm,0.9967,0.840,1677.761,0.008,1678.609,1
8cc32d5c-24ef-4d5f-bed8-5fc7721c80fe.jpg,one,one,0.8430,0.840,1677.761,0.008,1678.609,1
5431907f-4139-4a68-ba43-7b6dfad5efb1.jpg,rock,rock,0.8429,0.840,1677.761,0.008,1678.608,1
ccd51a0e-cee4-432b-8df9-2c77ce152d30.jpg,fist,fist,0.9797,0.840,1677.761,0.008,1678.609,1
5cb16395-2075-4f50-9b55-c2d445d81bcb.jpg,pinkie,pinkie,0.8982,0.840,1677.761,0.008,1678.610,1
6e388a3b-662c-4a82-8aa1-36e252968e65.jpg,pinkie,pinkie,0.8282,0.840,1677.761,0.008,1678.609,1
2d4ecd8f-cb5d-4d31-8130-046eccc1a063.jpg,pinkie,others,0.2667,0.840,1677.761,0.007,1678.608,0
fd71787b-ca42-4e1e-8145-3cdb6e7f6003.jpg,pinkie,fist,0.3016,0.840,1677.761,0.007,1678.609,0
f2c0f20b-e04e-4dfb-a566-1facd850e8fc.jpg,others,rock,0.5851,0.840,1677.762,0.008,1678.610,0
438fa969-1a2c-4f87-8df2-3fc0f427165d.jpg,palm,palm,0.9981,0.840,1677.761,0.008,1678.609,1
c1fcdcfb-e2cc-4e0f-ac89-e0248ddd0f8c.jpg,one,others,0.4207,0.840,1677.761,0.008,1678.609,0
55642240-2181-481d-bcc3-77f5f9debfb3.jpg,palm,palm,0.9916,0.840,1677.761,0.008,1678.609,1
6f2e2ccb-4abb-4865-8470-d373acf08787.jpg,one,one,0.9053,0.840,1677.761,0.008,1678.609,1
f6eb0e3d-0280-4041-aa12-38f68fe46d3a.jpg,pinkie,pinkie,0.9610,0.840,1677.761,0.008,1678.609,1
b3fba7c5-1b3e-46b6-976e-42bc8595875c.jpg,pinkie,rock,0.5379,0.840,1677.761,0.008,1678.609,0
51a34f25-a507-490d-85ce-2fae487f5d7b.jpg,pinkie,pinkie,0.7680,0.840,1677.761,0.008,1678.609,1
dbe50270-9968-4047-b0bf-f81e2eb5b423.jpg,fist,fist,0.9635,0.840,1677.761,0.008,1678.609,1
5b7aa514-132f-4eed-83f2-adcb43d16864.jpg,rock,rock,0.9499,0.840,1677.761,0.008,1678.609,1
c0556a97-697f-4d62-9285-2e810ed94af1.jpg,rock,rock,0.5763,0.840,1677.761,0.008,1678.609,1
b1a62a4d-4ef7-4394-be05-5b439dc03557.jpg,palm,palm,0.9467,0.840,1677.761,0.008,1678.609,1
a5498738-efdc-4f3e-b581-0634619fddee.jpg,palm,palm,0.9892,0.840,1677.761,0.008,1678.609,1
23311196-bded-470b-a0d5-0aa59a1e8846.jpg,fist,fist,0.9827,0.840,1677.761,0.008,1678.609,1
20d75473-c434-4e49-97c3-6d60335c39c6.jpg,rock,rock,0.3679,0.840,1677.761,0.007,1678.608,1
448ee47a-df6f-4eef-9dc3-b13eda074dd2.jpg,one,fist,0.9371,0.840,1677.761,0.008,1678.610,0
964480b0-eaa1-41b4-b9e1-b4de3214967b.jpg,one,one,0.9666,0.840,1677.761,0.008,1678.609,1
fec437a5-1307-4524-ae96-d401102086b4.jpg,pinkie,pinkie,0.5823,0.840,1677.761,0.008,1678.609,1
f6724a52-a651-43af-86a8-2b7ff52e4f04.jpg,others,others,0.7510,0.840,1677.761,0.008,1678.609,1
73ca1791-e863-4c8c-8b83-948d03ac5738.jpg,one,one,0.8782,0.840,1677.761,0.008,1678.609,1
913db989-03ae-40d5-9c9d-2d769e819f42.jpg,palm,palm,0.9925,0.840,1677.761,0.008,1678.609,1
303f72a4-4024-4ba6-a855-704e0e32fd41.jpg,rock,rock,0.3944,0.840,1677.761,0.008,1678.609,1
ccae396a-6ee7-4163-9fe5-b861932c7db3.jpg,others,others,0.3703,0.840,1677.761,0.008,1678.609,1
2d3e7e43-c475-4d00-bd14-ad6dabaa9a9c.jpg,rock,rock,0.9408,0.840,1677.761,0.008,1678.609,1
a509fd2a-10fd-418f-a9bf-107219ad088b.jpg,fist,fist,0.4359,0.840,1677.761,0.008,1678.609,1
398f5fc9-77d9-47d8-92e0-79ddcd7ce8b0.jpg,pinkie,pinkie,0.7093,0.840,1677.761,0.008,1678.609,1
8d127121-4764-423f-a6eb-d3a50e09a3c0.jpg,rock,rock,0.7028,0.840,1677.761,0.008,1678.609,1
4c80f419-fbd7-4251-b1e5-eeeadba524d3.jpg,fist,fist,0.9556,0.840,1677.761,0.008,1678.609,1
e6a22fe6-6328-4235-a132-a9bb64e0eb45.jpg,rock,others,0.6696,0.840,1677.761,0.008,1678.609,0
1e2699d0-1a4e-449c-b129-f285d96f6cef.jpg,fist,fist,0.9787,0.840,1677.761,0.008,1678.609,1
0d482c60-a69c-492e-8486-061922c25662.jpg,one,one,0.7541,0.840,1677.761,0.008,1678.609,1
0929a42a-538a-4cca-8b3d-75e517155b7c.jpg,rock,rock,0.6635,0.840,1677.761,0.008,1678.609,1
486a949f-d14c-4cf4-84c8-f9b187d51695.jpg,palm,palm,0.9962,0.840,1677.760,0.008,1678.608,1
fa326556-9920-4391-9c45-5905d9151215.jpg,palm,palm,0.9618,0.840,1677.761,0.008,1678.610,1
907f3073-9ef4-42d2-85fe-0dea3d81005d.jpg,others,others,0.6282,0.840,1677.761,0.008,1678.609,1
fdf411d7-76f9-4f30-b4a2-8a5da51f8851.jpg,palm,palm,0.9961,0.840,1677.761,0.008,1678.609,1
5886c57f-e8d4-4565-b532-173ad86ff255.jpg,pinkie,pinkie,0.8191,0.840,1677.761,0.008,1678.609,1
5aa98e2a-2bcc-4c0b-9b27-fcef282bf795.jpg,rock,rock,0.9475,0.840,1677.760,0.008,1678.608,1
4326fd36-0228-4ccd-9c11-746ba9405a55.jpg,others,fist,0.3886,0.840,1677.761,0.008,1678.609,0
5cb432d6-1234-4364-8862-c88aaaf9c5db.jpg,fist,fist,0.9986,0.840,1677.761,0.008,1678.609,1
c98b4935-c241-4ac2-bac5-ca360cd61ec1.jpg,pinkie,pinkie,0.8012,0.840,1677.761,0.008,1678.609,1
6fe8c55c-421a-40f8-b5fa-8858ff2d1531.jpg,palm,palm,0.9610,0.840,1677.761,0.008,1678.609,1
e911b2be-5cde-42be-aa80-b4c9e78f69fe.jpg,others,others,0.6333,0.840,1677.761,0.008,1678.609,1
11e3bb12-5b5e-456b-9c4f-ece1243a8473.jpg,fist,fist,0.9999,0.840,1677.761,0.008,1678.609,1
01912d86-aca0-43d7-ba7b-fd855ab6c15a.jpg,others,fist,0.5858,0.840,1677.761,0.008,1678.609,0
579a50de-8424-4ec5-b023-19172efa26d1.jpg,pinkie,pinkie,0.4296,0.840,1677.761,0.008,1678.609,1
201f1309-a654-4cca-87ea-0aee18c6847f.jpg,fist,fist,0.5235,0.840,1677.761,0.008,1678.609,1
2f26ea1f-c83d-4988-8cb9-0b7d82b50515.jpg,pinkie,one,0.3618,0.840,1677.761,0.007,1678.608,0
0b3552e0-55be-4b05-905f-963cf4468fc9.jpg,fist,fist,0.9997,0.840,1677.762,0.008,1678.610,1
73f847c0-8098-4415-99e9-c3d2cd98085d.jpg,palm,palm,0.8239,0.840,1677.761,0.008,1678.609,1
976e4506-ba98-4a79-ab0f-832fa3185945.jpg,one,one,0.9688,0.840,1677.761,0.008,1678.609,1
96267705-efd1-47e7-b5ea-a0e26357db9b.jpg,one,one,0.9827,0.840,1677.761,0.008,1678.609,1
9a345eec-7450-46b3-9746-94370bd53d93.jpg,rock,rock,0.4058,0.840,1677.761,0.008,1678.609,1
3fb274ac-c8a3-4ea8-a9aa-453975e5cc0e.jpg,others,others,0.5412,0.840,1677.761,0.008,1678.609,1
10ccfbed-addc-452a-b396-dcc57547e773.jpg,rock,rock,0.8016,0.840,1677.761,0.008,1678.609,1
7d831497-cc5f-4eb1-ba0c-b2216dc5a604.jpg,others,others,0.8645,0.840,1677.761,0.008,1678.609,1
b6cbffb6-0d94-45ad-a81a-2e5233850013.jpg,rock,rock,0.5727,0.840,1677.760,0.008,1678.608,1
56011e58-768f-481c-8dec-30829b72b9ab.jpg,fist,fist,0.9934,0.840,1677.761,0.008,1678.609,1
0b3552e0-55be-4b05-905f-963cf4468fc9.jpg,fist,fist,0.9997,0.840,1677.761,0.008,1678.609,1
85bd806d-8d02-4d7d-b39f-aaaf393412c6.jpg,fist,fist,0.9977,0.840,1677.761,0.008,1678.609,1
3edfbbaf-631e-4cff-ac7e-923f1a8e711f.jpg,fist,fist,0.9546,0.840,1677.761,0.008,1678.609,1
11f9afda-9f61-49f2-a6b1-7d8cc9821b1f.jpg,rock,rock,0.9438,0.840,1677.761,0.008,1678.609,1
2fc5ecb5-9849-4ac2-b479-e5e1737c5016.jpg,others,palm,0.9137,0.840,1677.761,0.008,1678.609,0
0f688ccf-c1a1-4bee-a2fa-aaa784639b8f.jpg,pinkie,pinkie,0.3183,0.840,1677.761,0.007,1678.608,1
10287f9f-ce5c-4b86-b0fb-81789f26ee26.jpg,one,one,0.7167,0.840,1677.761,0.008,1678.609,1
2e37ff53-a762-441c-afa7-35fc633d9b87.jpg,rock,rock,0.9876,0.840,1677.761,0.008,1678.609,1
6b083550-7c80-4103-814e-da37c52fafc0.jpg,palm,palm,0.9338,0.840,1677.761,0.008,1678.609,1
47d3a5d3-952d-4ca3-be2e-fd6e5c37c068.jpg,rock,rock,0.5817,0.840,1677.761,0.008,1678.609,1
d7302d92-89ed-40d9-9287-f476116d6ea7.jpg,others,others,0.5958,0.840,1677.762,0.008,1678.610,1
7c22a28a-4f69-479d-9cfb-4b4f71dcbff5.jpg,palm,palm,0.9992,0.840,1677.760,0.008,1678.608,1
4b76355f-fc73-46f8-b620-eec35b1224d7.jpg,rock,rock,0.7593,0.840,1677.761,0.008,1678.609,1
e88f6b11-7daa-4a5f-85ff-4c9ef407f3e3.jpg,others,rock,0.8920,0.840,1677.761,0.008,1678.609,0
cac1e09d-faeb-45a4-9d62-44ee9774b29e.jpg,one,one,0.8461,0.840,1677.761,0.008,1678.609,1
82ac1988-4b30-4ecd-b624-c50fa6b77178.jpg,palm,palm,0.5713,0.840,1677.761,0.008,1678.609,1
52c8cbe1-8362-449a-8dce-968d237a5c74.jpg,pinkie,pinkie,0.9839,0.840,1677.761,0.008,1678.609,1
f4576bfb-9a73-41a6-9139-72b174b8ad7a.jpg,one,one,0.7336,0.840,1677.760,0.008,1678.608,1
e2897de7-89ce-4cf7-94cb-1508b33aef9e.jpg,one,one,0.6258,0.840,1677.761,0.008,1678.609,1
3769f699-190a-4c3f-bc60-5ec73085e744.jpg,pinkie,pinkie,0.9829,0.840,1677.761,0.008,1678.609,1
013b94ad-4ef4-4f22-859d-69178d19fe74.jpg,one,one,0.9493,0.840,1677.761,0.008,1678.609,1
a1132735-6850-4a64-8ba0-3a8c1a9d6da3.jpg,others,others,0.9490,0.840,1677.761,0.008,1678.609,1
c3950db6-5fe5-48a1-ba21-33006a25c0bf.jpg,one,one,0.9603,0.840,1677.761,0.008,1678.609,1
11241016-dd2e-43fd-9bb1-ac2f2aa2c08a.jpg,palm,palm,0.9962,0.840,1677.761,0.008,1678.609,1
3a0b0513-430b-457b-8735-7e0b341da0a5.jpg,fist,fist,0.9241,0.840,1677.761,0.008,1678.608,1
354a3053-03b1-4797-ad9d-73708b506ce0.jpg,others,one,0.6317,0.840,1677.761,0.008,1678.609,0
f0ba312b-64ff-488b-a4d4-37c6b547d367.jpg,palm,palm,0.9928,0.840,1677.761,0.008,1678.609,1
33a4bcd7-6952-46d8-9a97-a49c9b1f9e00.jpg,palm,palm,0.9889,0.840,1677.761,0.008,1678.609,1
2e314251-8ac2-4e71-93fd-c519dd78f092.jpg,pinkie,one,0.2794,0.840,1677.761,0.007,1678.608,0
8427b572-9fb9-4fc4-ad60-48b3a6a4d796.jpg,pinkie,pinkie,0.8682,0.840,1677.761,0.008,1678.609,1
78303be9-1435-4b89-84bb-8bc550e62c38.jpg,fist,fist,0.9933,0.840,1677.761,0.008,1678.609,1
3f41e5fc-8cfe-478d-b982-a5e8fd06caa1.jpg,fist,fist,0.9902,0.840,1677.761,0.008,1678.609,1
f05e9f13-71cd-49a8-b803-62810e9f66ba.jpg,one,one,0.9487,0.840,1677.761,0.008,1678.609,1
76c9383e-4cae-4035-aa56-7ca9dbce1995.jpg,one,one,0.9706,0.840,1677.761,0.008,1678.609,1
d6a4f79c-f534-463d-8b3c-2b7070291b34.jpg,pinkie,fist,0.3863,0.840,1677.761,0.008,1678.608,0
558c7fc9-e567-4412-b13f-a690da3b83f6.jpg,others,others,0.4363,0.840,1677.761,0.008,1678.608,1
44454e2b-f966-4527-8e2a-829dd4d682ba.jpg,pinkie,pinkie,0.9512,0.840,1677.761,0.008,1678.608,1
1a997cc2-3c97-4620-afb9-957f81354ee7.jpg,others,others,0.3774,0.840,1677.761,0.008,1678.609,1
a2dccd8d-0ee0-49da-94d7-1174fc9d5c03.jpg,one,one,0.9524,0.840,1677.761,0.008,1678.609,1
b4716c29-07b9-4296-a7ce-d8a445833462.jpg,palm,palm,0.9858,0.840,1677.761,0.008,1678.609,1
207fd2a8-db1b-4df2-9d45-b2f61e3a6b54.jpg,palm,palm,0.9919,0.840,1677.761,0.008,1678.609,1
35952f74-9c26-4c9d-93cf-0dcf96fa251d.jpg,pinkie,pinkie,0.4822,0.840,1677.762,0.008,1678.609,1
fdd05f1e-9b27-4579-91ac-b8d8f93c2fce.jpg,fist,fist,0.9988,0.840,1677.761,0.008,1678.609,1
ef221de4-105a-4712-bd8a-7fca9dfe1311.jpg,palm,palm,0.4792,0.840,1677.761,0.008,1678.609,1
b0240749-1f97-46cc-95e3-5a691c5b6cc0.jpg,pinkie,pinkie,0.4144,0.840,1677.761,0.007,1678.609,1
e3da8142-dcf0-4eb3-a239-6f78834b7952.jpg,one,one,0.9867,0.840,1677.760,0.008,1678.609,1
33b57140-7ed8-4849-996a-23687e356d26.jpg,fist,fist,0.9937,0.840,1677.761,0.008,1678.609,1
e609405a-af9d-4564-8ab6-a67d58e63e80.jpg,one,one,0.8290,0.840,1677.761,0.008,1678.609,1
8ed92532-cd28-4c81-8db4-6bf3f806ade8.jpg,pinkie,others,0.6529,0.840,1677.761,0.008,1678.609,0
4fc6d695-07c4-471a-94b7-8621e382d8cc.jpg,palm,palm,0.9584,0.840,1677.761,0.008,1678.609,1
324561f5-8735-40b8-87c9-7ce3fe05b1af.jpg,others,fist,0.7151,0.840,1677.761,0.008,1678.609,0
8066a984-1fb1-42b4-a108-6b77ac98bbf2.jpg,others,others,0.7826,0.840,1677.761,0.008,1678.609,1
831aeb81-e15c-46a1-9059-7397bda8a0c9.jpg,others,others,0.8787,0.840,1677.762,0.008,1678.610,1
d8383fd8-b3df-48a8-ab76-87cde9f2e386.jpg,one,rock,0.3502,0.840,1677.761,0.007,1678.609,0
1eb235e7-3e43-48aa-81d9-b18c91f79178.jpg,fist,fist,0.9988,0.840,1677.761,0.008,1678.609,1
44560dfe-f283-4374-890c-002ca5dd3f64.jpg,one,one,0.9595,0.840,1677.761,0.008,1678.609,1
6e9ac625-78b3-4175-9509-e6932a436c96.jpg,rock,one,0.3494,0.840,1677.761,0.007,1678.608,0
e11828c2-4f0b-49d8-9adf-e738f569482c.jpg,others,others,0.7475,0.840,1677.761,0.008,1678.608,1
d1d7fc82-ba02-453a-ba6e-fb8a9d308084.jpg,palm,palm,0.9986,0.840,1677.761,0.008,1678.609,1
4e93fd30-6c03-4e50-bd4c-7f12fae4bde9.jpg,pinkie,pinkie,0.9685,0.840,1677.762,0.008,1678.610,1
adc1b1b7-db53-4f6a-b2f0-a315755d1a1b.jpg,one,one,0.9326,0.840,1677.761,0.008,1678.609,1
542d906d-08ef-4d6c-bef7-2a7e44d17e49.jpg,others,others,0.8759,0.840,1677.761,0.008,1678.609,1
e521e65c-eb24-4c16-8a50-37a7156117f8.jpg,others,others,0.6852,0.840,1677.761,0.008,1678.609,1
267969b2-906f-4c75-b8b8-51290ccdece8.jpg,palm,palm,0.9377,0.840,1677.761,0.008,1678.609,1
ef531063-3c64-4d9a-94b7-92ef24ac8fc9.jpg,others,palm,0.7073,0.840,1677.761,0.008,1678.609,0
d37ddcc7-75da-41b3-a99d-5d236ed84c86.jpg,palm,palm,0.9993,0.840,1677.761,0.008,1678.609,1
1f08cd78-c410-434d-8b98-f282e97e685b.jpg,one,one,0.9081,0.840,1677.761,0.008,1678.609,1
dab4251f-40d4-4dde-b86d-f27603b9079e.jpg,rock,rock,0.9053,0.840,1677.761,0.008,1678.609,1
270783ea-1d5f-44d2-bfe1-c248dc16a4bd.jpg,rock,rock,0.8711,0.840,1677.761,0.008,1678.609,1
5e2f46f7-799f-428d-9a93-9e1a98a4d227.jpg,rock,rock,0.9504,0.840,1677.761,0.008,1678.609,1
261d8aea-6a06-44dd-9037-f70cc2b80a03.jpg,rock,rock,0.9602,0.840,1677.761,0.008,1678.609,1
43a01bd2-0611-4ef2-a28c-da64749e744c.jpg,pinkie,pinkie,0.9235,0.840,1677.761,0.008,1678.609,1
8e447bf8-491e-49a7-9964-a8ec274b81f7.jpg,fist,fist,1.0000,0.840,1677.761,0.008,1678.609,1
78e6c0df-d991-47a6-9047-775014ea22a2.jpg,rock,rock,0.9360,0.840,1677.761,0.008,1678.609,1
71410fb6-2b44-4d0b-b948-4acd1a16d67b.jpg,pinkie,pinkie,0.9345,0.840,1677.761,0.008,1678.609,1
5df5b539-d871-4f1f-9ebc-54b00665932d.jpg,one,one,0.8214,0.840,1677.761,0.008,1678.609,1
77580e5b-0016-4941-bb2f-99aeee23174b.jpg,others,others,0.5463,0.840,1677.761,0.008,1678.609,1
fc475cfc-6e22-4400-82eb-fa68608e54c4.jpg,rock,rock,0.9660,0.840,1677.760,0.008,1678.608,1
347358a7-2b26-4699-a45c-a8edf7ee129e.jpg,others,others,0.8573,0.840,1677.761,0.008,1678.609,1
df72624d-82be-422f-808b-4d1ee1d12749.jpg,palm,palm,0.9987,0.840,1677.761,0.008,1678.609,1
db1fdee0-354c-4d8a-b180-be5b1e58606c.jpg,rock,pinkie,0.4826,0.840,1677.761,0.008,1678.609,0
167f0951-278c-4d69-9381-d1fdcee5a119.jpg,rock,rock,0.8675,0.840,1677.761,0.008,1678.609,1
3bab237d-4591-4314-9d7f-9deead450638.jpg,fist,fist,0.8722,0.840,1677.761,0.008,1678.609,1
a8d03e63-5b53-4109-93f0-adb24e44e88e.jpg,one,one,0.6603,0.840,1677.761,0.008,1678.609,1
d6ca10cb-19a2-40a4-aa3e-cf800ba80a2b.jpg,rock,rock,0.8320,0.840,1677.761,0.008,1678.609,1
6d14508a-fac5-4e56-8dbb-8e43834f2443.jpg,palm,palm,0.9060,0.840,1677.760,0.008,1678.608,1
da4e23b7-e276-48ab-bcc5-6eaf8b310ddc.jpg,fist,fist,0.8724,0.840,1677.761,0.008,1678.609,1
d7861221-44ea-4313-8408-96a2032a1d06.jpg,rock,rock,0.9013,0.840,1677.761,0.008,1678.609,1
e95c8c41-70e1-4d8f-aa24-c882c5f08beb.jpg,fist,fist,0.8649,0.840,1677.761,0.008,1678.609,1
25f7a4d5-7ae8-4862-9a87-e84b25bb7ec7.jpg,one,one,0.7335,0.840,1677.761,0.008,1678.609,1
43304ed7-bb3f-4ee1-a681-bd4efb886c15.jpg,palm,palm,0.9750,0.840,1677.761,0.008,1678.609,1
831e9029-315b-4c75-ad82-2c1fd11ba9dc.jpg,one,one,0.9952,0.840,1677.761,0.008,1678.609,1
8b92aa55-fde6-4db7-a4ff-ce31930ecb18.jpg,fist,fist,0.9821,0.840,1677.761,0.008,1678.609,1
073e710e-0808-465c-90fb-88b579dc217b.jpg,rock,rock,0.6079,0.840,1677.761,0.008,1678.609,1
c1306f13-2fbf-4900-9dbd-d6f3c0f75680.jpg,one,one,0.6985,0.840,1677.761,0.008,1678.609,1
7be30c14-e62b-42e7-9849-dc6c1cf5dac8.jpg,one,one,0.9978,0.840,1677.761,0.008,1678.609,1
4eeded65-4d4a-4c05-9b92-b8035b9eb94b.jpg,rock,rock,0.9230,0.840,1677.761,0.008,1678.609,1
7c381466-a2cf-45f9-b2f8-a6511cf85b6d.jpg,rock,rock,0.9891,0.840,1677.761,0.008,1678.609,1
80387270-3ed1-4d04-82de-7c97b0fa4523.jpg,fist,fist,0.9829,0.840,1677.761,0.008,1678.608,1
f84e1381-be77-4db3-b7e2-8ccbf0002190.jpg,fist,fist,0.7796,0.840,1677.761,0.008,1678.609,1
b5ebdc34-4d5d-46ff-a92d-97de722126a8.jpg,fist,fist,0.9713,0.840,1677.761,0.008,1678.609,1
936441c0-953a-42f7-a336-19501672ddbb.jpg,others,others,0.3741,0.840,1677.761,0.008,1678.609,1
ff8cfd65-1f2f-4833-9421-d3380bd0a4ce.jpg,one,one,0.9377,0.840,1677.761,0.008,1678.609,1
7c797f90-8c0c-4378-b56d-bfb2eca376cd.jpg,pinkie,pinkie,0.4749,0.840,1677.761,0.008,1678.609,1
4949ad0b-b0c1-4736-88b8-cd5468a6e8ac.jpg,others,one,0.2774,0.840,1677.761,0.007,1678.608,0
51622ee9-5f95-4eae-887b-46f7f650072a.jpg,one,one,0.6510,0.840,1677.762,0.008,1678.610,1
aea0508a-5cad-4a38-9a75-dda3a24d4161.jpg,palm,palm,0.9975,0.840,1677.761,0.008,1678.609,1
e23f8b6b-9266-4b34-8d6c-5e42a5d81dee.jpg,others,others,0.6269,0.840,1677.761,0.008,1678.609,1
5d4dba76-d9cb-414e-8020-46ef4814ed9a.jpg,others,others,0.7493,0.840,1677.761,0.008,1678.609,1
a3696bf2-1ec7-4862-9229-dc5f49a9844b.jpg,palm,palm,0.9447,0.840,1677.761,0.008,1678.609,1
6d78987f-3bd1-48cc-adbf-89072d279daa.jpg,palm,palm,0.9975,0.840,1677.761,0.008,1678.609,1
fca41428-576b-4d07-9e44-da4f91440b03.jpg,palm,palm,0.9504,0.840,1677.761,0.008,1678.609,1
1f759f4f-1a21-4c65-85b3-f40e066a95cd.jpg,fist,fist,0.9714,0.840,1677.761,0.008,1678.609,1
4abcc956-3453-449d-b87a-658cd9088d53.jpg,others,fist,0.5333,0.840,1677.761,0.008,1678.609,0
f595ff61-1a12-4306-89bd-3719d6603794.jpg,one,one,0.8463,0.840,1677.761,0.008,1678.609,1
47260524-cd7e-4333-a227-7db7545315be.jpg,rock,rock,0.9524,0.840,1677.761,0.008,1678.609,1
5b449c1d-f0b1-42d1-90ba-4755cf17f2d2.jpg,fist,fist,0.8961,0.840,1677.761,0.008,1678.609,1
0939738a-e3f9-4d17-93bf-0b91e1df13bc.jpg,rock,rock,0.5598,0.840,1677.761,0.008,1678.609,1
28a0d73b-cb2d-4707-8786-ac097dbad820.jpg,others,others,0.3688,0.840,1677.761,0.008,1678.609,1
533a85d1-037f-4351-a45d-4ca0730313e6.jpg,one,one,0.9754,0.840,1677.761,0.008,1678.609,1
31f1a366-f9e5-41c4-ab85-3d16f3299c4e.jpg,pinkie,pinkie,0.8544,0.840,1677.761,0.008,1678.609,1
ccdd26c0-1c1d-4db9-9cfc-ae8b00413929.jpg,fist,fist,0.9387,0.840,1677.760,0.008,1678.608,1
b4003cb6-9c58-4a54-af7f-7273a878ba11.jpg,fist,fist,1.0000,0.840,1677.761,0.008,1678.609,1
26b6de96-6cdc-49a9-90cf-61d0e6f3d782.jpg,palm,palm,0.9810,0.840,1677.761,0.008,1678.609,1
5ece69dd-cbdf-472a-83d9-b9c17540493d.jpg,one,one,0.3738,0.840,1677.761,0.008,1678.609,1
428b7daa-f7a9-4c1c-9d27-c9530df29b4b.jpg,others,others,0.8396,0.840,1677.761,0.008,1678.609,1
d08ee532-667f-4b11-9f4d-ab5dfeb1bb4e.jpg,fist,fist,0.9987,0.840,1677.761,0.008,1678.609,1
55e568d2-939b-4d22-b8fd-3dfa06ec099f.jpg,one,one,0.7373,0.840,1677.761,0.008,1678.609,1
16ce5d1b-6626-4443-944e-7e7ed1574f8a.jpg,rock,rock,0.7306,0.840,1677.760,0.008,1678.608,1
3eb53bb9-d952-43b6-a731-06e772d8c085.jpg,fist,fist,0.9999,0.840,1677.761,0.008,1678.609,1
52340192-deee-4f21-a8fc-7b69bf584a66.jpg,rock,palm,0.6738,0.840,1677.761,0.008,1678.609,0
919d6526-53e0-46ea-a14b-6b34a22253a8.jpg,one,one,0.8590,0.840,1677.761,0.008,1678.609,1
76764a81-d6f7-410b-813f-974e0fc973ca.jpg,rock,rock,0.3825,0.840,1677.761,0.007,1678.609,1
9f3a9091-a45c-41b1-bb2d-081d8473ac50.jpg,others,others,0.9052,0.840,1677.761,0.008,1678.610,1
ba6c355d-1afc-4ed8-9e5b-e33aefc7d397.jpg,others,others,0.4930,0.840,1677.761,0.008,1678.609,1
a1950f7d-f030-453a-b8ac-42dc29792926.jpg,fist,fist,0.9951,0.840,1677.761,0.008,1678.609,1
20afc631-9556-47e8-a2d3-40d254d39128.jpg,pinkie,others,0.4718,0.840,1677.761,0.008,1678.609,0
918931c4-c7de-41b1-95ca-f9459ad1361a.jpg,rock,rock,0.7458,0.840,1677.761,0.008,1678.609,1
f903e364-4e0f-4ef5-8f3e-31a0a6ca5c11.jpg,pinkie,pinkie,0.5402,0.840,1677.761,0.008,1678.609,1
e2beaa67-9d52-4c59-a4a9-451e53d17209.jpg,palm,palm,0.9980,0.840,1677.761,0.008,1678.609,1
2f98ac0d-e0fb-4b1e-a46c-fa7fe3b0825a.jpg,fist,fist,0.8821,0.840,1677.761,0.008,1678.609,1
a7a1855d-d148-4af5-9af2-13c564bec2f4.jpg,palm,palm,0.9866,0.840,1677.761,0.008,1678.609,1
25d173c8-8d5c-4b51-8a99-e29529c383a6.jpg,rock,rock,0.9624,0.840,1677.761,0.008,1678.609,1
8a8979a3-c3a7-440d-858c-f386dfd10189.jpg,pinkie,pinkie,0.5763,0.840,1677.761,0.008,1678.609,1
0ee10bb8-63c0-4920-9504-cae442e5726f.jpg,pinkie,pinkie,0.9005,0.840,1677.761,0.008,1678.609,1
d151d149-195e-443d-8605-ad27cc8e8939.jpg,one,one,0.9111,0.840,1677.761,0.008,1678.609,1
c52d6a2c-d6f2-4ed7-b6ec-fc996676a73a.jpg,one,one,0.6139,0.840,1677.761,0.008,1678.609,1
b5ced8d5-218a-4840-858e-4f81f87f1077.jpg,rock,rock,0.9447,0.840,1677.761,0.008,1678.609,1
801ff39b-a0aa-4677-a582-2029b612e258.jpg,pinkie,pinkie,0.5213,0.840,1677.761,0.008,1678.609,1
4e293ab2-fecf-4a6b-b5f9-c48e1ec7e1d7.jpg,one,one,0.6658,0.840,1677.761,0.008,1678.609,1
2914e7c3-2967-4e23-8c02-0a36650d2533.jpg,palm,palm,0.5995,0.840,1677.761,0.008,1678.609,1
a9dc388c-49a2-493e-b350-4b971263330a.jpg,pinkie,others,0.4559,0.840,1677.761,0.008,1678.609,0
5843e5f5-9d43-4766-a2b2-712d773f9fdd.jpg,others,rock,0.3832,0.840,1677.760,0.008,1678.608,0
d374dc5c-94ef-442c-a257-9ef2f4cb6632.jpg,fist,fist,0.9995,0.840,1677.761,0.008,1678.609,1
f07203c1-75aa-4266-8202-2af07d3df6c6.jpg,pinkie,rock,0.2968,0.840,1677.761,0.007,1678.608,0
0833a161-56d9-4ca2-9d8b-355880cd6665.jpg,fist,fist,0.9878,0.840,1677.761,0.008,1678.609,1
e863ea01-d07c-48b8-a0a7-f3bac1e58635.jpg,others,others,0.3811,0.840,1677.760,0.008,1678.608,1
91ba4771-77d8-4a58-b96f-308950dbefb9.jpg,pinkie,fist,0.4212,0.840,1677.761,0.008,1678.609,0
d28ebf6a-8bf7-4660-b26c-795c3dcac213.jpg,pinkie,pinkie,0.8698,0.840,1677.761,0.008,1678.609,1
4c9330a2-26d6-4507-ba11-fb0bfb4e6ceb.jpg,palm,palm,0.8833,0.840,1677.761,0.008,1678.609,1
9c87be17-1a85-48cc-9eb3-fa893fdaac38.jpg,fist,fist,0.9884,0.840,1677.761,0.008,1678.609,1
610867b3-cf13-4eb0-abea-bfdc717ddbd9.jpg,pinkie,pinkie,0.5825,0.840,1677.761,0.008,1678.609,1
93828234-a582-4680-9c60-1dcbc6ec366d.jpg,one,others,0.5074,0.840,1677.761,0.008,1678.609,0
73ca1791-e863-4c8c-8b83-948d03ac5738.jpg,one,one,0.8782,0.840,1677.761,0.008,1678.609,1
96b48105-ed7e-40ed-838a-1934258f7193.jpg,palm,palm,0.9494,0.840,1677.761,0.008,1678.609,1
cccd873c-bca9-4916-9aad-83286398984f.jpg,pinkie,pinkie,0.8851,0.840,1677.761,0.008,1678.609,1
8d14d9f3-22b5-4277-a1f1-9b9d6221f838.jpg,rock,one,0.4978,0.840,1677.761,0.008,1678.609,0
24f3e87c-6a9f-41e8-9e95-86609d1cc43e.jpg,one,rock,0.2561,0.840,1677.761,0.007,1678.608,0
fd7617a9-01dd-4c3a-a6ed-8422acd2a3ab.jpg,palm,fist,0.3014,0.840,1677.761,0.007,1678.608,0
75f2b6d1-e681-419b-9d5b-105f2b9d9b10.jpg,rock,rock,0.5879,0.840,1677.761,0.008,1678.609,1
3b3e1320-a12a-4da2-83ae-7ec5e50b1381.jpg,pinkie,pinkie,0.7242,0.840,1677.761,0.008,1678.609,1
86b54b69-ceae-4d4c-8fb1-2317225efce6.jpg,rock,rock,0.6554,0.840,1677.761,0.008,1678.609,1
8450b872-b586-4b43-85a3-bc4cb145b05a.jpg,palm,palm,0.7070,0.840,1677.761,0.008,1678.609,1
9405606a-df1d-44ab-889b-4103ae37087b.jpg,palm,palm,0.9706,0.840,1677.761,0.008,1678.609,1
1783f176-0895-4dac-a9e8-c9c2b02254ef.jpg,palm,palm,0.9988,0.840,1677.761,0.008,1678.610,1
d614154c-89e6-45f1-b52b-2b2671d6e446.jpg,rock,pinkie,0.2788,0.840,1677.761,0.007,1678.608,0
2d494555-ab91-4166-9a64-87ec0ccb5cfa.jpg,pinkie,pinkie,0.9522,0.840,1677.761,0.008,1678.609,1
4220c1c7-f344-405a-b677-623b9eec03f4.jpg,others,rock,0.9457,0.840,1677.760,0.008,1678.608,0
4a5f3fbc-619b-431f-8f16-c7ec211bb05a.jpg,fist,fist,0.9980,0.840,1677.761,0.008,1678.609,1
c18ec147-dfef-4992-a56c-08005f7f7ae7.jpg,pinkie,pinkie,0.7443,0.840,1677.761,0.008,1678.609,1
8d4a802a-a850-44bc-9152-92630a3edca0.jpg,rock,rock,0.4493,0.840,1677.761,0.008,1678.609,1
05380e0f-da7a-4150-a50b-e23cb266d530.jpg,others,fist,0.3052,0.840,1677.761,0.007,1678.609,0
cfc0fe10-3aa7-4604-9435-a79d221ad039.jpg,others,others,0.7384,0.840,1677.761,0.008,1678.609,1
ae16cbc4-3164-47b7-9000-921cc99a231c.jpg,rock,one,0.5555,0.840,1677.761,0.008,1678.609,0
9631a4b0-d5a3-4454-ad8b-db2de4479b03.jpg,others,others,0.3699,0.840,1677.761,0.008,1678.608,1
7e3f2401-6131-4823-b7f3-87d0c2ca3ecf.jpg,pinkie,rock,0.3079,0.840,1677.761,0.007,1678.608,0
a445eb9a-96b5-424d-8deb-71f47696c4d9.jpg,one,one,0.7424,0.840,1677.761,0.008,1678.609,1
cbb9c24b-267d-4cb5-b4ac-c9887b75b0c3.jpg,fist,fist,0.9884,0.840,1677.761,0.008,1678.609,1
e71e3268-6353-4132-8e69-831be241964a.jpg,pinkie,fist,0.4871,0.840,1677.761,0.008,1678.608,0
07583698-2e0f-47ec-bccc-06eacf30ad70.jpg,rock,rock,0.5186,0.840,1677.760,0.008,1678.608,1
e5f18853-dbac-4199-ad4a-3fb71b36133d.jpg,others,others,0.9992,0.840,1677.761,0.008,1678.609,1
a3e41b50-ec3d-4871-adc7-2a08443baf57.jpg,rock,rock,0.8053,0.840,1677.761,0.008,1678.609,1
fa642b4c-0328-4edb-8641-0c6ce7ed7c14.jpg,one,one,0.9628,0.840,1677.761,0.008,1678.609,1
58f5b649-e4ec-4212-a40b-816d9edde18f.jpg,one,one,0.6877,0.840,1677.761,0.008,1678.609,1
46515ffb-ef7f-4870-92b4-9aab120d5035.jpg,one,pinkie,0.4099,0.840,1677.761,0.008,1678.609,0
f1cc40c3-412f-4060-a9cd-2146a5733790.jpg,one,fist,0.5408,0.840,1677.761,0.008,1678.609,0
831bfb23-4a6a-4b31-8f56-937d8bcdc469.jpg,others,fist,0.7437,0.840,1677.761,0.008,1678.609,0
f8e54a93-2325-4716-a4cb-8d40fc8730ff.jpg,pinkie,pinkie,0.9240,0.840,1677.761,0.008,1678.609,1
8c7e2137-59a5-4f14-a238-e0da75636dd7.jpg,one,one,0.4749,0.840,1677.761,0.008,1678.608,1
d80d2a5f-1058-4eba-a0fc-84e67fe52c79.jpg,palm,palm,0.9012,0.840,1677.761,0.008,1678.609,1
146fe554-cf58-40a5-b5a5-8dd0c1353498.jpg,palm,palm,0.9675,0.840,1677.761,0.008,1678.609,1
2171d18b-0971-4620-ab17-5ac7d6af771c.jpg,pinkie,pinkie,0.2826,0.840,1677.761,0.007,1678.609,1
73e08ecd-ebb6-4a8e-839e-b7e3aa2b8e5d.jpg,one,one,0.4422,0.840,1677.761,0.008,1678.609,1
cf9eaac0-76cc-42cb-9f04-746b0be9b5e4.jpg,pinkie,pinkie,0.5621,0.840,1677.761,0.008,1678.609,1
565bbd4c-86e1-4fc7-acbe-3bc6105c6a92.jpg,rock,one,0.5216,0.840,1677.761,0.008,1678.609,0
c97172a2-87c3-4b7e-9fc3-a39ef2590449.jpg,rock,rock,0.3921,0.840,1677.761,0.008,1678.609,1
7f6d1051-86af-4181-aba9-a994aca5f5a3.jpg,one,one,0.9980,0.840,1677.761,0.008,1678.609,1
02a46b75-adbc-4cd6-9fbe-d6fe5ef066e1.jpg,pinkie,pinkie,0.2647,0.840,1677.761,0.007,1678.608,1
daf11266-cca9-4688-b994-0a43d0bc43e2.jpg,palm,palm,0.9976,0.840,1677.761,0.008,1678.609,1
51494742-16fd-432d-852b-1cc67b49010e.jpg,palm,palm,0.9917,0.840,1677.761,0.008,1678.609,1
514a675a-6174-4f16-8a01-f132cc3bce79.jpg,rock,rock,0.6592,0.840,1677.761,0.008,1678.609,1
d323f249-70a8-4bf6-b9a8-5f4e636c9587.jpg,one,one,0.8923,0.840,1677.761,0.008,1678.609,1
09eecc92-7e77-45f4-b0e7-c4a2978a1835.jpg,one,one,0.7580,0.840,1677.761,0.008,1678.609,1
bdcf6294-add8-4f8c-ae57-79f9adfc81c4.jpg,others,palm,0.5039,0.840,1677.761,0.008,1678.609,0
11c6fdaa-0351-4cce-8aa8-b1b888adb28d.jpg,others,one,0.3647,0.840,1677.761,0.008,1678.609,0
06d5a1dd-1867-41a6-ad7c-60d3bfc4dc7f.jpg,fist,fist,0.3930,0.840,1677.761,0.008,1678.609,1
3d967e90-1b15-4cfe-a619-9297d69632d3.jpg,fist,fist,0.9946,0.840,1677.761,0.008,1678.609,1
23df6ee5-7546-4ae8-aa6a-512031c5b698.jpg,one,one,0.4774,0.840,1677.761,0.008,1678.609,1
13ca6b36-9396-4d95-9177-37c297f2acb0.jpg,rock,rock,0.7522,0.840,1677.761,0.008,1678.609,1
0c0d5337-2dc0-4941-a4f3-1494fd81f51c.jpg,one,one,0.6816,0.840,1677.761,0.008,1678.609,1
e7efb470-95c9-4b43-83f8-ab3e856e6558.jpg,palm,palm,0.9761,0.840,1677.761,0.008,1678.609,1
de3bc7f3-4d57-44ba-8efa-fe708db44301.jpg,others,fist,0.5413,0.840,1677.761,0.008,1678.609,0
af225bad-41fc-4687-bb12-b4cf0f58d582.jpg,palm,palm,0.9983,0.840,1677.761,0.008,1678.609,1
fd13968a-db15-42d4-8b63-cb1050942711.jpg,pinkie,pinkie,0.9984,0.840,1677.761,0.008,1678.609,1
990dc765-30ff-40b2-aff7-197e8c570e25.jpg,palm,palm,0.9954,0.840,1677.761,0.008,1678.609,1
380dbb5d-b357-482f-88d6-3ff2850c98bd.jpg,others,others,0.3732,0.840,1677.761,0.007,1678.609,1
ad01813d-a27a-4c06-960e-d6166aeba702.jpg,rock,rock,0.9974,0.840,1677.760,0.008,1678.609,1
66a92c5e-d522-4915-be62-aa5865b82d5c.jpg,fist,fist,0.9877,0.840,1677.761,0.008,1678.609,1
c6a1d37c-86f1-4e99-8aa2-8ee9159648cf.jpg,pinkie,rock,0.6900,0.840,1677.761,0.008,1678.609,0
b537e3e0-dc15-4799-b2fb-377d79086501.jpg,others,palm,0.7350,0.840,1677.761,0.008,1678.609,0
8bd5cd80-5982-454a-8551-475d54d3683f.jpg,pinkie,pinkie,0.3355,0.840,1677.761,0.007,1678.609,1
ff43086f-ad54-486c-8d18-146b4d89f532.jpg,pinkie,pinkie,0.8006,0.840,1677.761,0.008,1678.609,1
dd4fe5c3-6075-46e4-b27e-74f77cb2010e.jpg,palm,palm,0.9293,0.840,1677.761,0.008,1678.609,1
5103d741-e60d-46d0-b1cc-230faa367d88.jpg,pinkie,pinkie,0.8852,0.840,1677.761,0.008,1678.609,1
59d6acf5-d791-46c7-a115-4eed1962c6e5.jpg,palm,palm,0.9851,0.840,1677.761,0.008,1678.609,1
6a94b556-b30d-491b-b602-d301d19b41a0.jpg,one,one,0.9258,0.840,1677.761,0.008,1678.609,1
e9719264-13e9-46d1-a6d7-d4b2bcff3461.jpg,one,one,0.8098,0.840,1677.761,0.008,1678.609,1
009bc718-85f8-4b9a-a7fc-6688245abcdf.jpg,rock,fist,0.4262,0.840,1677.761,0.008,1678.609,0
750f4a94-6367-46ca-a51e-31b1dc56805b.jpg,pinkie,pinkie,0.9592,0.840,1677.761,0.008,1678.609,1
def9a905-129d-49b4-8c00-6c89394defb8.jpg,one,one,0.5059,0.840,1677.761,0.008,1678.609,1
458c0593-42ed-4a8f-ad44-7ba41a1d5a47.jpg,rock,rock,0.7372,0.840,1677.761,0.008,1678.609,1
c82435ae-355b-40b6-b30f-b6afc4c4cc8b.jpg,palm,palm,0.8472,0.840,1677.760,0.008,1678.608,1
0df13f6b-7850-456e-a3e1-8f0832c7651f.jpg,pinkie,pinkie,0.5805,0.840,1677.761,0.008,1678.609,1
6fea4b7f-c966-4f70-aa46-15111ba6d7ea.jpg,one,fist,0.7286,0.840,1677.761,0.008,1678.609,0
88268a5c-b8bc-4cb0-a4e3-e6a45db19007.jpg,pinkie,pinkie,0.8393,0.840,1677.761,0.008,1678.609,1
54e52541-6a06-4664-87fd-20619dd857da.jpg,others,others,0.8089,0.840,1677.761,0.008,1678.609,1
1dd8d6c0-94b1-4c53-a334-d1ba9a9565c2.jpg,one,fist,0.6200,0.840,1677.761,0.008,1678.609,0
26774db4-fa1f-4d6f-9bc7-f9bff6c0d830.jpg,rock,rock,0.6446,0.840,1677.761,0.008,1678.609,1
4dba0d22-9dc5-4dec-ad67-890265c19147.jpg,others,others,0.8345,0.840,1677.761,0.008,1678.609,1
b821d16b-2d03-4b83-b917-075458b2067e.jpg,fist,fist,0.8862,0.840,1677.761,0.008,1678.609,1
4eb447ca-146c-4942-b1d3-430fed6003cb.jpg,fist,fist,0.7890,0.840,1677.761,0.008,1678.609,1
26f1dfb7-d01a-4c90-9d6b-12e142fca448.jpg,fist,fist,0.5995,0.840,1677.761,0.008,1678.609,1
0afdd112-b5ca-444d-bd47-7e2005ccba4d.jpg,palm,fist,0.2281,0.840,1677.761,0.007,1678.607,0
c47d63ca-d611-49d2-a27b-0ce21556448b.jpg,palm,palm,0.9237,0.840,1677.761,0.008,1678.609,1
9699d3d8-9ba9-49c4-88ae-2ccf6c6c9662.jpg,palm,palm,0.9819,0.840,1677.761,0.008,1678.609,1
6968fbc5-a198-4e6d-aff6-c8bd044b06a3.jpg,pinkie,pinkie,0.6322,0.840,1677.762,0.008,1678.610,1
db2d6825-6834-4de8-af2d-c4cb8facfa96.jpg,pinkie,pinkie,0.7609,0.840,1677.762,0.008,1678.610,1
271f3f75-1733-4e82-98ff-62f160934512.jpg,others,rock,0.4090,0.840,1677.761,0.007,1678.608,0
80cb963c-ffb9-4a4f-baf3-0d05375a3c56.jpg,pinkie,pinkie,0.8777,0.840,1677.760,0.008,1678.609,1
38fa02da-d1c2-47e0-9cb6-33279fbc70de.jpg,one,one,0.7762,0.840,1677.761,0.008,1678.609,1
67535cce-aa8c-4797-af6e-11845fd7d507.jpg,pinkie,pinkie,0.9553,0.840,1677.761,0.008,1678.609,1
15489cd5-d272-4e44-8cfd-9c16c957ada1.jpg,fist,fist,0.8722,0.840,1677.761,0.008,1678.609,1
7808bc8a-461a-4241-801b-20678a353e50.jpg,palm,palm,0.9080,0.840,1677.761,0.008,1678.609,1
d39a50a0-2b7d-4a5d-aa4e-47c95c462aa9.jpg,rock,rock,0.6230,0.840,1677.761,0.008,1678.609,1
45bbb2d1-adff-4ba5-907d-c224cd85d31b.jpg,one,one,0.7405,0.840,1677.761,0.008,1678.609,1
10739fd9-35ca-4e6a-8a58-8c44c2cd73ef.jpg,one,one,0.5991,0.840,1677.761,0.008,1678.609,1
c8af4b1f-dfb2-4ca4-aed1-f0dcee7556dc.jpg,pinkie,pinkie,0.8702,0.840,1677.761,0.008,1678.609,1
59182bfd-50cf-4aaf-a166-15abba2bdaf4.jpg,one,one,0.4747,0.840,1677.761,0.008,1678.608,1
b746d6da-6f91-4b9c-995c-e8ab49a2d061.jpg,palm,palm,0.9118,0.840,1677.761,0.008,1678.610,1
adc4611b-65e0-4d68-a4eb-a63600ae324b.jpg,palm,palm,0.5996,0.840,1677.760,0.008,1678.609,1
f5917749-a14f-4d53-8087-c398374d9039.jpg,palm,palm,0.9915,0.840,1677.760,0.008,1678.608,1
32d8e881-9a03-461b-a9ef-e008af6d801d.jpg,palm,palm,0.9264,0.840,1677.761,0.008,1678.609,1
a06aef7c-070c-40af-967a-605215d4f0fa.jpg,fist,fist,0.5715,0.840,1677.761,0.008,1678.608,1
5299b452-6181-48e3-9bd5-da24b169ec64.jpg,pinkie,pinkie,0.6431,0.840,1677.761,0.008,1678.609,1
898f442b-c1b9-4d2f-8531-d4b9121c58d6.jpg,others,fist,0.4749,0.840,1677.761,0.008,1678.609,0
9fec260d-b1bb-4078-a258-77fd19d5a61a.jpg,one,one,0.7042,0.840,1677.761,0.008,1678.609,1
b0d11463-43fc-4927-b19a-f92c2e6775f0.jpg,one,one,0.9521,0.840,1677.761,0.008,1678.609,1
c322524e-fcdf-4158-93e0-c1a61a1a0219.jpg,pinkie,pinkie,0.8607,0.840,1677.760,0.008,1678.608,1
7611e045-fcc5-467f-8726-a9ac61895d81.jpg,palm,palm,0.9936,0.840,1677.761,0.008,1678.609,1
78090ade-b1aa-4a79-b1e7-2acc744dcbfe.jpg,one,one,0.7102,0.840,1677.761,0.008,1678.609,1
44ccfd40-0c0a-47ad-adaa-6cc6c8fa2ed5.jpg,others,others,0.8764,0.840,1677.761,0.008,1678.609,1
296972cf-4173-4689-b0e2-f8e52f4a109c.jpg,one,one,0.4384,0.840,1677.761,0.008,1678.609,1
8b947b13-066d-4a78-971d-a696d765b89d.jpg,palm,palm,0.6963,0.840,1677.761,0.008,1678.609,1
95d2167b-58bc-4364-863c-289bca23a6c0.jpg,pinkie,pinkie,0.9203,0.840,1677.761,0.008,1678.609,1
cdae550b-3702-48c4-adb9-f1018c94970d.jpg,fist,fist,0.9692,0.840,1677.761,0.008,1678.609,1
79d426ec-8d9d-491c-a737-abdac66a3370.jpg,pinkie,pinkie,0.8981,0.840,1677.761,0.008,1678.609,1
da7f4bd1-ddc9-42bf-9f16-17e70f0a9003.jpg,rock,rock,0.9650,0.840,1677.761,0.008,1678.609,1
6a3f2460-71ca-4a30-863c-7cf50d0ac610.jpg,pinkie,pinkie,0.4559,0.840,1677.761,0.008,1678.609,1
e85f58fc-0722-4fa2-ac64-8e9f23046663.jpg,fist,fist,0.9962,0.840,1677.761,0.008,1678.609,1
5714412d-6119-4557-92f9-2ebb2d0919e1.jpg,fist,fist,0.9196,0.840,1677.761,0.008,1678.609,1
537fb44a-c55b-4062-b925-319c05445032.jpg,others,others,0.8784,0.840,1677.761,0.008,1678.608,1
2c359212-a052-461c-a8f8-b2e8495bacd9.jpg,rock,rock,0.6713,0.840,1677.761,0.008,1678.609,1
0cd5f5c0-c27e-4f2b-bcfc-cd184a746b61.jpg,one,one,0.8554,0.840,1677.761,0.008,1678.609,1
e8e0b07c-bd4e-4df2-94ff-773141800421.jpg,pinkie,rock,0.3439,0.840,1677.761,0.008,1678.609,0
7fec8e82-4293-42f6-b19e-1014010e16f6.jpg,one,one,0.6210,0.840,1677.761,0.008,1678.609,1
1e727145-527d-4f85-91a1-2d7d227785de.jpg,others,others,0.9530,0.840,1677.761,0.008,1678.609,1
666117c3-4d6f-403b-a9be-8cc32d15021c.jpg,one,one,0.5299,0.840,1677.761,0.008,1678.609,1
28a88a83-fd4f-40d8-9598-cecb40a09cf1.jpg,one,one,0.9477,0.840,1677.761,0.008,1678.609,1
7c78d412-cbc4-42be-bea2-833762aeb61e.jpg,one,one,0.7726,0.840,1677.761,0.008,1678.609,1
7e2507d0-e0b2-447e-8bae-efb833dcb127.jpg,fist,fist,0.9994,0.840,1677.761,0.008,1678.609,1
e7de9b6d-47fd-4ef0-8868-e4619a37f362.jpg,one,one,0.5308,0.840,1677.761,0.008,1678.609,1
ea5ef015-c8a5-426e-a0e3-94491bc13309.jpg,rock,rock,0.7173,0.840,1677.761,0.008,1678.609,1
c2c3544a-82bb-4c1b-8427-e898054e50f2.jpg,one,fist,0.7021,0.840,1677.761,0.008,1678.609,0
6dcf5973-dfc1-4c5c-965b-de5a54af6152.jpg,others,one,0.4683,0.840,1677.761,0.008,1678.609,0
93925d50-df5a-4e7f-8fbf-3ccb7d44991e.jpg,palm,palm,0.9053,0.840,1677.761,0.008,1678.609,1
66d9eca6-ad61-43d8-a8a7-0a2a16eddc55.jpg,pinkie,pinkie,0.9711,0.840,1677.761,0.008,1678.608,1
99cbb01a-e0e9-44ca-ac2e-2ea143286830.jpg,pinkie,pinkie,0.8168,0.840,1677.761,0.008,1678.609,1
8f6581a3-d372-4604-acb7-f841d55080ea.jpg,fist,one,0.4485,0.840,1677.761,0.007,1678.608,0
0104c03a-bcbb-44c1-aebc-1cdef1576aea.jpg,palm,palm,0.4143,0.840,1677.761,0.008,1678.609,1
7281dbf2-f6fc-4e38-baf5-168fccb15e34.jpg,pinkie,pinkie,0.9914,0.840,1677.761,0.008,1678.609,1
4ae24de5-3785-41fd-a97f-95a9ccfb8846.jpg,one,one,0.9820,0.840,1677.761,0.008,1678.609,1
1ba874d5-61ca-4631-b0db-774e5972264f.jpg,pinkie,fist,0.6514,0.840,1677.760,0.008,1678.608,0
d1d09d93-3982-4176-addc-5fd12aef9237.jpg,others,fist,0.9468,0.840,1677.761,0.008,1678.609,0
b7f3142b-9141-47bb-b6ee-31bfee259898.jpg,others,palm,0.5079,0.840,1677.761,0.008,1678.609,0
d9906c8a-6016-4d6a-9b58-5381d43caad7.jpg,fist,fist,0.9994,0.840,1677.761,0.008,1678.609,1
dd2b45a4-e4e5-45c1-a0cc-fe91f29fb490.jpg,others,pinkie,0.7086,0.840,1677.761,0.008,1678.609,0
b220030e-9d3b-418a-a4c0-3c02676468fa.jpg,fist,fist,0.9820,0.840,1677.760,0.008,1678.608,1
267b29c0-615f-4add-ba04-e773090ece3c.jpg,fist,fist,0.4602,0.840,1677.761,0.008,1678.609,1
b698deb4-48c0-44fb-9fb8-86c28fc9ddab.jpg,palm,palm,0.9854,0.840,1677.761,0.008,1678.609,1
a45da862-1ba8-42a4-886a-cbafd0adcf2d.jpg,one,one,0.9887,0.840,1677.761,0.008,1678.609,1
6f7a9edf-2e68-4918-9ebb-06eed27fbc92.jpg,one,one,0.6748,0.840,1677.761,0.008,1678.609,1
87b07b86-687c-4d24-9984-1c8bb3dd0473.jpg,rock,one,0.4865,0.840,1677.761,0.008,1678.609,0
f9980372-abb2-49d6-a660-0172f400636d.jpg,fist,fist,0.8351,0.840,1677.761,0.008,1678.609,1
69b10eca-db33-4ed9-a734-ecb38fa389ad.jpg,others,others,0.5114,0.840,1677.760,0.008,1678.608,1
d37d9091-d5e1-402f-a529-57c867151b63.jpg,others,others,0.9841,0.840,1677.761,0.008,1678.609,1
01354c28-4241-4006-8b96-9908a773ebe6.jpg,one,one,0.3906,0.840,1677.761,0.007,1678.609,1
cef4c2d3-fdc1-4b6e-b492-5d41a0095802.jpg,one,one,0.8859,0.840,1677.761,0.008,1678.609,1
d48aae23-4c78-4a94-a4cd-48ca3d3fc467.jpg,rock,rock,0.9539,0.840,1677.761,0.008,1678.609,1
727aae1e-4814-4e59-afe0-fbf280971b23.jpg,fist,fist,0.7638,0.840,1677.761,0.008,1678.609,1
73892dfa-8af1-472a-b3b4-41e31d73f4d7.jpg,palm,palm,0.9991,0.840,1677.761,0.008,1678.609,1
4fe620a4-de8c-4ab1-aa7a-737c2f04900d.jpg,one,one,0.5380,0.840,1677.761,0.008,1678.609,1
8f660915-33d7-4741-b648-6c5766a063fe.jpg,one,one,0.7210,0.840,1677.761,0.008,1678.609,1
f19ad23e-af11-4d7a-b524-8bfddd27e507.jpg,rock,rock,0.5292,0.840,1677.761,0.008,1678.609,1
e0b359e2-c411-42d3-9308-1b5a2ec83e12.jpg,one,one,0.5747,0.840,1677.761,0.008,1678.609,1
5ba86c4d-dbb0-4e8f-b21e-b7e5d2b78bbf.jpg,fist,fist,1.0000,0.840,1677.761,0.008,1678.609,1
fafb51e0-02b6-4a41-80af-3d6e824598c5.jpg,fist,fist,0.9988,0.840,1677.761,0.008,1678.609,1
df93e7dd-f1c1-4bc7-bc6b-d210707bdc1d.jpg,fist,fist,0.9997,0.840,1677.761,0.008,1678.609,1
925c2244-2161-49de-9627-82cca1e179d8.jpg,others,pinkie,0.4898,0.840,1677.761,0.008,1678.609,0
3c3ed0c0-f61d-4316-a9b3-fe20b38e8688.jpg,others,others,0.7307,0.840,1677.761,0.008,1678.609,1
d035452b-4d48-4a1f-82d9-3aa4956b46a0.jpg,pinkie,pinkie,0.5271,0.840,1677.761,0.008,1678.609,1
ddf3daab-4d85-4da0-b12b-f96b9798345e.jpg,palm,palm,0.9940,0.840,1677.761,0.008,1678.609,1
44b1079a-6e68-43e1-831c-d886cdd7e0e4.jpg,others,others,0.6484,0.840,1677.761,0.008,1678.609,1
0d9575d0-5389-4537-add2-eb2585a029c1.jpg,fist,fist,0.9965,0.840,1677.761,0.008,1678.609,1
1b22e477-c95b-458e-ac6e-122a85b560f4.jpg,rock,rock,0.7741,0.840,1677.761,0.008,1678.609,1
957f7d9b-85a3-4a5c-ad4c-87931f05803c.jpg,palm,palm,0.5417,0.840,1677.761,0.008,1678.609,1
5c15fa9e-c2aa-48ff-b6b5-d17b603b73f5.jpg,one,one,0.9818,0.840,1677.761,0.008,1678.609,1
94e4f988-1a22-4487-977f-0d4cacffe965.jpg,fist,fist,0.9988,0.840,1677.761,0.008,1678.609,1
08b7be99-34fd-4007-b8dc-0e18a94c7b08.jpg,palm,palm,0.9532,0.840,1677.761,0.008,1678.609,1
0cff4263-385e-4293-bd93-15f96b641f2f.jpg,rock,rock,0.9180,0.840,1677.761,0.008,1678.609,1
6f3bb504-511c-4df6-a620-06da1befd05f.jpg,palm,palm,0.8945,0.840,1677.761,0.008,1678.609,1
e0faa41b-0070-4b4a-8c6e-8b2960214386.jpg,pinkie,pinkie,0.6874,0.840,1677.761,0.008,1678.609,1
a25987e8-eb5a-4be6-b489-58ac07697c92.jpg,pinkie,pinkie,0.5961,0.840,1677.761,0.008,1678.609,1
88c893a5-e4e9-498b-95f6-1bcb1cf1eba6.jpg,pinkie,pinkie,0.6672,0.840,1677.761,0.008,1678.609,1
cacfd55d-f32e-4d1e-9f7c-6a05caa95ae6.jpg,palm,palm,0.9985,0.840,1677.760,0.008,1678.609,1
8892499c-3e98-47f5-bce7-5b0ab1ac8bc2.jpg,pinkie,pinkie,0.4372,0.840,1677.761,0.007,1678.609,1
82796721-148f-4318-b606-8d957a7ec368.jpg,fist,fist,0.9238,0.840,1677.761,0.008,1678.608,1
60b20411-7a9b-479d-90b2-ad3a5b55d532.jpg,rock,rock,0.6576,0.840,1677.761,0.008,1678.609,1
139b80dc-4b8e-4eba-969a-303d697e10c3.jpg,pinkie,pinkie,0.8792,0.840,1677.761,0.008,1678.609,1
a0659ad5-57d7-4cc2-89c2-582bbff1a104.jpg,one,pinkie,0.5147,0.840,1677.761,0.008,1678.609,0
ccae396a-6ee7-4163-9fe5-b861932c7db3.jpg,others,others,0.3703,0.840,1677.761,0.008,1678.608,1
6dec059b-30a3-4b3b-bd50-74ed0472231f.jpg,fist,fist,0.9890,0.840,1677.761,0.008,1678.609,1
13acf899-d242-47ae-a686-fd9c5190b4ce.jpg,one,one,0.9702,0.840,1677.761,0.008,1678.609,1
32c62f47-cb6d-4ec3-bc05-15e37a18e528.jpg,others,one,0.4118,0.840,1677.761,0.008,1678.609,0
47390993-0a8f-482c-8b46-86fa62979d55.jpg,others,others,0.6960,0.840,1677.761,0.008,1678.609,1
0b1180a3-276e-45cf-8c0f-6e5573e766e1.jpg,fist,fist,0.9478,0.840,1677.761,0.008,1678.609,1
7b279d63-868e-43dc-848d-66288a33253c.jpg,fist,fist,0.9997,0.840,1677.761,0.008,1678.609,1
1c5baf8f-7950-4520-b34e-880f186c7049.jpg,palm,palm,0.6160,0.840,1677.761,0.008,1678.609,1
460548c6-ce27-4380-bd06-faf9983ac071.jpg,fist,fist,0.9988,0.840,1677.761,0.008,1678.609,1
88317c6c-1426-4264-8eaf-b3768b8e97cf.jpg,palm,palm,0.9258,0.840,1677.761,0.008,1678.609,1
7f2400d3-6d7d-4ab6-8837-cf57803571e8.jpg,one,one,0.8125,0.840,1677.761,0.008,1678.609,1
84606b4a-6716-40c3-9c98-471e35be1bac.jpg,rock,rock,0.9355,0.840,1677.761,0.008,1678.609,1
57ce0a22-1ef7-4eb0-9c95-dbbbe04ee749.jpg,one,one,0.8473,0.840,1677.761,0.008,1678.609,1
804d7b6f-3d84-416b-b917-60cb72ab0fc2.jpg,pinkie,pinkie,0.9149,0.840,1677.761,0.008,1678.609,1
e48127eb-6dc7-4c76-a732-db3f2fa2db8f.jpg,fist,fist,0.6064,0.840,1677.761,0.008,1678.609,1
bdbccb45-4921-431b-929b-eb505ea068bd.jpg,one,one,0.8542,0.840,1677.760,0.008,1678.608,1
3d5009b9-c27d-4829-9761-f4c98f9f4cfd.jpg,one,one,0.7103,0.840,1677.761,0.008,1678.609,1
195b96e3-7598-4645-a4b8-0a935f6f2f88.jpg,pinkie,rock,0.4292,0.840,1677.761,0.007,1678.609,0
1ca4f46e-2418-4bf5-a1da-adeb6693b04a.jpg,pinkie,fist,0.6577,0.840,1677.761,0.008,1678.609,0
68a542df-c7f8-4601-ae8f-9fb82e0e6aef.jpg,rock,rock,0.7949,0.840,1677.761,0.008,1678.609,1
0e19d522-4181-465d-8f08-dce5729e0866.jpg,one,one,0.6289,0.840,1677.761,0.008,1678.608,1
f72a3f34-3b1e-4a87-a25c-9662060e9c1b.jpg,others,others,0.9432,0.840,1677.761,0.008,1678.609,1
e6ef9fac-2f31-4bab-a5f3-c35cf07785ed.jpg,one,one,0.3569,0.840,1677.761,0.008,1678.608,1
c0b42beb-7d69-47ee-a3d0-5bd0f651bbf2.jpg,pinkie,pinkie,0.8806,0.840,1677.761,0.008,1678.609,1
2ed1922b-216f-40fa-903f-864d9e670e03.jpg,one,rock,0.6800,0.840,1677.761,0.008,1678.609,0
9aa4bf96-0c1c-4ea9-be08-66e421573991.jpg,pinkie,pinkie,0.4671,0.840,1677.761,0.008,1678.609,1
08746112-74c5-471f-9b3e-3287c9e7e55d.jpg,fist,fist,0.9971,0.840,1677.761,0.008,1678.609,1
27c95edb-ddec-44df-b356-f49fbefef89e.jpg,others,others,0.4759,0.840,1677.761,0.008,1678.609,1
9f5c91f8-6316-4d7c-b78d-7e9338adc84b.jpg,others,others,0.6785,0.840,1677.761,0.008,1678.609,1
84f9338e-12e7-4c7d-a5c9-9bd172e53ec1.jpg,fist,fist,0.9556,0.840,1677.761,0.008,1678.609,1
0d9575d0-5389-4537-add2-eb2585a029c1.jpg,fist,fist,0.9965,0.840,1677.761,0.008,1678.609,1
e5e04db8-73cc-466c-9144-a9c0abbfa80a.jpg,fist,fist,0.9257,0.840,1677.761,0.008,1678.609,1
a1132735-6850-4a64-8ba0-3a8c1a9d6da3.jpg,others,others,0.9490,0.840,1677.761,0.008,1678.609,1
db6a9ff9-bc66-4862-ac17-ac92a79f9116.jpg,fist,fist,0.9529,0.840,1677.761,0.008,1678.609,1
fa5d680a-ec50-4252-8ad3-f703ff9e6539.jpg,rock,pinkie,0.4764,0.840,1677.761,0.008,1678.609,0
d5efb1e0-6b8d-4e49-bd5b-0f050c84c3c2.jpg,one,one,0.9573,0.840,1677.761,0.008,1678.609,1
1da5275e-c21d-4a77-9b03-c954d618e5df.jpg,one,one,0.9989,0.840,1677.761,0.008,1678.609,1
d074c775-8b77-4d26-b6a4-8f4750065b7e.jpg,rock,rock,0.6345,0.840,1677.761,0.008,1678.609,1
21441d85-03af-46de-8df4-cfe641b5443d.jpg,rock,rock,0.8688,0.840,1677.761,0.008,1678.609,1
4007423f-2bb6-4182-bebe-5ee11f871c8d.jpg,rock,rock,0.4077,0.840,1677.761,0.008,1678.609,1
f518d97e-9429-4ab6-affc-9112b193c379.jpg,one,one,0.9604,0.840,1677.761,0.008,1678.609,1
bc3a6780-5b45-4ced-a644-9541d58162d2.jpg,rock,rock,0.5850,0.840,1677.761,0.008,1678.609,1
a339b102-c6fa-46ef-8bb5-c38085c35f49.jpg,rock,palm,0.3400,0.840,1677.761,0.008,1678.609,0
a1039b7d-0efd-4afc-80c2-33e2cef63433.jpg,rock,rock,0.9580,0.840,1677.761,0.008,1678.609,1
36dc1215-7c4e-4556-9426-cc0df6f64bac.jpg,others,one,0.6044,0.840,1677.761,0.008,1678.609,0
8a7352d5-847f-4a5f-b6d6-6f07961e9162.jpg,rock,rock,0.5545,0.840,1677.761,0.008,1678.609,1
21e4b1c9-8d05-4e7c-b784-52a803f21feb.jpg,fist,fist,0.9994,0.840,1677.761,0.008,1678.609,1
b78e3d71-c4e4-4417-9a89-6d4df4af3f4b.jpg,rock,rock,0.5878,0.840,1677.760,0.008,1678.608,1
90a06fdd-2094-40a6-b88f-3f2e5f1bb8b1.jpg,fist,fist,0.9786,0.840,1677.761,0.008,1678.609,1
6a50a1cf-e578-46f1-9665-d5933804cbc7.jpg,fist,fist,0.9501,0.840,1677.761,0.008,1678.609,1
32b33201-212e-41af-bd18-626c47211f67.jpg,one,one,0.8884,0.840,1677.761,0.008,1678.608,1
35952f74-9c26-4c9d-93cf-0dcf96fa251d.jpg,pinkie,pinkie,0.4822,0.840,1677.761,0.008,1678.609,1
18e74a65-5611-40ba-b9be-fec6550051dc.jpg,one,one,0.6944,0.840,1677.761,0.008,1678.609,1
acf29119-eebd-4c3b-9dc1-38d6d1aaf7e1.jpg,pinkie,others,0.9915,0.840,1677.761,0.008,1678.609,0
23b44304-e372-4449-a425-21e71f197329.jpg,one,one,0.9131,0.840,1677.761,0.008,1678.609,1
fe8b1b2c-7e25-4bf6-9616-f758e9cb47ae.jpg,others,others,0.8766,0.840,1677.761,0.008,1678.609,1
25421e58-ad21-4679-89ee-526362eb4539.jpg,fist,fist,0.9939,0.840,1677.761,0.008,1678.609,1
eb9f56fc-a6af-4285-a9b3-7624c35e3572.jpg,rock,rock,0.8017,0.840,1677.761,0.008,1678.609,1
d574503a-0a2a-420c-8a7b-9ae8d271935d.jpg,rock,rock,0.6150,0.840,1677.761,0.008,1678.609,1
11c44875-a039-481e-b6df-d0e2757823ba.jpg,palm,palm,0.9793,0.840,1677.761,0.008,1678.609,1
1c20646a-f31b-49c0-be7e-8853f33ad8a5.jpg,one,fist,0.5132,0.840,1677.761,0.008,1678.609,0
2a3b7974-7db9-49ae-ad87-4850b229ce04.jpg,fist,fist,0.9892,0.840,1677.761,0.008,1678.609,1
cdf3892d-bda3-4314-8afa-495cf63ec69a.jpg,one,one,0.7893,0.840,1677.761,0.008,1678.609,1
6d6e8305-f79c-4611-84ab-c22166ef780a.jpg,pinkie,one,0.4516,0.840,1677.761,0.008,1678.609,0
ae03d74e-952b-4eb4-b83b-496bace32399.jpg,others,palm,0.6729,0.840,1677.761,0.008,1678.609,0
e81ac2a8-0046-4aa4-933c-4594d1b617f9.jpg,pinkie,rock,0.4482,0.840,1677.761,0.008,1678.609,0
443271fe-36f9-426a-b694-c10e92f6cfca.jpg,others,others,0.6418,0.840,1677.761,0.008,1678.609,1
41717b4a-3546-4c3f-ab85-4576118ae79a.jpg,pinkie,fist,0.4457,0.840,1677.760,0.008,1678.608,0
a9952b51-ae2c-4648-b8aa-842bc6032771.jpg,others,one,0.6176,0.840,1677.761,0.008,1678.609,0
eb020072-da39-4aaa-a83a-d16596a59db7.jpg,others,palm,0.9011,0.840,1677.760,0.008,1678.609,0
fa62bf91-98f6-45d6-bcd8-9898646e67c6.jpg,palm,palm,0.9852,0.840,1677.761,0.008,1678.609,1
c6485427-fa1e-4864-98eb-e44bfa2ec38f.jpg,rock,rock,0.5211,0.840,1677.761,0.008,1678.609,1
792b3fca-b6df-41ab-9228-4dfdb8eef07a.jpg,palm,palm,0.8149,0.840,1677.761,0.008,1678.609,1
91788e00-77dd-4b1f-ab1e-fab399ac09c0.jpg,rock,rock,0.9733,0.840,1677.761,0.008,1678.609,1
613d0608-c1be-4cef-a3d2-81ca9c2a072e.jpg,fist,fist,0.9991,0.840,1677.761,0.008,1678.609,1
59bd14d9-d242-48d6-afc1-fec4edae4fd2.jpg,palm,palm,0.9337,0.840,1677.761,0.008,1678.609,1
e9ce3ecd-59f5-4340-8c54-b76eb0a66a39.jpg,pinkie,pinkie,0.9667,0.840,1677.761,0.008,1678.609,1
e227de6d-8b4e-4bd8-9cc5-5f475991e659.jpg,pinkie,pinkie,0.5115,0.840,1677.761,0.008,1678.609,1
5d21306b-fb47-47d8-8c25-a6dabe1274dc.jpg,fist,fist,0.9956,0.840,1677.761,0.008,1678.609,1
213ccfb2-ae29-48ef-bad6-bdc513d2123b.jpg,rock,palm,0.4122,0.840,1677.761,0.007,1678.609,0
d9d02c9f-a7b1-483c-8043-ad18bd921fbd.jpg,fist,fist,0.9705,0.840,1677.761,0.008,1678.609,1
3c3dd005-a5df-4231-973b-c934018d1ccf.jpg,one,one,0.8521,0.840,1677.761,0.008,1678.608,1
62c67087-f9f2-48ec-8663-86b455e0d902.jpg,rock,rock,0.4678,0.840,1677.761,0.008,1678.609,1
dc90eb71-20fa-4f83-8324-47a02d343b3a.jpg,rock,rock,0.9958,0.840,1677.761,0.008,1678.608,1
35f7feb1-a77c-4c5c-beca-06c7614ea97a.jpg,others,fist,0.6163,0.840,1677.761,0.008,1678.609,0
8ab773f7-d941-40d4-be3d-6e711f9f788b.jpg,one,others,0.5434,0.840,1677.761,0.008,1678.609,0
7e88619f-14d1-41a0-893a-0b229bc42e4b.jpg,rock,rock,0.4740,0.840,1677.761,0.008,1678.609,1
1039f136-c95b-4134-97df-a98e12e06459.jpg,one,fist,0.5142,0.840,1677.761,0.008,1678.609,0
0b04c08e-b887-4615-beab-51af88afe310.jpg,fist,fist,0.8613,0.840,1677.761,0.008,1678.609,1
fbfe3513-1816-487d-8f5a-ef439fecead2.jpg,rock,rock,0.4983,0.840,1677.761,0.008,1678.609,1
4f6f3c81-f47d-4199-bbec-fe522be544a1.jpg,palm,palm,0.9107,0.840,1677.761,0.008,1678.609,1
45cfddef-eefa-4c5e-ab4f-bf6799bff9f2.jpg,palm,palm,0.9967,0.840,1677.760,0.008,1678.609,1
44010400-7d7f-41f9-8786-9848fbb823b0.jpg,fist,fist,1.0000,0.840,1677.761,0.008,1678.609,1
00fc28ac-f128-4af7-843a-98b43eb981e9.jpg,fist,fist,0.9864,0.840,1677.761,0.008,1678.609,1
4f7bbb6e-014b-43e3-a76a-d5b4694fdcdd.jpg,one,one,0.5809,0.840,1677.761,0.008,1678.609,1
aa79d1d0-4db5-4d14-8f64-d92844d13bf1.jpg,rock,rock,0.8221,0.840,1677.761,0.008,1678.609,1
f9c463dd-397e-4671-8a9e-99de29e78562.jpg,rock,rock,0.7188,0.840,1677.761,0.008,1678.609,1
d4332628-94df-412b-b576-0b0e5a26d0c7.jpg,palm,palm,0.6083,0.840,1677.761,0.008,1678.609,1
f97f749b-66e2-418f-beff-e47e080238fb.jpg,fist,fist,0.8232,0.840,1677.761,0.008,1678.610,1
2afb50bf-82fe-4b2b-ba7d-5d697a2fd086.jpg,others,fist,0.3821,0.840,1677.761,0.008,1678.609,0
d9d49d7a-38ff-4c76-9ae5-35b5f2a87bb7.jpg,one,one,0.5179,0.840,1677.761,0.008,1678.609,1
da01442d-ebd1-4b93-992c-cb0adacfae8a.jpg,rock,rock,0.6395,0.840,1677.761,0.008,1678.609,1
8453b6cd-a5a1-48c5-8d40-444d34716ac5.jpg,fist,fist,0.9908,0.840,1677.761,0.008,1678.609,1
1cc6086c-684a-4a24-81a4-1b39499a72da.jpg,rock,rock,0.6830,0.840,1677.762,0.008,1678.610,1
fbd27987-39c1-45f4-ac7f-72daba8d19a1.jpg,palm,palm,0.9801,0.840,1677.761,0.008,1678.609,1
9b47d2a5-273b-4878-bfa7-ca789accb66b.jpg,palm,palm,0.9924,0.840,1677.761,0.008,1678.610,1
85098fee-ebce-4b24-b50e-58aebf7be12b.jpg,pinkie,pinkie,0.8046,0.840,1677.761,0.008,1678.609,1
183eddfb-bd34-4b46-b315-a89cffd7c591.jpg,pinkie,others,0.3403,0.840,1677.761,0.007,1678.609,0
b8632f1e-d34d-4c6b-9b75-ce036a2a3c02.jpg,fist,fist,0.9917,0.840,1677.760,0.008,1678.608,1
c094719e-c90d-40e4-89c5-7d259f3174a7.jpg,one,one,0.5988,0.840,1677.761,0.008,1678.609,1
8652c23a-13c2-4725-bd5d-3d06ae27270f.jpg,palm,palm,0.9753,0.840,1677.761,0.008,1678.609,1
9838959b-8a19-41fd-af2a-c6afbfd670ad.jpg,fist,fist,0.9641,0.840,1677.761,0.008,1678.609,1
1eb5d491-b842-44db-9dab-de5af09d1be9.jpg,others,one,0.4471,0.840,1677.761,0.008,1678.609,0
95a0975f-63a2-439b-b53a-3396db167c5f.jpg,palm,palm,0.6793,0.840,1677.761,0.008,1678.609,1
4f91fa28-dd30-43f8-a9af-19820ea996eb.jpg,palm,palm,0.9492,0.840,1677.761,0.008,1678.609,1
f98b21fc-b216-43ac-a461-3096bfe85df1.jpg,one,one,0.3854,0.840,1677.761,0.008,1678.609,1
07f97753-6dad-47f1-b388-52deee06ab2d.jpg,rock,one,0.5360,0.840,1677.761,0.008,1678.609,0
2010d02e-2989-4656-bb28-f70a7c9b965f.jpg,pinkie,pinkie,0.3081,0.840,1677.761,0.008,1678.609,1
43e85ac5-cbdd-4ca8-93b4-bf10774a0ddd.jpg,fist,fist,0.9913,0.840,1677.762,0.008,1678.610,1
b4c58e06-7f77-4e8a-8fc6-e6356f591c86.jpg,others,others,0.7130,0.840,1677.761,0.008,1678.609,1
4f657605-a5ce-4873-bad2-a626746e28d0.jpg,others,fist,0.4022,0.840,1677.761,0.008,1678.609,0
4c3c180e-f19f-47c9-bb58-b72a6f99996f.jpg,one,one,0.8010,0.840,1677.761,0.008,1678.609,1
58ba0644-053a-4927-831e-bbd5bc0a0f8a.jpg,one,one,0.7783,0.840,1677.761,0.008,1678.609,1
b2c89d93-81b9-42e2-bfa4-769e072ead26.jpg,fist,fist,0.6433,0.840,1677.761,0.008,1678.609,1
fb46ec07-2a24-4ad9-a9cb-b90bce4a8def.jpg,rock,rock,0.6039,0.840,1677.761,0.008,1678.609,1
6e285a3a-8ea8-441e-acb2-fcea7c1853e7.jpg,fist,fist,0.9604,0.840,1677.761,0.008,1678.609,1
20584cd6-5f61-448f-811c-ae06b8b0baa2.jpg,rock,rock,0.4639,0.840,1677.762,0.008,1678.609,1
9c4d156f-a1fb-456e-94aa-adf7ba430f40.jpg,pinkie,pinkie,0.5332,0.840,1677.760,0.008,1678.608,1
f249a74c-4aa0-439b-93d8-2114a93cb37c.jpg,rock,rock,0.9807,0.840,1677.761,0.008,1678.609,1
e8a9ece5-2931-4093-a0bb-9503bd63ea42.jpg,fist,fist,0.9367,0.840,1677.761,0.008,1678.609,1
95bc652e-c55d-42ee-a0e0-29afd9b655fd.jpg,palm,palm,0.9952,0.840,1677.761,0.008,1678.609,1
781fe150-cf9e-47a5-93cb-341ba9c92dc7.jpg,others,others,0.7219,0.840,1677.761,0.008,1678.609,1
eac94260-d0a6-47fa-96e5-02add64f9383.jpg,others,palm,0.6987,0.840,1677.761,0.008,1678.609,0
4241959d-4d0f-44d3-8fdc-b549228b14c1.jpg,palm,palm,0.8877,0.840,1677.761,0.008,1678.609,1
c94aad66-c927-4f15-96d2-6e3200e7e9e1.jpg,fist,one,0.4917,0.840,1677.761,0.008,1678.609,0
90b6b788-d034-4c15-a5c2-99a09537385d.jpg,one,one,0.9160,0.840,1677.761,0.008,1678.609,1
0513d729-a390-44e0-bdfc-3fd14d046be6.jpg,rock,others,0.4614,0.840,1677.761,0.008,1678.609,0
bc3e841e-2020-4443-b2bf-e64d136d366e.jpg,one,one,0.4311,0.840,1677.760,0.008,1678.608,1
eaac368b-5fad-4db6-a7ea-5871f166cde1.jpg,fist,fist,0.9954,0.840,1677.761,0.008,1678.609,1
93db6998-88bd-4157-bf31-b4615242ad37.jpg,fist,fist,0.9896,0.840,1677.761,0.008,1678.609,1
fbf620f4-9c9e-4b2b-9a51-57d95e778749.jpg,others,palm,0.6963,0.840,1677.761,0.008,1678.609,0
6aad9eeb-c021-4ed8-9ab8-118619b75bf1.jpg,palm,palm,0.9617,0.840,1677.761,0.008,1678.609,1
ecd37ddb-8a14-4ac4-bfa9-6e6006f8acb4.jpg,others,others,0.6904,0.840,1677.761,0.008,1678.609,1
054de567-ad5c-4cb2-9ee2-ffbb6f74cdea.jpg,rock,rock,0.9950,0.840,1677.761,0.008,1678.609,1
9d601657-8df1-47ca-871a-7f10e08b8e82.jpg,pinkie,pinkie,0.9636,0.840,1677.761,0.008,1678.609,1
dba88b2d-19b8-4a76-85a5-42a32de8cb57.jpg,others,others,0.9274,0.840,1677.761,0.008,1678.609,1
b8c66449-0397-4bd0-b788-f89d0b59cad9.jpg,others,fist,0.3847,0.840,1677.761,0.008,1678.609,0
d8abc46f-227c-4b7e-804e-2b28ad8d4b1e.jpg,rock,rock,0.8639,0.840,1677.761,0.008,1678.609,1
2e41a46e-0543-403d-b123-b7f3001a8edb.jpg,palm,palm,0.9909,0.840,1677.761,0.008,1678.609,1
cebe93c3-691c-42d3-ad44-6dd88314d781.jpg,others,others,0.9381,0.840,1677.761,0.008,1678.609,1
9e42456d-85bd-4691-a866-420368dcd5f9.jpg,pinkie,pinkie,0.7621,0.840,1677.761,0.008,1678.609,1
d46597a1-e91c-40b1-a81e-71c25dae3bda.jpg,others,others,0.5226,0.840,1677.762,0.008,1678.610,1
f53a2766-e384-4298-8faf-2b51d3b96f8c.jpg,one,one,0.8388,0.840,1677.761,0.008,1678.609,1
88f5e9f6-ee59-41a5-a0e8-74b81819e71f.jpg,rock,rock,0.4543,0.840,1677.761,0.008,1678.609,1
d6e38ca8-1f32-4533-98b8-c233bf1e4aeb.jpg,fist,fist,0.9975,0.840,1677.761,0.008,1678.609,1
b28a3bf1-d9ed-4464-be6d-38f90a793f55.jpg,others,one,0.4171,0.840,1677.761,0.008,1678.609,0
be0cdfed-4c41-40f6-80f7-db721c53e09a.jpg,rock,rock,0.5239,0.840,1677.761,0.008,1678.609,1
2d5dbe86-3fca-4ed3-a56a-825b3f449f44.jpg,others,palm,0.7709,0.840,1677.761,0.008,1678.609,0
e5e3bfb2-00a9-44df-901d-ca96facf7e1a.jpg,palm,palm,0.9665,0.840,1677.761,0.008,1678.609,1
0966c476-e547-4ada-b343-e86aa14c29d7.jpg,palm,palm,0.9591,0.840,1677.761,0.008,1678.609,1
e11a0d25-8a53-4684-8528-46abd0cc2a54.jpg,rock,rock,0.7323,0.840,1677.761,0.008,1678.609,1
fb4aafc4-e10b-4b2d-9ce2-82c198e6e2dc.jpg,one,pinkie,0.4164,0.840,1677.761,0.008,1678.609,0
0d127d72-c716-4584-83bf-1af51061ecff.jpg,one,one,0.5145,0.840,1677.761,0.008,1678.610,1
a7704562-e8a1-424b-8349-c92e627a075f.jpg,palm,palm,0.6164,0.840,1677.761,0.008,1678.609,1
7b01e20f-03c9-4eaf-abcf-588914538351.jpg,pinkie,fist,0.6000,0.840,1677.761,0.008,1678.609,0
ed9840d4-9b71-46c2-b7dd-1918f972ae48.jpg,rock,one,0.3329,0.840,1677.761,0.008,1678.608,0
202cf44e-0634-4d50-ae93-923878237ad3.jpg,pinkie,pinkie,0.8410,0.840,1677.761,0.008,1678.609,1
4b077b4a-906b-4e06-8ed7-0582c0c06bb9.jpg,fist,fist,0.5608,0.840,1677.761,0.008,1678.609,1
c5dc3bdd-9934-406b-927f-c6801aed79d0.jpg,one,one,0.3040,0.840,1677.761,0.007,1678.608,1
7525f550-d4d7-4818-8efc-6472262867d3.jpg,one,one,0.6640,0.840,1677.761,0.008,1678.609,1
6f6229c5-ae32-42ff-981a-3beef2534def.jpg,one,one,0.6696,0.840,1677.761,0.008,1678.609,1
b568d19c-6f36-4a78-bf7f-9be42e7e09e4.jpg,others,others,0.9154,0.840,1677.761,0.008,1678.609,1
8ef4077b-a283-4086-8c57-964770c46a63.jpg,palm,palm,0.7206,0.840,1677.761,0.008,1678.609,1
3e33ce5a-79bf-4e59-8d8d-4583d5ab3959.jpg,others,rock,0.8146,0.840,1677.761,0.008,1678.609,0
86c0ad53-2026-44ae-a7d9-fdfe06c6bea1.jpg,one,one,0.6772,0.840,1677.761,0.008,1678.609,1
c3fe4aa3-8058-4f78-8daa-54da574825d6.jpg,one,one,0.9411,0.840,1677.761,0.008,1678.609,1
62206b36-e7b2-4cd6-b640-aff1d144114e.jpg,rock,rock,0.6717,0.840,1677.761,0.008,1678.609,1
86539002-68c0-429c-80b2-9945c7388fcf.jpg,rock,rock,0.9527,0.840,1677.761,0.008,1678.609,1
f7c1f0f0-3a86-4c5c-8846-4f0fdfcdaf01.jpg,others,others,0.8892,0.840,1677.761,0.008,1678.609,1
283069d0-9fd0-4b04-92ef-a7364ed47909.jpg,palm,palm,0.9750,0.840,1677.760,0.008,1678.608,1
7649f87a-f6a7-4b4c-972d-fa82c91eb1cb.jpg,pinkie,pinkie,0.4900,0.840,1677.761,0.008,1678.608,1
da7f4bd1-ddc9-42bf-9f16-17e70f0a9003.jpg,rock,rock,0.9650,0.840,1677.761,0.008,1678.609,1
20c355eb-3c0a-4605-9572-308046adcb71.jpg,fist,fist,0.9899,0.840,1677.762,0.008,1678.610,1
16e974ca-08aa-44b4-82fb-c2d176407f61.jpg,one,one,0.6695,0.840,1677.761,0.008,1678.609,1
cb4cbc50-9707-4826-ba14-a4db9f3703e4.jpg,fist,fist,0.9999,0.840,1677.761,0.008,1678.609,1
13e0fe9c-2706-49cc-873c-f89e2c3146aa.jpg,rock,rock,0.8335,0.840,1677.761,0.008,1678.609,1
f8cab278-0e30-4b94-83cc-047829f432bc.jpg,fist,fist,0.9306,0.840,1677.761,0.008,1678.609,1
c8f8a55c-7a8c-4747-8240-5fdf0231973b.jpg,rock,rock,0.9907,0.840,1677.760,0.008,1678.609,1
7446564e-30e9-4e08-bbe2-db8a40c53f13.jpg,palm,palm,0.9131,0.840,1677.761,0.008,1678.609,1
19df5c71-22a6-404d-b908-4640d618b9bf.jpg,fist,fist,0.6769,0.840,1677.761,0.008,1678.609,1
4fee9d19-ae7f-452d-b295-0efdb3850b3f.jpg,pinkie,others,0.6510,0.840,1677.761,0.008,1678.609,0
8a1cc534-d0fc-4a65-bae5-bd9e026975e7.jpg,others,others,0.8704,0.840,1677.760,0.008,1678.609,1
8ca0e2fa-1adb-46cb-a79c-33c130e30876.jpg,rock,rock,0.8699,0.840,1677.761,0.008,1678.609,1
8e4e6c6b-009e-44f4-856b-8548ab80280b.jpg,one,one,0.9763,0.840,1677.761,0.008,1678.610,1
70c8579c-3e96-490a-995e-822f19bcecba.jpg,fist,fist,0.9647,0.840,1677.761,0.008,1678.609,1
63e6a8e9-5b40-4e7e-92f6-07d40829d8ec.jpg,fist,fist,0.9874,0.840,1677.761,0.008,1678.609,1
32eaa748-4721-4d4c-8f3e-938281c0418c.jpg,rock,fist,0.3048,0.840,1677.761,0.007,1678.608,0
2a98be62-3820-4163-b7aa-ee7ccd5e6384.jpg,rock,rock,0.2775,0.840,1677.761,0.007,1678.608,1
1df35b27-f9f2-4e4f-8054-b6458615b15c.jpg,fist,fist,0.9644,0.840,1677.761,0.008,1678.609,1
1be8b13e-def3-4034-8645-7af0d3cd8fca.jpg,others,others,0.4661,0.840,1677.761,0.008,1678.609,1
e49b96c1-8d07-4b25-91cf-e39fadee7444.jpg,fist,fist,0.9867,0.840,1677.761,0.008,1678.609,1
ed6eb5ce-aeef-473e-9812-38a7181454c5.jpg,others,others,0.9071,0.840,1677.761,0.008,1678.608,1
67d35acb-b534-49da-a0dc-4c36f536af10.jpg,pinkie,one,0.4152,0.840,1677.761,0.008,1678.609,0
d4e38dae-3e80-4af0-8d7b-b3fdb3c63e47.jpg,others,fist,0.4808,0.840,1677.761,0.008,1678.609,0
f96311c1-d3d3-4853-ab97-4b74cbce1f12.jpg,pinkie,pinkie,0.4710,0.840,1677.760,0.008,1678.608,1
631950ae-7917-407f-969c-9c232cc01d5f.jpg,one,one,0.9553,0.840,1677.761,0.008,1678.609,1
c2824f0d-b929-438b-90c5-2c4d8429c458.jpg,pinkie,fist,0.5427,0.840,1677.761,0.008,1678.609,0
191a7d7c-fd67-43a1-8a91-0a8a1575f50b.jpg,palm,palm,0.7876,0.840,1677.761,0.008,1678.609,1
548c3703-ab04-4a00-8b77-78f99cfa6383.jpg,pinkie,one,0.6161,0.840,1677.761,0.008,1678.609,0
a4a081a0-2cd0-4705-9c22-7d43b54df078.jpg,fist,fist,0.8896,0.840,1677.760,0.008,1678.608,1
fba76f49-a608-4211-8dc7-f41cd45765b1.jpg,palm,palm,0.9536,0.840,1677.761,0.008,1678.610,1
e4038f2a-d58d-4d7e-9411-1cf06d1e9a65.jpg,rock,rock,0.8406,0.840,1677.761,0.008,1678.609,1
3789e219-87c0-40d6-92bb-41ddda96002a.jpg,palm,palm,0.8721,0.840,1677.761,0.008,1678.609,1
58ba0644-053a-4927-831e-bbd5bc0a0f8a.jpg,one,one,0.7783,0.840,1677.761,0.008,1678.609,1
589f4828-cf3b-4def-aa80-871b2eff3902.jpg,pinkie,pinkie,0.7907,0.840,1677.761,0.008,1678.609,1
694c6d54-26f6-42d9-85d0-0076dd611815.jpg,rock,rock,0.8549,0.840,1677.761,0.008,1678.609,1
f45fcb43-2f88-42bd-bf33-f1e0ff1fe94f.jpg,palm,palm,0.4572,0.840,1677.761,0.008,1678.609,1
f433d4ff-1bb1-4da1-8871-b5967e987b03.jpg,rock,rock,0.9464,0.840,1677.761,0.008,1678.609,1
1952b324-e4e3-4687-896f-d1071a2b41c0.jpg,pinkie,pinkie,0.7783,0.840,1677.761,0.008,1678.609,1
9841a0e1-f382-49ec-a766-5888ceddc1b7.jpg,rock,rock,0.5825,0.840,1677.761,0.008,1678.609,1
d15a00c6-c362-4954-b052-a8380470de75.jpg,pinkie,pinkie,0.8822,0.840,1677.761,0.008,1678.609,1
4148f4ce-7a2d-44ac-9b64-3db8324db439.jpg,fist,fist,0.7167,0.840,1677.761,0.008,1678.609,1
74d9f43d-d1a7-4eb2-b5c4-8c326195bc7d.jpg,rock,one,0.4051,0.840,1677.761,0.008,1678.609,0
d924e0a0-54a9-4e61-802c-01e7251281dc.jpg,pinkie,one,0.2509,0.840,1677.760,0.007,1678.608,0
32bce10b-7c91-4650-a0d7-ece993eb4dee.jpg,rock,pinkie,0.3022,0.840,1677.762,0.007,1678.609,0
23f1573c-8e99-4757-bd71-d2ca57249760.jpg,one,fist,0.6339,0.840,1677.761,0.008,1678.609,0
4fa82b6e-a96e-4a8f-a12c-79b3ab8a280a.jpg,fist,fist,0.9753,0.840,1677.761,0.008,1678.609,1
b79e923f-754a-42b0-b904-e919032822e2.jpg,one,one,0.8387,0.840,1677.761,0.008,1678.609,1
d2c3ce8a-511f-4b6c-9660-70f28ad0f46e.jpg,palm,palm,0.7648,0.840,1677.761,0.008,1678.609,1
2eadbd2f-7944-4eee-9592-8d4919906661.jpg,rock,rock,0.9675,0.840,1677.762,0.008,1678.610,1
938722d3-4298-4a18-a719-2a6da15e8350.jpg,fist,fist,0.9459,0.840,1677.761,0.008,1678.608,1
4a7871bf-7256-4806-98a1-643430a7f2aa.jpg,pinkie,pinkie,0.4054,0.840,1677.761,0.008,1678.609,1
c15f7b5e-8bb1-4e83-a987-981aa62f8046.jpg,fist,fist,0.9263,0.840,1677.761,0.008,1678.609,1
2cbb4499-01de-4c5f-b999-02d71f106ba0.jpg,rock,rock,0.2903,0.840,1677.761,0.007,1678.608,1
38818a12-605e-4370-a3a4-f15e55346071.jpg,palm,palm,0.9990,0.840,1677.761,0.008,1678.609,1
7739afa3-62c1-4b91-b961-1bcb6b971dae.jpg,fist,fist,0.4333,0.840,1677.761,0.008,1678.609,1
9ca8df75-474a-4578-98ac-3f54905efa99.jpg,palm,palm,0.9806,0.840,1677.761,0.008,1678.609,1
1461b8b4-499a-43eb-90df-a3b71cbe70f7.jpg,one,one,0.6827,0.840,1677.761,0.008,1678.609,1
3fb1610e-6279-4ed4-820d-ec031ce3ce52.jpg,pinkie,others,0.5990,0.840,1677.761,0.008,1678.609,0
ae16cbc4-3164-47b7-9000-921cc99a231c.jpg,rock,one,0.5555,0.840,1677.761,0.008,1678.609,0
f9595822-03cd-4414-9e45-93bb134a1e60.jpg,pinkie,rock,0.6874,0.840,1677.761,0.008,1678.609,0
f90434f5-318b-404e-9b8d-282e950db01a.jpg,fist,fist,0.9999,0.840,1677.761,0.008,1678.609,1
98f2426a-7d2f-4ae5-b26e-68d1d0b806d8.jpg,one,one,0.9148,0.840,1677.761,0.008,1678.609,1
8d84207f-43b3-4933-a1ab-9b02442849be.jpg,others,others,0.7540,0.840,1677.761,0.008,1678.609,1
3823cfed-3c38-41a4-bacf-5d421c9fe9c2.jpg,others,others,0.8247,0.840,1677.761,0.008,1678.609,1
135c6ff8-5a61-48e9-ab71-5c9db553615a.jpg,fist,fist,0.9967,0.840,1677.761,0.008,1678.609,1
d2f1dead-7faa-430f-b928-559c9a83f922.jpg,others,others,0.9143,0.840,1677.761,0.008,1678.609,1
43001614-2ff6-417e-8396-0ff2b8574e21.jpg,pinkie,rock,0.3397,0.840,1677.761,0.007,1678.609,0
8578ccdb-7574-48cb-bc5b-59eda672d51a.jpg,fist,fist,0.9853,0.840,1677.761,0.008,1678.609,1
60241a1f-5d7b-40a6-a87b-5d13080678f7.jpg,palm,fist,0.3960,0.840,1677.761,0.008,1678.609,0
e49b96c1-8d07-4b25-91cf-e39fadee7444.jpg,fist,fist,0.9867,0.840,1677.761,0.008,1678.609,1
8ca0e2fa-1adb-46cb-a79c-33c130e30876.jpg,rock,rock,0.8699,0.840,1677.761,0.008,1678.609,1
6f2e9211-8829-404d-8b9f-68384d552c1f.jpg,pinkie,rock,0.3149,0.840,1677.761,0.007,1678.608,0
b2390e36-f8de-4e53-846f-3327e05c494f.jpg,fist,fist,0.9713,0.840,1677.761,0.008,1678.609,1
366f540e-bd9b-42b7-9256-4add59db0d8c.jpg,rock,rock,0.9812,0.840,1677.761,0.008,1678.609,1
d2364b01-676b-449a-b1dc-b4e25ca1c1de.jpg,rock,rock,0.5107,0.840,1677.760,0.008,1678.608,1
f5c44d31-6b1e-4a03-a455-0fcca3bd451a.jpg,palm,palm,0.9966,0.840,1677.761,0.008,1678.609,1
3c0f0454-f951-4eac-b274-f9bdbc3f03d0.jpg,one,one,0.9777,0.840,1677.761,0.008,1678.609,1
b888c01b-264a-4c8b-bdc3-5aa5f5241697.jpg,rock,rock,0.7425,0.840,1677.762,0.008,1678.610,1
14475b6c-24d9-4ad1-9ed1-bbc80c50a737.jpg,pinkie,pinkie,0.9641,0.840,1677.761,0.008,1678.609,1
28658862-3922-4508-9b6d-6fff8d3eab64.jpg,fist,fist,0.8647,0.840,1677.761,0.008,1678.609,1
bad65a26-ffe3-400c-b948-fb29edba0dce.jpg,one,rock,0.5596,0.840,1677.761,0.008,1678.609,0
4fcca94b-6fd2-4c5b-a6a9-5947b50e161e.jpg,pinkie,pinkie,0.8993,0.840,1677.761,0.008,1678.609,1
2a918924-ac93-4dc5-bccf-0495bfafadb3.jpg,pinkie,pinkie,0.9605,0.840,1677.761,0.008,1678.609,1
6531ca92-5be3-4963-89cd-bcd0727d2586.jpg,fist,fist,0.9164,0.840,1677.761,0.008,1678.609,1
5361134d-74d3-49f4-9b0b-f8203e07937e.jpg,one,one,0.6501,0.840,1677.761,0.008,1678.609,1
96e3f8d9-4be8-433d-903c-bc668ccf2430.jpg,others,one,0.4567,0.840,1677.761,0.007,1678.609,0
6be1826f-4400-4810-b4d7-d6add62dbceb.jpg,one,one,0.8495,0.840,1677.761,0.008,1678.609,1
e4b8a717-b79e-43fe-8b1e-e7091659c1fe.jpg,fist,fist,0.9997,0.840,1677.761,0.008,1678.609,1
9c54a4c4-88d4-436f-a241-5a9b10b1202a.jpg,one,one,0.3489,0.840,1677.761,0.007,1678.608,1
bfd84ac1-a6a1-4208-9f2c-f35270c3894e.jpg,others,palm,0.7059,0.840,1677.761,0.008,1678.609,0
5a193f23-76a0-4027-8f1b-c90641ae4b37.jpg,fist,fist,0.7772,0.840,1677.761,0.008,1678.608,1
e5879ffd-8b5d-4ede-b7f9-edb5e1ca46c7.jpg,others,palm,0.3356,0.840,1677.761,0.007,1678.608,0
6dd80022-21bf-45ce-9692-50ca3ab5cc9c.jpg,rock,rock,0.8862,0.840,1677.761,0.008,1678.609,1
b956524c-8c8f-4e24-9209-a46de5fafd15.jpg,fist,fist,0.6405,0.840,1677.761,0.008,1678.609,1
f636d4be-b098-4b55-8bea-602ff6d4c89b.jpg,rock,rock,0.3083,0.840,1677.761,0.007,1678.609,1
18584def-593a-4072-960d-abea47378b29.jpg,fist,fist,0.9966,0.840,1677.761,0.008,1678.609,1
17b5081e-552f-4e26-90e2-c67403b5f5b8.jpg,fist,fist,0.8325,0.840,1677.761,0.008,1678.609,1
e39b1c0e-731d-4eaf-8b3b-7d554f3cc43b.jpg,one,one,0.3013,0.840,1677.761,0.007,1678.608,1
abf30542-33d5-4369-ac2e-9bb1a0c04381.jpg,others,palm,0.7014,0.840,1677.761,0.008,1678.609,0
8ccd0e03-db27-47cb-98c6-7cfcf21dd015.jpg,others,others,0.6002,0.840,1677.761,0.008,1678.609,1
b6f46741-ad1c-4249-9074-80f90d04e450.jpg,palm,palm,0.9990,0.840,1677.761,0.008,1678.609,1
f08ce9db-2f88-4819-8c57-d733f27a4fdc.jpg,one,one,0.6705,0.840,1677.761,0.008,1678.609,1
922d9770-b840-4a93-9e83-ad48e55a5fca.jpg,pinkie,pinkie,0.9730,0.840,1677.761,0.008,1678.609,1
67b2d8a7-5113-4d5a-b93d-5b7ed7d1d43e.jpg,one,one,0.9933,0.840,1677.761,0.008,1678.608,1
e3c48535-271d-4ae3-bde0-8aeb99a31f08.jpg,fist,fist,0.9981,0.840,1677.761,0.008,1678.609,1
810f9122-10d6-4c4e-9254-af7e9a2b744e.jpg,pinkie,pinkie,0.8820,0.840,1677.761,0.008,1678.609,1
700aa159-d646-4111-ada1-772b339420cd.jpg,palm,others,0.5163,0.840,1677.761,0.008,1678.609,0
f07c9cc1-dd11-48f2-8992-d5ab5a29a100.jpg,one,one,0.8766,0.840,1677.761,0.008,1678.609,1
b6bb1505-22c3-4e17-af6d-59b0fe2a8b34.jpg,palm,palm,0.9888,0.840,1677.761,0.008,1678.609,1
3f539257-ae49-4e84-9448-a5d4586660b1.jpg,palm,palm,0.8877,0.840,1677.761,0.008,1678.609,1
bbfa6549-dc04-4285-8513-d3b37e6ec6d3.jpg,others,palm,0.8377,0.840,1677.761,0.008,1678.609,0
772b1297-d672-4b38-a296-054c0a8e0fa1.jpg,one,one,0.8329,0.840,1677.761,0.008,1678.609,1
e653c211-5be9-49fc-95d0-352c17b39e3f.jpg,others,others,0.4931,0.840,1677.761,0.008,1678.609,1
8c722cc7-8e95-4e65-9aac-fd517ef095ef.jpg,one,one,0.5853,0.840,1677.761,0.008,1678.609,1
c77b6de7-0f1e-4e54-be49-574c7e964854.jpg,rock,others,0.4784,0.840,1677.761,0.008,1678.609,0
f4ca69fb-2428-42f0-9bd2-89cee8e89f34.jpg,one,one,0.9763,0.840,1677.761,0.008,1678.609,1
3740141d-92ec-4c03-b1ed-637d9988d25c.jpg,one,one,0.8210,0.840,1677.761,0.008,1678.609,1
fc4da75a-c092-44cf-8368-3529cd3a4df9.jpg,palm,palm,0.8342,0.840,1677.761,0.008,1678.609,1
ff339898-7f99-46b2-b2c9-bfc600d792a9.jpg,rock,rock,0.3123,0.840,1677.761,0.007,1678.609,1
b9a5bc4c-bf0b-450f-a43b-a47f70681f76.jpg,pinkie,rock,0.5472,0.840,1677.761,0.008,1678.609,0
19b321ab-487e-4d2b-a819-48ce133b4942.jpg,others,others,0.8496,0.840,1677.761,0.008,1678.608,1
c0f5b394-9bd6-4c51-ad1d-d6a7e6bdb4f6.jpg,one,one,0.9742,0.840,1677.761,0.008,1678.609,1
f85cbc31-96f9-4a9c-a39a-728f95a58071.jpg,pinkie,pinkie,0.8371,0.840,1677.761,0.008,1678.609,1
07a16e2c-0690-4c88-8485-cad383d0aabc.jpg,palm,palm,0.9574,0.840,1677.761,0.008,1678.609,1
c15f7898-8115-4aac-8fd5-a3e34aac7210.jpg,fist,fist,0.8644,0.840,1677.761,0.008,1678.609,1
63ba62db-44ed-4d30-b5f1-90db498913f1.jpg,rock,rock,0.4446,0.840,1677.761,0.008,1678.609,1
014ace7c-ef4a-45e0-b56a-23e348716e23.jpg,fist,fist,0.9983,0.840,1677.760,0.008,1678.608,1
2aa35a92-5397-4c68-96c9-7164fed05e29.jpg,one,rock,0.4332,0.840,1677.761,0.008,1678.609,0
7eac274d-ed12-4d50-ba5f-5620e488b9e1.jpg,one,one,0.6105,0.840,1677.761,0.008,1678.609,1
75a1aa24-68c9-4b26-b43d-1f5111fffff2.jpg,palm,palm,0.7807,0.840,1677.761,0.008,1678.609,1
ce86a1ae-dc1e-4f26-a7cf-5be820998fb1.jpg,others,others,0.6844,0.840,1677.761,0.008,1678.609,1
3bcafae5-e751-424a-a1fb-dff796bb17ef.jpg,one,one,0.6006,0.840,1677.760,0.008,1678.608,1
d39f1f8e-cd80-43c0-a4f5-6df7cf6e7e59.jpg,pinkie,pinkie,0.4508,0.840,1677.761,0.008,1678.609,1
11d3b01a-baac-43cf-9115-c368492823a3.jpg,others,others,0.5215,0.840,1677.761,0.008,1678.609,1
d7f1213f-aac6-4156-a410-3c128a73f9d7.jpg,palm,palm,0.9529,0.840,1677.761,0.008,1678.609,1
52c30273-20b3-4a44-bbb2-aba45fb0b898.jpg,pinkie,pinkie,0.6631,0.840,1677.760,0.008,1678.608,1
66b856a3-d132-4776-a2c0-263616c95a4f.jpg,palm,palm,0.9655,0.840,1677.761,0.008,1678.609,1
bacb4e5e-65e5-4f21-b339-4aa16e198b99.jpg,one,one,0.8517,0.840,1677.761,0.008,1678.609,1
ba69471c-f99c-4a6f-b960-4e42b8013e36.jpg,pinkie,pinkie,0.6056,0.840,1677.761,0.008,1678.609,1
94e1d845-b359-4ca6-a442-1f00f6a96f41.jpg,pinkie,rock,0.4986,0.840,1677.760,0.008,1678.608,0
5da7bf9c-2d7c-4a6d-a0bf-5047981585e1.jpg,one,one,0.8122,0.840,1677.761,0.008,1678.609,1
c2036434-2a32-4088-a38a-d93aeca6355d.jpg,palm,palm,0.9780,0.840,1677.761,0.008,1678.609,1
ef661c57-dc02-4c95-90da-712e1401bd3e.jpg,one,one,0.6653,0.840,1677.761,0.008,1678.609,1
5632918e-4a23-4d3f-91aa-3024f414452e.jpg,one,fist,0.5299,0.840,1677.761,0.008,1678.609,0
730fb975-8647-4ed7-aefa-1a7c27f95deb.jpg,fist,fist,0.9955,0.840,1677.761,0.008,1678.609,1
b80ac754-93c5-4640-8bf0-66d54a94cea9.jpg,others,others,0.9932,0.840,1677.761,0.008,1678.609,1
9b4106e1-1265-4b02-b712-2cef5357f309.jpg,pinkie,pinkie,0.7985,0.840,1677.761,0.008,1678.609,1
9f061793-03a7-497c-830b-49f10f474224.jpg,fist,fist,0.9695,0.840,1677.761,0.008,1678.609,1
12b73e42-f48c-4d92-822c-6137eeb491bc.jpg,palm,palm,0.9968,0.840,1677.761,0.008,1678.609,1
aef64690-b8dc-4831-8e3f-e32db2ad660d.jpg,pinkie,others,0.5976,0.840,1677.761,0.008,1678.609,0
c9b492e6-ab96-41ba-b03b-476534ea989e.jpg,rock,rock,0.8092,0.840,1677.761,0.008,1678.609,1
79b808bc-90e8-46dd-94e9-3fc241cc2b3d.jpg,others,fist,0.3393,0.840,1677.761,0.007,1678.609,0
92c26b3a-8ef3-4716-b163-8b2be29c61e2.jpg,palm,palm,0.9875,0.840,1677.761,0.008,1678.609,1
0acdc615-7a9d-4044-9b61-451a2f325d7d.jpg,fist,fist,0.7681,0.840,1677.761,0.008,1678.609,1
25c5da71-9939-405d-9ff2-c27688ba9a43.jpg,rock,rock,0.4352,0.840,1677.761,0.008,1678.609,1
5a7503c7-63a7-4dd5-be29-e03a2a0bb806.jpg,one,pinkie,0.6830,0.840,1677.761,0.008,1678.609,0
426f6523-f66c-4757-98d7-bf1f6ca76caa.jpg,palm,palm,0.8840,0.840,1677.761,0.008,1678.609,1
adc4611b-65e0-4d68-a4eb-a63600ae324b.jpg,palm,palm,0.5996,0.840,1677.761,0.008,1678.609,1
754280e7-dfcf-4370-8af5-71f92a3a1ea3.jpg,pinkie,pinkie,0.9918,0.840,1677.761,0.008,1678.608,1
8ed92532-cd28-4c81-8db4-6bf3f806ade8.jpg,pinkie,others,0.6529,0.840,1677.761,0.008,1678.609,0
0a4036ed-d02f-45db-b470-c8767904b3a8.jpg,fist,fist,0.9977,0.840,1677.761,0.008,1678.609,1
a60515df-7d27-43a6-b28d-315c5cae3d15.jpg,palm,palm,0.9941,0.840,1677.761,0.008,1678.609,1
c328980e-1f97-4dee-8aea-aa3ba561d4c7.jpg,one,one,0.4760,0.840,1677.761,0.008,1678.609,1
8f61c0fd-2adc-42c1-a9df-779ccb904cdc.jpg,palm,palm,0.5445,0.840,1677.761,0.008,1678.609,1
8f8db6f6-55c1-44d9-9d29-783e4f95a8f2.jpg,others,one,0.3614,0.840,1677.761,0.008,1678.608,0
ac96e260-f4bd-4940-a161-d50fd00345bd.jpg,palm,palm,0.9644,0.840,1677.761,0.008,1678.609,1
403e101d-89f9-4fa4-82c3-0333886932b5.jpg,one,one,0.6913,0.840,1677.761,0.008,1678.608,1
65ef9733-261c-45a8-afc7-921b1fd65ecd.jpg,palm,palm,0.9805,0.840,1677.760,0.008,1678.609,1
7267ef92-dcbd-4d10-80a3-0355f0444970.jpg,rock,rock,0.8896,0.840,1677.761,0.008,1678.609,1
c2860889-4eaa-4158-bdc5-a8cf5edec435.jpg,pinkie,pinkie,0.7042,0.840,1677.761,0.008,1678.609,1
0806f373-bee2-416d-bb8c-3743f4ddbb0c.jpg,rock,fist,0.9688,0.840,1677.762,0.008,1678.610,0
192720bf-8ef1-4316-914d-d546b84f0f9b.jpg,others,others,0.6658,0.840,1677.760,0.008,1678.608,1
779b4ea8-8f13-4c1e-9028-1c083a256051.jpg,palm,palm,0.9493,0.840,1677.761,0.008,1678.609,1
d64d1277-ef0d-471a-836f-9f369b32f451.jpg,others,one,0.3053,0.840,1677.761,0.007,1678.609,0
195cbe39-86c9-4363-8709-a9b8ba500504.jpg,fist,fist,0.9951,0.840,1677.761,0.008,1678.609,1
9c31c609-b06c-4a90-aae6-5e08c4ed6ca0.jpg,fist,fist,0.5512,0.840,1677.761,0.008,1678.608,1
e8a9ece5-2931-4093-a0bb-9503bd63ea42.jpg,fist,fist,0.9367,0.840,1677.761,0.008,1678.609,1
48b4e12b-4e5a-4c14-89ac-6deef8871a0c.jpg,pinkie,fist,0.7804,0.840,1677.761,0.008,1678.609,0
ce060c98-36bf-42ab-9d78-1c193997b737.jpg,pinkie,pinkie,0.5252,0.840,1677.760,0.008,1678.608,1
3fb274ac-c8a3-4ea8-a9aa-453975e5cc0e.jpg,others,others,0.5412,0.840,1677.761,0.008,1678.609,1
a2e6232b-47ae-44a8-91c1-dffe0f0ebfd5.jpg,pinkie,pinkie,0.7013,0.840,1677.761,0.008,1678.609,1
4e50d9d7-2b61-43c0-87d7-174aec3a8ffa.jpg,pinkie,rock,0.2656,0.840,1677.761,0.007,1678.609,0
810572b6-1b86-4628-9868-ad0a43550feb.jpg,others,others,0.7198,0.840,1677.761,0.008,1678.609,1
e1cd8fce-6eb0-4e7d-b445-4cb1bece2509.jpg,others,others,0.9922,0.840,1677.761,0.008,1678.608,1
e0ad547e-6004-4d93-9dd4-0c5031618362.jpg,pinkie,fist,0.6055,0.840,1677.761,0.008,1678.609,0
bf3a2dfe-2f65-4030-bc81-6ec24768b02d.jpg,pinkie,pinkie,0.6436,0.840,1677.760,0.008,1678.608,1
2db569ba-e805-41f0-9937-43e83b2cb8fc.jpg,palm,palm,0.9221,0.840,1677.761,0.008,1678.609,1
5b347a5b-d2db-43cd-87e4-0a938e3287d4.jpg,fist,fist,0.3782,0.840,1677.761,0.007,1678.609,1
321264ef-d67b-4508-ab5e-37e733245afa.jpg,fist,fist,0.9998,0.840,1677.761,0.008,1678.609,1
92d396f7-8e18-479b-8399-8a4fb742d7f4.jpg,others,one,0.3292,0.840,1677.761,0.007,1678.608,0
f2c55498-c100-4a6d-a669-32740ac6e174.jpg,one,one,0.9904,0.840,1677.761,0.008,1678.609,1
1a7db06c-8d85-49cc-9672-d56224355060.jpg,palm,palm,0.9701,0.840,1677.761,0.008,1678.609,1
13f1e21c-2748-401c-b339-f629ab895659.jpg,fist,fist,0.9994,0.840,1677.761,0.008,1678.609,1
1e7f9c66-bfa1-401a-b707-c7ae29e96746.jpg,others,others,0.5326,0.840,1677.761,0.008,1678.609,1
c248a980-145f-4ddc-9fd7-067f3f6b8c28.jpg,pinkie,pinkie,0.9078,0.840,1677.761,0.008,1678.609,1
4425ed34-43d6-489b-961e-0bd284b8da38.jpg,palm,palm,0.7598,0.840,1677.761,0.008,1678.609,1
ad233ecd-f99c-4bc8-ac4d-42ead5fc979e.jpg,rock,one,0.5573,0.840,1677.761,0.008,1678.609,0
184a1c3a-3348-4d72-a37e-ce47c0106156.jpg,one,one,0.8741,0.840,1677.761,0.008,1678.608,1
9f333cb2-0a3e-44ea-a861-d591f3e9c8ca.jpg,pinkie,pinkie,0.9894,0.840,1677.761,0.008,1678.608,1
b50f9ef6-7478-4852-bd8e-b81d259a64e8.jpg,one,one,0.9915,0.840,1677.762,0.008,1678.610,1
ff97c78b-4e25-402e-aad6-c8a864c598cb.jpg,palm,palm,0.9998,0.840,1677.761,0.008,1678.609,1
59aee42c-0dce-44a9-bbf0-2bad95b3ee8c.jpg,fist,fist,0.9633,0.840,1677.761,0.008,1678.609,1
ee1395e8-ac35-4847-b049-fbf6cccb483d.jpg,rock,rock,0.9421,0.840,1677.761,0.008,1678.609,1
699f5f32-eaf2-4d60-b443-b42c633f4005.jpg,others,palm,0.4450,0.840,1677.761,0.008,1678.609,0
246c3ed6-d9df-4264-a9ec-a3acbc56cfbb.jpg,palm,palm,0.9611,0.840,1677.761,0.008,1678.609,1
af1243b7-b42d-4025-b2c6-e0b63b050533.jpg,fist,fist,0.9570,0.840,1677.760,0.008,1678.609,1
ff39e5a3-9e83-44c8-a168-0ae9f75112d9.jpg,palm,palm,0.9076,0.840,1677.761,0.008,1678.609,1
9c4c13ae-b248-409f-986a-ad93b8707dbd.jpg,rock,rock,0.9269,0.840,1677.761,0.008,1678.609,1
c06a5487-d860-4624-83b5-b81a75e9a988.jpg,one,one,0.9576,0.840,1677.761,0.008,1678.609,1
7922e5db-4bfe-4b8f-b1d6-4e5cd34d43e0.jpg,fist,fist,0.9956,0.840,1677.761,0.008,1678.609,1
d409179f-1669-4b73-a7d3-b10ed0ec3e24.jpg,fist,fist,0.9947,0.840,1677.761,0.008,1678.609,1
ce949533-58fd-4015-834a-aa986f87c58e.jpg,one,one,0.8323,0.840,1677.761,0.008,1678.609,1
42729d37-12e2-427a-9092-a10c4970c378.jpg,pinkie,pinkie,0.9578,0.840,1677.761,0.008,1678.609,1
588775b0-5b35-49ca-8f4e-7337522715ff.jpg,one,one,0.9541,0.840,1677.761,0.008,1678.609,1
27790446-f26f-4ea6-90cd-15b9256c380a.jpg,pinkie,fist,0.6939,0.840,1677.761,0.008,1678.609,0
1a997cc2-3c97-4620-afb9-957f81354ee7.jpg,others,others,0.3774,0.840,1677.761,0.008,1678.609,1
801496c0-c52b-4a9c-81be-d44178ad6005.jpg,rock,rock,0.4576,0.840,1677.761,0.007,1678.608,1
aa1d132b-25e5-4a3c-b51f-7edf995ec1fb.jpg,rock,rock,0.9580,0.840,1677.761,0.008,1678.609,1
4070af07-4be7-411a-8d80-54c636f3104f.jpg,one,one,0.9349,0.840,1677.761,0.008,1678.609,1
366c8f91-1a3a-4e00-8dc7-9c4d3e968c85.jpg,pinkie,pinkie,0.6703,0.840,1677.761,0.008,1678.609,1
2ed20415-c3df-40e5-829a-34e6d6644c8e.jpg,rock,rock,0.7383,0.840,1677.761,0.008,1678.609,1
457c22aa-0702-4b9f-9c38-f9bd4c5d91c7.jpg,rock,pinkie,0.5431,0.840,1677.761,0.008,1678.609,0
e66b56e9-5d55-4c39-9734-0fed2f2be220.jpg,rock,rock,0.7213,0.840,1677.761,0.008,1678.609,1
e2e7e2c0-860a-4c80-b8c3-a526d61609ea.jpg,others,one,0.6107,0.840,1677.761,0.008,1678.609,0
84be7c4b-7e58-4b29-8550-dae953baa7a2.jpg,fist,fist,0.9855,0.840,1677.761,0.008,1678.609,1
68bc8f5a-a1b0-4809-98b7-9c9b92ab6f2e.jpg,others,one,0.3023,0.840,1677.761,0.007,1678.609,0
16f2c135-ffaa-42ae-91c7-f6a666ded157.jpg,palm,palm,0.9981,0.840,1677.761,0.008,1678.609,1
f27c38a1-1f77-468e-a7eb-c97386cb2ff3.jpg,palm,palm,0.9980,0.840,1677.762,0.008,1678.610,1
53c08cb5-826b-49fa-af21-b7585576b7d5.jpg,others,fist,0.5243,0.840,1677.761,0.008,1678.609,0
8cb8c38b-5131-456a-8e83-7b182edf91e2.jpg,fist,fist,0.7597,0.840,1677.761,0.008,1678.609,1
c0268fdc-084a-4abf-86e7-f61acbb1e44a.jpg,pinkie,fist,0.4178,0.840,1677.761,0.008,1678.609,0
540297a9-7d8f-4fcc-8747-4bdd8130c409.jpg,fist,fist,0.9672,0.840,1677.761,0.008,1678.609,1
efcab76c-9524-4ad1-bf90-0455bba8c4e9.jpg,others,palm,0.6025,0.840,1677.761,0.008,1678.609,0
77e18a9f-ca83-44f0-85fb-579d2fe50fbf.jpg,others,one,0.4663,0.840,1677.762,0.008,1678.609,0
ef32f334-dcec-4174-81ad-ac05b38b32ec.jpg,others,others,0.8015,0.840,1677.761,0.008,1678.609,1
8bc9d327-5421-48fa-a937-e120fc2a82a6.jpg,palm,palm,0.9988,0.840,1677.761,0.008,1678.609,1
e15800d1-1e95-4981-a25a-5b1e66040a90.jpg,rock,rock,0.6867,0.840,1677.761,0.008,1678.608,1
004615ba-9160-41f0-988c-03467be435cf.jpg,rock,rock,0.5881,0.840,1677.761,0.008,1678.609,1
bbb60b7a-6faa-44c4-8281-6723d1e0f59d.jpg,palm,palm,0.9989,0.840,1677.761,0.008,1678.610,1
0a9ef24c-1b35-4f61-8ba6-b0a0abe7b3e5.jpg,palm,palm,0.9846,0.840,1677.761,0.008,1678.609,1
1a7c5b52-0206-40fb-9820-dbc5f2dae0af.jpg,one,one,0.8307,0.840,1677.760,0.008,1678.608,1
6ffca3da-8019-4628-b7eb-479f88661a2e.jpg,palm,palm,0.9995,0.840,1677.761,0.008,1678.609,1
b01379b8-935a-4beb-8e93-6d2e3e1bb44a.jpg,pinkie,pinkie,0.8962,0.840,1677.761,0.008,1678.609,1
4a299e2c-9533-4604-b5bd-eae467b6c1dc.jpg,one,one,0.6708,0.840,1677.761,0.008,1678.609,1
f7de9675-ee37-43f3-a268-b219c0a4cf93.jpg,fist,fist,0.8986,0.840,1677.761,0.008,1678.609,1
12308712-8a42-4df8-a68e-af6b2bf2fff6.jpg,fist,fist,0.9984,0.840,1677.761,0.008,1678.609,1
5913caae-8ce6-4b27-8ed7-c6c991f2b73a.jpg,others,others,0.4938,0.840,1677.761,0.008,1678.609,1
8da56b54-33ad-4aff-9d2d-b388111175dc.jpg,palm,palm,0.8494,0.840,1677.761,0.008,1678.609,1
29d73db2-7112-476f-bf81-a60388cf8bfd.jpg,rock,rock,0.5696,0.840,1677.761,0.008,1678.609,1
73ee9934-4496-4552-b410-cfe1aa8c7401.jpg,fist,fist,1.0000,0.840,1677.761,0.008,1678.609,1
3ce62b9a-ce07-4cb1-8593-7b226570c59d.jpg,palm,fist,0.4456,0.840,1677.761,0.008,1678.609,0
0dfda60d-c6df-4834-a149-6bdbe7e580d1.jpg,pinkie,pinkie,0.8234,0.840,1677.761,0.008,1678.609,1
2d1e2adf-c9fe-4eab-88a2-0631dfd91ee7.jpg,pinkie,pinkie,0.6302,0.840,1677.761,0.008,1678.609,1
d11cd7f2-0ca7-4540-891b-2bac0ec44810.jpg,rock,one,0.3805,0.840,1677.760,0.008,1678.608,0
daff791f-b2cf-4a03-b103-30d80a876585.jpg,one,one,0.9907,0.840,1677.761,0.008,1678.609,1
7b91cec2-4bc3-441c-9919-b55579fd36bf.jpg,rock,rock,0.6960,0.840,1677.761,0.008,1678.609,1
13db3651-60df-4420-8bf2-197e76b74a37.jpg,fist,fist,0.7744,0.840,1677.761,0.008,1678.609,1
15cf9f9e-166c-49b8-90cd-52e64c6850e5.jpg,others,others,0.9996,0.840,1677.761,0.008,1678.609,1
3a1a7da1-11d3-42c9-9aaf-4fcf53a7917a.jpg,others,others,0.4387,0.840,1677.761,0.008,1678.609,1
8c821400-1787-4b4f-8e68-441d49c77686.jpg,palm,palm,0.9409,0.840,1677.761,0.008,1678.609,1
f8d24fe0-0742-44e8-93cd-54fa1c551a48.jpg,palm,palm,0.9928,0.840,1677.761,0.008,1678.609,1
95a46edb-892c-4dd7-bccc-235f4b9a72c7.jpg,one,fist,0.4214,0.840,1677.761,0.008,1678.609,0
9546eabc-b9b8-4b15-ae63-c07d21e8919b.jpg,rock,rock,0.7065,0.840,1677.761,0.008,1678.609,1
ebb8f33d-85ec-402d-a9e2-ede36b4a57ee.jpg,rock,pinkie,0.7838,0.840,1677.761,0.008,1678.609,0
f39f22a7-8fd9-4348-ae74-80d1229abfb7.jpg,others,others,0.8772,0.840,1677.761,0.008,1678.609,1
78e8ccea-1fcf-4649-992f-9afddab2e492.jpg,fist,fist,0.9805,0.840,1677.761,0.008,1678.609,1
cb9f73b8-3cff-42f8-a25b-afe909ca042a.jpg,one,one,0.4444,0.840,1677.761,0.008,1678.609,1
2131fb66-7753-4a71-81c9-f29364c8fb9d.jpg,pinkie,pinkie,0.7854,0.840,1677.761,0.008,1678.609,1
1db0ade2-b176-495f-b156-8e575521178b.jpg,one,one,0.9302,0.840,1677.761,0.008,1678.609,1
e650b0ec-704e-4c61-8193-1e36dcf03f0f.jpg,one,one,0.6437,0.840,1677.761,0.008,1678.609,1
68bd3b1d-3157-4910-8f4c-b16d7a0a0c74.jpg,others,others,0.7437,0.840,1677.761,0.008,1678.609,1
3d967e90-1b15-4cfe-a619-9297d69632d3.jpg,fist,fist,0.9946,0.840,1677.761,0.008,1678.608,1
443271fe-36f9-426a-b694-c10e92f6cfca.jpg,others,others,0.6418,0.840,1677.761,0.008,1678.609,1
2e7707e1-2936-45fc-a751-83908948bb21.jpg,pinkie,pinkie,0.9402,0.840,1677.761,0.008,1678.609,1
4bb097aa-3e03-4eb9-ae76-a7e5b4a017c6.jpg,rock,rock,0.9982,0.840,1677.761,0.008,1678.608,1
acb13488-5da3-4a1b-9fe3-c4184f4a8e63.jpg,rock,one,0.4944,0.840,1677.761,0.008,1678.609,0
37c8ad7c-4e4f-4176-8edd-d52ebd1ccd65.jpg,others,palm,0.7961,0.840,1677.761,0.008,1678.609,0
95e67db2-f0df-4529-9b57-b85f542a02bb.jpg,palm,palm,0.8585,0.840,1677.761,0.008,1678.609,1
8cb8c38b-5131-456a-8e83-7b182edf91e2.jpg,fist,fist,0.7597,0.840,1677.761,0.008,1678.609,1
0c19054d-e271-4e3a-807a-0c69052b4dd1.jpg,one,fist,0.3890,0.840,1677.761,0.008,1678.609,0
adecd1f6-efc6-4936-942e-6b63e09f8b19.jpg,rock,rock,0.3646,0.840,1677.761,0.008,1678.609,1
12ecb730-3ad0-4b4a-a655-8ff54744f4b5.jpg,pinkie,rock,0.4791,0.840,1677.761,0.007,1678.608,0
1c3d4403-1d31-4fb6-a692-391b07c9e4db.jpg,rock,rock,0.7261,0.840,1677.761,0.008,1678.609,1
23c675fb-bb94-40b7-9d17-6dccdf882259.jpg,rock,rock,0.5768,0.840,1677.761,0.008,1678.609,1
2c1b752b-44fe-4642-8df8-c6f07cc54d9f.jpg,palm,palm,0.9824,0.840,1677.761,0.008,1678.609,1
fa8ce1f0-a71f-4cea-bc59-ccfa59ede79d.jpg,one,one,0.6750,0.840,1677.761,0.008,1678.609,1
8fc79139-3cf3-4dea-9528-a2e985ee82db.jpg,one,one,0.9683,0.840,1677.761,0.008,1678.609,1
cb5133b0-e0f1-4186-8f7a-5151ea03c56e.jpg,others,others,0.7107,0.840,1677.761,0.008,1678.609,1
857b538e-ed84-4e0b-a84d-f296a842e71f.jpg,fist,fist,0.9881,0.840,1677.762,0.008,1678.610,1
7685370c-2ad8-4820-898d-4f422139b4e0.jpg,others,others,0.6276,0.840,1677.761,0.008,1678.609,1
6e7bf010-32fa-4d69-b709-5e6793a15e4f.jpg,rock,rock,0.8614,0.840,1677.761,0.008,1678.609,1
758db655-2e00-4c1c-bc97-70a3e3826bee.jpg,fist,fist,0.9714,0.840,1677.761,0.008,1678.609,1
b0ceff7a-3a1e-4ddc-ae41-2753a522f21d.jpg,fist,fist,0.9686,0.840,1677.761,0.008,1678.609,1
af54b3c9-cff9-467f-8af0-d4b45570059a.jpg,pinkie,pinkie,0.8762,0.840,1677.761,0.008,1678.609,1
7ab2d3d3-19ac-4acd-bb79-195b7019650f.jpg,one,one,0.7832,0.840,1677.761,0.008,1678.609,1
6a979eaf-2823-4640-9716-a332fb03b717.jpg,one,one,0.4826,0.840,1677.761,0.008,1678.609,1
21e819eb-f3a3-40ab-9783-be34b2ece2bd.jpg,palm,palm,0.9242,0.840,1677.761,0.008,1678.609,1
f2cda0af-88e9-4d92-92a2-1d50d9bde68f.jpg,pinkie,pinkie,0.8697,0.840,1677.761,0.008,1678.609,1
4204a64a-5bab-4216-a7b6-cbc114c49711.jpg,fist,fist,0.9911,0.840,1677.761,0.008,1678.609,1
c4a12039-d9d4-4253-a61a-2d2a7712680a.jpg,fist,fist,0.5420,0.840,1677.761,0.008,1678.609,1
13f107cb-f569-431f-a27a-3c28a10ec98d.jpg,pinkie,pinkie,0.8397,0.840,1677.761,0.008,1678.609,1
d1bfc70a-6e3f-416c-8884-18567404dd9d.jpg,others,one,0.9359,0.840,1677.761,0.008,1678.609,0
38b0acf4-d81b-49ae-bb6f-ab5e1469be66.jpg,one,one,0.4160,0.840,1677.761,0.008,1678.608,1
2af74d10-5dd4-47e1-8ab7-14b3cbb8ceb2.jpg,pinkie,pinkie,0.4552,0.840,1677.761,0.008,1678.609,1
8d5583f2-77e6-4d91-b978-55485de5302b.jpg,fist,fist,0.9994,0.840,1677.761,0.008,1678.609,1
7b601c96-7d72-4fed-bbbd-1ae9dda8125c.jpg,pinkie,one,0.9742,0.840,1677.761,0.008,1678.609,0
eb7e3d3a-8026-48fe-b160-74792d38d343.jpg,pinkie,pinkie,0.5031,0.840,1677.761,0.008,1678.609,1
75340376-7398-42b6-a9ec-083341158117.jpg,palm,palm,0.9459,0.840,1677.761,0.008,1678.609,1
0785f41f-30a0-4bdc-b94d-32d603be26f5.jpg,rock,rock,0.8866,0.840,1677.761,0.008,1678.609,1
136bc142-30db-4e24-b562-447116d64c81.jpg,pinkie,rock,0.2938,0.840,1677.761,0.007,1678.608,0
d865aeeb-3211-4b22-b609-5ae7a078db7f.jpg,rock,palm,0.6464,0.840,1677.761,0.008,1678.609,0
6f8b9a67-aba9-4c13-a866-909b91e46acc.jpg,fist,fist,0.9991,0.840,1677.761,0.008,1678.609,1
d4e29b27-d75f-421f-8212-c6f55b160adb.jpg,one,one,0.4014,0.840,1677.761,0.008,1678.609,1
e4672aab-2e48-4235-800e-b0757861e13e.jpg,one,fist,0.4924,0.840,1677.761,0.008,1678.609,0
a5489c56-4041-4783-bfba-8133bc759f94.jpg,rock,rock,0.8654,0.840,1677.761,0.008,1678.609,1
c211f60d-5175-420a-b5ab-b65ef6a99598.jpg,others,others,0.4837,0.840,1677.761,0.008,1678.609,1
301cecde-5b6c-4e6f-8e18-fb672246b954.jpg,rock,one,0.5366,0.840,1677.761,0.008,1678.609,0
d9e57d1d-fde1-4dc7-82e1-e78485d3c1b3.jpg,rock,rock,0.5859,0.840,1677.761,0.008,1678.609,1
61d60bd3-6b14-4e4b-b720-55d084dd6831.jpg,others,one,0.6791,0.840,1677.761,0.008,1678.609,0
55576aec-5b85-407d-9c40-92c018b2b0f6.jpg,fist,fist,0.9735,0.840,1677.761,0.008,1678.609,1
ab6e4303-e0b2-4545-b958-80873a07e715.jpg,palm,others,0.3245,0.840,1677.761,0.007,1678.608,0
67f90219-59bc-4cbd-b2c5-251028082ad0.jpg,others,others,0.8007,0.840,1677.761,0.008,1678.609,1
b5acc7c4-3de7-4cb4-ba94-171b750966e1.jpg,one,one,0.6901,0.840,1677.761,0.008,1678.609,1
ba5d0213-5b58-4235-933b-fd208a210b89.jpg,others,others,0.7815,0.840,1677.761,0.008,1678.609,1
a785e809-7fdb-4524-bdc2-42445e67a4f9.jpg,palm,palm,0.9432,0.840,1677.761,0.008,1678.609,1
0518cb1d-56d8-4c63-a3c6-47fb5f2d4ac4.jpg,one,fist,0.8169,0.840,1677.761,0.008,1678.609,0
a0e8a0b6-6e43-4870-9c2e-2cc661a94d83.jpg,pinkie,pinkie,0.8377,0.840,1677.761,0.008,1678.609,1
4fbd2a00-b531-4e37-808e-c1b47106e038.jpg,pinkie,rock,0.3667,0.840,1677.761,0.008,1678.609,0
919189eb-f217-45cc-80ae-e7b3da4b005d.jpg,one,one,0.5323,0.840,1677.761,0.008,1678.609,1
767559de-eb19-4c2e-9f50-589dcc3afdde.jpg,one,one,0.3381,0.840,1677.761,0.007,1678.609,1
97ba8923-5137-41e0-a6b4-edeb6630e86d.jpg,palm,palm,0.9784,0.840,1677.761,0.008,1678.609,1
6bf47281-1dcf-4bbd-9cd5-1fdf116870d4.jpg,pinkie,fist,0.6201,0.840,1677.761,0.008,1678.609,0
bf7e5494-0e3d-4ce6-8e80-7b5835e700ec.jpg,rock,rock,0.8131,0.840,1677.761,0.008,1678.609,1
d4eb9b3f-3ed2-4402-adc4-98dd14ea0dd9.jpg,rock,fist,0.3877,0.840,1677.761,0.008,1678.609,0
0c501013-6025-467c-956f-46c8aaa9b4a0.jpg,rock,rock,0.6124,0.840,1677.761,0.008,1678.608,1
62dda66e-a2a7-44a9-8893-01f4e0739f4f.jpg,pinkie,pinkie,0.6521,0.840,1677.761,0.008,1678.609,1
4bfcfe6a-f8a5-49de-b111-5eec93bd0126.jpg,fist,fist,0.9534,0.840,1677.761,0.008,1678.609,1
0c7ee13a-7d7b-4f2a-920d-7a587dcb939f.jpg,palm,palm,0.9936,0.840,1677.761,0.008,1678.609,1
5c7df778-d56a-4b67-898e-ec61009312d0.jpg,pinkie,pinkie,0.9183,0.840,1677.761,0.008,1678.609,1
7f71a746-b187-4331-a721-a1056848f05f.jpg,others,others,0.7557,0.840,1677.761,0.008,1678.609,1
d914e594-4d08-4da7-add0-09de38fb24f1.jpg,pinkie,pinkie,0.7046,0.840,1677.761,0.008,1678.609,1
e8e598b9-3343-4f20-bb1d-1421c3e1c1c5.jpg,palm,palm,0.9660,0.840,1677.761,0.008,1678.609,1
ae029836-7b39-4e7e-aa4a-9614e33d2f0f.jpg,one,one,0.8359,0.840,1677.761,0.008,1678.609,1
22fafe6b-ba77-4d8d-9fc8-de19169addc1.jpg,fist,fist,0.7418,0.840,1677.761,0.008,1678.609,1
7892d716-c8ac-4d24-9e8f-b7bedfb457f1.jpg,others,others,0.5993,0.840,1677.761,0.008,1678.609,1
fc7ac982-a9fd-4a66-b95c-7d730d20fb8f.jpg,rock,rock,0.8083,0.840,1677.761,0.008,1678.609,1
e96b2ec8-661e-4090-bea9-d423268e22ed.jpg,palm,palm,0.9986,0.840,1677.761,0.008,1678.609,1
45500a1f-74e7-48d7-afa0-994e58d0e523.jpg,rock,rock,0.8332,0.840,1677.761,0.008,1678.610,1
43193bc8-eaa3-4e4c-aaf3-96081c42ab0b.jpg,pinkie,pinkie,0.3556,0.840,1677.761,0.008,1678.609,1
8734fa56-bd3d-4bc6-b478-4939d18a39f2.jpg,fist,fist,0.4081,0.840,1677.762,0.008,1678.609,1
b6455baf-6a55-49b8-bb6a-069a85a30f7a.jpg,one,rock,0.5809,0.840,1677.760,0.008,1678.608,0
9a602dc3-7de5-410c-a0fd-946e68d65803.jpg,one,one,0.5822,0.840,1677.761,0.008,1678.609,1
7279b1bb-fa4a-490e-b92c-a363709fdde6.jpg,palm,palm,0.9454,0.840,1677.761,0.008,1678.609,1
dff02b9c-6903-483b-9b97-c908ed03f1a6.jpg,others,fist,0.7945,0.840,1677.762,0.008,1678.610,0
7e256388-ccb6-4446-99d6-7eca36346a27.jpg,palm,palm,0.8796,0.840,1677.761,0.008,1678.609,1
d8702c84-aeab-458e-b14c-2bc4c7020cc7.jpg,rock,rock,0.5327,0.840,1677.761,0.008,1678.609,1
1bcebf8b-e2bd-45fd-98f6-ea5a315c9972.jpg,others,others,0.5371,0.840,1677.760,0.008,1678.608,1
a2d84615-57ab-4396-b381-e778af0f11df.jpg,fist,pinkie,0.7097,0.840,1677.761,0.008,1678.609,0
d782f887-fa8a-4437-8263-953a8c17c1d7.jpg,one,one,0.7293,0.840,1677.761,0.008,1678.609,1
b3a168de-701c-4fa5-9ed4-00b5a3a8274c.jpg,fist,fist,0.9353,0.840,1677.761,0.008,1678.608,1
21ea5762-a9fa-4f47-a5aa-0325d385ad4b.jpg,fist,fist,0.9986,0.840,1677.761,0.008,1678.609,1
56ed894a-ddec-4a9d-9191-101e32680f8d.jpg,one,one,0.8562,0.840,1677.761,0.008,1678.609,1
0328ace6-d898-4a9d-8d68-6fdf12aa15e6.jpg,rock,rock,0.9451,0.840,1677.761,0.008,1678.609,1
582092e9-641e-4110-83db-b7fd9be5a0c7.jpg,one,one,0.7727,0.840,1677.761,0.008,1678.609,1
d3a6eb1b-b38e-489e-9951-0bf4d43beacc.jpg,rock,rock,0.8949,0.840,1677.761,0.008,1678.609,1
4f543703-54a1-4b27-b4f5-49a69d6e2457.jpg,others,palm,0.7027,0.840,1677.761,0.008,1678.609,0
65ee9e70-1ee9-4703-9136-f85a07f6af81.jpg,others,others,0.8197,0.840,1677.761,0.008,1678.609,1
1a14c2ab-b235-4dbe-b80c-59d894d06216.jpg,pinkie,pinkie,0.7635,0.840,1677.762,0.008,1678.610,1
1b123fe1-8681-4ec9-ac7b-2d65c0d14b05.jpg,rock,rock,0.4539,0.840,1677.761,0.008,1678.609,1
eb255a90-0374-45ed-8625-5e29a626639b.jpg,others,palm,0.5616,0.840,1677.761,0.008,1678.609,0
20044659-4fd8-48f3-8e46-e84d6e349e1a.jpg,palm,palm,0.9983,0.840,1677.760,0.008,1678.609,1
af1e9379-a087-4814-ba24-3c6843872981.jpg,rock,fist,0.5612,0.840,1677.761,0.008,1678.609,0
bb948713-47c2-4631-aac1-f701ba1ad253.jpg,rock,rock,0.9301,0.840,1677.761,0.008,1678.609,1
8d431c1f-a778-450b-8ace-cbbeb021943c.jpg,fist,fist,0.9946,0.840,1677.761,0.008,1678.609,1
1dbeef3b-7252-44e7-aa2b-1b128aa43c9d.jpg,palm,palm,0.9764,0.840,1677.761,0.008,1678.610,1
953a4ac6-fc40-48d5-b133-3994ec6ee917.jpg,fist,fist,0.7984,0.840,1677.761,0.008,1678.609,1
b077cec1-798f-4992-979d-ccca9463eb49.jpg,fist,fist,0.9844,0.840,1677.761,0.008,1678.609,1
d12ac4af-2305-46e4-b523-6727ba0c9751.jpg,one,one,0.9264,0.840,1677.761,0.008,1678.608,1
95b3f026-7028-4bf8-8123-f6740ddd0bc6.jpg,others,palm,0.8194,0.840,1677.761,0.008,1678.609,0
860d5619-d467-4450-aa25-1e41085b817b.jpg,rock,others,0.3510,0.840,1677.761,0.008,1678.609,0
8d922783-6f92-46af-b63c-3bba9ed97807.jpg,fist,fist,0.9997,0.840,1677.761,0.008,1678.609,1
13546beb-f54f-4b3a-ad2f-dd738d8f6d59.jpg,one,one,0.3133,0.840,1677.761,0.007,1678.608,1
e3c48535-271d-4ae3-bde0-8aeb99a31f08.jpg,fist,fist,0.9981,0.840,1677.761,0.008,1678.609,1
5badc10f-b002-47f2-8bd4-546c49c30c66.jpg,rock,one,0.5599,0.840,1677.761,0.008,1678.608,0
a77c961e-6953-427a-b867-45c052478d2e.jpg,pinkie,pinkie,0.9689,0.840,1677.761,0.008,1678.609,1
d9f4b6d8-6a86-4234-bdc3-709e89e2aef8.jpg,others,one,0.5166,0.840,1677.761,0.008,1678.609,0
0a408d27-81ff-4d45-9335-b7369b4c8356.jpg,rock,rock,0.4672,0.840,1677.761,0.008,1678.608,1
cf60d5ea-e9a6-4fa1-aeca-efeefffd70f4.jpg,one,one,0.6211,0.840,1677.761,0.008,1678.609,1
9545153f-79b1-4e50-b977-56413036e990.jpg,pinkie,rock,0.5858,0.840,1677.761,0.008,1678.609,0
d864992a-22e6-4be1-8569-60d1b2e0c20b.jpg,others,others,0.5548,0.840,1677.761,0.008,1678.609,1
9402aaf9-9482-43cd-8f64-a722d23076fb.jpg,rock,rock,0.9791,0.840,1677.761,0.008,1678.609,1
5ec7f66e-b85c-45be-9cb1-4351d445bc08.jpg,pinkie,pinkie,0.4909,0.840,1677.761,0.008,1678.609,1
b6865065-e6d7-4030-9f5c-b30d41011457.jpg,one,fist,0.3758,0.840,1677.761,0.008,1678.609,0
809a71d0-ff5d-479d-989a-c8813a35a809.jpg,one,one,0.8436,0.840,1677.761,0.008,1678.609,1
9ccfe5af-c83a-4239-b0fb-b5ebf7402422.jpg,fist,fist,0.6845,0.840,1677.761,0.008,1678.609,1
97a4b218-215e-4c6d-bd64-e8508638340c.jpg,pinkie,others,0.6028,0.840,1677.761,0.008,1678.609,0
da91cfe5-cfd0-42ba-a9ec-ca434406625b.jpg,pinkie,others,0.5495,0.840,1677.761,0.008,1678.609,0
2eadbd2f-7944-4eee-9592-8d4919906661.jpg,rock,rock,0.9675,0.840,1677.761,0.008,1678.609,1
8c896d15-08a9-4a04-a1df-bd270ca3c63b.jpg,pinkie,pinkie,0.7406,0.840,1677.761,0.008,1678.609,1
422916b3-17ae-4172-9e3d-3d6396900323.jpg,one,one,0.7515,0.840,1677.761,0.008,1678.609,1
5cc63f82-656b-423f-a643-c0ebde82970f.jpg,others,others,0.5776,0.840,1677.761,0.008,1678.609,1
f0709d70-7102-4cb5-9692-1095822c7e43.jpg,one,one,0.9026,0.840,1677.761,0.008,1678.609,1
b4cd8f5b-15f4-4751-a8d4-2e2fe2c730f0.jpg,one,one,0.9944,0.840,1677.761,0.008,1678.609,1
59117a0b-6281-4942-a2c1-967b8ebc674a.jpg,palm,palm,0.9980,0.840,1677.761,0.008,1678.609,1
db96f2f6-e071-4ec5-8a77-812a1e69ae3b.jpg,others,fist,0.5548,0.840,1677.761,0.008,1678.609,0
0699dede-805a-413e-86dd-038cd4f1fa79.jpg,fist,fist,0.6014,0.840,1677.761,0.008,1678.609,1
03a4ca3d-64de-40f4-a0e0-463923481d4c.jpg,one,one,0.3752,0.840,1677.761,0.008,1678.608,1
e985b9ff-bfa4-4125-9d6b-74ea94dfb74f.jpg,fist,fist,0.8578,0.840,1677.761,0.008,1678.609,1
0a313e78-7663-441f-b6aa-2fdf0f3eaa71.jpg,others,others,0.5945,0.840,1677.761,0.008,1678.609,1
3d81626b-7a94-4449-a65c-78b18ea0b98f.jpg,pinkie,pinkie,0.6142,0.840,1677.761,0.008,1678.609,1
f3d84049-233a-4f67-9abc-d3d67118ec6e.jpg,others,one,0.4333,0.840,1677.761,0.008,1678.609,0
263187fb-c544-45aa-b373-54c71d70246b.jpg,rock,rock,0.4520,0.840,1677.761,0.008,1678.609,1
d8104df4-da03-4db4-83de-61bf4310389a.jpg,pinkie,pinkie,0.9050,0.840,1677.761,0.008,1678.609,1
b23d685c-996a-4332-ac75-5d01c9753369.jpg,pinkie,one,0.3791,0.840,1677.761,0.008,1678.609,0
1b3ec3a5-5032-4868-a220-6d1278724c2e.jpg,pinkie,pinkie,0.3706,0.840,1677.761,0.008,1678.609,1
3b63f28f-0a50-4290-8d91-727d180bd3c1.jpg,palm,palm,0.9797,0.840,1677.761,0.008,1678.610,1
da18084a-1142-49a3-81b6-bfd5d113eb9e.jpg,one,one,0.9526,0.840,1677.761,0.008,1678.609,1
a76670aa-5480-4737-9874-32174103d10d.jpg,others,pinkie,0.3786,0.840,1677.761,0.007,1678.608,0
0d463be8-31d9-4fdb-9579-5bb9215f229b.jpg,rock,one,0.5031,0.840,1677.761,0.008,1678.609,0
356f1853-0c5b-4d03-8033-30cafffd9912.jpg,fist,fist,0.9781,0.840,1677.761,0.008,1678.608,1
6d57ba19-7c03-45db-890a-f21003c93094.jpg,palm,palm,0.9176,0.840,1677.761,0.008,1678.609,1
9fd701cd-7b04-45d4-b70d-5422df0312fd.jpg,palm,fist,0.3856,0.840,1677.761,0.008,1678.609,0
f433d4ff-1bb1-4da1-8871-b5967e987b03.jpg,rock,rock,0.9464,0.840,1677.761,0.008,1678.609,1
bb5c12ee-1022-4bd5-a3a2-e0a012bd8318.jpg,one,one,0.9932,0.840,1677.761,0.008,1678.609,1
7815e473-117d-47ec-89e8-539393d42690.jpg,one,one,0.8110,0.840,1677.761,0.008,1678.609,1
c18382e6-f1d8-4991-890d-77f221f54fb3.jpg,one,one,0.9270,0.840,1677.761,0.008,1678.609,1
b00f2df6-d812-4aed-8c9d-67335bcb2dc1.jpg,fist,fist,0.9461,0.840,1677.761,0.008,1678.609,1
2114f028-07e9-4988-8c8a-06c50dd7c9ee.jpg,pinkie,fist,0.4975,0.840,1677.761,0.008,1678.609,0
90db3366-3bf1-4e7f-9b1d-7b8666cfa0e9.jpg,rock,rock,0.9783,0.840,1677.761,0.008,1678.609,1
ea072966-958c-4347-bbd7-d5f1a9f9c0d0.jpg,palm,palm,0.9765,0.840,1677.761,0.008,1678.610,1
b17db6ae-79d3-46eb-bf07-442d867d0018.jpg,rock,rock,0.9817,0.840,1677.761,0.008,1678.609,1
4eecba2f-4e0d-4ce3-af5e-2cccfb679fde.jpg,pinkie,pinkie,0.8413,0.840,1677.761,0.008,1678.609,1
947416b1-ee53-45bc-ba9b-70cd1f3a3ea3.jpg,rock,rock,0.8939,0.840,1677.761,0.008,1678.609,1
d9c85b4f-0373-4c49-9796-9a9b978413da.jpg,pinkie,pinkie,0.9696,0.840,1677.761,0.008,1678.609,1
05d9305c-4738-483b-b982-e095aeda9468.jpg,one,one,0.9880,0.840,1677.761,0.008,1678.609,1
763b1c22-f2b1-4335-98b0-688822c5269b.jpg,others,others,0.9920,0.840,1677.761,0.008,1678.609,1
50092fcc-3ae5-45be-aab5-985a56bd5762.jpg,rock,rock,0.5092,0.840,1677.761,0.008,1678.609,1
8cfaeab7-6385-4e43-a84a-5d5019b8866b.jpg,one,one,0.7133,0.840,1677.761,0.008,1678.609,1
6667884b-3d3f-49d3-aa02-48b5fc8e7de8.jpg,one,one,0.6961,0.840,1677.761,0.008,1678.609,1
af30ec40-b0d1-4a70-8750-60dfb25a147a.jpg,fist,fist,0.9996,0.840,1677.761,0.008,1678.609,1
c1b6d660-d88f-4d72-ae6e-e6aedcf38910.jpg,fist,fist,0.9414,0.840,1677.761,0.008,1678.609,1
5e5228f0-2ee1-44e3-bb2f-684102433324.jpg,pinkie,fist,0.3491,0.840,1677.761,0.007,1678.608,0
4a0b5449-54df-4f7f-a3cb-5dca78a6aa47.jpg,rock,rock,0.7327,0.840,1677.761,0.008,1678.609,1
39dcdef8-049f-4358-a8a1-a982edb06aae.jpg,others,fist,0.7395,0.840,1677.761,0.008,1678.609,0
a6718638-97ab-4366-890f-f1667da753a2.jpg,others,others,0.8677,0.840,1677.761,0.008,1678.609,1
7a0db9ce-b910-4efa-bf85-cc9897189dbc.jpg,one,one,0.6497,0.840,1677.761,0.008,1678.609,1
c390b7c8-ba39-4813-adb0-316e37a61769.jpg,fist,fist,0.6673,0.840,1677.761,0.008,1678.609,1
b5621c5b-4b81-44e7-948c-97ea7f32526e.jpg,fist,fist,0.9078,0.840,1677.761,0.008,1678.609,1
c2c2d0e3-153b-4d46-abfe-c979cdc6bd5c.jpg,fist,fist,0.8830,0.840,1677.761,0.008,1678.609,1
2575083e-8a0e-4815-806b-b9d51fb79b0b.jpg,one,one,0.9566,0.840,1677.761,0.008,1678.609,1
e44935ff-b3cc-412b-9370-530616317460.jpg,one,one,0.9678,0.840,1677.761,0.008,1678.609,1
fea36d21-5fc4-4fda-8f6d-801f9a98c541.jpg,rock,rock,0.4491,0.840,1677.762,0.008,1678.610,1
f4bb15dd-286f-435f-8606-de1122ba1f52.jpg,fist,fist,0.7023,0.840,1677.761,0.008,1678.609,1
b2dd6a76-dbd7-42bc-97cf-2741dc9c1888.jpg,others,others,0.6566,0.840,1677.761,0.008,1678.609,1
26b82fa6-fe62-4b41-948d-b7f29f592710.jpg,pinkie,pinkie,0.9749,0.840,1677.760,0.008,1678.609,1
709de99e-aaa1-4e75-863d-1cc122b90b77.jpg,rock,rock,0.8991,0.840,1677.761,0.008,1678.609,1
06536e97-696e-426d-8f8a-a6d681cac777.jpg,palm,palm,0.9874,0.840,1677.761,0.008,1678.609,1
07369914-c51e-41d8-8185-08e236902c85.jpg,fist,fist,0.9830,0.840,1677.761,0.008,1678.609,1
4a2e32db-50f2-485a-88d3-7e252430e3c6.jpg,one,one,0.3208,0.840,1677.761,0.007,1678.608,1
821821a0-9c72-4fa0-b17a-2a244bda4643.jpg,one,one,0.6193,0.840,1677.761,0.008,1678.609,1
6eedc5e4-f3bb-465b-b274-54fcd08ffc7c.jpg,rock,pinkie,0.3945,0.840,1677.761,0.007,1678.608,0
4dea907b-c705-4c4e-a6e7-cae59ef4ac72.jpg,others,others,0.8658,0.840,1677.761,0.008,1678.609,1
41302f4a-5f6b-487d-84e9-07229ba640b4.jpg,one,one,0.9116,0.840,1677.761,0.008,1678.609,1
f9d88ec4-d2d5-4278-9336-b7f6a90b80a3.jpg,fist,others,0.3023,0.840,1677.761,0.007,1678.609,0
ce38af6f-a778-4040-8dad-1e081493feb4.jpg,palm,palm,0.9973,0.840,1677.761,0.008,1678.609,1
f01c8a68-bce9-45e2-ac67-7bae780b338d.jpg,one,one,0.9732,0.840,1677.761,0.008,1678.609,1
9923898e-48e1-4f28-8db9-3cd4013d05f9.jpg,palm,palm,0.3396,0.840,1677.761,0.008,1678.609,1
856c0ace-034a-4144-97c1-e441587d9d1a.jpg,others,others,0.3458,0.840,1677.761,0.007,1678.609,1
244fd446-78e4-404f-9f3e-4e13363bc1d7.jpg,others,others,0.5259,0.840,1677.761,0.008,1678.609,1
2c3476e8-80a0-46bb-a427-2f4eb8c688f5.jpg,palm,palm,0.9908,0.840,1677.761,0.008,1678.609,1
04bc6dd5-323b-4948-9f0d-6e73b80324c9.jpg,others,others,0.9087,0.840,1677.761,0.008,1678.609,1
c3ac0d4b-81da-4263-8f6f-119c7b44aa41.jpg,fist,fist,0.9991,0.840,1677.761,0.008,1678.609,1
1c1f35d6-2c3f-4695-b0e3-86d5612d785d.jpg,palm,palm,0.9670,0.840,1677.761,0.008,1678.609,1
e9b53ce2-1599-46bc-a089-9f76b9088634.jpg,others,others,0.5856,0.840,1677.761,0.008,1678.608,1
aaaac323-cd09-4d3f-a1d5-07b6bafe6855.jpg,palm,palm,0.9809,0.840,1677.761,0.008,1678.609,1
0f8c26ca-4450-43b4-b153-94bb8afaba27.jpg,pinkie,pinkie,0.5471,0.840,1677.761,0.008,1678.609,1
fdd4593c-a724-4924-8ac4-e6eca497d0f7.jpg,palm,palm,0.9988,0.840,1677.761,0.008,1678.609,1
4949ad0b-b0c1-4736-88b8-cd5468a6e8ac.jpg,others,one,0.2774,0.840,1677.761,0.007,1678.608,0
aa148679-75b8-402b-9245-ca01aeaac615.jpg,fist,fist,0.8779,0.840,1677.761,0.008,1678.609,1
58a15f56-ed0d-4ed0-a35a-3c196939f9c3.jpg,rock,rock,0.7140,0.840,1677.761,0.008,1678.608,1
b4c2f5b7-9514-4fd6-9765-726e0d754610.jpg,palm,palm,0.4777,0.840,1677.761,0.008,1678.608,1
35e8de12-91ca-4dda-b4f8-e89f8bf541d6.jpg,fist,fist,0.9172,0.840,1677.761,0.008,1678.609,1
3f80e90b-2416-475a-9794-bee127a028c1.jpg,palm,palm,0.5437,0.840,1677.761,0.008,1678.609,1
3bf942c0-c690-4941-9a13-258c800314a1.jpg,palm,palm,0.9937,0.840,1677.761,0.008,1678.610,1
64f8ef5e-8cad-4488-ac48-e648cf7f4e9f.jpg,rock,rock,0.9099,0.840,1677.761,0.008,1678.609,1
77632353-865b-428c-b0fe-a4715c010b96.jpg,one,one,0.6621,0.840,1677.761,0.008,1678.609,1
fd1c9958-69f2-4169-883c-30aa82f30e04.jpg,pinkie,pinkie,0.5359,0.840,1677.761,0.008,1678.609,1
8e2177d9-cefd-47b0-b9dd-59e88cba07f3.jpg,pinkie,fist,0.5953,0.840,1677.761,0.008,1678.609,0
7752a1f1-bd5f-428b-8d1e-b6aa7fcf72cf.jpg,palm,palm,0.9951,0.840,1677.761,0.008,1678.609,1
c4391816-182a-439e-9dc3-b088472f055d.jpg,fist,fist,0.5091,0.840,1677.761,0.008,1678.609,1
729e1aac-be6e-4426-bb7e-f09b779c84b1.jpg,fist,fist,0.7961,0.840,1677.760,0.008,1678.608,1
8c1914a2-f83c-4f43-8a5e-392b96c3ffb1.jpg,fist,fist,0.8118,0.840,1677.761,0.008,1678.609,1
f995d7dd-cf0c-41dd-b7ab-1e8aed52b27e.jpg,fist,fist,0.6195,0.840,1677.761,0.008,1678.608,1
34e9d33a-52ae-4a03-814f-39ac49178eef.jpg,others,others,0.6343,0.840,1677.761,0.008,1678.609,1
c61e8619-0c22-4613-ad5b-6f3b6a592f87.jpg,one,one,0.6443,0.840,1677.761,0.008,1678.609,1
d4027eb1-f583-433a-8c1e-2c3a11f5e2ec.jpg,fist,fist,0.8056,0.840,1677.761,0.008,1678.609,1
15e4671e-dd42-4cf2-8c2d-8aa7d159b143.jpg,one,one,0.4698,0.840,1677.761,0.008,1678.609,1
0158b823-90c9-4c29-bd51-5aa609f2d450.jpg,palm,palm,0.5568,0.840,1677.761,0.008,1678.609,1
3393cc41-b780-44dd-8c3a-b61631c4775b.jpg,palm,palm,0.9935,0.840,1677.761,0.008,1678.609,1
7b487147-74f7-4eb0-9523-3960b275548e.jpg,one,one,0.9964,0.840,1677.761,0.008,1678.609,1
c3950db6-5fe5-48a1-ba21-33006a25c0bf.jpg,one,one,0.9603,0.840,1677.761,0.008,1678.609,1
dd47c91b-903e-4345-92d4-231887458e47.jpg,pinkie,pinkie,0.9823,0.840,1677.761,0.008,1678.609,1
b23335fa-e682-4052-8006-5857e8917b0c.jpg,palm,others,0.5744,0.840,1677.761,0.008,1678.609,0
e7a53c29-7a4f-4364-b1ce-329e2f717c5d.jpg,palm,palm,0.9385,0.840,1677.761,0.008,1678.609,1
b7cc9cb2-bf60-4c95-a5f6-de2e1ec22969.jpg,one,one,0.7930,0.840,1677.761,0.008,1678.608,1
c06e065f-a320-43a0-b7d2-969eab4437ec.jpg,fist,fist,0.9867,0.840,1677.761,0.008,1678.608,1
d9b9eefe-6fde-4772-a7f8-29782a087500.jpg,rock,palm,0.7187,0.840,1677.761,0.008,1678.609,0
9200d9dd-63f0-4c97-aa80-624068393265.jpg,one,one,0.4456,0.840,1677.761,0.008,1678.609,1
770ea743-d359-4e9e-84db-00507bcda8bf.jpg,rock,rock,0.8013,0.840,1677.761,0.008,1678.609,1
cf1a172f-92bd-431e-9407-d16ce47befbe.jpg,palm,palm,0.9602,0.840,1677.761,0.008,1678.609,1
dbd66fe9-cdcd-4269-b827-c91e9e2c1b91.jpg,one,one,0.8019,0.840,1677.761,0.008,1678.609,1
49c7ccaf-06b8-4a0e-9480-a125ff096a02.jpg,others,others,0.4065,0.840,1677.761,0.008,1678.609,1
0a16fe22-290e-4f42-8250-766cb5fdd9b7.jpg,fist,fist,0.5839,0.840,1677.761,0.008,1678.609,1
bdc8ecc5-fe5c-4a41-8d39-d5146f0f259e.jpg,fist,fist,0.8896,0.840,1677.761,0.008,1678.609,1
4979e62b-5da1-4987-a8ac-137bd291017c.jpg,pinkie,rock,0.2931,0.840,1677.761,0.007,1678.608,0
66f3be80-7fe2-4a8e-a431-ebf7123802fb.jpg,others,others,0.8178,0.840,1677.761,0.008,1678.609,1
fb82e335-b2bf-413d-8091-5200c21f1a2a.jpg,others,palm,0.4319,0.840,1677.761,0.007,1678.608,0
90500d07-b918-4594-a657-2b7606ed59aa.jpg,rock,one,0.3204,0.840,1677.761,0.007,1678.608,0
7309c182-7d0c-418b-8fba-d083f34497c1.jpg,palm,palm,0.9911,0.840,1677.761,0.008,1678.609,1
566fb4b1-c220-4eb5-8f9f-87118e9974c0.jpg,palm,palm,0.9394,0.840,1677.760,0.008,1678.608,1
87453310-a9cd-4786-a205-a2213f385f7d.jpg,one,one,0.9031,0.840,1677.761,0.008,1678.609,1
3b431564-7afc-48a8-ad3c-d05c25ddedb1.jpg,palm,palm,0.9076,0.840,1677.761,0.008,1678.609,1
a5489c56-4041-4783-bfba-8133bc759f94.jpg,rock,rock,0.8654,0.840,1677.761,0.008,1678.608,1
af906919-e01e-47c1-ad8c-dc5276ac0527.jpg,rock,one,0.4706,0.840,1677.760,0.008,1678.608,0
13a4b47a-fe1e-4c64-8290-806d9ae82ff3.jpg,fist,fist,0.7480,0.840,1677.761,0.008,1678.609,1
712da682-9f6e-4aa0-b386-b25aab83973c.jpg,one,one,0.6957,0.840,1677.761,0.008,1678.609,1
1c872e6c-db0b-48e1-910c-cb43cbcc5092.jpg,rock,rock,0.9193,0.840,1677.761,0.008,1678.609,1
aa1cd573-b2af-4fd0-a0f2-5130ebce037a.jpg,others,rock,0.6223,0.840,1677.761,0.008,1678.609,0
2e2563a6-f011-4a7b-ba84-9b7adb10b7d2.jpg,pinkie,pinkie,0.7970,0.840,1677.761,0.008,1678.609,1
1b6e94d4-b15a-42a0-be04-41c188bc029f.jpg,rock,rock,0.9331,0.840,1677.761,0.008,1678.609,1
b30a446c-90ba-4abf-b802-4823c5ff69e7.jpg,others,others,0.6922,0.840,1677.761,0.008,1678.609,1
d896d2d1-0a2c-480e-9712-8b066baf2e5a.jpg,pinkie,pinkie,0.9710,0.840,1677.761,0.008,1678.609,1
59bd14d9-d242-48d6-afc1-fec4edae4fd2.jpg,palm,palm,0.9337,0.840,1677.761,0.008,1678.609,1
30b483be-2ad2-40f7-b3d0-4d93de3aba35.jpg,pinkie,pinkie,0.5532,0.840,1677.761,0.008,1678.609,1
b848acfa-d933-413b-b366-dddd18e20d34.jpg,pinkie,others,0.5377,0.840,1677.761,0.008,1678.609,0
97079ee5-6691-431e-bd0b-6113b3f08725.jpg,one,one,0.8823,0.840,1677.761,0.008,1678.609,1
8db62772-51d0-4ec7-af60-7a5f2a3d251a.jpg,one,one,0.7412,0.840,1677.761,0.008,1678.609,1
ae197e52-c65b-4e4f-937a-ae55bd1bccf5.jpg,rock,rock,0.9767,0.840,1677.761,0.008,1678.609,1
adab8906-5078-453c-b420-a74d9e01a800.jpg,fist,fist,0.8372,0.840,1677.761,0.008,1678.609,1
df71b32a-f39b-4228-a359-c8e0bc414c0c.jpg,rock,rock,0.5686,0.840,1677.761,0.008,1678.609,1
0c050f5a-2a83-4d7c-a5a8-acd40fb53b13.jpg,rock,rock,0.9378,0.840,1677.762,0.008,1678.610,1
dabf60ed-eb2e-4236-bbf3-a13e1f3ea1fa.jpg,fist,fist,0.9968,0.840,1677.761,0.008,1678.609,1
bc86281a-14f4-4f77-b628-5ea754826e85.jpg,others,others,0.7723,0.840,1677.761,0.008,1678.609,1
c14c100f-a385-4550-bca0-0b18c5d1147e.jpg,others,fist,0.4362,0.840,1677.761,0.008,1678.609,0
73d41277-6473-422a-b99e-5661b2acfee3.jpg,palm,palm,0.9990,0.840,1677.761,0.008,1678.609,1
ad6d3996-3b41-4d2d-b9ae-4ae0c8784f85.jpg,fist,fist,0.9344,0.840,1677.761,0.008,1678.609,1
8003700b-81b6-41f0-bca1-4404fb4a5e7d.jpg,others,others,0.9291,0.840,1677.762,0.008,1678.610,1
53093f30-646b-423d-9274-9644d0da0d9e.jpg,fist,fist,0.9045,0.840,1677.761,0.008,1678.609,1
33c7d476-300e-4a4c-8c2c-3e3637906f7e.jpg,fist,fist,0.9887,0.840,1677.761,0.008,1678.609,1
f98c5d19-3354-443e-8271-82d797da9cf0.jpg,palm,palm,0.8301,0.840,1677.761,0.008,1678.609,1
d1763334-3e42-44d2-8153-c2b0e271b7d6.jpg,palm,palm,0.6525,0.840,1677.761,0.008,1678.609,1
bc5baacf-79d1-4552-ae16-dc2bad9a072f.jpg,pinkie,pinkie,0.8904,0.840,1677.761,0.008,1678.609,1
a64958b3-1439-417d-ae89-344c637699df.jpg,pinkie,pinkie,0.9665,0.840,1677.761,0.008,1678.609,1
43193bc8-eaa3-4e4c-aaf3-96081c42ab0b.jpg,pinkie,pinkie,0.3556,0.840,1677.761,0.008,1678.609,1
ca23ba7e-e3f0-4383-b3d3-d90a636fcc18.jpg,one,fist,0.4556,0.840,1677.761,0.008,1678.608,0
123d66cd-9ed0-4dc1-8f30-489166e3d565.jpg,one,one,0.7074,0.840,1677.760,0.008,1678.608,1
be0e43ff-113b-4b7c-be7e-a80e497313e5.jpg,palm,palm,0.9794,0.840,1677.761,0.008,1678.609,1
91557c7a-1fef-4653-832f-e1b9eeff961b.jpg,fist,fist,0.9975,0.840,1677.761,0.008,1678.608,1
10833195-10fa-423a-a2b1-adb25d5cc951.jpg,palm,palm,0.9961,0.840,1677.761,0.008,1678.609,1
d24a5fa8-365d-4cb1-9270-03848709968b.jpg,fist,fist,0.9597,0.840,1677.761,0.008,1678.609,1
46b8e619-0497-486d-8235-0c6bd6f49561.jpg,rock,palm,0.7777,0.840,1677.761,0.008,1678.609,0
47a354cf-fa85-4e3e-9117-07946269c9f9.jpg,palm,palm,0.8865,0.840,1677.761,0.008,1678.609,1
7ff47d24-989c-40d5-8824-8d873f2e89e1.jpg,one,one,0.8748,0.840,1677.761,0.008,1678.609,1
0a32201d-7387-49dc-a8ec-41a606515cc9.jpg,others,others,0.9994,0.840,1677.761,0.008,1678.609,1
5e69fc60-596c-4a95-9db4-8a50b313efc4.jpg,pinkie,rock,0.4095,0.840,1677.761,0.008,1678.609,0
8810e701-eb04-4a34-8d83-08d656420949.jpg,fist,fist,0.9871,0.840,1677.761,0.008,1678.609,1
ea77a1b9-6e89-405a-983e-a7ef730870e0.jpg,others,others,0.9961,0.840,1677.761,0.008,1678.609,1
f1b15893-aa89-489d-9c2a-3cda2a8401e6.jpg,pinkie,pinkie,0.9939,0.840,1677.761,0.008,1678.609,1
7e3b7657-40c3-4ead-bbc6-c7c06f49be3c.jpg,one,one,0.9102,0.840,1677.761,0.008,1678.609,1
1f1b8b99-3b0a-47d1-980f-2bc7e8b905ea.jpg,others,others,0.4299,0.840,1677.761,0.008,1678.609,1
7fa94303-2b55-4097-a14d-8ecc84bf20ef.jpg,palm,palm,0.7996,0.840,1677.760,0.008,1678.609,1
77b17208-eddd-43b1-a40a-d50592d36558.jpg,others,others,0.7100,0.840,1677.761,0.008,1678.609,1
50fc71bb-6720-4146-9b8b-9f064b7f1ca5.jpg,one,one,0.9762,0.840,1677.761,0.008,1678.610,1
e10e2f1f-e69a-45c2-b27c-a05e3254278f.jpg,palm,palm,0.9887,0.840,1677.761,0.008,1678.609,1
87181793-6949-4a51-87a6-6479ca55f2e0.jpg,rock,rock,0.9903,0.840,1677.761,0.008,1678.609,1
213d9345-ea32-467a-94a7-f65629933aa2.jpg,rock,rock,0.7941,0.840,1677.761,0.008,1678.609,1
971120ee-a41d-41b5-a1d6-c76a42cde9ad.jpg,others,others,0.9974,0.840,1677.761,0.008,1678.609,1
6d22d04f-2ac1-484f-ad4d-7e311773282e.jpg,others,one,0.8907,0.840,1677.761,0.008,1678.609,0
74e22d8a-3d00-4ad7-8b0c-defd628ae6c7.jpg,fist,fist,0.3023,0.840,1677.761,0.007,1678.609,1
1db500d0-8f48-4585-911d-893a69e16c15.jpg,others,others,0.9293,0.840,1677.761,0.008,1678.609,1
48bf2858-594d-4e19-a4ab-497bf9d5cadc.jpg,one,pinkie,0.4853,0.840,1677.761,0.008,1678.609,0
db1f6863-c133-4f30-974d-c5720f890df0.jpg,one,fist,0.7616,0.840,1677.761,0.008,1678.609,0
5b976cd4-ce20-4fce-a5f7-6eb943c51bea.jpg,rock,rock,0.3267,0.840,1677.761,0.008,1678.609,1
cd4b0719-ed38-43a9-8c46-21398ca9c9fb.jpg,palm,palm,0.9960,0.840,1677.761,0.008,1678.609,1
d11ec5db-bf0b-433b-85f9-5f0926ed4347.jpg,palm,palm,0.4448,0.840,1677.761,0.008,1678.609,1
0c394b17-752d-456e-b8b0-b3d64a4de2b7.jpg,fist,fist,0.9067,0.840,1677.761,0.008,1678.609,1
a1ffa681-1bec-4f60-9614-d66e876da1e6.jpg,rock,pinkie,0.6523,0.840,1677.761,0.008,1678.609,0
bd35d515-5181-478f-ae61-62c92709b21f.jpg,others,others,0.5998,0.840,1677.761,0.008,1678.609,1
92322a7c-883f-4a24-bdc6-330614482abc.jpg,one,one,0.9145,0.840,1677.761,0.008,1678.609,1
737ff4c4-4a9b-4736-bd40-2f0f06d3991f.jpg,one,one,0.9408,0.840,1677.761,0.008,1678.609,1
31f0c9fc-c919-4655-84ac-ed1b26e27bfe.jpg,fist,fist,0.9680,0.840,1677.760,0.008,1678.608,1
c4849db1-9b06-46fe-969b-b608b6cf4793.jpg,palm,palm,0.3329,0.840,1677.761,0.008,1678.609,1
14485b6d-9303-41ec-8bbb-1ff65ecfb8eb.jpg,rock,rock,0.5195,0.840,1677.761,0.008,1678.609,1
cb58068f-07f1-4543-a95d-e5e80eac5330.jpg,others,rock,0.5607,0.840,1677.761,0.008,1678.609,0
ffb995c1-6e7c-486b-98bc-cfda86f9b7c5.jpg,pinkie,pinkie,0.3174,0.840,1677.761,0.007,1678.608,1
cd37d0bc-401e-44a9-bac5-e20e663a2ee8.jpg,palm,palm,0.9284,0.840,1677.761,0.008,1678.609,1
82c1d0b7-0741-4293-a60a-1a0b138930e8.jpg,rock,rock,0.7804,0.840,1677.761,0.008,1678.609,1
98e3f89c-5fa5-40cd-94b0-c6f4952e6ed2.jpg,one,one,0.6715,0.840,1677.761,0.008,1678.609,1
69584891-3967-4f5a-81ca-ac000b526205.jpg,palm,palm,0.9355,0.840,1677.761,0.008,1678.609,1
1c5d4e9f-6835-4629-b7ae-4528573e70ff.jpg,fist,fist,0.9985,0.840,1677.762,0.008,1678.610,1
b3775b05-969d-4d0e-af80-4ab15727aa53.jpg,others,others,0.4384,0.840,1677.761,0.008,1678.609,1
0be9c898-a0e6-45cf-be19-170d421ed435.jpg,fist,fist,0.4083,0.840,1677.761,0.008,1678.609,1
725f2170-cf8b-4b6a-81be-3db80e3e5f97.jpg,others,others,0.6183,0.840,1677.761,0.008,1678.609,1
58b84012-5be1-4c84-a44d-3f6c49387ae6.jpg,pinkie,pinkie,0.3707,0.840,1677.761,0.008,1678.609,1
cc9ddc89-79cb-45f5-a29b-d24d7ef9a07e.jpg,palm,palm,0.9960,0.840,1677.761,0.008,1678.609,1
d04822bc-fbf2-4bef-849e-1c4294f70737.jpg,rock,one,0.5250,0.840,1677.761,0.008,1678.609,0
a40ee963-0f28-46bb-a1f8-a1db7a42a3d0.jpg,rock,rock,0.4423,0.840,1677.761,0.007,1678.608,1
1628bcd4-d1ca-4282-b950-7577d7a968c1.jpg,one,one,0.9435,0.840,1677.761,0.008,1678.609,1
64a9f912-7171-40b7-bab3-07ac06a778c0.jpg,rock,rock,0.7092,0.840,1677.761,0.008,1678.609,1
73d6db87-e1d7-41ac-8db9-28450469cb5f.jpg,one,fist,0.4308,0.840,1677.761,0.008,1678.609,0
9fb03431-4e22-4973-bd5b-fd83e9631d56.jpg,others,fist,0.2943,0.840,1677.761,0.007,1678.608,0
254b5554-0a3f-445a-8424-80583afd0422.jpg,others,others,0.8523,0.840,1677.761,0.008,1678.609,1
14eb9c0e-d871-4fab-ac35-c2b693900ecd.jpg,pinkie,pinkie,0.8502,0.840,1677.760,0.008,1678.608,1
f8224889-a0cd-44a2-8f4c-bb8df92c6a60.jpg,fist,fist,0.8440,0.840,1677.761,0.008,1678.609,1
8b2dcd33-c146-43c4-8842-040706381256.jpg,others,others,0.4380,0.840,1677.761,0.008,1678.609,1
6f8f6b4d-0feb-4836-a446-b8701f1017f3.jpg,one,one,0.6387,0.840,1677.761,0.008,1678.609,1
72dc4d60-98fa-4637-b432-46055f84e523.jpg,pinkie,rock,0.6545,0.840,1677.761,0.008,1678.609,0
bb16779a-f1ab-4111-b38b-67e94e21a2e9.jpg,pinkie,rock,0.4094,0.840,1677.761,0.008,1678.609,0
a4128cf5-bc1f-45fd-98d3-68a68d690763.jpg,fist,fist,0.9526,0.840,1677.761,0.008,1678.609,1
d3ffc513-dfd4-4d7b-b29c-02126c474070.jpg,fist,fist,0.9538,0.840,1677.761,0.008,1678.608,1
f6a5abef-b65c-470d-b397-9559f991c6dd.jpg,palm,palm,0.3523,0.840,1677.761,0.008,1678.609,1
b734618c-46df-42bf-93b7-3886ec3ca582.jpg,others,others,0.8844,0.840,1677.761,0.008,1678.609,1
6ff77093-e458-44c5-a145-b91cdb4e8e0d.jpg,fist,fist,0.9953,0.840,1677.761,0.008,1678.609,1
ede702c0-ddd4-4315-b0c7-5ae445a9c4fa.jpg,fist,fist,0.9851,0.840,1677.761,0.008,1678.609,1
30c44205-4a41-403b-8d65-e9f35d58e77a.jpg,palm,palm,0.9851,0.840,1677.761,0.008,1678.609,1
b3a4398d-e84f-468c-ae5f-3d6c649e0b97.jpg,one,one,0.5748,0.840,1677.761,0.008,1678.608,1
bf1ade98-0d91-45d7-97c2-a096be2b8e02.jpg,fist,fist,0.5013,0.840,1677.761,0.008,1678.609,1
d946e825-3680-4483-bf81-19a293cf2161.jpg,pinkie,pinkie,0.6253,0.840,1677.761,0.008,1678.609,1
365ff7e5-371f-4fac-b75c-273dce94bff6.jpg,palm,palm,0.9753,0.840,1677.761,0.008,1678.609,1
7da32b7c-9f44-4bdd-8c03-3024276de7c6.jpg,palm,palm,0.8275,0.840,1677.761,0.008,1678.609,1
353127fc-cbdf-4211-b8c5-5b86cdc6ecca.jpg,pinkie,pinkie,0.9361,0.840,1677.761,0.008,1678.609,1
425c97f0-2f82-4da4-9928-7dfb5c763b32.jpg,rock,rock,0.9943,0.840,1677.761,0.008,1678.609,1
4014c98f-7b96-40ae-b9f2-6d09ec919c2f.jpg,others,others,0.9661,0.840,1677.761,0.008,1678.609,1
9de761a5-66cd-4bdf-b931-af5377084f10.jpg,palm,palm,0.8289,0.840,1677.761,0.008,1678.609,1
ac7e7282-7295-4326-a412-541063aefacf.jpg,pinkie,pinkie,0.6726,0.840,1677.761,0.008,1678.609,1
96a84343-0245-4315-944b-df5f94aa6a1f.jpg,one,fist,0.5744,0.840,1677.761,0.008,1678.609,0
e93d05a6-1376-437d-9f5a-63fc9649a6c5.jpg,others,one,0.4020,0.840,1677.761,0.008,1678.609,0
0345aedc-3ee6-4405-bf74-7aefe8db9555.jpg,fist,fist,0.9995,0.840,1677.761,0.008,1678.609,1
d46bd75c-8572-4ad4-a4f3-6fadefc41e64.jpg,one,others,0.6739,0.840,1677.761,0.008,1678.608,0
dbe92ceb-a665-4027-b360-16543d072e87.jpg,pinkie,pinkie,0.5762,0.840,1677.761,0.008,1678.609,1
1f7c2890-53ad-4b2f-9fbe-61e465deb064.jpg,others,others,0.4926,0.840,1677.761,0.008,1678.609,1
c054ce60-82c0-48fb-ae42-2ec77a5ce059.jpg,pinkie,rock,0.4465,0.840,1677.761,0.007,1678.609,0
676aea63-dca2-4cfe-b14b-9dd9bff223e3.jpg,palm,palm,0.7891,0.840,1677.761,0.008,1678.609,1
cdd79924-faf0-4044-bed6-7cb7a8754b94.jpg,fist,fist,0.9651,0.840,1677.761,0.008,1678.609,1
be505435-28a4-42be-916d-60b90dad633d.jpg,rock,rock,0.9701,0.840,1677.761,0.008,1678.609,1
16e7a6fa-319b-4334-95d0-16b90f0e5256.jpg,others,one,0.7455,0.840,1677.761,0.008,1678.609,0
61740c07-8d7d-4c5c-974d-29871905c6da.jpg,pinkie,pinkie,0.5168,0.840,1677.761,0.008,1678.609,1
e5ee93d0-33f9-4fa9-964c-6a6bdfbd4ee1.jpg,one,rock,0.2435,0.840,1677.761,0.007,1678.608,0
989835a4-abc9-4de0-85b9-6e026ae35971.jpg,rock,rock,0.7798,0.840,1677.761,0.008,1678.609,1
b88f6cb1-93a8-4585-aea4-f43645629b82.jpg,pinkie,pinkie,0.8677,0.840,1677.761,0.008,1678.609,1
0d482049-4ac6-470f-9454-be347b99399f.jpg,one,one,0.4333,0.840,1677.761,0.008,1678.608,1
65ad90b2-d219-43ff-9760-f8f4b0c12cd8.jpg,pinkie,pinkie,0.7983,0.840,1677.761,0.008,1678.609,1
c6e3d335-554b-4eef-a662-e99484f5db89.jpg,pinkie,pinkie,0.4331,0.840,1677.761,0.008,1678.609,1
3288faf0-dcd3-42b8-95f1-2a170cc191f3.jpg,rock,rock,0.8809,0.840,1677.761,0.008,1678.608,1
c38f50d0-6e55-42fd-acf6-7e4832d9d3d3.jpg,fist,fist,0.8581,0.840,1677.761,0.008,1678.609,1
d0834bf3-7863-4197-890e-56ee8d5935be.jpg,one,one,0.7373,0.840,1677.762,0.008,1678.610,1
40a084dc-e38f-4989-8f6d-dc9835248d3c.jpg,fist,fist,0.8795,0.840,1677.762,0.008,1678.610,1
111a8b98-e0ab-4a95-9f39-46a00dda5952.jpg,pinkie,fist,0.6103,0.840,1677.762,0.008,1678.610,0
dd0a265b-d1a2-4510-93c1-32ea7748b1e6.jpg,palm,palm,0.9660,0.840,1677.761,0.008,1678.609,1
65dccdbb-5a07-41c0-8f9e-39ad139a5f67.jpg,others,palm,0.7112,0.840,1677.761,0.008,1678.609,0
0075a641-63eb-4644-a4de-5c6834eb4b52.jpg,fist,fist,1.0000,0.840,1677.761,0.008,1678.609,1
9cab69aa-0630-4652-83af-e39d85001551.jpg,rock,rock,0.9474,0.840,1677.761,0.008,1678.609,1
2409fa79-a6da-4900-b8df-053a24b359ca.jpg,others,others,0.9967,0.840,1677.760,0.008,1678.609,1
988a738b-a2dc-4fdc-97d2-2a0a0ae77d8b.jpg,rock,rock,0.8826,0.840,1677.761,0.008,1678.609,1
cccd2fed-df86-4916-bc9a-5e8f92abb663.jpg,fist,fist,0.4128,0.840,1677.761,0.008,1678.608,1
85fb90ce-c08a-435d-a915-d464260557c0.jpg,palm,palm,0.7940,0.840,1677.761,0.008,1678.609,1
da0ff9c6-042d-4355-9da5-6d57e62bf41f.jpg,palm,palm,0.9976,0.840,1677.761,0.008,1678.609,1
6d150087-8bcc-4289-9fa2-5144510a6550.jpg,rock,rock,0.6811,0.840,1677.761,0.008,1678.609,1
f30181da-c1bc-45a3-ac01-55aa25d73a9c.jpg,rock,rock,0.6038,0.840,1677.761,0.008,1678.609,1
b2bee8e2-ed55-4b03-bd86-67799f258513.jpg,pinkie,pinkie,0.9508,0.840,1677.761,0.008,1678.609,1
7433a83c-a6ff-41b9-b164-bce07c59736e.jpg,fist,fist,0.9976,0.840,1677.761,0.008,1678.609,1
4131a79a-17b4-40b1-bcf4-f6d7cef0a677.jpg,others,palm,0.8862,0.840,1677.761,0.008,1678.609,0
03ffd87b-3dcd-485b-b4d6-0b698e05af18.jpg,fist,fist,0.9991,0.840,1677.761,0.008,1678.609,1
3f877093-acfb-4757-a79b-773c5464679e.jpg,rock,rock,0.4179,0.840,1677.761,0.008,1678.609,1
5d584485-8f03-48fc-b0e8-1cf5c96b9aa8.jpg,fist,fist,0.9256,0.840,1677.761,0.008,1678.609,1
aa0f7318-c071-4b7a-b260-a2cc54c4e243.jpg,pinkie,pinkie,0.8550,0.840,1677.761,0.008,1678.609,1
9353f841-9536-455e-bbb4-7375e22c59f6.jpg,pinkie,pinkie,0.9562,0.840,1677.761,0.008,1678.608,1
6a922044-c386-49dd-9113-4026b18cfb84.jpg,pinkie,pinkie,0.8947,0.840,1677.761,0.008,1678.609,1
59692d00-57b2-4303-a11f-2125601aab4f.jpg,palm,palm,0.9967,0.840,1677.761,0.008,1678.609,1
050f21df-e3c2-405d-9524-431cf70445d0.jpg,palm,palm,0.9915,0.840,1677.761,0.008,1678.610,1
c38f1ee8-e181-484d-ae24-2d66be99b9cb.jpg,palm,palm,0.9665,0.840,1677.761,0.008,1678.609,1
97a37c7c-69d2-4ea8-8623-cd9373cfb8f6.jpg,pinkie,one,0.7141,0.840,1677.761,0.008,1678.609,0
4953bf56-0423-4a78-8cd4-4d2431f3e30a.jpg,pinkie,others,0.6883,0.840,1677.761,0.008,1678.609,0
9643b36e-3ac8-4119-b59e-9d1b85faaa04.jpg,pinkie,pinkie,0.5614,0.840,1677.761,0.008,1678.609,1
b1b6a5fb-6d60-4900-9947-b6110f15f237.jpg,fist,fist,0.8900,0.840,1677.761,0.008,1678.609,1
a95e115b-3115-4457-a327-ff39ede128d5.jpg,rock,rock,0.6462,0.840,1677.761,0.008,1678.609,1
4fe9c335-64ca-4a67-84bb-669f82eca733.jpg,palm,palm,0.9506,0.840,1677.761,0.008,1678.609,1
e0bf39db-5f95-4443-81e6-e99ff79d0123.jpg,palm,palm,0.4665,0.840,1677.761,0.008,1678.609,1
aaafd51c-9ff3-4255-b21e-97f11f501be5.jpg,palm,palm,0.9997,0.840,1677.760,0.008,1678.608,1
95973bee-8bc6-488a-a5cb-39f62be3efb9.jpg,rock,others,0.3562,0.840,1677.761,0.008,1678.609,0
3c1b2ef4-9d2f-4aeb-9d52-e99900ec1390.jpg,pinkie,pinkie,0.9580,0.840,1677.761,0.008,1678.609,1
9539f3dc-b433-4e3d-ae49-b2b68981873e.jpg,pinkie,pinkie,0.9625,0.840,1677.761,0.008,1678.609,1
ae08983d-c0ce-4832-b580-b8cac80eaf0a.jpg,one,one,0.9956,0.840,1677.761,0.008,1678.609,1
063bb014-6b4c-43b6-9ce6-74c56c1584f4.jpg,one,one,0.9670,0.840,1677.761,0.008,1678.610,1
3f6e8dab-5356-4475-a940-84ade8c06c84.jpg,one,one,0.9224,0.840,1677.761,0.008,1678.609,1
56982b5c-0310-4bf0-a725-6b61bd2abd14.jpg,pinkie,pinkie,0.9333,0.840,1677.761,0.008,1678.609,1
1d15c2ba-0734-457b-999b-449d9c54301f.jpg,palm,palm,0.9989,0.840,1677.761,0.008,1678.609,1
fc52ea33-74b5-4e37-8313-02a459126596.jpg,palm,palm,0.8826,0.840,1677.761,0.008,1678.609,1
425954f1-2738-4a7b-88f8-b11fafc0e752.jpg,palm,palm,0.4807,0.840,1677.761,0.008,1678.609,1
17d45617-a35f-44ce-9960-bf29c3e02d09.jpg,pinkie,pinkie,0.8654,0.840,1677.761,0.008,1678.609,1
97537d01-8fdf-44d4-8d59-3feaec67e1c9.jpg,one,one,0.8295,0.840,1677.761,0.008,1678.609,1
4827777a-428f-4e50-ab5c-43dc466d602e.jpg,palm,palm,0.9848,0.840,1677.761,0.008,1678.609,1
d1aa8782-baa0-4b54-b4b0-8abe78680c34.jpg,one,one,0.7774,0.840,1677.761,0.008,1678.609,1
20cff1c0-9f0a-46c3-aaed-9d084f65cce0.jpg,one,one,0.7346,0.840,1677.761,0.008,1678.609,1
4c4bd81c-061f-461e-b826-ca24c3816db6.jpg,others,fist,0.3444,0.840,1677.761,0.008,1678.609,0
521c0eea-4b97-4d6f-b5f0-8a1e3206ad2e.jpg,pinkie,pinkie,0.9169,0.840,1677.761,0.008,1678.609,1
15cf9f9e-166c-49b8-90cd-52e64c6850e5.jpg,others,others,0.9996,0.840,1677.761,0.008,1678.609,1
7645d1b2-186a-4c11-a27e-43d32045b279.jpg,pinkie,pinkie,0.9835,0.840,1677.761,0.008,1678.609,1
071381c5-9c5e-4484-a975-24c4380f476f.jpg,palm,palm,0.8265,0.840,1677.761,0.008,1678.609,1
b7057b31-0196-47f4-a957-684b5abb040b.jpg,rock,rock,0.8085,0.840,1677.761,0.008,1678.609,1
9ff1a4c8-9d5c-4023-984c-60cebac343b7.jpg,pinkie,others,0.2657,0.840,1677.761,0.007,1678.609,0
c2327f50-9926-4625-be3f-6fbb94b8e015.jpg,pinkie,fist,0.6364,0.840,1677.761,0.008,1678.609,0
9f49a58c-0c69-4ac4-b410-75d00814527c.jpg,others,palm,0.5621,0.840,1677.761,0.008,1678.609,0
ff71f97b-4b0e-434e-9ff9-0dfe10a9161d.jpg,palm,palm,0.9968,0.840,1677.761,0.008,1678.609,1
22b96773-15e9-4920-9c28-b76bbabad384.jpg,fist,fist,0.9990,0.840,1677.761,0.008,1678.609,1
1795bc29-cbe0-4534-b245-a6fbc18e7990.jpg,others,others,0.6223,0.840,1677.761,0.008,1678.609,1
53984d59-9797-4f35-84d0-d51d2a281381.jpg,one,one,0.5175,0.840,1677.761,0.008,1678.609,1
2afb50bf-82fe-4b2b-ba7d-5d697a2fd086.jpg,others,fist,0.3821,0.840,1677.760,0.008,1678.608,0
858415c9-b638-490f-9410-5eb3c5b1baf3.jpg,rock,rock,0.9236,0.840,1677.761,0.008,1678.609,1
9f651155-b074-4b02-8904-782cb4936ab5.jpg,one,one,0.4255,0.840,1677.761,0.008,1678.608,1
769247a8-0c7c-42dc-af3f-4210c70fe902.jpg,one,one,0.8740,0.840,1677.760,0.008,1678.608,1
2257a91d-fc9c-4d2a-bbc4-a19f7403faa9.jpg,rock,rock,0.3749,0.840,1677.761,0.008,1678.609,1
76db8bb9-f718-4906-9173-57881bb04666.jpg,fist,fist,0.9756,0.840,1677.761,0.008,1678.609,1
73846543-9fd0-4e44-8047-7e2048115b37.jpg,pinkie,fist,0.6996,0.840,1677.761,0.008,1678.609,0
9ce39126-a9e0-4912-b050-e7ee565ed653.jpg,rock,rock,0.8738,0.840,1677.761,0.008,1678.609,1
d66964d2-9720-45a4-927a-bb3c8c900b61.jpg,palm,others,0.3405,0.840,1677.761,0.007,1678.609,0
d6a61488-0cc5-4090-b8be-71af99d02417.jpg,rock,rock,0.5727,0.840,1677.761,0.008,1678.609,1
ac7d79b1-b3fb-47fe-a3e2-457977d8617a.jpg,rock,rock,0.4300,0.840,1677.761,0.008,1678.608,1
cf4f3f52-caf2-46fe-af29-16769cfc9a94.jpg,rock,one,0.3548,0.840,1677.761,0.008,1678.609,0
297bd05f-c34c-40b3-a7ef-be9fdb489cef.jpg,one,rock,0.3839,0.840,1677.761,0.008,1678.609,0
6d57ba19-7c03-45db-890a-f21003c93094.jpg,palm,palm,0.9176,0.840,1677.762,0.008,1678.610,1
d7d4890c-1231-4efc-b5d4-d0ade490ecbf.jpg,palm,palm,0.6763,0.840,1677.760,0.008,1678.609,1
50cbe2de-02dd-4a51-bd73-8b1eb4741d24.jpg,rock,rock,0.9536,0.840,1677.761,0.008,1678.609,1
83b11eaf-1159-4951-bddb-47cc035a9e4b.jpg,pinkie,rock,0.4217,0.840,1677.761,0.008,1678.608,0
22cda1f4-0b6d-4105-8e70-c907198330b2.jpg,rock,one,0.3713,0.840,1677.761,0.008,1678.609,0
763fd8cd-4368-453e-b8c3-b0b939bc09bd.jpg,pinkie,pinkie,0.4727,0.840,1677.761,0.008,1678.609,1
c68e61d5-9b7d-4040-8cb3-363e48cb8610.jpg,rock,rock,0.9319,0.840,1677.761,0.008,1678.609,1
d151d149-195e-443d-8605-ad27cc8e8939.jpg,one,one,0.9111,0.840,1677.761,0.008,1678.609,1
e83f632e-d4c4-4cdf-9ff5-ee841158d755.jpg,others,palm,0.8675,0.840,1677.761,0.008,1678.609,0
f121731c-e75c-4801-9eaf-3e9d5e23d145.jpg,palm,others,0.5319,0.840,1677.761,0.008,1678.609,0
0bee3c67-1f77-45c7-87d1-75bd86e7bb2a.jpg,pinkie,pinkie,0.8031,0.840,1677.761,0.008,1678.609,1
54a71a6b-8c3d-457e-ade8-8c6f2d382276.jpg,rock,rock,0.8432,0.840,1677.761,0.008,1678.609,1
5c8f7ca5-6e90-42c3-8d2e-c34adcd3d69f.jpg,rock,others,0.4267,0.840,1677.761,0.008,1678.609,0
7fa5f7a8-776b-4c5f-a3d5-14ade0692aa5.jpg,fist,fist,0.9641,0.840,1677.761,0.008,1678.609,1
b3f4c124-c25f-4735-be3a-840eeaccfe95.jpg,fist,fist,0.7757,0.840,1677.761,0.008,1678.609,1
752f2380-4aae-4ba8-8057-7608302e5c12.jpg,one,one,0.4918,0.840,1677.761,0.008,1678.609,1
5266280f-622a-4882-8425-4a775ba43740.jpg,one,one,0.7824,0.840,1677.761,0.008,1678.609,1
f1eeb9bf-e270-4fa0-9466-09fe21ae862e.jpg,fist,fist,0.2514,0.840,1677.761,0.007,1678.608,1
7d9f8f6a-46e0-4e29-bdc7-b853eb44364f.jpg,rock,rock,0.7662,0.840,1677.761,0.008,1678.609,1
4a77ed1e-e1c5-4ac1-9c7c-d3d0b98bd771.jpg,one,one,0.4055,0.840,1677.761,0.008,1678.609,1
8fabb5d9-87e3-4640-bdd5-d6db99e65162.jpg,palm,fist,0.4349,0.840,1677.761,0.008,1678.609,0
9e2b2c6e-ef4f-40f5-ba21-9a557f8e829c.jpg,palm,one,0.2827,0.840,1677.761,0.007,1678.608,0
75b10031-0cc2-44cd-8133-f77fff73522a.jpg,rock,rock,0.6369,0.840,1677.761,0.008,1678.609,1
799db22b-baeb-49a0-bf6d-20d9b5a0909f.jpg,palm,palm,0.9754,0.840,1677.761,0.008,1678.609,1
33352b67-f243-4763-94ae-380d671431b3.jpg,pinkie,pinkie,0.9637,0.840,1677.761,0.008,1678.609,1
8e53d0af-07f6-4e64-a292-22c756de24e7.jpg,pinkie,pinkie,0.9434,0.840,1677.761,0.008,1678.609,1
988242cc-6adf-452a-a45f-5637d77f9871.jpg,others,palm,0.6178,0.840,1677.760,0.008,1678.609,0
9b61a9aa-1e63-4ccc-b526-7400185e2980.jpg,fist,fist,0.9086,0.840,1677.761,0.008,1678.609,1
e7e631ba-a186-40f6-a98b-4e7cce429fb9.jpg,pinkie,pinkie,0.8047,0.840,1677.761,0.008,1678.609,1
ef79d115-8b15-42cb-a722-0bc2200aff2a.jpg,others,others,0.4201,0.840,1677.762,0.008,1678.609,1
af102552-8877-42b6-87e1-a5ae541d2a3c.jpg,others,others,0.9986,0.840,1677.761,0.008,1678.609,1
52c7c620-aa2f-4b71-b28f-a7e3b85ed833.jpg,pinkie,one,0.4380,0.840,1677.761,0.008,1678.609,0
ad6e5f51-cdae-41cd-9234-eb17d1688427.jpg,pinkie,pinkie,0.9155,0.840,1677.761,0.008,1678.609,1
da744d0b-70c3-408d-b01e-852d067715c2.jpg,pinkie,rock,0.3689,0.840,1677.761,0.007,1678.609,0
64711591-ddaa-46c7-bd7b-5bfaf826339e.jpg,pinkie,pinkie,0.5202,0.840,1677.761,0.008,1678.609,1
fb84b434-4432-47eb-9261-2785e291880a.jpg,others,others,0.4884,0.840,1677.761,0.008,1678.609,1
2b2dc6b8-3d42-4dff-b3e1-a44d68fee70f.jpg,others,others,0.7607,0.840,1677.761,0.008,1678.609,1
1f6ddcc3-46f4-40b4-8213-eb734767a23d.jpg,others,others,0.4923,0.840,1677.761,0.008,1678.609,1
623355ff-18b8-48c7-95cb-342478745ab1.jpg,fist,fist,0.7397,0.840,1677.761,0.008,1678.609,1
2e533231-8191-4d7a-87aa-7769aa5968d4.jpg,one,one,0.8195,0.840,1677.761,0.008,1678.609,1
83d1fae7-61a0-4b5f-ac6c-1aad4d1fa15d.jpg,palm,palm,0.4885,0.840,1677.761,0.008,1678.609,1
9caed336-3205-49d0-890a-40578947cac7.jpg,rock,rock,0.8803,0.840,1677.761,0.008,1678.609,1
2e7707e1-2936-45fc-a751-83908948bb21.jpg,pinkie,pinkie,0.9402,0.840,1677.761,0.008,1678.609,1
51b814a3-a3e7-4be6-bee6-a172dec3e9cf.jpg,one,one,0.9394,0.840,1677.761,0.008,1678.609,1
d9e5b0c1-5434-4c25-9df5-407d971ad182.jpg,fist,fist,0.9766,0.840,1677.761,0.008,1678.609,1
d36511d3-f30a-4883-a6c7-1ef27e76f9ae.jpg,rock,rock,0.9764,0.840,1677.761,0.008,1678.609,1
a3ecbe57-8764-49c6-95ad-217d0baf7268.jpg,one,one,0.7431,0.840,1677.761,0.008,1678.609,1
8bbdd431-618b-4de1-9591-8e81bcbe8baa.jpg,pinkie,pinkie,0.8465,0.840,1677.761,0.008,1678.609,1
cead940f-ed18-473f-81e8-62efd1b002b8.jpg,rock,one,0.3710,0.840,1677.761,0.008,1678.608,0
98a320be-a9ac-46e3-b72e-4345eb0ecd62.jpg,pinkie,pinkie,0.7765,0.840,1677.761,0.008,1678.609,1
b48602f6-04f7-4d65-b09c-cfc058aebf95.jpg,pinkie,rock,0.4740,0.840,1677.761,0.008,1678.609,0
019d3ff8-7733-488c-b7d8-00060fb9f20c.jpg,rock,pinkie,0.5643,0.840,1677.761,0.008,1678.609,0
79f53bf8-caa2-4d43-b0c0-4d29ee1708c2.jpg,fist,fist,0.9480,0.840,1677.761,0.008,1678.609,1
d40fce33-c37c-40ed-8b60-cc712ddfb87a.jpg,fist,fist,0.9999,0.840,1677.761,0.008,1678.609,1
19507bc1-a061-42d7-a3a6-b227949e1650.jpg,fist,fist,0.9599,0.840,1677.761,0.008,1678.609,1
1efee610-013a-4b0b-ac64-420a14834e34.jpg,one,one,0.8488,0.840,1677.761,0.008,1678.609,1
d27c5f60-531a-4dfb-b3bb-5d8faa91d083.jpg,one,rock,0.3410,0.840,1677.761,0.007,1678.609,0
97d3ec5b-b794-49f5-999d-6b50b4b9a7a1.jpg,others,others,0.6864,0.840,1677.761,0.008,1678.609,1
ae7dc511-0830-46f3-9ada-d047ef37d02c.jpg,rock,rock,0.7315,0.840,1677.760,0.008,1678.609,1
cb447459-15a3-42c6-a762-45cbbbf181c1.jpg,pinkie,rock,0.5024,0.840,1677.761,0.008,1678.608,0
e996e996-2a1e-49a6-8d53-a8fdc822609f.jpg,pinkie,pinkie,0.9360,0.840,1677.761,0.008,1678.609,1
fb94bf5d-55ea-429c-881a-5e18c4638f23.jpg,rock,rock,0.9871,0.840,1677.761,0.008,1678.609,1
02c34c97-dd3c-4a05-92f9-8181be481dfd.jpg,others,others,0.8474,0.840,1677.761,0.008,1678.608,1
9b9496d2-81fd-4ac5-bf3e-54ad511909b3.jpg,others,fist,0.6662,0.840,1677.761,0.008,1678.609,0
76822a9d-3f05-4bbb-8393-74b2d56cb858.jpg,pinkie,fist,0.4380,0.840,1677.761,0.008,1678.609,0
2b695e7e-a42a-4f67-a85c-90f8297cfa8f.jpg,pinkie,pinkie,0.7388,0.840,1677.761,0.008,1678.609,1
459d7977-13e8-43de-a1a1-e03247eee0c6.jpg,palm,palm,0.8156,0.840,1677.760,0.008,1678.609,1
8b60fcc1-a5ab-4cff-811f-5386f6d3af20.jpg,one,one,0.8080,0.840,1677.761,0.008,1678.609,1
905138cd-f3aa-42b2-8ab3-0cf1cb90e34a.jpg,rock,rock,0.8370,0.840,1677.761,0.008,1678.609,1
828d3e18-7125-426e-8f1b-98856d757aff.jpg,one,one,0.7817,0.840,1677.761,0.008,1678.609,1
4ae0a432-dc2e-4e7f-b1a3-6fcf432b9844.jpg,one,one,0.7473,0.840,1677.761,0.008,1678.608,1
0a2f6d04-fcd9-4466-ab2e-d381fd9c4bee.jpg,rock,rock,0.7062,0.840,1677.761,0.008,1678.609,1
52f9ada0-48e1-4ce6-badb-d62be9ba7d2f.jpg,fist,fist,0.9942,0.840,1677.760,0.008,1678.608,1
87590d22-ee44-423b-b239-6d8368821a70.jpg,others,palm,0.3304,0.840,1677.761,0.007,1678.608,0
bfb0ed69-e621-45a2-a7cc-38cb051533ee.jpg,one,one,0.6885,0.840,1677.761,0.008,1678.609,1
a17c6ca4-c913-4216-a475-157c3c90d838.jpg,palm,palm,0.9981,0.840,1677.761,0.008,1678.609,1
8cb3810d-1487-4367-9d7b-f122e89a9966.jpg,fist,fist,0.9577,0.840,1677.761,0.008,1678.609,1
d93e15da-c071-4e71-9766-3795153d925a.jpg,one,one,0.5482,0.840,1677.761,0.008,1678.609,1
0c8e2eb5-aa62-4726-ba13-f8faee52ac79.jpg,fist,fist,0.9623,0.840,1677.761,0.008,1678.609,1
5d5aa7ec-0254-439c-9252-a3c2edd02e5f.jpg,rock,rock,0.9829,0.840,1677.761,0.008,1678.609,1
f86f5c3e-90c4-4ed0-ba82-af7c0fea3552.jpg,pinkie,pinkie,0.4634,0.840,1677.760,0.007,1678.608,1
8f07d5e1-a95a-4f8f-b3cb-32d5404d71db.jpg,others,palm,0.4909,0.840,1677.761,0.008,1678.609,0
345841b1-bbaf-419d-9f6e-87f62c03394d.jpg,rock,rock,0.8599,0.840,1677.761,0.008,1678.609,1
3404e4e4-93fb-4702-80dc-43e27023b8cb.jpg,others,rock,0.8399,0.840,1677.761,0.008,1678.609,0
daa54345-6e52-4f16-8dd5-a6366eceefc7.jpg,fist,others,0.4464,0.840,1677.761,0.008,1678.609,0
bcf623f3-c87c-4fab-bda7-ae7e570cd96c.jpg,palm,palm,0.9750,0.840,1677.761,0.008,1678.609,1
19bb34b8-40ca-4df0-b4ae-bac293cfa2fe.jpg,others,others,0.7120,0.840,1677.761,0.008,1678.609,1
f803e0b3-9af1-4269-9666-7841702f815f.jpg,others,rock,0.5442,0.840,1677.761,0.008,1678.609,0
d56609ac-f6ee-44e1-a2ea-987c16d18286.jpg,others,rock,0.4577,0.840,1677.761,0.008,1678.608,0
b0735faa-9569-41d3-9685-76047f4d40b2.jpg,others,one,0.4091,0.840,1677.761,0.007,1678.609,0
64a45e4f-86fc-43c2-a466-5c20e8452553.jpg,pinkie,pinkie,0.6946,0.840,1677.761,0.008,1678.609,1
01188b38-1f61-4e7d-ae2b-ce89279d99f6.jpg,fist,fist,0.9979,0.840,1677.761,0.008,1678.608,1
8cfaeab7-6385-4e43-a84a-5d5019b8866b.jpg,one,one,0.7133,0.840,1677.761,0.008,1678.609,1
8325b3f9-38c4-4eb9-911b-5d5ab3ee3087.jpg,palm,palm,0.9905,0.840,1677.761,0.008,1678.609,1
e99381f0-babf-40ad-a8ef-43e45d215ed5.jpg,fist,fist,0.5703,0.840,1677.760,0.008,1678.609,1
8d9804b3-731d-4570-b9d3-a72a291269c9.jpg,rock,rock,0.8386,0.840,1677.761,0.008,1678.609,1
5535679d-67f9-4aa4-a185-a68fa130b42c.jpg,rock,rock,0.6629,0.840,1677.761,0.008,1678.609,1
4574440c-6ba8-406a-8320-e0f964e03986.jpg,rock,rock,0.5665,0.840,1677.761,0.008,1678.609,1
9a8465ed-e46e-433f-b9cd-4deefc1981c5.jpg,fist,fist,0.9937,0.840,1677.761,0.008,1678.609,1
cdf147e7-f567-421c-83d1-7ce991a4481c.jpg,rock,rock,0.6029,0.840,1677.761,0.008,1678.609,1
c53570e2-01f2-4341-87fa-0c974ea5a595.jpg,fist,fist,1.0000,0.840,1677.761,0.008,1678.609,1
f25f5a8e-273f-4e04-ad4d-901983530cae.jpg,pinkie,pinkie,0.8560,0.840,1677.761,0.008,1678.609,1
c408ee17-5448-46dd-a0b8-905ba7f8bb14.jpg,others,others,0.7350,0.840,1677.760,0.008,1678.608,1
0f1b5a05-1bc4-4820-ad3f-1a65b067ee83.jpg,pinkie,pinkie,0.5102,0.840,1677.761,0.008,1678.609,1
0d183f66-f73a-4840-84ae-e28136ed4ff1.jpg,palm,palm,0.9966,0.840,1677.761,0.008,1678.609,1
684dbbef-d09d-4a93-9719-7f0c7fc936d3.jpg,pinkie,rock,0.6558,0.840,1677.761,0.008,1678.609,0
685b4889-4e0d-453c-9e36-854dc04ca54b.jpg,one,one,0.4842,0.840,1677.761,0.008,1678.609,1
1d94696c-91e7-448a-8212-a7b413bcf694.jpg,one,one,0.8913,0.840,1677.761,0.008,1678.609,1
00cda90a-1ecf-4168-a145-1eab47cbd9d4.jpg,one,one,0.8415,0.840,1677.761,0.008,1678.609,1
924dae5f-92e5-4960-8a47-3bfdf7f18a5d.jpg,pinkie,others,0.6140,0.840,1677.760,0.008,1678.608,0
756301b5-5605-4a09-a579-d11e22b70b2c.jpg,one,one,0.9678,0.840,1677.761,0.008,1678.608,1
6633d149-f0e8-4b46-a095-f7151f4bdd82.jpg,one,fist,0.8566,0.840,1677.761,0.008,1678.609,0
c9a1e6ed-8ddc-4c3d-8589-70c9f0280dad.jpg,others,palm,0.3926,0.840,1677.761,0.008,1678.609,0
be638c4d-6e42-41d6-9b60-63e9cfcf1ffa.jpg,fist,fist,0.9458,0.840,1677.761,0.008,1678.609,1
0dda56bd-223f-4b5e-8d5e-2ee08d2f5ef2.jpg,pinkie,others,0.4313,0.840,1677.761,0.008,1678.609,0
4b8b5ef1-cbfc-418d-929c-4eadb339c70d.jpg,one,one,0.6255,0.840,1677.761,0.008,1678.609,1
f366e596-0051-49a6-abec-a7dcdaaebef4.jpg,palm,palm,0.8322,0.840,1677.761,0.008,1678.609,1
79b454ee-a83f-470a-b46b-8488428051d5.jpg,others,others,0.6821,0.840,1677.760,0.008,1678.608,1
4a7871bf-7256-4806-98a1-643430a7f2aa.jpg,pinkie,pinkie,0.4054,0.840,1677.761,0.008,1678.609,1
d89ceb23-fd52-416d-a023-79a5f529e5dc.jpg,fist,fist,0.9287,0.840,1677.761,0.008,1678.609,1
9eb4bfad-495a-495a-871a-8a747694a09a.jpg,others,others,0.5351,0.840,1677.762,0.008,1678.610,1
42bc03f7-8465-4121-9d66-70a0f7df96cc.jpg,others,others,0.7958,0.840,1677.761,0.008,1678.608,1
13d651c0-096a-46ec-8812-962c8a35d4c5.jpg,one,one,0.9465,0.840,1677.761,0.008,1678.609,1
7e7ed11a-9f17-4519-ba2b-4c4ceb727028.jpg,one,one,0.5375,0.840,1677.761,0.008,1678.609,1
146edf17-eeb7-447a-b15c-05c8fffb1984.jpg,fist,fist,0.9853,0.840,1677.761,0.008,1678.609,1
7a0213e1-08e0-472e-911f-64deab137aab.jpg,others,palm,0.5134,0.840,1677.761,0.008,1678.609,0
b1efbe9d-ead3-480d-aa14-39fb7f711ee6.jpg,palm,palm,0.9845,0.840,1677.761,0.008,1678.609,1
16e1aa45-00fd-465e-a0a4-02e87214d85e.jpg,palm,palm,0.9307,0.840,1677.761,0.008,1678.609,1
192720bf-8ef1-4316-914d-d546b84f0f9b.jpg,others,others,0.6658,0.840,1677.761,0.008,1678.609,1
990e2b61-0b27-4a91-ad8f-2dab3d7a0254.jpg,rock,pinkie,0.4549,0.840,1677.761,0.008,1678.609,0
bb07c368-c4ab-4581-a112-88e7df3a56fa.jpg,fist,fist,0.6854,0.840,1677.761,0.008,1678.609,1
7bcb5434-a990-4e7d-ae53-7867cbef34d8.jpg,fist,fist,0.9999,0.840,1677.761,0.008,1678.609,1
3cd10493-9870-493d-804f-83a96a12d63f.jpg,pinkie,pinkie,0.6509,0.840,1677.761,0.008,1678.609,1
53987c9d-012c-45b9-88de-3a12105e806b.jpg,rock,rock,0.9226,0.840,1677.761,0.008,1678.609,1
aa3447d2-9e6f-4744-8bc8-c5ebc015e449.jpg,fist,fist,0.7944,0.840,1677.760,0.008,1678.608,1
ec5fc97d-6aa7-4fb2-a31b-d0316aa8256e.jpg,fist,fist,0.9862,0.840,1677.761,0.008,1678.609,1
02852c2a-09b3-45fc-b567-e94f6b03878c.jpg,palm,palm,0.9206,0.840,1677.761,0.008,1678.609,1
032f6822-2371-4d35-97bc-2f3eaac9bbb7.jpg,one,one,0.7077,0.840,1677.761,0.008,1678.609,1
73e49f76-a5e9-4bec-bb24-5118f30f3a93.jpg,fist,fist,0.9524,0.840,1677.761,0.008,1678.609,1
db1b1872-80f7-4db7-b7fa-f6caef4aafd8.jpg,fist,fist,0.9942,0.840,1677.761,0.008,1678.609,1
01343538-1376-43c3-9f06-bbec80216b05.jpg,fist,fist,0.9740,0.840,1677.761,0.008,1678.609,1
b9262e25-fcf4-48fd-8b03-c01933ecb68b.jpg,pinkie,pinkie,0.9015,0.840,1677.761,0.008,1678.609,1
d89e4bf0-10a0-4109-ac58-adbf215216c6.jpg,fist,fist,0.8535,0.840,1677.761,0.008,1678.609,1
1b22998a-940c-4fba-bacf-d636537c528f.jpg,pinkie,pinkie,0.7320,0.840,1677.761,0.008,1678.609,1
cacfc9f3-24e3-444e-b3f2-e35fd3593bf1.jpg,others,one,0.5493,0.840,1677.761,0.008,1678.609,0
bab5d6d1-af7d-4cf9-9726-bb6c200a4e19.jpg,pinkie,pinkie,0.8861,0.840,1677.761,0.008,1678.609,1
cdf10d74-ecc1-49a8-bf91-7585ee35b732.jpg,palm,palm,0.9782,0.840,1677.761,0.008,1678.609,1
625b52cd-984f-41cc-91a9-1cea7036009f.jpg,palm,palm,0.9813,0.840,1677.761,0.008,1678.609,1
59117a0b-6281-4942-a2c1-967b8ebc674a.jpg,palm,palm,0.9980,0.840,1677.761,0.008,1678.609,1
b239fd55-4b83-46b6-9e67-7e790cb16235.jpg,rock,palm,0.5700,0.840,1677.761,0.008,1678.609,0
4ce24076-325b-4eaa-a96c-777ea2520ee9.jpg,rock,rock,0.6664,0.840,1677.761,0.008,1678.609,1
21721328-6ded-4107-8f5e-c22770f6bc68.jpg,one,one,0.9173,0.840,1677.761,0.008,1678.609,1
8534d90f-2b9f-44e3-98cf-bbdc867cd4a4.jpg,fist,fist,0.9734,0.840,1677.761,0.008,1678.609,1
80eca7d6-e889-4170-afab-8527d643fb59.jpg,one,one,0.5764,0.840,1677.761,0.008,1678.609,1
4dd12040-8560-43a0-840c-a436a8c5a47c.jpg,one,one,0.5485,0.840,1677.761,0.008,1678.609,1
633e4ce4-9f27-4985-8a97-1b7648eb0c2f.jpg,one,one,0.8907,0.840,1677.761,0.008,1678.609,1
b603c3aa-1888-4988-ac51-54179907df61.jpg,fist,fist,0.9113,0.840,1677.761,0.008,1678.609,1
dcb950e7-398b-4949-9db6-3eb5a06aad18.jpg,one,one,0.9737,0.840,1677.761,0.008,1678.609,1
d98b1f7d-6587-49c6-9cbb-b4c00bb187e7.jpg,rock,rock,0.7913,0.840,1677.760,0.008,1678.608,1
1e0d3243-82fd-4915-860f-bb29392af0d4.jpg,pinkie,pinkie,0.6615,0.840,1677.761,0.008,1678.609,1
4565ae46-1fff-493f-9f49-24c920e3c6f0.jpg,pinkie,pinkie,0.6454,0.840,1677.761,0.008,1678.609,1
4a313704-cd8d-4c10-a5b2-2e4937e3a2f2.jpg,pinkie,rock,0.3585,0.840,1677.761,0.007,1678.609,0
560e5a91-2f57-457c-8596-cc093ddda672.jpg,one,one,0.9912,0.840,1677.761,0.008,1678.608,1
329fd540-6bb9-436e-9899-75e8071b18d9.jpg,others,rock,0.3465,0.840,1677.761,0.008,1678.608,0
60ed9ad6-01ae-4020-9e2f-8b970582442d.jpg,fist,fist,1.0000,0.840,1677.761,0.008,1678.609,1
cacb0190-9e1b-4074-a12f-8e243478ed5a.jpg,one,one,0.9760,0.840,1677.761,0.008,1678.609,1
37cd3570-e5e4-4f12-bf41-1f47b4c7bf5f.jpg,fist,fist,0.9994,0.840,1677.761,0.008,1678.609,1
97eb8b5f-4b1e-49e2-b151-749e6ccb33d8.jpg,one,one,0.5570,0.840,1677.761,0.008,1678.608,1
baab534a-e015-4fff-bbbb-8e3e114e2aab.jpg,palm,fist,0.3212,0.840,1677.761,0.007,1678.609,0
db4a86b9-612f-4103-89c7-25861df59405.jpg,pinkie,pinkie,0.9640,0.840,1677.761,0.008,1678.609,1
b95244aa-190f-45f0-a480-4f25958ae4ea.jpg,palm,palm,0.9756,0.840,1677.761,0.008,1678.609,1
2b357887-d54e-4b06-9f85-767a47dfd2d7.jpg,one,rock,0.6373,0.840,1677.761,0.008,1678.609,0
e3ca1d23-1f8c-4cfd-be7d-28057321255c.jpg,palm,palm,0.9853,0.840,1677.761,0.008,1678.609,1
d5f84465-9e3c-489e-aba8-658d6158f664.jpg,rock,rock,0.4599,0.840,1677.761,0.008,1678.609,1
411ab5b2-01c2-4c62-9633-4a9c83de43d5.jpg,pinkie,pinkie,0.3901,0.840,1677.761,0.008,1678.609,1
684b8ceb-aac6-4a15-bc6a-722469b66718.jpg,palm,palm,0.9051,0.840,1677.761,0.008,1678.609,1
9c84d717-58cf-4252-b364-7efd2fb92df1.jpg,palm,others,0.3677,0.840,1677.761,0.008,1678.608,0
e2a114f8-ee9b-4e6d-be3d-9a814fa4f153.jpg,others,one,0.5388,0.840,1677.762,0.008,1678.609,0
d0d36464-9e07-432b-8777-0cdc371036c2.jpg,fist,fist,0.9999,0.840,1677.761,0.008,1678.609,1
3519fb76-5de2-4018-bc95-8ff1f0bccdfc.jpg,palm,palm,0.9954,0.840,1677.761,0.008,1678.609,1
af8e9b58-70cc-4d2c-991a-4082fedf7bef.jpg,pinkie,pinkie,0.5634,0.840,1677.761,0.008,1678.609,1
216e2ed3-4df6-41b0-9d6d-24de9e9f38e6.jpg,pinkie,pinkie,0.6177,0.840,1677.761,0.008,1678.609,1
d67699ba-b34c-473a-a08b-a92171f9fe68.jpg,pinkie,pinkie,0.8828,0.840,1677.761,0.008,1678.609,1
3dff4b50-1dc4-44c3-a99f-6fa62845f9b3.jpg,pinkie,pinkie,0.6200,0.840,1677.762,0.008,1678.610,1
a90f2915-b15a-445d-9422-e57246558737.jpg,others,others,0.9680,0.840,1677.761,0.008,1678.609,1
45fc6a2e-c314-41c8-bd60-4750ba248658.jpg,rock,rock,0.9721,0.840,1677.761,0.008,1678.609,1
769247a8-0c7c-42dc-af3f-4210c70fe902.jpg,one,one,0.8740,0.840,1677.761,0.008,1678.609,1
e9d340bd-0973-4600-ac7f-a8b055157455.jpg,one,one,0.6745,0.840,1677.760,0.008,1678.608,1
d7c6941e-379e-4102-8c29-caff5e3ef96f.jpg,pinkie,pinkie,0.7567,0.840,1677.761,0.008,1678.609,1
79db85d4-8975-4f1f-9332-1d6302db9668.jpg,one,one,0.9529,0.840,1677.761,0.008,1678.609,1
66cee034-d3d7-46fd-87ce-35fd4f826b2f.jpg,palm,palm,0.9994,0.840,1677.761,0.008,1678.609,1
08a1768f-cdd7-406d-8f5c-c1e0961009bf.jpg,pinkie,one,0.6129,0.840,1677.761,0.008,1678.609,0
cd2a6b07-0f8e-4e91-8ece-697510d370c1.jpg,fist,fist,0.9761,0.840,1677.761,0.008,1678.609,1
b881db09-6ddc-4d1a-8dbb-b439b0770c61.jpg,fist,fist,0.9983,0.840,1677.761,0.008,1678.609,1
61c4fd53-2f43-4804-82d8-fca0eb3b949c.jpg,pinkie,rock,0.3340,0.840,1677.761,0.007,1678.609,0
15c5822d-8457-43b1-b1d3-b687ca005f3a.jpg,pinkie,pinkie,0.8616,0.840,1677.761,0.008,1678.609,1
302583f5-b422-4266-ae7f-7d9e2c8e1b69.jpg,palm,palm,0.9261,0.840,1677.761,0.008,1678.609,1
54019918-0a21-47e7-a53b-23f6a440cc6e.jpg,rock,rock,0.8197,0.840,1677.761,0.008,1678.609,1
dfc94142-c76c-4548-a601-08c8d2cfa10b.jpg,palm,palm,0.9658,0.840,1677.761,0.008,1678.609,1
3b12cbc4-53ed-46bb-bbf7-69209e067977.jpg,others,rock,0.9551,0.840,1677.761,0.008,1678.609,0
c6bf0dd9-c103-4b39-8a1e-dd006a8d2480.jpg,fist,fist,0.9203,0.840,1677.761,0.008,1678.609,1
2a4c7621-81b3-43f0-9dcd-f3c29c6c6070.jpg,palm,palm,0.9244,0.840,1677.761,0.008,1678.609,1
92413202-8af1-4874-bf58-59bee2157025.jpg,palm,palm,0.9930,0.840,1677.761,0.008,1678.609,1
b6f6ef65-eeb7-4045-87aa-192d94b9ee5c.jpg,others,one,0.3789,0.840,1677.761,0.008,1678.609,0
d67699ba-b34c-473a-a08b-a92171f9fe68.jpg,pinkie,pinkie,0.8828,0.840,1677.761,0.008,1678.609,1
f762e4dc-85e7-465c-86f4-8065c504e4a5.jpg,fist,one,0.4462,0.840,1677.761,0.008,1678.609,0
16e1aa45-00fd-465e-a0a4-02e87214d85e.jpg,palm,palm,0.9307,0.840,1677.761,0.008,1678.609,1
e74a753a-ea45-4733-b2f3-ca93df1ebb17.jpg,fist,fist,0.9999,0.840,1677.761,0.008,1678.609,1
90e63d13-7c72-4be6-8d13-ca34c62aea92.jpg,others,others,0.6507,0.840,1677.761,0.008,1678.609,1
25bc4fac-ed0f-4e60-b239-ca9ad7f37218.jpg,rock,rock,0.8097,0.840,1677.761,0.008,1678.609,1
e61eff28-2780-4b5a-b409-482b4299e500.jpg,fist,fist,0.9524,0.840,1677.761,0.008,1678.609,1
25b6ae6f-5608-4c30-9818-d92947cb69b1.jpg,rock,pinkie,0.4866,0.840,1677.761,0.008,1678.608,0
60aa15ba-2cca-4e53-af17-456f49167d52.jpg,one,fist,0.5185,0.840,1677.761,0.008,1678.609,0
185480bb-5fc9-4af1-a756-9525a02c235a.jpg,rock,rock,0.2769,0.840,1677.761,0.007,1678.609,1
2f52f414-3e5d-42d9-9f43-40b4a7e63dbb.jpg,one,one,0.9949,0.840,1677.761,0.008,1678.609,1
4b64247b-b5b8-4c9c-9dc1-d8d3b2ae506d.jpg,rock,one,0.3890,0.840,1677.760,0.008,1678.608,0
47b16539-1f5c-498a-915c-0dde788c0961.jpg,pinkie,pinkie,0.8809,0.840,1677.761,0.008,1678.609,1
f9c07228-7e3a-41ee-9468-2bdec0ee4f27.jpg,one,one,0.5538,0.840,1677.761,0.008,1678.609,1
1f34a15a-aae6-49e6-a40c-b748dbf4db67.jpg,pinkie,pinkie,0.9821,0.840,1677.761,0.008,1678.609,1
107be883-0e6d-4338-8167-ee376f87fbf5.jpg,one,one,0.8054,0.840,1677.761,0.008,1678.609,1
f470a74e-e57d-4a5b-ae78-c182162de66b.jpg,rock,rock,0.4718,0.840,1677.761,0.008,1678.609,1
cc885f87-1d42-4cf1-9103-255650240f59.jpg,others,others,0.7381,0.840,1677.761,0.008,1678.609,1
3e142221-51c4-4f97-8f01-b85d30eff014.jpg,pinkie,pinkie,0.6871,0.840,1677.761,0.008,1678.609,1
b630d7be-037c-42f6-bb4b-8808de6faafe.jpg,fist,fist,0.9957,0.840,1677.761,0.008,1678.609,1
15b2b7dd-f90a-4a99-b71a-02f82a2322b6.jpg,rock,rock,0.8642,0.840,1677.761,0.008,1678.609,1
14608500-b40b-4ac9-bac7-ea016241f43a.jpg,rock,rock,0.5936,0.840,1677.761,0.008,1678.609,1
b241d288-0fea-4e60-9348-1cc2bdd4b87a.jpg,fist,fist,0.9996,0.840,1677.761,0.008,1678.609,1
a3d24be8-fc7a-43ff-843f-0a53ea62ac69.jpg,fist,fist,0.9796,0.840,1677.761,0.008,1678.609,1
a10aad1a-fcb3-47e8-9a70-f3f198ffa9e8.jpg,pinkie,pinkie,0.6640,0.840,1677.761,0.008,1678.608,1
e5a8fc36-c9fa-4fab-b48b-7d4f38d95b2f.jpg,pinkie,pinkie,0.8093,0.840,1677.761,0.008,1678.609,1
ee9aaf18-8aaa-4a67-abe3-d76ce82eaf92.jpg,palm,palm,0.9796,0.840,1677.761,0.008,1678.609,1
d53fe299-2e84-4953-be39-3695a0badf63.jpg,fist,fist,0.9255,0.840,1677.761,0.008,1678.609,1
7f5cd546-6e6d-4125-b7f3-b125891d2dfc.jpg,fist,fist,0.9915,0.840,1677.761,0.008,1678.609,1
5fd5a7c0-cfef-4013-ab75-bf183ec63003.jpg,others,others,0.9971,0.840,1677.761,0.008,1678.609,1
d3186ff4-5fd6-404a-9d97-d2944eed1626.jpg,rock,rock,0.7990,0.840,1677.761,0.008,1678.609,1
cfac02ce-5d0c-4825-94be-8219d7fe1e9c.jpg,pinkie,fist,0.3880,0.840,1677.761,0.008,1678.609,0
2f17e0b7-ca50-467b-8d9a-5e5b738b8445.jpg,one,one,0.5963,0.840,1677.761,0.008,1678.609,1
fc11789d-e429-4aa8-bce3-38f6b49f50bb.jpg,pinkie,fist,0.4828,0.840,1677.761,0.008,1678.609,0
271b45b5-cc25-4542-aaf1-3c6952ebf8d7.jpg,pinkie,pinkie,0.5386,0.840,1677.761,0.008,1678.609,1
c0ea1742-838a-4366-9cfa-e5b2323ef1de.jpg,palm,palm,0.9355,0.840,1677.762,0.008,1678.610,1
957360cb-c669-4697-a0c1-3847df0d0776.jpg,fist,fist,0.9731,0.840,1677.760,0.008,1678.608,1
1e5455b3-f35d-489b-aca0-72d7a746edac.jpg,rock,one,0.2537,0.840,1677.761,0.007,1678.609,0
db765a53-8df6-45b7-a52d-9a53af380aed.jpg,rock,rock,0.5016,0.840,1677.762,0.008,1678.609,1
2887ffe8-bbbe-4f36-87f3-a89da43f692e.jpg,rock,rock,0.6323,0.840,1677.760,0.008,1678.608,1
32a40048-d58e-47a2-83a3-306af7d99c7a.jpg,fist,fist,0.9909,0.840,1677.761,0.008,1678.609,1
a0c45964-f3d0-4eb8-8944-e591189eb2a8.jpg,fist,fist,0.9573,0.840,1677.761,0.008,1678.609,1
ba7c5c84-0d9b-406a-900e-886fa4d2ebf7.jpg,others,fist,0.4391,0.840,1677.761,0.008,1678.609,0
35b15c7d-1051-4ed7-8731-e7c08acc2ba2.jpg,others,palm,0.6880,0.840,1677.760,0.008,1678.608,0
668169d2-2757-4f9b-bf9b-5adfa987b83a.jpg,palm,palm,0.9999,0.840,1677.761,0.008,1678.609,1
f6f48371-e9cb-4eb8-94f4-36309eb07939.jpg,one,one,0.5481,0.840,1677.761,0.008,1678.609,1
5560bfa1-1fea-4310-82f3-85e35ef3db91.jpg,palm,palm,0.8435,0.840,1677.761,0.008,1678.609,1
21c43c08-fc95-4d3d-9c5d-cab4adf063f1.jpg,others,palm,0.4041,0.840,1677.761,0.008,1678.609,0
f55139f5-012d-41f3-b28d-8fb2303adfeb.jpg,others,others,0.4965,0.840,1677.761,0.008,1678.609,1
a4c6c177-8c0b-494a-863d-3593901a3ba3.jpg,one,one,0.9936,0.840,1677.761,0.008,1678.609,1
ae7ed3b5-8a43-48a3-a27c-c2ca96295541.jpg,rock,rock,0.5932,0.840,1677.761,0.008,1678.609,1
cb9a4ed8-1eba-472d-8474-bd1a392b225c.jpg,pinkie,pinkie,0.8613,0.840,1677.761,0.008,1678.609,1
8799832b-fdc9-4bd6-b297-18ed2e72ff3c.jpg,pinkie,one,0.4549,0.840,1677.762,0.008,1678.610,0
f786ae98-231f-43ce-842d-a510f9728206.jpg,rock,rock,0.7993,0.840,1677.761,0.008,1678.609,1
f2d146f3-98e1-4c3b-bd47-933e32bc733d.jpg,pinkie,pinkie,0.7556,0.840,1677.761,0.008,1678.609,1
78c5c9cd-d3c6-4ad4-a4a9-9bce59d13ed8.jpg,palm,palm,0.7918,0.840,1677.761,0.008,1678.609,1
8a19d8f5-5fe6-420a-9188-67370ca36203.jpg,rock,rock,0.9914,0.840,1677.761,0.008,1678.609,1
9259d843-b5df-4889-925b-1c71783d1619.jpg,fist,fist,0.8266,0.840,1677.761,0.008,1678.609,1
27625a74-6cb7-4ad7-8b75-39bf2f8cc8fc.jpg,others,others,0.8655,0.840,1677.761,0.008,1678.609,1
7d183f6f-eaa2-4ba8-841b-cc210ae138cd.jpg,one,others,0.4260,0.840,1677.761,0.008,1678.609,0
a8902f0b-471f-45f1-8f0c-fda55eedcf09.jpg,one,one,0.9623,0.840,1677.761,0.008,1678.609,1
4a14f8e1-a1b2-4c2f-8235-77a54224fc3d.jpg,fist,fist,0.8577,0.840,1677.761,0.008,1678.609,1
ddb55979-e4fe-4911-924e-db5b3e03d7cc.jpg,pinkie,pinkie,0.7092,0.840,1677.761,0.008,1678.609,1
2f2d47fe-efcf-4680-9e26-559c8e6bf33e.jpg,one,one,0.9010,0.840,1677.760,0.008,1678.608,1
49e942fa-bc8a-4220-9231-e54ca099efef.jpg,pinkie,fist,0.5276,0.840,1677.761,0.008,1678.609,0
c6141480-b579-4a40-8f54-f5d05fbfc4c8.jpg,fist,fist,0.9047,0.840,1677.761,0.008,1678.609,1
e1c0269d-28cc-4d11-805d-237845148d63.jpg,pinkie,pinkie,0.9719,0.840,1677.761,0.008,1678.609,1
780e4a27-2f4b-42b0-8e29-be62a108ea03.jpg,one,one,0.9717,0.840,1677.761,0.008,1678.609,1
75568083-0634-4a95-87f5-a2c764f06bdb.jpg,palm,palm,0.9140,0.840,1677.761,0.008,1678.609,1
d0d8606c-63ad-462b-acfb-590b76871a8f.jpg,pinkie,pinkie,0.6428,0.840,1677.761,0.008,1678.609,1
30ef05f3-71ac-4589-83f4-c7c60162f785.jpg,pinkie,pinkie,0.8070,0.840,1677.761,0.008,1678.609,1
7a48372d-09ad-4632-8882-ce8dcc8a3128.jpg,others,others,0.4218,0.840,1677.761,0.008,1678.609,1
4a77ed1e-e1c5-4ac1-9c7c-d3d0b98bd771.jpg,one,one,0.4055,0.840,1677.761,0.008,1678.609,1
5003c4c5-dcdd-4cf9-83a8-555f8a4c1c75.jpg,fist,fist,0.7994,0.840,1677.761,0.008,1678.609,1
a3c9b643-76ec-4b45-8380-43eeacda895f.jpg,rock,palm,0.4619,0.840,1677.761,0.008,1678.609,0
12592516-2e7b-47f3-a099-3202554cccd8.jpg,others,one,0.3811,0.840,1677.761,0.008,1678.609,0
b4496cf2-4852-4a6e-883b-14d96d90f690.jpg,fist,fist,0.9946,0.840,1677.760,0.008,1678.609,1
2ce548eb-2b02-4219-ac57-e3a131350dc2.jpg,fist,fist,0.9713,0.840,1677.761,0.008,1678.609,1
84f3180a-b18f-495a-ae6e-329853708f6f.jpg,others,others,0.9192,0.840,1677.761,0.008,1678.609,1
918931c4-c7de-41b1-95ca-f9459ad1361a.jpg,rock,rock,0.7458,0.840,1677.761,0.008,1678.609,1
5b33b867-e43a-42bf-a608-dac2129ecf94.jpg,fist,fist,0.9990,0.840,1677.762,0.008,1678.610,1
1a8e113a-6908-4281-93fa-55dbeaab270a.jpg,one,one,0.3564,0.840,1677.761,0.007,1678.609,1
bec0cf06-03cc-4494-b900-36f9c13ba93c.jpg,palm,palm,0.9996,0.840,1677.761,0.008,1678.609,1
49e13917-29e0-48e8-afd7-3738d3a5e0f6.jpg,fist,fist,0.9532,0.840,1677.761,0.008,1678.609,1
b1f3d743-0f43-4fb0-a680-babef24777e2.jpg,palm,palm,0.9790,0.840,1677.761,0.008,1678.609,1
3f1c8135-2a60-4c0e-8984-aff0df497edb.jpg,pinkie,pinkie,0.9919,0.840,1677.761,0.008,1678.609,1
af36a7b9-b9bf-4f2b-a216-c9952333c6d0.jpg,palm,palm,0.9805,0.840,1677.761,0.008,1678.609,1
dc7209bd-a7f7-4d0a-9a7d-6b3d8a75e2ef.jpg,rock,palm,0.3077,0.840,1677.761,0.008,1678.609,0
2050baf5-0da9-4d8b-bce8-b96c76915eea.jpg,pinkie,pinkie,0.4897,0.840,1677.761,0.008,1678.609,1
2611ab1e-7cdd-4eef-bf03-e7bf04ed1b97.jpg,palm,palm,0.9874,0.840,1677.761,0.008,1678.609,1
1e5568cb-d90a-412a-9fae-e69853728637.jpg,rock,rock,0.7429,0.840,1677.761,0.008,1678.609,1
cf965afb-1171-4113-b642-d45b886ce5bf.jpg,pinkie,pinkie,0.9573,0.840,1677.761,0.008,1678.609,1
b7b1110a-cfcc-497d-bf7e-9b43240696ec.jpg,fist,fist,0.9988,0.840,1677.761,0.008,1678.609,1
ab9f5604-b602-47cc-b232-3341688bd1a7.jpg,palm,palm,0.9717,0.840,1677.761,0.008,1678.609,1
ed7da9ee-783e-47a3-be86-32d43b07c6f9.jpg,one,one,0.8772,0.840,1677.761,0.008,1678.609,1
5c08a813-bf62-49bd-b713-a5442b59c854.jpg,pinkie,pinkie,0.9732,0.840,1677.761,0.008,1678.609,1
c4f91b1a-e645-4923-91d4-5a7127ce94e9.jpg,pinkie,pinkie,0.8745,0.840,1677.761,0.008,1678.609,1
5bdfdd1a-baac-4ce0-923e-6daf306cc1ab.jpg,one,fist,0.7538,0.840,1677.761,0.008,1678.609,0
88680c4a-4b8b-40d2-a6dc-ba45c68cc71f.jpg,palm,palm,0.9988,0.840,1677.761,0.008,1678.609,1
b92a8ade-68e8-428e-a6ed-2a8ced3d2d14.jpg,one,one,0.5106,0.840,1677.761,0.008,1678.608,1
5dae3cc0-5385-4510-8510-a8767a5b4dbe.jpg,pinkie,pinkie,0.7062,0.840,1677.761,0.008,1678.609,1
f9659102-2bb5-44da-a5d1-b59ff48c9e16.jpg,pinkie,pinkie,0.9971,0.840,1677.761,0.008,1678.609,1
3288faf0-dcd3-42b8-95f1-2a170cc191f3.jpg,rock,rock,0.8809,0.840,1677.761,0.008,1678.608,1
8853b1d2-4205-4246-a249-8647cb86e1a5.jpg,one,fist,0.6089,0.840,1677.761,0.008,1678.609,0
5a478738-2704-4e98-b3b0-7cbafef1055b.jpg,fist,fist,0.9998,0.840,1677.761,0.008,1678.609,1
75743a67-6b7c-4775-9a5e-515f8dfc8e12.jpg,one,one,0.6612,0.840,1677.761,0.008,1678.609,1
b7b1110a-cfcc-497d-bf7e-9b43240696ec.jpg,fist,fist,0.9988,0.840,1677.761,0.008,1678.609,1
597cfc23-c901-4888-9e10-028355a568d9.jpg,fist,fist,0.9933,0.840,1677.761,0.008,1678.609,1
83c96ed1-fd29-46ef-8ed0-dd2840935d8c.jpg,rock,fist,0.4783,0.840,1677.761,0.008,1678.609,0
5dc7bedf-60ef-4db4-86c1-5e6467064a6a.jpg,one,one,0.3192,0.840,1677.761,0.007,1678.609,1
4ee38263-8257-4749-a484-fd32eff7d77f.jpg,rock,rock,0.9069,0.840,1677.761,0.008,1678.609,1
85b22c5c-32e8-4934-bb5d-ab45b09d0b60.jpg,one,one,0.6683,0.840,1677.761,0.008,1678.609,1
79fcb0fb-3762-444f-9aec-a6f3df19f21a.jpg,rock,others,0.4821,0.840,1677.760,0.008,1678.608,0
94a51939-20ba-41ee-a945-9c84db1d5e58.jpg,palm,palm,0.9198,0.840,1677.761,0.008,1678.609,1
66ade54a-ebc9-4501-8fd0-de4493aa7b6a.jpg,rock,rock,0.5994,0.840,1677.761,0.008,1678.608,1
a1216dc7-f681-4e6f-ae73-e32b800a48b3.jpg,pinkie,pinkie,0.8224,0.840,1677.761,0.008,1678.609,1
92d67563-3fbd-47b9-b4fa-115bd3466de0.jpg,others,palm,0.5531,0.840,1677.761,0.008,1678.609,0
43ef26e4-7910-4710-9964-28821e810a84.jpg,pinkie,others,0.7235,0.840,1677.761,0.008,1678.609,0
e978524e-cbc9-4b30-9198-14167f3518a3.jpg,fist,fist,0.9958,0.840,1677.761,0.008,1678.609,1
d8d5c730-bc61-4dfb-a926-78af6179b27f.jpg,palm,palm,0.9953,0.840,1677.761,0.008,1678.609,1
d759a47c-3265-4f64-bf80-d60a7aa9cee9.jpg,others,fist,0.6422,0.840,1677.761,0.008,1678.609,0
4c719b8b-189f-4c74-ad85-8e4b33c702a2.jpg,pinkie,pinkie,0.9490,0.840,1677.761,0.008,1678.609,1
457d0a7b-1904-4a6e-8f88-02fcf7cab1d2.jpg,palm,palm,0.9514,0.840,1677.761,0.008,1678.609,1
6cd8b544-3ed5-41c1-bfc3-c34473285d2b.jpg,one,one,0.6575,0.840,1677.761,0.008,1678.609,1
2cbf4714-39f3-41b8-a646-be9dbe998d88.jpg,palm,palm,0.8099,0.840,1677.761,0.008,1678.609,1
acd0a590-1093-4b17-a436-3542ebe666da.jpg,rock,rock,0.3104,0.840,1677.761,0.007,1678.609,1
aa1cd573-b2af-4fd0-a0f2-5130ebce037a.jpg,others,rock,0.6223,0.840,1677.761,0.008,1678.609,0
7f3870f3-b447-40bc-84b7-24e308b555e6.jpg,pinkie,fist,0.6657,0.840,1677.760,0.008,1678.608,0
767eb644-2851-4103-a463-2833824a789b.jpg,one,one,0.5528,0.840,1677.761,0.008,1678.609,1
73e08ecd-ebb6-4a8e-839e-b7e3aa2b8e5d.jpg,one,one,0.4422,0.840,1677.761,0.008,1678.609,1
784e3ed7-0695-4859-9f2c-b6891d5cf6b4.jpg,fist,fist,0.9926,0.840,1677.761,0.008,1678.609,1
38ce08d9-d4cc-41c5-8256-f20159e8ef10.jpg,one,one,0.3024,0.840,1677.761,0.007,1678.609,1
64a45e4f-86fc-43c2-a466-5c20e8452553.jpg,pinkie,pinkie,0.6946,0.840,1677.761,0.008,1678.609,1
114209b7-223f-4bb7-ae2e-20376cce267a.jpg,fist,fist,0.9180,0.840,1677.761,0.008,1678.609,1
46e64017-782a-447d-b19f-175fdb675295.jpg,one,one,0.8912,0.840,1677.761,0.008,1678.609,1
0ee10bb8-63c0-4920-9504-cae442e5726f.jpg,pinkie,pinkie,0.9005,0.840,1677.761,0.008,1678.609,1
e752838e-51d2-4c29-b8e0-9d1252c8d454.jpg,fist,fist,0.9994,0.840,1677.761,0.008,1678.609,1
3566a89b-8584-425f-bb54-aa32ed5661bf.jpg,others,others,0.7945,0.840,1677.761,0.008,1678.609,1
2465fc44-1093-4d1b-a877-2191e35f3914.jpg,pinkie,pinkie,0.4796,0.840,1677.762,0.008,1678.609,1
9bc1216e-88c9-4959-8226-5b06d85e4bf2.jpg,one,one,0.5579,0.840,1677.761,0.008,1678.609,1
3f45aa1d-83ac-4d34-b97f-ab601cb6e8e7.jpg,rock,rock,0.5331,0.840,1677.761,0.008,1678.609,1
2b530ea3-9632-4652-a35e-d42bf5811b49.jpg,palm,palm,0.4729,0.840,1677.762,0.008,1678.610,1
67fc9b74-38c8-4aaa-b572-500f63655cd0.jpg,one,rock,0.6617,0.840,1677.761,0.008,1678.609,0
33fafbd1-ae0f-4200-9b9a-121c5ccd3bb9.jpg,palm,palm,0.8580,0.840,1677.761,0.008,1678.609,1
76e9c037-8ca7-4eaa-b6ab-7ff684b0b6fa.jpg,others,others,0.5651,0.840,1677.761,0.008,1678.608,1
59179571-08ba-4f74-b982-a38bba091d19.jpg,fist,fist,0.9104,0.840,1677.760,0.008,1678.608,1
e8d4c43f-a838-4b0b-9e54-5322abad13fb.jpg,rock,one,0.3741,0.840,1677.761,0.008,1678.609,0
27a01cc9-b263-4a38-9f6d-2ed44e01d678.jpg,rock,rock,0.6718,0.840,1677.760,0.008,1678.608,1
6fd9d44f-e574-49c3-ba97-c881b6b48328.jpg,palm,palm,0.9937,0.840,1677.761,0.008,1678.609,1
3420d153-0048-447e-9bc2-4e2ae0fc4ac5.jpg,rock,pinkie,0.3454,0.840,1677.761,0.008,1678.609,0
70551e82-dba0-4390-9c5f-a4719f830a07.jpg,rock,rock,0.8889,0.840,1677.761,0.008,1678.609,1
4e3cbfcb-44b3-4b53-9912-fe6ce0b1689c.jpg,one,one,0.7704,0.840,1677.761,0.008,1678.609,1
2920f1d5-2753-40a4-8511-4388a4cd47e1.jpg,rock,rock,0.5894,0.840,1677.761,0.008,1678.609,1
6f82d85c-4c32-45d8-86f5-c98a37dacd55.jpg,rock,rock,0.6171,0.840,1677.761,0.008,1678.609,1
b5a3aebd-5675-4184-8433-3d25a7589916.jpg,others,fist,0.3414,0.840,1677.761,0.007,1678.609,0
75e1c4a7-792a-4294-927f-7a672d006d6a.jpg,pinkie,pinkie,0.7405,0.840,1677.761,0.008,1678.609,1
eddf80d0-a322-47fc-a73d-2ed50aa692fa.jpg,one,one,0.9990,0.840,1677.761,0.008,1678.609,1
cb1afaff-b3fd-402c-919e-bdb163d96d31.jpg,fist,fist,0.9237,0.840,1677.761,0.008,1678.609,1
68bd3b1d-3157-4910-8f4c-b16d7a0a0c74.jpg,others,others,0.7437,0.840,1677.761,0.008,1678.609,1
f247f1e9-3e31-4f7e-af86-74f9a318f827.jpg,others,pinkie,0.3745,0.840,1677.761,0.008,1678.608,0
75e2f54c-119e-48e7-af6e-9d0a5504825e.jpg,one,one,0.6329,0.840,1677.761,0.008,1678.609,1
5a3c6700-3227-4cb2-8c4d-e9b484a7d0ed.jpg,one,one,0.7680,0.840,1677.761,0.008,1678.609,1
ed7da9ee-783e-47a3-be86-32d43b07c6f9.jpg,one,one,0.8772,0.840,1677.761,0.008,1678.609,1
102f4ac0-cfe9-4a40-b91a-07ae9bd9ce63.jpg,palm,palm,0.9996,0.840,1677.761,0.008,1678.609,1
f4ca69fb-2428-42f0-9bd2-89cee8e89f34.jpg,one,one,0.9763,0.840,1677.761,0.008,1678.609,1
3fe8176a-bd4f-4fc9-a0df-6661203fc66e.jpg,palm,palm,0.8897,0.840,1677.761,0.008,1678.609,1
9f6e75b3-2256-41b5-971a-a25086746237.jpg,rock,rock,0.5063,0.840,1677.761,0.008,1678.609,1
b890df0a-9181-4415-bd2c-60f6b3564534.jpg,others,others,0.6374,0.840,1677.761,0.008,1678.609,1
46fab9ef-12e9-4a4b-a4be-e19f510c1633.jpg,one,one,0.4405,0.840,1677.761,0.008,1678.609,1
8cdeaa82-0509-4285-99f2-f7ffc10bb76b.jpg,others,fist,0.3585,0.840,1677.761,0.008,1678.609,0
1b49b662-2940-40c0-9d06-422b2942c01f.jpg,pinkie,pinkie,0.9953,0.840,1677.761,0.008,1678.609,1
f5619f40-a00d-46cd-8a46-abe7d90811cd.jpg,one,one,0.7800,0.840,1677.761,0.008,1678.609,1
429e1ec8-762a-4a8a-872c-9ac18bf355e1.jpg,others,others,0.3816,0.840,1677.761,0.008,1678.609,1
21a52b00-e4ea-4af4-a27e-e97996738e5d.jpg,fist,fist,0.9680,0.840,1677.761,0.008,1678.609,1
d7f5ef9f-68e1-48c3-9f11-28df4d3d40e4.jpg,palm,palm,0.9977,0.840,1677.761,0.008,1678.609,1
f3ee5c05-a650-46bb-83e4-fce82c549869.jpg,fist,fist,0.9975,0.840,1677.761,0.008,1678.609,1
68a030e0-d8ed-4660-8e11-278d46d51837.jpg,fist,fist,0.6127,0.840,1677.761,0.008,1678.609,1
8756d851-d98a-4b44-8212-5c3fb5f25265.jpg,pinkie,pinkie,0.7678,0.840,1677.761,0.008,1678.609,1
13ba1dfc-4312-4f4f-a9e3-4d7d714d98df.jpg,one,one,0.9958,0.840,1677.761,0.008,1678.609,1
8abe5b3f-7c46-4b1e-88f1-3f19bf87e5bc.jpg,rock,rock,0.4139,0.840,1677.761,0.008,1678.609,1
76aa5ec4-d5ea-4cf5-b3e0-c797257891d2.jpg,pinkie,pinkie,0.9420,0.840,1677.761,0.008,1678.609,1
760537a1-5931-4249-a50e-62eb229aedd5.jpg,palm,palm,0.7140,0.840,1677.761,0.008,1678.609,1
f11cf516-b5f3-4755-8c59-fa317cdfc102.jpg,fist,fist,0.8595,0.840,1677.761,0.008,1678.609,1
932e75b6-1955-44dc-b215-d9817d60ad08.jpg,others,others,0.7421,0.840,1677.761,0.008,1678.609,1
938722d3-4298-4a18-a719-2a6da15e8350.jpg,fist,fist,0.9459,0.840,1677.761,0.008,1678.609,1
a0b36873-d993-4eb6-963f-8989146fba47.jpg,fist,fist,0.9917,0.840,1677.761,0.008,1678.609,1
06b8ef33-eeb0-4015-b05c-ee800dddc408.jpg,rock,rock,0.6146,0.840,1677.761,0.008,1678.609,1
c8668b00-10ca-418b-aed7-5a67887eed8d.jpg,rock,fist,0.4762,0.840,1677.761,0.008,1678.609,0
beaee456-9215-496e-9f33-3f532dea4c3f.jpg,others,palm,0.4056,0.840,1677.761,0.008,1678.608,0
618843a4-27d8-433d-bd7d-9f1967e16979.jpg,palm,palm,0.9512,0.840,1677.761,0.008,1678.609,1
5dd689cb-9b71-44fa-910a-3bc1f76095be.jpg,pinkie,pinkie,0.7863,0.840,1677.761,0.008,1678.609,1
d375af08-2557-45d9-8d4f-3e793bb670d7.jpg,rock,rock,0.9072,0.840,1677.760,0.008,1678.608,1
32108033-b8ec-4a3b-b53f-74ec7ee5d2e1.jpg,pinkie,pinkie,0.7882,0.840,1677.761,0.008,1678.609,1
af102552-8877-42b6-87e1-a5ae541d2a3c.jpg,others,others,0.9986,0.840,1677.761,0.008,1678.609,1
22581a26-d7f8-4f32-8e6f-4492e810a7a9.jpg,others,one,0.3297,0.840,1677.761,0.008,1678.609,0
df72bd3c-5601-4ced-a3a9-d932464039b8.jpg,palm,palm,0.9388,0.840,1677.761,0.008,1678.609,1
5ddb063e-aa9e-4d35-b655-12eecb4c5a79.jpg,pinkie,pinkie,0.4535,0.840,1677.761,0.008,1678.609,1
793b53fc-8ae6-4bcc-9e48-7a942c58912b.jpg,others,others,0.2828,0.840,1677.761,0.007,1678.608,1
e19c54a7-e395-4c4e-ba56-e753e4e713be.jpg,palm,palm,0.5685,0.840,1677.761,0.008,1678.610,1
d6aae3cf-d7a1-4cd8-9c39-9a1f158c6192.jpg,others,others,0.3835,0.840,1677.760,0.007,1678.608,1
c15472ef-4d5a-41ca-9ee3-75a44149546b.jpg,others,others,0.9395,0.840,1677.761,0.008,1678.609,1
dde6f391-be75-43fe-abf7-fc81520d9c9c.jpg,rock,rock,0.9443,0.840,1677.761,0.008,1678.609,1
206bf154-84ab-4f85-95c0-437ded7a2b71.jpg,rock,rock,0.7485,0.840,1677.761,0.008,1678.609,1
a4a2f4aa-71c4-41d7-9fd4-3d26fd3fb6de.jpg,others,others,0.9306,0.840,1677.761,0.008,1678.609,1
59f0bf63-dbe3-4c11-942b-9061c40ed8ab.jpg,fist,fist,0.9290,0.840,1677.761,0.008,1678.609,1
cb46471c-94fb-42d7-a4e5-cc944400ffa0.jpg,one,rock,0.3271,0.840,1677.761,0.007,1678.609,0
c627d68a-8a04-4a7f-a781-aacd74075928.jpg,fist,fist,0.8405,0.840,1677.761,0.008,1678.609,1
ac4ec69d-010a-450b-bc44-f68fb987ac9a.jpg,pinkie,pinkie,0.6109,0.840,1677.761,0.008,1678.609,1
a69d3ee2-818f-4cae-8c5f-9195a423d76e.jpg,others,others,0.5111,0.840,1677.761,0.008,1678.609,1
8cbbfbf5-c964-4af6-9f7e-eef28f0aab64.jpg,fist,one,0.5512,0.840,1677.761,0.008,1678.609,0
505ed696-ad5e-4096-8e82-d2d82f37d8ff.jpg,one,one,0.8075,0.840,1677.761,0.008,1678.609,1
0f167d7c-758e-40fe-ab9d-2be2a4ab55e9.jpg,fist,fist,0.9999,0.840,1677.761,0.008,1678.609,1
82348f10-25f1-4113-b68a-2953f1fdbb5f.jpg,pinkie,fist,0.3104,0.840,1677.761,0.007,1678.609,0
ad0bb939-100d-4e62-929f-c5cb70c486a0.jpg,rock,rock,0.8047,0.840,1677.761,0.008,1678.609,1
8be0e533-c435-4bf2-be07-cf9fe2936d3e.jpg,fist,fist,0.9128,0.840,1677.761,0.008,1678.609,1
d8aded40-1680-414b-b7a9-812bbeb05da4.jpg,palm,palm,0.9449,0.840,1677.761,0.008,1678.609,1
9943b6aa-054a-4e26-ac27-1fa33c1b0b69.jpg,others,others,0.4980,0.840,1677.761,0.008,1678.608,1
e4628438-d7c0-4122-9895-1a16786fcc9b.jpg,rock,rock,0.9487,0.840,1677.761,0.008,1678.609,1
575e10cd-41b5-4860-8a25-0d10f8561b99.jpg,others,fist,0.6650,0.840,1677.761,0.008,1678.609,0
3e1c32f9-d879-4d28-812e-870c51ec35db.jpg,rock,rock,0.8203,0.840,1677.761,0.008,1678.609,1
16ceb475-401a-4fbe-9664-c8c9535f38a4.jpg,others,others,0.8419,0.840,1677.761,0.008,1678.609,1
66677477-07ce-4ab2-bf1d-208354747de4.jpg,palm,palm,0.9941,0.840,1677.761,0.008,1678.609,1
0a1c9bf0-d969-4729-b2c3-3f15c4116fa2.jpg,one,one,0.6319,0.840,1677.761,0.008,1678.609,1
3d6d1c3d-0808-4dcf-9ba8-14e63e0f05f2.jpg,pinkie,pinkie,0.7486,0.840,1677.761,0.008,1678.609,1
f4763427-e2a4-44a1-914f-c413653a1e6a.jpg,one,one,0.6143,0.840,1677.761,0.008,1678.609,1
bd2b64f8-8505-45f6-b97f-5f485d2d227b.jpg,rock,rock,0.7046,0.840,1677.761,0.008,1678.609,1
029c4c06-cef0-48ef-bad1-59345909a463.jpg,one,one,0.7245,0.840,1677.761,0.008,1678.609,1
076f2d1c-05dc-4d37-bd69-3a1eaa04e9c3.jpg,one,one,0.9931,0.840,1677.761,0.008,1678.609,1
6629288b-6554-48e2-bde5-40bc1dd1041d.jpg,rock,rock,0.6088,0.840,1677.761,0.008,1678.608,1
2b344d0d-ce3c-4fa6-9d4c-eb99e299725c.jpg,pinkie,rock,0.5680,0.840,1677.761,0.008,1678.609,0
db4f05bd-3d49-46b3-a158-32b05fdb312c.jpg,fist,fist,0.9923,0.840,1677.761,0.008,1678.609,1
50fb2986-8442-49bb-9a90-676f6fba4e76.jpg,rock,pinkie,0.2299,0.840,1677.761,0.007,1678.608,0
f73be401-69a4-4e43-a17d-024a4ec8474f.jpg,rock,rock,0.9289,0.840,1677.761,0.008,1678.609,1
59df2bb8-4164-4d7b-b7ff-b4452a108e9b.jpg,one,one,0.7521,0.840,1677.761,0.008,1678.609,1
d5f08114-66e9-4beb-8537-69ab55212ec5.jpg,rock,palm,0.5143,0.840,1677.761,0.008,1678.609,0
6ddfacf5-8fdb-47d3-8e5b-8bca74df0a4a.jpg,others,others,0.6547,0.840,1677.761,0.008,1678.609,1
8b43e520-aeb6-4e7c-a96e-c50970c89517.jpg,one,one,0.9997,0.840,1677.761,0.008,1678.609,1
f31dab20-fc4c-4541-b006-943a9507b43c.jpg,others,others,0.5141,0.840,1677.761,0.008,1678.609,1
d30ab006-3ecf-42d4-9a69-3518528a334f.jpg,fist,fist,0.9999,0.840,1677.761,0.008,1678.609,1
247c3ee9-b026-402c-8b6f-630682be4c7e.jpg,others,others,0.8244,0.840,1677.761,0.008,1678.609,1
aa4d2b7a-bf59-4389-8f86-881f3bec70f2.jpg,palm,palm,0.9795,0.840,1677.761,0.008,1678.609,1
e302f0d5-e5b4-4efb-ba5e-3ab5e4a8add2.jpg,palm,palm,0.9833,0.840,1677.761,0.008,1678.609,1
c0b07e7e-ef41-4977-a499-ffb54f9022fe.jpg,fist,fist,0.9541,0.840,1677.761,0.008,1678.609,1
ef8515f4-da93-40fd-9202-5fcf902d02b6.jpg,others,others,0.8830,0.840,1677.761,0.008,1678.609,1
17998950-d776-4921-b16b-d629a822896f.jpg,pinkie,pinkie,0.5812,0.840,1677.761,0.008,1678.609,1
63847b3d-c495-49d4-8e5a-20d70d5dc302.jpg,palm,palm,0.7903,0.840,1677.761,0.008,1678.609,1
b2874a3c-2030-494f-82c6-17a0e389ce43.jpg,rock,rock,0.7568,0.840,1677.761,0.008,1678.609,1
a27bd261-be3a-4ee6-8746-95043d6d3309.jpg,others,palm,0.4025,0.840,1677.761,0.008,1678.609,0
04457824-fe54-48ee-8dcf-be9c1fcd9412.jpg,fist,fist,0.9998,0.840,1677.761,0.008,1678.609,1
8c87758c-5b22-4957-b85a-aecdd4bec0c0.jpg,palm,palm,0.9992,0.840,1677.761,0.008,1678.609,1
934a8003-c1e0-4e4e-a460-4dd856c83ef1.jpg,fist,fist,0.9912,0.840,1677.761,0.008,1678.609,1
5221b2c0-e921-48bb-985e-78011fcbbbb8.jpg,others,others,0.7039,0.840,1677.761,0.008,1678.608,1
355e87f7-1a58-4ad1-9e67-28ec7db9b41d.jpg,palm,palm,0.9983,0.840,1677.761,0.008,1678.609,1
f83f7b6a-26df-4912-ae11-a719ac0c1c9d.jpg,rock,one,0.4662,0.840,1677.761,0.008,1678.609,0
bb04cfb5-709e-4b0e-8f83-29e227775737.jpg,palm,palm,0.9971,0.840,1677.761,0.008,1678.609,1
fb9cc741-938e-4c04-9171-3c786724d8c2.jpg,fist,fist,0.9989,0.840,1677.761,0.008,1678.609,1
a8dd62e9-236e-40ec-984d-5ecbe2219e93.jpg,pinkie,pinkie,0.9805,0.840,1677.761,0.008,1678.609,1
11230c87-c384-44e7-8f08-ba04b28ff83c.jpg,others,rock,0.6171,0.840,1677.761,0.008,1678.609,0
06b8ef33-eeb0-4015-b05c-ee800dddc408.jpg,rock,rock,0.6146,0.840,1677.761,0.008,1678.609,1
e4035061-3359-4c83-821a-a76157e8bc70.jpg,fist,fist,0.9979,0.840,1677.761,0.008,1678.608,1
086fab8e-8a1e-454c-9bf9-aefd2b1b9f64.jpg,others,palm,0.4955,0.840,1677.761,0.008,1678.609,0
630339eb-d860-41a3-8256-c6d2be67a601.jpg,fist,fist,0.4840,0.840,1677.760,0.008,1678.608,1
7084d281-3431-40e7-8488-0eaca48185ae.jpg,pinkie,pinkie,0.7880,0.840,1677.761,0.008,1678.609,1
dad4aae1-dac4-4ff1-b562-b76713571cc7.jpg,one,one,0.8214,0.840,1677.761,0.008,1678.609,1
fc359a8b-7cd8-4795-8707-526b622335e5.jpg,palm,palm,0.9910,0.840,1677.761,0.008,1678.609,1
f02918b5-fea9-4033-a4b0-802c01f8ee24.jpg,one,fist,0.3631,0.840,1677.760,0.008,1678.608,0
30959682-28e6-4452-97e1-3b42ed9f404e.jpg,fist,fist,0.9061,0.840,1677.761,0.008,1678.609,1
0694b3ec-efb6-4740-beec-c564d8354ea2.jpg,rock,rock,0.8461,0.840,1677.761,0.008,1678.609,1
0fba481d-a3c2-4d7f-81b4-78c7c87cd6e7.jpg,fist,fist,0.8998,0.840,1677.761,0.008,1678.609,1
2c11f576-b90e-404e-9f19-d379dccdb6b1.jpg,pinkie,pinkie,0.8901,0.840,1677.761,0.008,1678.609,1
48ec3560-abfe-45e0-b28f-94067117d9dd.jpg,pinkie,pinkie,0.7819,0.840,1677.761,0.008,1678.609,1
9da6de49-469c-4865-b4a7-fb89acc2555d.jpg,pinkie,pinkie,0.9335,0.840,1677.760,0.008,1678.608,1
f85cdd0d-d29a-4423-b3a8-86835d30950f.jpg,palm,palm,0.9782,0.840,1677.761,0.008,1678.609,1
c7e07cba-8325-4ee8-a75d-bebd994b14f4.jpg,fist,fist,0.9981,0.840,1677.761,0.008,1678.609,1
cda5fddd-5375-4a42-b0aa-66e75b9f4fe7.jpg,others,others,0.8799,0.840,1677.761,0.008,1678.609,1
a9252b9e-5e17-48be-b169-2c76356e2214.jpg,others,others,0.6104,0.840,1677.761,0.008,1678.609,1
ff14cd9b-49ea-4adc-af97-12b1c9e2ebc3.jpg,others,one,0.6281,0.840,1677.760,0.008,1678.608,0
704388fb-b185-43e7-acd4-13e3a91162e9.jpg,palm,palm,0.3997,0.840,1677.761,0.008,1678.609,1
e3d08ee4-2274-422f-b991-2a0d9566abfb.jpg,pinkie,pinkie,0.8749,0.840,1677.761,0.008,1678.609,1
2bfacaf3-c922-4c53-ad35-c3311080749f.jpg,one,one,0.5982,0.840,1677.761,0.008,1678.608,1
1b2c310a-5e6d-4bd0-8c39-15ee52478fac.jpg,fist,fist,0.8619,0.840,1677.761,0.008,1678.609,1
f57d415b-ba1a-4c02-b28d-40cfb00b0ac3.jpg,rock,rock,0.6538,0.840,1677.761,0.008,1678.609,1
2d33d613-3e27-4559-8eb2-36167f111d34.jpg,fist,fist,0.9975,0.840,1677.760,0.008,1678.609,1
467b5fee-0d5b-4da9-be6d-2fe3252ab5e0.jpg,others,fist,0.4874,0.840,1677.762,0.008,1678.610,0
2c3003cb-dcf8-4c40-883d-4cfe0e76dead.jpg,pinkie,one,0.3825,0.840,1677.761,0.008,1678.609,0
5bd8883f-8ca4-4af8-9888-674672ffcfab.jpg,pinkie,pinkie,0.4997,0.840,1677.761,0.008,1678.609,1
657e9143-789b-4042-9846-9840245d8263.jpg,one,one,0.9989,0.840,1677.761,0.008,1678.609,1
8e3a98a1-3e5e-4777-9580-154200d932e8.jpg,pinkie,pinkie,0.9014,0.840,1677.761,0.008,1678.609,1
73ed1dfa-74b9-4750-a97f-81e99fc6f7e7.jpg,one,one,0.5521,0.840,1677.761,0.008,1678.609,1
046beadb-9a09-42ca-9712-e764b3ad86cc.jpg,palm,palm,0.9706,0.840,1677.761,0.008,1678.609,1
f63075b6-b56e-4e56-87e7-345c9bfd2809.jpg,others,others,0.9173,0.840,1677.762,0.008,1678.610,1
9a99e4fa-ea9b-4e55-bfa0-0c77fc8e0ee5.jpg,others,palm,0.4746,0.840,1677.761,0.007,1678.609,0
30aa9f7d-afbe-4ff6-a04a-9e6d00208742.jpg,others,one,0.5900,0.840,1677.761,0.008,1678.609,0
9407029d-6621-461b-b625-90ae28333b74.jpg,fist,fist,0.7130,0.840,1677.761,0.008,1678.609,1
a6e8816c-c858-403c-8deb-267a9622c936.jpg,palm,palm,0.9671,0.840,1677.761,0.008,1678.609,1
64d60c82-8e6b-4f36-ba8b-ac47526f3db9.jpg,fist,fist,0.9945,0.840,1677.761,0.008,1678.609,1
2421214e-a202-43a3-ad32-dbf99169795a.jpg,one,one,0.3783,0.840,1677.761,0.008,1678.609,1
0a339ce4-4441-4d55-b4d5-f7116f215962.jpg,fist,fist,0.7867,0.840,1677.761,0.008,1678.609,1
fd630f77-3fb9-4cc1-aa1b-9023539a3cdd.jpg,fist,fist,0.8669,0.840,1677.761,0.008,1678.609,1
f5241b98-8444-4fdd-bc8e-ec0f066eea14.jpg,fist,fist,0.9995,0.840,1677.761,0.008,1678.609,1
69592773-1d14-46ac-8d3c-98c2ac5c76ee.jpg,pinkie,pinkie,0.8196,0.840,1677.761,0.008,1678.608,1
09b7237f-93e1-41f5-8576-6fa8e50c1265.jpg,others,others,0.5587,0.840,1677.761,0.008,1678.609,1
a1acc367-c7fa-402d-a906-cdd7f7579bb5.jpg,palm,palm,0.7775,0.840,1677.761,0.008,1678.609,1
d56609ac-f6ee-44e1-a2ea-987c16d18286.jpg,others,rock,0.4577,0.840,1677.761,0.008,1678.609,0
3a9c0732-65f5-4571-a1ec-e5462124f666.jpg,one,one,0.9262,0.840,1677.761,0.008,1678.609,1
cb1856c6-2107-4fe5-b136-bb0edac8f912.jpg,pinkie,pinkie,0.5587,0.840,1677.761,0.008,1678.609,1
1a5b4baa-a09c-4847-ae1e-45d584b64189.jpg,rock,rock,0.6644,0.840,1677.761,0.008,1678.609,1
4e7b5e5b-705f-4101-9f38-2d891d1c49e5.jpg,pinkie,pinkie,0.7306,0.840,1677.761,0.008,1678.609,1
dc2b1e76-410e-4265-9946-1199c5659d12.jpg,others,others,0.9151,0.840,1677.761,0.008,1678.609,1
1832843f-7f16-4be5-a9d3-3671659fb4aa.jpg,rock,rock,0.8712,0.840,1677.761,0.008,1678.609,1
5d1f82f3-9ae4-45b6-b1f6-8ea337fed913.jpg,one,one,0.8515,0.840,1677.761,0.008,1678.608,1
f0dfe46c-59a3-4c18-bfac-34e71a864f3c.jpg,rock,rock,0.4058,0.840,1677.762,0.008,1678.609,1
59c72ba1-5bcc-4f93-8ba6-fd7ea9fd1d05.jpg,pinkie,fist,0.3190,0.840,1677.761,0.007,1678.609,0
f62a521e-950c-4e43-aee3-de9b70e5a3e3.jpg,others,palm,0.6549,0.840,1677.761,0.008,1678.609,0
57b9ac97-0db1-4693-8315-d03401eb47d1.jpg,rock,rock,0.8837,0.840,1677.761,0.008,1678.609,1
a9f3614c-dbfd-4cbe-aac4-cc1a5d5a562e.jpg,pinkie,pinkie,0.7612,0.840,1677.760,0.008,1678.608,1
fca2a2c8-4066-4314-8f0a-789091598d4b.jpg,one,one,0.8789,0.840,1677.761,0.008,1678.609,1
b53a6810-7d68-489a-a1ba-a9ae28752bba.jpg,one,one,0.9286,0.840,1677.761,0.008,1678.609,1
6c884660-3053-4972-a387-67e92b4d2542.jpg,palm,palm,0.9826,0.840,1677.761,0.008,1678.609,1
4c635783-fc56-456e-82f6-aa12dbcd50eb.jpg,one,one,0.9680,0.840,1677.761,0.008,1678.609,1
11ca1849-2204-43ef-8f1e-84705a0398cb.jpg,others,others,0.8244,0.840,1677.761,0.008,1678.609,1
71454e4a-6a4f-4875-9eb4-b16b300860b7.jpg,one,one,0.6993,0.840,1677.761,0.008,1678.609,1
ce0750c7-6b13-4ffb-9c1e-e4f75f0497e1.jpg,others,others,0.4896,0.840,1677.761,0.008,1678.609,1
136637c1-fe03-4941-9111-7d6e6be2409d.jpg,pinkie,pinkie,0.7180,0.840,1677.761,0.008,1678.609,1
79d81346-d134-4512-9923-d75ad0eb8f16.jpg,others,others,0.9501,0.840,1677.761,0.008,1678.608,1
34638895-e749-4dff-a429-7692928e10f2.jpg,fist,fist,0.7059,0.840,1677.761,0.008,1678.609,1
c17ae70e-006d-499b-9058-181209d14acc.jpg,fist,fist,0.9850,0.840,1677.761,0.008,1678.609,1
c112b1e4-609f-4cd0-8b37-4831ac3eb249.jpg,palm,palm,0.9986,0.840,1677.761,0.008,1678.609,1
a54ccf8c-ba06-4ee2-b88f-5e64efa27e62.jpg,palm,palm,0.9927,0.840,1677.761,0.008,1678.609,1
45fef696-82e8-4103-95a9-b2ce1fcc1db0.jpg,palm,palm,0.7690,0.840,1677.761,0.008,1678.609,1
d9c0cc7d-3c7b-4f48-b8ae-2ac8b81bc8d9.jpg,fist,fist,0.9981,0.840,1677.761,0.008,1678.609,1
4131a79a-17b4-40b1-bcf4-f6d7cef0a677.jpg,others,palm,0.8862,0.840,1677.761,0.008,1678.609,0
d7a7a85a-93ea-457a-86ac-92f43b1f7b83.jpg,others,others,0.8902,0.840,1677.761,0.008,1678.609,1
7e92c9cf-2250-4b0e-8245-6ff682427bfe.jpg,one,one,0.7473,0.840,1677.761,0.008,1678.609,1
ed27cc43-3045-40c9-955f-d2ba72734fde.jpg,palm,palm,0.9965,0.840,1677.761,0.008,1678.609,1
efee4336-ce6a-4094-b512-614638a97a7b.jpg,palm,palm,0.9233,0.840,1677.761,0.008,1678.609,1
047e3035-4f95-4e68-8dbc-24e0cca231e3.jpg,others,others,0.4872,0.840,1677.761,0.008,1678.609,1
07bbc991-0206-4757-b56c-20c3834dbe63.jpg,rock,rock,0.8299,0.840,1677.761,0.008,1678.609,1
fd58eb9d-acc8-4622-9acc-07b324173b8c.jpg,pinkie,others,0.4585,0.840,1677.760,0.008,1678.608,0
a2cd9029-d832-4b25-9a34-992519d89b8b.jpg,pinkie,pinkie,0.9909,0.840,1677.761,0.008,1678.609,1
51f806ae-071b-4096-88f7-85db09b63895.jpg,palm,palm,0.8968,0.840,1677.761,0.008,1678.609,1
9bef10b7-15d1-461a-b46e-242092062c59.jpg,pinkie,pinkie,0.6815,0.840,1677.761,0.008,1678.609,1
3e57a87a-3ef3-4d36-bc00-ac8f96318240.jpg,rock,rock,0.9900,0.840,1677.761,0.008,1678.609,1
e115ece8-f497-478b-be85-abaa08ccb175.jpg,fist,fist,0.9997,0.840,1677.761,0.008,1678.609,1
02d5c70c-7f0f-4e98-a717-a5e2fa5bfc4d.jpg,others,fist,0.6798,0.840,1677.761,0.008,1678.609,0
ef31c19f-8a37-45e0-bdf7-34169be3f6c1.jpg,palm,fist,0.2619,0.840,1677.761,0.007,1678.609,0
a7d32410-95c1-4d3c-80f3-63af6fec836b.jpg,others,others,0.4373,0.840,1677.761,0.008,1678.608,1
4fabcd3c-912c-4460-b32d-9259a3081003.jpg,fist,fist,0.9712,0.840,1677.761,0.008,1678.610,1
cdc4abfb-b24e-4afd-b44c-d17ff74c03aa.jpg,rock,rock,0.6320,0.840,1677.761,0.008,1678.609,1
e302a553-3513-4a15-a2bb-7dd18e555aea.jpg,rock,rock,0.4187,0.840,1677.761,0.008,1678.609,1
8f215023-ba3f-4afa-bcdd-0c8bb95befd2.jpg,others,pinkie,0.4179,0.840,1677.762,0.008,1678.609,0
5ff1904e-513a-4d4d-9c2c-bc53a747a7c5.jpg,others,others,0.6060,0.840,1677.761,0.008,1678.609,1
cd72b2d8-6356-472b-9766-e5ea98c818f2.jpg,rock,rock,0.3621,0.840,1677.761,0.007,1678.608,1
75967a61-0e41-4610-8a03-7abac8be4bac.jpg,palm,palm,0.9944,0.840,1677.761,0.008,1678.609,1
b1930536-cf5c-43e3-9737-f22cce84dfad.jpg,fist,fist,0.9798,0.840,1677.761,0.008,1678.609,1
a6a6866f-1895-453d-8b5a-44f5620bf666.jpg,pinkie,rock,0.5290,0.840,1677.761,0.008,1678.609,0
bc257ecf-c058-40ae-ac10-54f214933532.jpg,rock,rock,0.3903,0.840,1677.761,0.008,1678.609,1
401fdc78-7b93-4b7d-b380-9d3a769c717a.jpg,palm,palm,0.9203,0.840,1677.761,0.008,1678.609,1
b726488c-984a-4d90-8090-12787d4acddc.jpg,pinkie,pinkie,0.9958,0.840,1677.761,0.008,1678.609,1
e0206df5-d7d9-4cf9-8d7b-f8a1e751bb0c.jpg,fist,fist,0.9998,0.840,1677.761,0.008,1678.609,1
d16a4a67-2ac1-4027-8d34-908f6b596a08.jpg,others,palm,0.6983,0.840,1677.761,0.008,1678.609,0
fa75f983-43f8-442b-af1b-e6cde3186ffc.jpg,fist,fist,0.9794,0.840,1677.760,0.008,1678.608,1
b0b95c19-3ecd-4688-aeeb-78a7ffdf8087.jpg,rock,rock,0.7220,0.840,1677.761,0.008,1678.609,1
9118e915-ed2a-44ba-a559-e945536ded31.jpg,palm,palm,0.9735,0.840,1677.761,0.008,1678.610,1
fbf0716d-5aab-45eb-a3f9-aa3745f293f2.jpg,pinkie,pinkie,0.6603,0.840,1677.760,0.008,1678.608,1
024018da-fdc1-461e-8edc-7925c5e59a68.jpg,fist,fist,0.7850,0.840,1677.761,0.008,1678.609,1
bbbc2bc9-eaa1-4860-81a9-cc146dc24cca.jpg,pinkie,pinkie,0.7762,0.840,1677.761,0.008,1678.609,1
27cc90fa-330c-4882-b404-807185cfe03f.jpg,fist,fist,0.9854,0.840,1677.761,0.008,1678.609,1
db9cf5fe-891d-44b5-a8d8-a028af34bcc5.jpg,fist,fist,0.4973,0.840,1677.761,0.008,1678.609,1
31592514-500f-4df2-a9bb-26ceb60955c6.jpg,fist,fist,0.9956,0.840,1677.761,0.008,1678.609,1
d9a07f5e-e618-4b67-8073-fcd1351cc4f5.jpg,rock,rock,0.9741,0.840,1677.761,0.008,1678.609,1
66fb1e6b-82f4-46cb-8a96-3160471b4d2e.jpg,pinkie,pinkie,0.5670,0.840,1677.761,0.008,1678.609,1
3673a46d-de5b-411b-9f2a-6f56d4982fee.jpg,fist,fist,0.9986,0.840,1677.761,0.008,1678.609,1
0aac584b-48fc-442d-90b2-a1ad3bb14674.jpg,palm,palm,0.9929,0.840,1677.761,0.008,1678.609,1
3f80fbc9-2a96-44a9-b533-4acd8ea936a3.jpg,fist,fist,0.9861,0.840,1677.761,0.008,1678.609,1
a2e2571c-f1dc-4fa4-b713-90ae17534cf9.jpg,palm,palm,0.9961,0.840,1677.761,0.008,1678.609,1
e3a93a1f-d406-414d-9289-59430e57e49e.jpg,palm,palm,0.8276,0.840,1677.760,0.008,1678.608,1
edda4bc5-5a07-4059-8b59-a2dae10ac929.jpg,rock,rock,0.9739,0.840,1677.761,0.008,1678.609,1
1d145859-cc05-432d-9b56-efa15e78ee6c.jpg,one,one,0.9591,0.840,1677.761,0.008,1678.609,1
e31c412e-13fe-4206-94a6-ee5c8d0af837.jpg,palm,rock,0.3552,0.840,1677.761,0.007,1678.608,0
355e87f7-1a58-4ad1-9e67-28ec7db9b41d.jpg,palm,palm,0.9983,0.840,1677.761,0.008,1678.609,1
bfa4061f-164f-4a40-ad20-50d89f5ce704.jpg,one,one,0.9828,0.840,1677.761,0.008,1678.609,1
87fea150-e7ff-45f1-921e-2cca0ab3fa60.jpg,rock,rock,0.7243,0.840,1677.761,0.008,1678.609,1
0cffcede-00f2-43e1-8601-c4f19e40329a.jpg,one,pinkie,0.3971,0.840,1677.761,0.008,1678.609,0
91cac6a6-e86b-49a8-bda8-57293bcb8a5a.jpg,fist,fist,0.7307,0.840,1677.760,0.008,1678.608,1
8880d9a7-c214-4e56-abf3-f2c260f02093.jpg,pinkie,pinkie,0.9878,0.840,1677.761,0.008,1678.609,1
a2394d95-bfa5-4f83-bae8-a1dba3f21091.jpg,palm,palm,0.9848,0.840,1677.761,0.008,1678.609,1
1d45c7e3-2c76-4e2b-a2e1-c06f0d66da7a.jpg,palm,palm,0.9803,0.840,1677.761,0.008,1678.609,1
e732bc22-31b5-4cbe-aa65-642067e6df50.jpg,fist,fist,0.9875,0.840,1677.761,0.008,1678.609,1
be42a593-3be2-4c98-b1dc-f42265100bc5.jpg,pinkie,fist,0.3523,0.840,1677.761,0.008,1678.609,0
aa48ee57-0e73-4ce3-8db7-e2926e71892f.jpg,others,others,0.8607,0.840,1677.761,0.008,1678.609,1
45b068f7-b3f2-4bc0-8054-6d850870ea7b.jpg,palm,palm,0.9791,0.840,1677.760,0.008,1678.609,1
71faba77-7a6f-498b-bc96-a4370a3b6e05.jpg,others,others,0.5146,0.840,1677.761,0.008,1678.609,1
a108fdad-ab00-49b1-84dc-275121f859f2.jpg,pinkie,pinkie,0.4862,0.840,1677.761,0.008,1678.609,1
7b3070bc-0164-47cf-9eeb-d6b5120ad179.jpg,fist,rock,0.3216,0.840,1677.761,0.007,1678.609,0
b937c5cd-ad44-441c-a491-688c7a3fbc8d.jpg,palm,palm,0.9728,0.840,1677.761,0.008,1678.609,1
ff896fad-c4c7-4d50-81bb-16673c23c042.jpg,one,one,0.9273,0.840,1677.761,0.008,1678.609,1
e09e9c40-358d-42fc-85f0-e85ed53f8a62.jpg,palm,palm,0.9946,0.840,1677.761,0.008,1678.609,1
0240a3d7-7e33-478d-aab3-1ae80c779080.jpg,rock,fist,0.6374,0.840,1677.761,0.008,1678.608,0
41cfc685-0142-4f9d-9ef7-0d9dd86367a0.jpg,pinkie,pinkie,0.6216,0.840,1677.761,0.008,1678.609,1
ad3cd07d-84a8-4285-9f52-1ee3f0e117a3.jpg,palm,palm,0.9967,0.840,1677.761,0.008,1678.609,1
426640db-ec00-4bc8-b6b5-b079ebe16633.jpg,fist,fist,0.9767,0.840,1677.761,0.008,1678.609,1
073eedf3-8408-461d-9308-98bfd8b991d6.jpg,others,others,0.5853,0.840,1677.761,0.008,1678.609,1
dbf82e94-4761-4eb4-893b-6b68a0915c59.jpg,palm,palm,0.9793,0.840,1677.761,0.008,1678.609,1
579b4c92-3bd7-4960-b506-d6de2f0e7a41.jpg,palm,palm,0.9995,0.840,1677.761,0.008,1678.609,1
14ca50b9-e77e-4c9e-8aeb-11127e171290.jpg,pinkie,pinkie,0.7266,0.840,1677.761,0.008,1678.609,1
fa589270-9ce5-4d63-9650-a4b5eb79cd45.jpg,pinkie,one,0.3889,0.840,1677.761,0.008,1678.608,0
e78a898a-eff8-4c64-95b8-3ec4f2914174.jpg,others,others,0.8487,0.840,1677.761,0.008,1678.609,1
2c359212-a052-461c-a8f8-b2e8495bacd9.jpg,rock,rock,0.6713,0.840,1677.761,0.008,1678.609,1
7647f199-02ec-4fe0-b2b1-8bb5eb837a52.jpg,palm,palm,0.9645,0.840,1677.761,0.008,1678.610,1
b4ba03d7-25fd-4124-b8b0-838b0d46e3a0.jpg,pinkie,pinkie,0.6219,0.840,1677.761,0.008,1678.609,1
1e8e4132-d0b6-4671-a5e7-8aa9578b7e8d.jpg,others,others,0.2281,0.840,1677.761,0.007,1678.608,1
d9374252-94bf-4bdc-842b-686be749e402.jpg,others,others,0.5067,0.840,1677.761,0.008,1678.609,1
f74d2899-9f8c-4ea3-8838-4de4d913ad00.jpg,fist,fist,0.9984,0.840,1677.761,0.008,1678.609,1
7ec20756-6ebb-41a4-8cce-71fc5b6b70c5.jpg,others,others,0.7492,0.840,1677.761,0.008,1678.609,1
151012e5-cdd3-4dd5-a379-7d9c598872e6.jpg,palm,palm,0.9869,0.840,1677.761,0.008,1678.609,1
1fee0c01-66b9-4cd6-85ba-e8fe0055a8e2.jpg,fist,fist,0.9972,0.840,1677.761,0.008,1678.609,1
e74a753a-ea45-4733-b2f3-ca93df1ebb17.jpg,fist,fist,0.9999,0.840,1677.761,0.008,1678.609,1
068369af-78dd-486f-8d7c-ac9ab48281dc.jpg,palm,palm,0.9852,0.840,1677.762,0.008,1678.610,1
aeeed4f2-816b-4eca-b156-b7bcc6bd2da0.jpg,palm,palm,0.9828,0.840,1677.761,0.008,1678.609,1
62ba0ab9-4f20-42c5-bade-e0c4ce4e4766.jpg,one,one,0.5428,0.840,1677.761,0.008,1678.609,1
88575275-6511-49e9-9820-2a7dde8ca52b.jpg,one,palm,0.2729,0.840,1677.761,0.007,1678.608,0
45fff7a8-779d-4431-ab65-18ec797d70b3.jpg,palm,palm,0.8969,0.840,1677.761,0.008,1678.609,1
1173aa6b-d391-4dcc-be91-f7f462dd274b.jpg,one,one,0.9659,0.840,1677.761,0.008,1678.609,1
4fabcd3c-912c-4460-b32d-9259a3081003.jpg,fist,fist,0.9712,0.840,1677.762,0.008,1678.610,1
e7ad4437-2c85-4344-b708-80c275db384e.jpg,rock,rock,0.5032,0.840,1677.761,0.008,1678.609,1
ae0deee7-4819-42ae-9fbc-f3a0198a470a.jpg,pinkie,pinkie,0.8250,0.840,1677.761,0.008,1678.609,1
495bb81e-f34a-4d75-9039-d13a72b2d523.jpg,pinkie,pinkie,0.2917,0.840,1677.761,0.007,1678.608,1
0699dede-805a-413e-86dd-038cd4f1fa79.jpg,fist,fist,0.6014,0.840,1677.761,0.008,1678.609,1
85042427-010f-4e4a-a59f-bfcbf34c106f.jpg,rock,rock,0.8680,0.840,1677.761,0.008,1678.609,1
5a296ead-545b-4d50-99ef-dc9b14b48975.jpg,fist,fist,0.8994,0.840,1677.761,0.008,1678.609,1
b94182e0-e629-414b-8ee2-53c636e0face.jpg,fist,fist,0.4065,0.840,1677.761,0.008,1678.609,1
7e57b07d-6b07-4d5f-8a58-63ad7b364c11.jpg,palm,palm,0.9733,0.840,1677.761,0.008,1678.609,1
b15f0e4a-ad89-4903-a7da-f90d0f892e84.jpg,pinkie,pinkie,0.9035,0.840,1677.761,0.008,1678.609,1
01831125-023d-4812-beec-973b04c21006.jpg,fist,fist,0.9998,0.840,1677.761,0.008,1678.609,1
6c6ca7de-5c88-4777-afe8-ac9aeab3a24a.jpg,fist,fist,1.0000,0.840,1677.761,0.008,1678.609,1
4b122428-dc81-440c-8d4a-08678616ea6f.jpg,pinkie,one,0.4704,0.840,1677.761,0.008,1678.609,0
b202bbca-0192-426c-8920-30efd34e0197.jpg,others,one,0.3948,0.840,1677.761,0.007,1678.609,0
7d1586f5-8254-4ac4-bc04-dbe31466512c.jpg,rock,pinkie,0.6090,0.840,1677.761,0.008,1678.609,0
b9f92b8d-78b9-4355-afac-978d801986b8.jpg,palm,palm,0.9954,0.840,1677.761,0.008,1678.609,1
0d5d7bb2-5551-4933-a7c7-4f6cfaaff033.jpg,others,others,0.6567,0.840,1677.761,0.008,1678.609,1
3ca83b26-a6ce-408d-bfb9-44c406346097.jpg,palm,palm,0.9888,0.840,1677.761,0.008,1678.609,1
22d00c32-7c60-40fc-bf78-9a39f94c0952.jpg,palm,palm,0.9519,0.840,1677.761,0.008,1678.609,1
5bbea62f-691a-43db-b28a-7fdbfdb1a982.jpg,fist,fist,0.9753,0.840,1677.761,0.008,1678.609,1
ac9cb83f-4dd4-4259-afa6-c3290ddfdf03.jpg,palm,palm,0.9974,0.840,1677.761,0.008,1678.609,1
09744693-2cc6-4e8f-8f5a-e5ba82f45f07.jpg,one,one,0.9118,0.840,1677.761,0.008,1678.609,1
ce436d77-7bfb-4e7b-a58a-00ff9d5e0549.jpg,fist,fist,0.9585,0.840,1677.761,0.008,1678.609,1
bbbd4f06-1b4c-4166-a957-beabe3fef56a.jpg,pinkie,pinkie,0.3475,0.840,1677.761,0.007,1678.608,1
a571882b-865e-4147-839c-3d013ffbeac9.jpg,pinkie,pinkie,0.9793,0.840,1677.761,0.008,1678.609,1
e4c58e49-f0cf-4ff3-aaf2-d5a9b8270555.jpg,pinkie,rock,0.3979,0.840,1677.762,0.007,1678.609,0
ffb995c1-6e7c-486b-98bc-cfda86f9b7c5.jpg,pinkie,pinkie,0.3174,0.840,1677.761,0.007,1678.609,1
1fb8d435-4241-4971-b83c-78b83b16aa4a.jpg,others,others,0.5126,0.840,1677.761,0.008,1678.609,1
0259e4c4-7220-4fdf-b7a6-df34896db45b.jpg,palm,palm,0.4361,0.840,1677.761,0.008,1678.609,1
8a8db439-199c-4b8e-aa69-5d405d27adaa.jpg,rock,rock,0.9895,0.840,1677.761,0.008,1678.609,1
8dd008ba-4999-40bc-b864-ca394416c988.jpg,rock,rock,0.6049,0.840,1677.761,0.008,1678.609,1
56a56569-fc71-43a8-bb9f-1d1f58a541b5.jpg,fist,fist,0.9942,0.840,1677.761,0.008,1678.609,1
d254a8e5-1269-4b25-bba5-7df5de57b99f.jpg,palm,palm,0.8590,0.840,1677.761,0.008,1678.609,1
f831017d-8022-47dc-b0b8-68d4f763ebe1.jpg,rock,rock,0.7035,0.840,1677.761,0.008,1678.609,1
f6156fb6-0f91-4a61-a96e-bc5f44c21427.jpg,one,one,0.7485,0.840,1677.760,0.008,1678.608,1
2fc7f022-dd61-4284-85f8-3b8662e14516.jpg,one,others,0.4758,0.840,1677.761,0.008,1678.609,0
57401d9a-3a6d-4012-ab04-d182b9d9e9bb.jpg,one,one,0.9483,0.840,1677.761,0.008,1678.609,1
fafb51e0-02b6-4a41-80af-3d6e824598c5.jpg,fist,fist,0.9988,0.840,1677.761,0.008,1678.608,1
7910317f-6d7e-4ef3-ad1a-767af3b15c0b.jpg,one,one,0.7854,0.840,1677.761,0.008,1678.609,1
1cfeedd3-6216-4f64-8a0b-d9405e1f74e2.jpg,rock,rock,0.9739,0.840,1677.761,0.008,1678.609,1
3101a1ec-156e-4d2e-b8e0-93417f7931d7.jpg,others,others,0.4258,0.840,1677.761,0.008,1678.609,1
adc42b8c-0e86-4d97-9cbc-5fa81d5a75cd.jpg,fist,fist,0.9650,0.840,1677.761,0.008,1678.609,1
0b0f7f83-82eb-4647-a78a-d6dd858d5cad.jpg,palm,palm,0.9676,0.840,1677.761,0.008,1678.609,1
abf1a1f8-9cf4-4eea-8b2e-e45fabf77065.jpg,others,palm,0.6833,0.840,1677.761,0.008,1678.609,0
a8e72d25-e0c8-465e-b76c-0a45503833e1.jpg,others,others,0.3778,0.840,1677.761,0.008,1678.609,1
dac36585-b79d-49d3-8e2f-8d9e82a23d1a.jpg,fist,fist,0.9556,0.840,1677.761,0.008,1678.609,1
e48df0e6-f6aa-4f55-9998-d1aa0754ec7e.jpg,others,one,0.5727,0.840,1677.761,0.008,1678.608,0
65c19d27-92c4-458e-bb79-c569558e75ee.jpg,rock,rock,0.3665,0.840,1677.761,0.008,1678.609,1
7e0d9a12-bebe-4675-aef6-aa385e020023.jpg,rock,rock,0.9374,0.840,1677.761,0.008,1678.609,1
964480b0-eaa1-41b4-b9e1-b4de3214967b.jpg,one,one,0.9666,0.840,1677.761,0.008,1678.608,1
3735c2c9-4876-4e69-ad59-b0e906597f6b.jpg,one,one,0.9757,0.840,1677.761,0.008,1678.609,1
47592ed0-6354-456a-a828-b49d0a4b6c84.jpg,one,one,0.8566,0.840,1677.761,0.008,1678.609,1
3e50bf99-b5dc-4a4a-85da-7d4c24dd5f26.jpg,rock,rock,0.4296,0.840,1677.761,0.008,1678.609,1
e42b7515-afe5-4ab7-b1d2-68272fe4f077.jpg,fist,fist,0.9991,0.840,1677.761,0.008,1678.609,1
181960a6-ace2-423d-8c57-ffc1e6b495b5.jpg,pinkie,pinkie,0.8598,0.840,1677.761,0.008,1678.609,1
97d22fbf-c8db-48f0-b1f6-330d92629534.jpg,rock,rock,0.9386,0.840,1677.761,0.008,1678.609,1
98690cb6-2527-42ab-8815-fa1dddc1bc75.jpg,fist,fist,0.9965,0.840,1677.761,0.008,1678.609,1
24f6d23b-5090-41f8-a1a0-819f62662d80.jpg,palm,palm,0.9966,0.840,1677.761,0.008,1678.609,1
897c948f-f12b-41f1-9c9d-dd109a6380fb.jpg,others,others,0.9665,0.840,1677.761,0.008,1678.609,1
960e2e47-eb4e-4aa4-9256-2c785680af06.jpg,others,one,0.4481,0.840,1677.761,0.007,1678.609,0
03ec841a-97ae-4f67-ab31-4b63b1d5e64c.jpg,others,others,0.4253,0.840,1677.761,0.008,1678.609,1
0a408d27-81ff-4d45-9335-b7369b4c8356.jpg,rock,rock,0.4672,0.840,1677.761,0.008,1678.609,1
d323f249-70a8-4bf6-b9a8-5f4e636c9587.jpg,one,one,0.8923,0.840,1677.761,0.008,1678.609,1
87800342-96e8-4610-b9aa-84638d441cca.jpg,pinkie,pinkie,0.4661,0.840,1677.761,0.008,1678.609,1
13074453-6195-432b-8400-aa67329861bc.jpg,palm,palm,0.9858,0.840,1677.761,0.008,1678.609,1
1c7921f3-b7f1-437d-a29a-ba9ed96e78e8.jpg,rock,one,0.3755,0.840,1677.761,0.008,1678.609,0
34e6ebd9-3e6b-4da7-a8ff-f7a5fbdf7853.jpg,one,one,0.6765,0.840,1677.761,0.008,1678.609,1
cbf925bc-ac29-4152-91d9-28c224bd0d94.jpg,fist,fist,0.8254,0.840,1677.761,0.008,1678.609,1
c8782ca8-2b16-41a0-9997-c937c01c9007.jpg,one,one,0.7562,0.840,1677.761,0.008,1678.609,1
0a9d1ad3-3142-472e-9088-7cddc11e8815.jpg,palm,palm,0.9654,0.840,1677.761,0.008,1678.609,1
f2b4fb8d-af91-40aa-86cf-f32efbdb8352.jpg,one,one,0.8174,0.840,1677.761,0.008,1678.609,1
31e51e8d-26cb-4144-9142-1e8c5561b249.jpg,others,others,0.6165,0.840,1677.761,0.008,1678.609,1
cf1998fe-7f51-4a2b-9eae-fe7cde885c34.jpg,palm,palm,0.9950,0.840,1677.761,0.008,1678.609,1
8a218e41-9393-409c-a9f8-1256f1b1ad44.jpg,pinkie,pinkie,0.5572,0.840,1677.761,0.008,1678.609,1
5b8f2a68-92e0-4512-92cb-9ea0d38cfc6a.jpg,pinkie,pinkie,0.7671,0.840,1677.761,0.008,1678.609,1
9412e014-b027-49dd-93e8-a2e2506dbb77.jpg,palm,palm,0.9996,0.840,1677.761,0.008,1678.609,1
f5316d77-2bf3-4f60-9a48-9d4a8de9f19e.jpg,pinkie,pinkie,0.5694,0.840,1677.761,0.008,1678.609,1
3c69bdd6-78c2-4b1c-b0e3-99a675c96443.jpg,others,others,0.4638,0.840,1677.761,0.008,1678.609,1
dd54609d-0a9a-4ab7-9bc5-0ea597b7a8bb.jpg,others,fist,0.6595,0.840,1677.761,0.008,1678.609,0
024daeb5-90c1-451a-beeb-ab56fdf56c59.jpg,one,one,0.6431,0.840,1677.761,0.008,1678.609,1
2e80e0f8-6180-4038-8f69-c01af37a5742.jpg,pinkie,pinkie,0.7990,0.840,1677.761,0.008,1678.609,1
85abad08-89c3-4c04-844d-18c3916c92e4.jpg,pinkie,fist,0.3388,0.840,1677.761,0.007,1678.608,0
6434ba28-0ff9-469d-ac6c-0c36da12c4ad.jpg,one,one,0.5749,0.840,1677.761,0.008,1678.608,1
849adbee-cff4-4f78-9086-6565a5a79f06.jpg,fist,fist,0.9961,0.840,1677.761,0.008,1678.609,1
1e86be95-301d-4b0b-bae1-e8a5e36f9584.jpg,rock,rock,0.6837,0.840,1677.761,0.008,1678.609,1
857110e7-2880-49e8-a96d-f23743f44616.jpg,fist,fist,0.9981,0.840,1677.761,0.008,1678.609,1
1b2657f7-80cc-4b02-9736-e0fbc3b76bc8.jpg,one,fist,0.6099,0.840,1677.761,0.008,1678.609,0
4f1e7c4b-c9b7-401d-9f64-1879452316f3.jpg,others,others,0.9120,0.840,1677.761,0.008,1678.609,1
e2beaa67-9d52-4c59-a4a9-451e53d17209.jpg,palm,palm,0.9980,0.840,1677.761,0.008,1678.609,1
87158166-2815-4c46-bd8f-215885c4a896.jpg,palm,palm,0.9047,0.840,1677.761,0.008,1678.609,1
bd440b5a-711f-41ec-ae97-36eb4e69396c.jpg,one,one,0.9298,0.840,1677.761,0.008,1678.609,1
792211ad-1cdc-480b-8d6d-a88bfefff387.jpg,palm,palm,0.9601,0.840,1677.761,0.008,1678.609,1
9bddd991-0436-4bad-a646-ce1355cbfe89.jpg,palm,palm,0.9968,0.840,1677.761,0.008,1678.609,1
760838ca-dbbe-4adc-9bcc-3fcacb801a69.jpg,rock,rock,0.4062,0.840,1677.761,0.008,1678.609,1
a316e14b-b33e-44fe-8a06-338793de3706.jpg,rock,rock,0.9676,0.840,1677.761,0.008,1678.609,1
eb1518f7-334b-468a-85dd-f634f352914b.jpg,palm,palm,0.9814,0.840,1677.761,0.008,1678.609,1
131bb2e3-3100-4ce4-9c17-4142e4cb25a9.jpg,palm,palm,0.9952,0.840,1677.761,0.008,1678.609,1
2fd16860-e070-4538-a300-a831284c8848.jpg,others,palm,0.8762,0.840,1677.761,0.008,1678.609,0
566462ca-f3e1-4ed3-b8fc-ff2ca27c17ab.jpg,pinkie,pinkie,0.7675,0.840,1677.760,0.008,1678.609,1
6633d149-f0e8-4b46-a095-f7151f4bdd82.jpg,one,fist,0.8566,0.840,1677.761,0.008,1678.609,0
a7d0964f-2d2b-4905-8696-f419a6a36978.jpg,rock,rock,0.8265,0.840,1677.760,0.008,1678.609,1
94f683fa-ccb9-4843-8407-3093df6fda88.jpg,fist,fist,0.7280,0.840,1677.761,0.008,1678.609,1
a343013e-0f12-4f3a-aeef-ecb99ead8375.jpg,fist,fist,0.5351,0.840,1677.761,0.008,1678.608,1
049350ba-5081-4168-a84d-5743df2bf6c7.jpg,one,one,0.4879,0.840,1677.761,0.008,1678.609,1
bf8b84a3-9380-41cb-8202-93e71d5cdfec.jpg,others,others,0.9003,0.840,1677.761,0.008,1678.609,1
ba69471c-f99c-4a6f-b960-4e42b8013e36.jpg,pinkie,pinkie,0.6056,0.840,1677.761,0.008,1678.609,1
60212fe7-9133-4cb8-936d-1df0d9c08646.jpg,pinkie,pinkie,0.9303,0.840,1677.761,0.008,1678.609,1
323cad34-af27-4f0a-84e7-0f233e0877a7.jpg,fist,fist,0.9983,0.840,1677.761,0.008,1678.609,1
0dfda60d-c6df-4834-a149-6bdbe7e580d1.jpg,pinkie,pinkie,0.8234,0.840,1677.761,0.008,1678.609,1
401fdc78-7b93-4b7d-b380-9d3a769c717a.jpg,palm,palm,0.9203,0.840,1677.761,0.008,1678.610,1
b82112c7-8479-47b4-8aea-20496a7020c7.jpg,fist,fist,0.8959,0.840,1677.761,0.008,1678.609,1
abce71dc-29a6-428d-a362-8150dd78b28e.jpg,one,one,0.9646,0.840,1677.761,0.008,1678.610,1
1543c702-502a-440c-b9b0-f54ba3d095f5.jpg,one,one,0.9955,0.840,1677.761,0.008,1678.609,1
4d1e8b2b-ac93-49d9-b099-55dc39c5cfc1.jpg,fist,fist,0.9812,0.840,1677.761,0.008,1678.609,1
3ce460a8-d713-4d99-b860-14d731861901.jpg,rock,one,0.2927,0.840,1677.761,0.007,1678.609,0
a549ac0c-1a7f-4630-a288-8f57d529d735.jpg,rock,rock,0.9835,0.840,1677.761,0.008,1678.609,1
81581cb2-2412-4656-868b-5f69322dc832.jpg,palm,palm,0.9487,0.840,1677.761,0.008,1678.609,1
25df322d-ed44-45d4-857b-c6bf41a3ea65.jpg,pinkie,pinkie,0.9575,0.840,1677.761,0.008,1678.609,1
59bd14d9-d242-48d6-afc1-fec4edae4fd2.jpg,palm,palm,0.9337,0.840,1677.761,0.008,1678.610,1
7b738ead-6100-48ce-be28-af624de4b25b.jpg,one,one,0.5450,0.840,1677.761,0.008,1678.608,1
9f712983-ebab-4e35-a8b4-7e049b0a2cb2.jpg,rock,rock,0.9950,0.840,1677.761,0.008,1678.609,1
f24b884b-489f-4f7f-abd7-edcf6d468a4a.jpg,others,others,0.9688,0.840,1677.761,0.008,1678.609,1
e75199b9-0450-4705-a24a-ae8807bbc885.jpg,rock,rock,0.9857,0.840,1677.760,0.008,1678.609,1
452e7b2f-68bd-42e0-8a31-c9d4ef5594e2.jpg,one,others,0.6486,0.840,1677.761,0.008,1678.609,0
effb29ea-02e3-4cba-bb1d-f2932a4ffaf0.jpg,pinkie,pinkie,0.5973,0.840,1677.761,0.008,1678.609,1
d8028f84-7d81-4790-80ff-03a62ec88382.jpg,pinkie,others,0.5864,0.840,1677.761,0.008,1678.609,0
a30c254f-eb0f-4df1-bf24-3332e1ae2c1e.jpg,one,one,0.7963,0.840,1677.761,0.008,1678.609,1
7902ee94-570b-4d23-94d4-a84ba60e5587.jpg,fist,fist,0.9517,0.840,1677.761,0.008,1678.609,1
efc4c801-64cf-441d-9510-1e60394685f5.jpg,others,others,0.4563,0.840,1677.761,0.008,1678.609,1
fb054872-810c-41d9-9c66-6bc2945bd4b6.jpg,others,others,0.2169,0.840,1677.761,0.007,1678.608,1
1985171a-3d5e-4213-9210-82036a15a0f9.jpg,fist,fist,0.9977,0.840,1677.761,0.008,1678.609,1
a4d37915-79ef-4905-8ecd-93dd414d505e.jpg,fist,fist,0.9125,0.840,1677.761,0.008,1678.609,1
d5291089-b164-45dd-9c4d-a199abc6a924.jpg,fist,fist,0.9544,0.840,1677.761,0.008,1678.609,1
cb26078d-626b-4042-95b3-39b3d2cbbac6.jpg,palm,palm,0.9761,0.840,1677.761,0.008,1678.609,1
146bdfe5-1194-4741-9302-21f7508ab29b.jpg,pinkie,pinkie,0.9759,0.840,1677.761,0.008,1678.609,1
7afc0b90-eafb-4c8b-a234-07cf2ec7b0f3.jpg,fist,fist,0.9709,0.840,1677.761,0.008,1678.609,1
1a4aef67-2c8b-475e-915c-897faf9c5ff6.jpg,pinkie,pinkie,0.9130,0.840,1677.761,0.008,1678.609,1
10795428-4851-451e-b9c6-b40a67533f6d.jpg,fist,fist,0.9823,0.840,1677.761,0.008,1678.609,1
fd99b7a2-f63b-49d3-b179-711f3eec01e4.jpg,others,palm,0.5900,0.840,1677.760,0.008,1678.609,0
5b5bcfdb-91b1-4cfe-b82c-0295351520da.jpg,rock,rock,0.8328,0.840,1677.760,0.008,1678.608,1
33a268d3-8fd4-4e01-ad4e-72964a198a8d.jpg,palm,palm,0.6569,0.840,1677.761,0.008,1678.609,1
a03e9ecb-17bb-41f8-a645-c01ab88132fc.jpg,rock,rock,0.6183,0.840,1677.761,0.008,1678.609,1
f0ba312b-64ff-488b-a4d4-37c6b547d367.jpg,palm,palm,0.9928,0.840,1677.761,0.008,1678.609,1
8b9044b4-3624-4cb4-beda-985692444e5b.jpg,pinkie,pinkie,0.9256,0.840,1677.761,0.008,1678.609,1
2ed9f71e-2364-4ca7-b791-30a284fdf362.jpg,palm,palm,0.8603,0.840,1677.761,0.008,1678.609,1
284d3286-34d6-4ff1-9463-1795b118d05f.jpg,pinkie,pinkie,0.7786,0.840,1677.761,0.008,1678.609,1
5d432bea-ac3e-47da-a63a-581910d3d44b.jpg,fist,fist,0.9999,0.840,1677.761,0.008,1678.609,1
3cee34b7-8440-4d35-a2a4-7451702f82d9.jpg,one,one,0.9322,0.840,1677.761,0.008,1678.609,1
811095f0-21b3-4d09-8f5b-91cc7e2c8da2.jpg,palm,palm,0.3566,0.840,1677.761,0.008,1678.609,1
2e314251-8ac2-4e71-93fd-c519dd78f092.jpg,pinkie,one,0.2794,0.840,1677.761,0.007,1678.608,0
fd2de766-4a6b-4d02-9a8e-ca69ee59bc44.jpg,fist,fist,0.8939,0.840,1677.761,0.008,1678.609,1
e33a9097-ec65-4bf3-bfbe-921b31cf61cd.jpg,fist,fist,0.8807,0.840,1677.761,0.008,1678.609,1
0420e316-1563-441e-9513-a3be242b7711.jpg,fist,fist,0.9919,0.840,1677.761,0.008,1678.609,1
9d4b709e-bc79-4911-82a1-aeca35d11fae.jpg,fist,fist,0.6592,0.840,1677.761,0.008,1678.609,1
992b1e88-6757-4f19-bb80-4eadc8b4b8ba.jpg,rock,rock,0.5410,0.840,1677.761,0.008,1678.609,1
db880aee-bce1-4e4a-8ceb-346aa425cf81.jpg,palm,palm,0.9816,0.840,1677.760,0.008,1678.608,1
5c6f9791-1fbd-48db-9cf1-5217e7ef8f53.jpg,palm,palm,0.9973,0.840,1677.761,0.008,1678.610,1
13cfede9-47ac-4463-b4a2-ef868b5227ee.jpg,fist,fist,0.9992,0.840,1677.761,0.008,1678.609,1
bf572bb7-9828-4fb4-9e81-824b6b406340.jpg,palm,palm,0.9977,0.840,1677.761,0.008,1678.609,1
e25302b2-ada4-4264-8c0b-88596a43afff.jpg,fist,fist,0.9446,0.840,1677.761,0.008,1678.609,1
5d227ffe-7c3d-4ecd-bb69-16fab47581bd.jpg,palm,palm,0.9908,0.840,1677.761,0.008,1678.609,1
12390c8e-a487-4d72-b0f9-ec85fe749167.jpg,rock,one,0.3474,0.840,1677.761,0.008,1678.608,0
b9e14c0d-f9fa-4022-9d0f-bd1e1dd03759.jpg,one,one,0.9167,0.840,1677.761,0.008,1678.609,1
1c5f75b8-547c-415b-8b60-dda3efc62760.jpg,pinkie,rock,0.2406,0.840,1677.761,0.007,1678.608,0
294677b5-7f67-4e7a-a1b3-4f1e23d78457.jpg,one,one,0.9922,0.840,1677.761,0.008,1678.609,1
cfa3f95e-e410-456e-8127-888c79b6340f.jpg,one,one,0.4527,0.840,1677.761,0.008,1678.609,1
77058516-c6fe-42ee-9981-765a107f29fc.jpg,others,palm,0.6609,0.840,1677.761,0.008,1678.609,0
69978f3b-bc17-4b29-9e94-7fa9599df85a.jpg,others,others,0.5747,0.840,1677.761,0.008,1678.609,1
cb7e73f0-1c5b-499c-8aee-7049da44843f.jpg,fist,fist,0.9565,0.840,1677.761,0.008,1678.609,1
dcf5da66-2def-45fe-a95e-d6f85d706b84.jpg,rock,rock,0.9490,0.840,1677.761,0.008,1678.609,1
4f33477d-6154-4883-9224-7e70296f9319.jpg,rock,rock,0.7332,0.840,1677.761,0.008,1678.609,1
25eae476-845f-4b24-a2d1-e5ff2993dd0e.jpg,pinkie,pinkie,0.7072,0.840,1677.761,0.008,1678.609,1
7190a89b-53e9-4e97-b44e-d8678b22d32c.jpg,palm,palm,0.9673,0.840,1677.761,0.008,1678.609,1
57502072-ff7c-4637-a547-6c635653552a.jpg,fist,fist,0.9567,0.840,1677.761,0.008,1678.609,1
4d19a24b-1a73-433e-ae52-66442eeab01b.jpg,others,others,0.4926,0.840,1677.761,0.008,1678.609,1
ec913933-2593-46f7-9f1e-78bcb5e4c00c.jpg,others,others,0.8099,0.840,1677.761,0.008,1678.609,1
7c3ada25-c27d-4a30-8368-3434798d4b1b.jpg,rock,rock,0.9333,0.840,1677.761,0.008,1678.609,1
8738d010-6491-4344-97a3-9f3f6947117e.jpg,fist,fist,0.9906,0.840,1677.761,0.008,1678.609,1
d9043353-d5f6-44aa-9ce3-3d122d20897b.jpg,others,fist,0.3473,0.840,1677.761,0.008,1678.609,0
d743ec7c-ceec-4b47-8ddc-67590b8b40c0.jpg,palm,palm,0.7954,0.840,1677.761,0.008,1678.609,1
c9e1fc6a-724f-42ad-a937-307a4fff0f21.jpg,others,others,0.4288,0.840,1677.761,0.008,1678.609,1
6188c890-0917-409e-a893-f6eadbaefabd.jpg,others,palm,0.3978,0.840,1677.761,0.007,1678.609,0
09893b56-0d18-4a67-957f-34c2fd74da4a.jpg,palm,palm,0.9469,0.840,1677.761,0.008,1678.609,1
512d34be-2ad7-40a0-aaa4-8c5e1ef0423d.jpg,pinkie,pinkie,0.9216,0.840,1677.761,0.008,1678.609,1
826033f1-e3c9-4eb1-ad21-bf6c8dcdc918.jpg,others,others,0.6739,0.840,1677.761,0.008,1678.609,1
67731215-4a18-4e6d-b217-b8abc5cbebe5.jpg,pinkie,pinkie,0.8099,0.840,1677.761,0.008,1678.609,1
f696d757-3957-46b7-9550-ee5551109fb5.jpg,rock,rock,0.9635,0.840,1677.761,0.008,1678.609,1
fff7fe9f-e67a-413a-bf6a-47dd67e363b3.jpg,one,one,0.9584,0.840,1677.761,0.008,1678.609,1
7229bcff-c205-42b8-82bb-59bd22778087.jpg,palm,palm,0.9656,0.840,1677.761,0.008,1678.609,1
576122c8-3e12-444f-af24-418dd236af01.jpg,rock,rock,0.6016,0.840,1677.761,0.008,1678.609,1
f3052e96-b9d8-402c-b793-55b2403495b5.jpg,fist,fist,0.9354,0.840,1677.761,0.008,1678.609,1
9fe3c396-f7ac-4a5a-97ce-d9ffafdb0d6d.jpg,one,one,0.9185,0.840,1677.761,0.008,1678.609,1
24bbfa65-7d44-4c4c-aacf-9f8cda977efc.jpg,fist,fist,0.9961,0.840,1677.761,0.008,1678.609,1
8b51b5a9-25ea-4ed9-88f7-ce4984ffde83.jpg,palm,palm,0.8430,0.840,1677.760,0.008,1678.608,1
7473cf4b-311b-4ec8-9a2c-640cf430fe58.jpg,one,pinkie,0.7496,0.840,1677.761,0.008,1678.609,0
1bda4733-abb4-4669-aa6b-c74a3c1814b9.jpg,pinkie,pinkie,0.6776,0.840,1677.761,0.008,1678.609,1
e528dbb0-673b-4ca1-8610-b120ca06ced0.jpg,one,others,0.4169,0.840,1677.761,0.008,1678.608,0
fd4cf931-2604-44ef-88b3-1494b8fc68a4.jpg,pinkie,pinkie,0.9249,0.840,1677.761,0.008,1678.609,1
106bec37-8126-48ab-ace1-d3b311384233.jpg,palm,palm,0.9628,0.840,1677.761,0.008,1678.609,1
e787575e-88c4-432e-b08e-93ba6cc35613.jpg,one,one,0.9354,0.840,1677.760,0.008,1678.608,1
a1857698-d13d-442d-9cf4-89bf2c0df3c0.jpg,others,rock,0.5645,0.840,1677.761,0.008,1678.609,0
74ca9a91-0278-4371-bf72-361f64d639f1.jpg,one,one,0.9781,0.840,1677.761,0.008,1678.609,1
386e48cd-cd59-4404-be1e-4b347f299644.jpg,rock,rock,0.6567,0.840,1677.761,0.008,1678.609,1
abfab1d1-c9e2-4af3-9e02-b0def06e4fce.jpg,pinkie,pinkie,0.4276,0.840,1677.761,0.008,1678.609,1
62c41c6d-f6f4-47b0-8ec3-7278d4947fae.jpg,rock,rock,0.4866,0.840,1677.761,0.008,1678.608,1
98e7beaa-afb2-4884-999c-fcd137d1b70c.jpg,rock,rock,0.9591,0.840,1677.761,0.008,1678.609,1
a1e330ac-1ee7-4c0c-a0ef-97464792a365.jpg,others,rock,0.9273,0.840,1677.761,0.008,1678.609,0
043017bd-b2d8-453a-af1f-57d03b94945b.jpg,palm,palm,0.9961,0.840,1677.761,0.008,1678.609,1
1f3ea4b1-8c4c-4814-aa2c-c745d65ff8c2.jpg,others,palm,0.6577,0.840,1677.761,0.008,1678.609,0
75960ee2-23f7-408e-844e-e7a9f8299a43.jpg,one,one,0.9896,0.840,1677.761,0.008,1678.609,1
840051bf-849e-4559-b839-74e29e221569.jpg,fist,fist,0.7897,0.840,1677.761,0.008,1678.609,1
50184aa9-02ad-4fcd-8920-3f1df090560f.jpg,fist,fist,0.9943,0.840,1677.761,0.008,1678.609,1
9dbd3ff0-363b-49dc-8719-a1a59ebd16c3.jpg,palm,palm,0.8967,0.840,1677.761,0.008,1678.609,1
6e7e09b4-8d15-4f83-bf66-8ddad370aa40.jpg,rock,rock,0.4170,0.840,1677.761,0.007,1678.608,1
52f8b1fb-d4b3-453b-bd11-ac893eb8d5ce.jpg,fist,fist,0.8621,0.840,1677.761,0.008,1678.609,1
d436ad0d-fdfc-4632-bdcf-2619cebc783d.jpg,one,one,0.9190,0.840,1677.760,0.008,1678.609,1
1580de4d-cabd-41b2-90e3-fbbcd77829ba.jpg,palm,palm,0.6052,0.840,1677.761,0.008,1678.609,1
9feae97b-08f4-4b25-a048-a982767a77ce.jpg,palm,palm,0.8595,0.840,1677.761,0.008,1678.609,1
d6219aee-01e1-4861-9c74-05ca3ff0be8c.jpg,others,fist,0.7554,0.840,1677.761,0.008,1678.609,0
359cf89a-3bb7-4fa4-a37c-9518ddb8c0d8.jpg,others,fist,0.4398,0.840,1677.761,0.008,1678.609,0
0f88dcca-5221-45ad-a39c-ccf1fb8c7b07.jpg,palm,palm,0.9703,0.840,1677.761,0.008,1678.609,1
e0309241-9f67-4bd4-8fbd-d94a67f8f599.jpg,rock,rock,0.4826,0.840,1677.761,0.008,1678.609,1
637d4e6a-dd97-4451-992c-ff81f4f532ab.jpg,palm,palm,0.9760,0.840,1677.761,0.008,1678.609,1
2c910ed4-fbce-475f-bbf5-38c5fc664525.jpg,one,one,0.5929,0.840,1677.761,0.008,1678.609,1
5924666c-fcba-486d-b9ec-83b39aa2ac63.jpg,pinkie,pinkie,0.9625,0.840,1677.761,0.008,1678.609,1
36361995-707b-4cf1-bd20-e38bc936f5ba.jpg,pinkie,pinkie,0.6809,0.840,1677.761,0.008,1678.609,1
3f1ea40d-6e3b-4e1b-bc82-f2feb185e5eb.jpg,palm,palm,0.9799,0.840,1677.761,0.008,1678.609,1
23b7ab54-3eb7-453b-ac68-6eddbe2492d5.jpg,rock,rock,0.9112,0.840,1677.761,0.008,1678.609,1
5a85ae2e-5318-4259-b0c6-41fbc21c58f8.jpg,others,others,0.9684,0.840,1677.761,0.008,1678.609,1
0a368d21-aaa5-484b-92cb-d6755189c70d.jpg,palm,palm,0.8742,0.840,1677.761,0.008,1678.609,1
aab09f96-8d11-46b0-a904-80ee1e5ff934.jpg,one,one,0.5949,0.840,1677.761,0.008,1678.609,1
c7b90e52-c077-44f4-a308-39525c8478fe.jpg,others,palm,0.5192,0.840,1677.761,0.008,1678.609,0
5f92c7d6-a6c6-428d-a974-ee06416f0660.jpg,others,palm,0.9716,0.840,1677.761,0.008,1678.609,0
59d1052c-030d-46db-96c6-04ba811a3ef3.jpg,fist,fist,0.8820,0.840,1677.762,0.008,1678.610,1
7fa7a0aa-82f1-451e-bdff-3a660b8a6460.jpg,fist,fist,0.9991,0.840,1677.761,0.008,1678.609,1
47fe2f20-2552-4c5f-8619-53cf87f8a4bf.jpg,fist,fist,0.9928,0.840,1677.761,0.008,1678.609,1
0f3da5c9-b86e-424c-a307-36e6eda05fb8.jpg,pinkie,pinkie,0.9764,0.840,1677.761,0.008,1678.609,1
15387c7e-27e7-4e3b-8f21-13a9b1b3250f.jpg,rock,rock,0.8252,0.840,1677.761,0.008,1678.609,1
f4d1cdb8-650b-45c6-a05c-621762b07650.jpg,pinkie,one,0.3592,0.840,1677.761,0.008,1678.608,0
8d4a802a-a850-44bc-9152-92630a3edca0.jpg,rock,rock,0.4493,0.840,1677.760,0.008,1678.608,1
54ff7ebc-1854-4383-8e33-1a85b52ae2dc.jpg,pinkie,pinkie,0.8087,0.840,1677.761,0.008,1678.609,1
a948113e-4a23-490d-b415-b7e41b19c325.jpg,fist,fist,0.9743,0.840,1677.760,0.008,1678.608,1
70f873c3-65e1-4911-b96f-b2fd0af4174c.jpg,pinkie,pinkie,0.7526,0.840,1677.761,0.008,1678.609,1
e106b346-ab2b-4885-8ed9-d23549e37c43.jpg,rock,rock,0.4326,0.840,1677.761,0.008,1678.609,1
f29ca299-16a9-4701-aa43-a01ec9fbb2d9.jpg,others,others,0.6977,0.840,1677.761,0.008,1678.609,1
acfe455f-2071-48d4-92c4-98a414fd0fd5.jpg,palm,palm,0.9906,0.840,1677.761,0.008,1678.609,1
162e15fb-1aac-4c20-a414-6e4299e0a04c.jpg,one,one,0.9480,0.840,1677.760,0.008,1678.608,1
9d31e1a3-8a1d-4efb-979c-6ffeb10b4188.jpg,pinkie,pinkie,0.7858,0.840,1677.760,0.008,1678.608,1
01964dca-b48c-4da9-8180-6ecdef16e7db.jpg,palm,palm,0.9891,0.840,1677.761,0.008,1678.609,1
70260083-4929-46b4-9cab-d0209c324fd2.jpg,one,pinkie,0.4147,0.840,1677.761,0.008,1678.609,0
4c4da727-8493-43ad-b15d-3c5825966e47.jpg,fist,fist,0.9997,0.840,1677.762,0.008,1678.610,1
446d92c1-9230-49db-a944-3a5639ab6272.jpg,others,pinkie,0.4839,0.840,1677.761,0.008,1678.609,0
c8fd397e-246c-4e28-9ee0-e4e9b71ea95e.jpg,palm,palm,0.9925,0.840,1677.761,0.008,1678.609,1
6c588318-8abb-4bcf-bd3f-c2e3326c1e5f.jpg,rock,rock,0.9677,0.840,1677.761,0.008,1678.609,1
c93aa5a8-f0f4-46e3-9f01-aaaefb0ffe7b.jpg,rock,rock,0.2997,0.840,1677.761,0.007,1678.608,1
2202d49a-5752-4f47-b62e-cfd288245855.jpg,others,others,0.6911,0.840,1677.761,0.008,1678.609,1
49f68a7c-4cdc-46e4-85ca-228d63d428aa.jpg,one,one,0.7705,0.840,1677.761,0.008,1678.609,1
298ab455-c7ee-4b28-8088-5adc62750d00.jpg,palm,palm,0.9801,0.840,1677.761,0.008,1678.609,1
ac0f2e16-350d-4aa6-b8ad-68f27919b620.jpg,pinkie,pinkie,0.5511,0.840,1677.761,0.008,1678.609,1
1ec6de03-b90a-4982-88a1-e9c86e0de3ce.jpg,palm,palm,0.9967,0.840,1677.761,0.008,1678.609,1
799a5417-3872-4da7-9777-258f74e557a1.jpg,others,pinkie,0.7325,0.840,1677.761,0.008,1678.609,0
25adf60e-3bb8-4ee3-9e3c-f6ae0b871cd6.jpg,one,rock,0.3636,0.840,1677.761,0.008,1678.609,0
ada235fd-6a95-4c00-8f89-a6361f50839d.jpg,others,others,0.9522,0.840,1677.760,0.008,1678.608,1
b236dfb5-2c70-433b-8776-70bd6bd849bc.jpg,rock,rock,0.3828,0.840,1677.761,0.008,1678.608,1
6311a14f-9a0c-4944-8410-0504e43322b9.jpg,others,others,0.5532,0.840,1677.761,0.008,1678.609,1
