image,gt,pred,confidence,pre_ms,infer_ms,post_ms,total_ms,correct
763996c9-579c-4c39-bc92-b69927080af6.jpg,pinkie,rock,0.4027,0.960,284.874,0.008,285.842,0
3faea15f-48cb-4582-b0cb-bfc98471a870.jpg,rock,rock,0.9998,0.960,284.875,0.008,285.843,1
1a8f8ffe-6401-4506-bc77-c3130f74804b.jpg,palm,palm,1.0000,0.960,284.875,0.008,285.843,1
b070ef03-e398-4be7-a6a6-50d5ccfa47fc.jpg,others,one,0.4559,0.960,284.875,0.008,285.843,0
64f86161-f115-4370-b29e-ac46a08f9545.jpg,pinkie,pinkie,0.9999,0.960,284.875,0.008,285.843,1
cd9cdd94-585e-4e86-a985-06634d558840.jpg,others,palm,0.3397,0.960,284.874,0.008,285.842,0
8a1302fe-a94c-4310-a406-74fb8681dcb2.jpg,rock,rock,0.9992,0.960,284.875,0.008,285.843,1
fe44ca22-c1b3-4191-80d6-b213a02dfb1e.jpg,fist,fist,0.9999,0.960,284.875,0.008,285.843,1
3ac989b0-7977-4208-8e25-b039452425d3.jpg,pinkie,pinkie,0.9991,0.960,284.875,0.008,285.843,1
8b5e0032-7af8-46e9-8b08-47cf6dc0cef6.jpg,pinkie,pinkie,0.6142,0.960,284.874,0.008,285.842,1
a095b714-a9a6-418c-962f-40b0f63b5c0a.jpg,others,others,0.9373,0.960,284.874,0.008,285.843,1
32ca7728-d7d8-4733-b597-2705bc1640d9.jpg,others,others,0.9879,0.960,284.875,0.008,285.843,1
4a5e96a6-a762-40c8-8a24-f52dc6cd1108.jpg,fist,fist,1.0000,0.960,284.874,0.008,285.843,1
31959795-c07b-42b1-ba99-391f0646247f.jpg,rock,rock,0.9997,0.960,284.874,0.008,285.843,1
ce0750c7-6b13-4ffb-9c1e-e4f75f0497e1.jpg,others,others,0.9666,0.960,284.875,0.008,285.843,1
7c0cb38b-e0b5-4310-ace9-fb110cbb9da8.jpg,one,one,0.9861,0.960,284.874,0.008,285.843,1
90c163ab-d540-4d99-8c83-62519d1123e3.jpg,pinkie,pinkie,1.0000,0.960,284.875,0.008,285.843,1
5780a9a7-01a1-4bf1-925d-fd0fc65bf1d9.jpg,pinkie,pinkie,0.9878,0.960,284.875,0.008,285.843,1
e1dca112-2154-4dc1-bfc1-f1c20796560f.jpg,palm,palm,1.0000,0.960,284.874,0.008,285.842,1
0b65ecea-49a2-4c67-a8e3-5d25ddb4ff81.jpg,rock,rock,0.9791,0.960,284.875,0.008,285.843,1
de22a652-828f-4065-9ae4-fb6f60924729.jpg,rock,rock,1.0000,0.960,284.875,0.008,285.843,1
f9706c82-cf96-49c2-a79b-33c52a22512f.jpg,palm,palm,0.9991,0.960,284.875,0.008,285.843,1
6ec25e9c-e801-4aa2-b80d-6d41e71d4ea8.jpg,rock,rock,0.9824,0.960,284.874,0.008,285.843,1
55cc712b-d871-48b9-b07e-5ff154d51c8b.jpg,rock,rock,0.9999,0.960,284.874,0.008,285.843,1
bd968f0a-0be2-4f6f-8300-754a0ca125c0.jpg,pinkie,pinkie,0.8372,0.960,284.875,0.008,285.843,1
12862b30-57fb-4124-b885-d7f98f2676bf.jpg,palm,palm,0.9999,0.960,284.874,0.008,285.843,1
462e93eb-f32f-420a-a1ed-99ad45ac829a.jpg,one,one,0.9484,0.960,284.875,0.008,285.843,1
22aba770-dbbb-405e-8a1c-9db335eaec42.jpg,rock,rock,1.0000,0.960,284.875,0.008,285.843,1
9910dfb1-e44b-4507-b358-9ba46332a951.jpg,pinkie,others,0.3870,0.960,284.875,0.008,285.843,0
15f1d23c-e7fd-417f-b03f-1998605f9f59.jpg,pinkie,pinkie,1.0000,0.960,284.874,0.008,285.843,1
fc3db9b7-092c-4fd7-bd3b-3e946ad63bfb.jpg,palm,palm,0.9679,0.960,284.874,0.008,285.843,1
42481e46-0e6c-4b0e-872f-5a4f74ca54e1.jpg,one,one,1.0000,0.960,284.875,0.008,285.843,1
7659c000-4f5f-4c5c-8c0a-a1970bc2c4bf.jpg,others,others,0.7064,0.960,284.874,0.008,285.842,1
831bfb23-4a6a-4b31-8f56-937d8bcdc469.jpg,others,pinkie,0.7144,0.960,284.875,0.008,285.843,0
81b5942f-a1e2-4d28-af30-fbc637322e0d.jpg,rock,rock,1.0000,0.960,284.875,0.008,285.843,1
16d5a320-7428-4c4c-8d66-d3eab42adfae.jpg,palm,palm,0.9931,0.960,284.874,0.008,285.842,1
bf37a635-9c54-4b7c-b96c-776dbf507ea8.jpg,pinkie,pinkie,0.9998,0.960,284.874,0.008,285.843,1
1d51ad41-7b86-4419-abd5-a19906967481.jpg,pinkie,pinkie,0.9815,0.960,284.875,0.008,285.843,1
6cdb2112-4c33-4a2a-87d0-5f0ccbdcac21.jpg,palm,palm,1.0000,0.960,284.874,0.008,285.842,1
df40c482-8db9-491d-af16-6f7ab8b97874.jpg,others,others,0.6573,0.960,284.874,0.008,285.842,1
8515750b-00ed-42c2-a17f-9122a0c2486a.jpg,one,one,0.9591,0.960,284.875,0.008,285.843,1
4fb6069f-faf0-4486-a8a1-d8bb670620fe.jpg,rock,rock,0.9118,0.960,284.874,0.008,285.842,1
ca3ab464-c1f4-4433-b89a-535a845ead5a.jpg,fist,fist,1.0000,0.960,284.874,0.008,285.843,1
d9a2b5fd-fd11-4003-96ba-c355da718356.jpg,others,others,0.9240,0.960,284.875,0.008,285.843,1
dfe057c9-32fe-4e8c-ae52-a063211d9f02.jpg,pinkie,pinkie,0.9953,0.960,284.875,0.008,285.843,1
70fa75b4-8f73-4e95-b0ec-d2638733e557.jpg,rock,rock,0.9621,0.960,284.874,0.008,285.842,1
3ef686de-530a-438e-afa5-1cb122bb0508.jpg,others,others,0.9552,0.960,284.874,0.008,285.842,1
2cf2c501-df80-4c9c-a832-85047db84dd9.jpg,rock,rock,1.0000,0.960,284.874,0.008,285.842,1
6c6366f2-83de-4c1d-b63b-53059c4bb6d4.jpg,others,others,0.9879,0.960,284.874,0.008,285.842,1
3ae7882a-77f1-4459-895c-e7ef5df7cc5f.jpg,others,others,0.7088,0.960,284.874,0.008,285.843,1
f455fd3b-3f1e-4e80-85f0-27078ebc7fd7.jpg,palm,palm,0.9996,0.960,284.874,0.008,285.842,1
42957067-a41d-4f40-80f1-2f1cbb270f3f.jpg,others,others,0.3560,0.960,284.875,0.008,285.843,1
d9ab1f96-1791-4413-bfe3-0572bdb692bf.jpg,fist,fist,0.9971,0.960,284.874,0.008,285.842,1
b9d8a069-df2f-4a75-96a3-24ed922f043f.jpg,others,others,0.9927,0.960,284.874,0.008,285.842,1
84ea9270-9bc9-4414-89c2-d34221133526.jpg,others,fist,0.4248,0.960,284.874,0.007,285.842,0
e3234252-6d26-47da-9758-8e7d85c2e7b5.jpg,one,one,0.4987,0.960,284.875,0.007,285.843,1
f3c5d332-4575-4883-9a09-29401ca16457.jpg,rock,rock,1.0000,0.960,284.875,0.008,285.843,1
82ee5d3a-9bb6-4fea-b603-f8c888fdd1b4.jpg,rock,rock,0.9126,0.960,284.874,0.008,285.843,1
45453b3a-fab1-4de1-969d-3266c477c320.jpg,pinkie,pinkie,0.9985,0.960,284.874,0.008,285.843,1
74c7bd49-6b14-4598-8d9a-d091ac318e1a.jpg,pinkie,pinkie,0.9996,0.960,284.875,0.008,285.843,1
4b2e584f-340b-4dd3-9d7a-98d1ebc2d518.jpg,one,one,0.8607,0.960,284.874,0.008,285.842,1
0f01b089-19bf-4cbd-b971-e4b79b8afed9.jpg,palm,palm,0.9803,0.960,284.875,0.008,285.843,1
81e27a4c-955b-4496-9120-8281bcd00817.jpg,one,one,1.0000,0.960,284.875,0.008,285.843,1
3872de46-0622-4f4b-8cbc-7286ae9ea382.jpg,pinkie,pinkie,0.9999,0.960,284.875,0.008,285.843,1
4f546ecf-608d-42aa-b6bb-9f7c96af06ab.jpg,rock,rock,0.9946,0.960,284.875,0.008,285.843,1
f78ac855-e25b-43f8-9c24-31cc2fcc98e6.jpg,fist,fist,1.0000,0.960,284.874,0.008,285.842,1
753c65e3-3764-4f34-92c1-e7c75ab0da3b.jpg,palm,palm,1.0000,0.960,284.875,0.008,285.843,1
82a61863-e95b-4a8e-997b-2c4d84c8b573.jpg,others,palm,0.4924,0.960,284.874,0.008,285.842,0
a27bd261-be3a-4ee6-8746-95043d6d3309.jpg,others,others,0.4475,0.960,284.874,0.008,285.842,1
fa3a4133-8531-487b-a91c-c5f178965a4a.jpg,fist,fist,1.0000,0.960,284.875,0.008,285.843,1
29613303-d2fd-4ea8-8212-549eb9dc9eb7.jpg,pinkie,pinkie,0.9700,0.960,284.874,0.008,285.842,1
fc0e2add-c6f2-4c04-bf80-fadf2cdd5102.jpg,rock,rock,0.9894,0.960,284.875,0.008,285.843,1
79b66704-2480-429c-9f49-f4cee740ea96.jpg,others,others,0.5289,0.960,284.874,0.008,285.842,1
91a3b0fc-ea08-4eaf-9b03-f7c7a0dacb7d.jpg,rock,rock,0.9999,0.960,284.875,0.008,285.843,1
4cd50f37-0f95-4c9b-b19c-b817d5e8af77.jpg,palm,palm,0.9999,0.960,284.875,0.008,285.843,1
46da03ee-1a47-443d-b465-188178e05dd3.jpg,others,rock,0.6165,0.960,284.875,0.008,285.843,0
af1a1877-43e6-4adb-8306-848ac75a85cf.jpg,palm,palm,1.0000,0.960,284.875,0.008,285.843,1
6f2a703f-9533-4ef5-aea5-46ac99e05703.jpg,fist,fist,0.9987,0.960,284.874,0.008,285.843,1
28f69e93-54f1-46c9-ba6a-3b06d99b5dcf.jpg,pinkie,pinkie,0.7804,0.960,284.875,0.008,285.843,1
61ad9419-a19d-4f54-aef9-955e06877409.jpg,one,one,1.0000,0.960,284.874,0.008,285.842,1
b1343115-4844-4d43-80f7-a9045b886260.jpg,fist,fist,1.0000,0.960,284.875,0.008,285.843,1
58cd1bfe-9425-4e5a-872f-a2e0fbdf9a55.jpg,pinkie,pinkie,0.9981,0.960,284.875,0.008,285.843,1
2e475b85-ee20-4665-b8bc-b24359c32c63.jpg,others,others,0.9020,0.960,284.874,0.008,285.843,1
3f1c52ee-3821-45c4-bd7c-58ebfb4e1487.jpg,fist,fist,1.0000,0.960,284.875,0.008,285.843,1
8ec93567-9bca-4ba0-b2c0-9adddd8b7f8e.jpg,pinkie,pinkie,0.9998,0.960,284.875,0.008,285.844,1
f41ac203-0056-4d5f-8e71-a0a0ecef35a8.jpg,palm,palm,0.9999,0.960,284.874,0.008,285.842,1
a1be3993-c3be-4b1c-96ee-d67bc0f16591.jpg,palm,palm,1.0000,0.960,284.874,0.008,285.842,1
6a6364b6-2594-4dc8-a360-8c7ede5e0c18.jpg,others,others,0.9925,0.960,284.874,0.008,285.842,1
475b9d94-2d05-4749-aa3a-1ed4ab5d3b44.jpg,others,others,0.5600,0.960,284.874,0.008,285.842,1
02f5107c-eb15-4858-b526-d002888a3ac5.jpg,one,one,0.7093,0.960,284.875,0.008,285.843,1
27eec840-6099-4037-baa4-71eef7eb38c7.jpg,pinkie,pinkie,1.0000,0.960,284.874,0.008,285.843,1
4020f977-daf3-4b9c-85ac-c1a600b2dd4c.jpg,one,one,0.9499,0.960,284.874,0.008,285.843,1
1e3c62df-7dc8-405c-92f9-e9ee3a2eaed5.jpg,others,others,0.7464,0.960,284.875,0.008,285.843,1
a88ac59e-d6f7-4764-b632-54758925a4cc.jpg,fist,fist,0.8667,0.960,284.875,0.008,285.843,1
dc45454d-9c72-45f6-b3f0-ff23843cd05e.jpg,rock,rock,0.9877,0.960,284.875,0.008,285.843,1
4dced330-3113-4f4f-bbf6-f1f5be69c29b.jpg,fist,fist,0.9998,0.960,284.874,0.008,285.842,1
339ce609-4231-4268-bfc2-ce97404e0bbd.jpg,rock,rock,0.9997,0.960,284.874,0.008,285.842,1
89897ab0-e2e1-4700-b480-6d5ebd9cd02f.jpg,rock,rock,0.9999,0.960,284.874,0.008,285.843,1
cec81ce0-3895-43bc-aa3e-f26229d05f3f.jpg,rock,rock,0.9839,0.960,284.874,0.008,285.843,1
315a89a7-0398-4ad4-8949-c21415ed09a3.jpg,fist,fist,0.9993,0.960,284.875,0.008,285.843,1
d9c06286-9caf-4d1d-ab4a-e1927de99498.jpg,one,one,0.9874,0.960,284.875,0.008,285.843,1
cae74e99-d12c-4bef-8cd1-388db2ce1d1e.jpg,others,palm,0.4647,0.960,284.874,0.008,285.842,0
a1b9f4d9-e890-4bbd-98c0-ebe37a091930.jpg,palm,palm,0.8785,0.960,284.875,0.008,285.843,1
50854c78-9b9d-422d-91ed-43e011c2e043.jpg,one,one,0.9999,0.960,284.874,0.008,285.842,1
77c1a40f-3f84-49cc-b56f-2df990a29772.jpg,palm,palm,1.0000,0.960,284.874,0.008,285.842,1
1b01b019-fc51-49f1-9ed4-5887436aa9bb.jpg,rock,rock,0.9982,0.960,284.875,0.008,285.843,1
e286861c-2bcb-49b2-9d7f-5b4b476ac77d.jpg,palm,palm,0.9969,0.960,284.874,0.008,285.842,1
3438e407-322a-4150-bd08-8f3d6c9c3960.jpg,palm,palm,0.9999,0.960,284.874,0.008,285.842,1
d5aa19cb-35c1-4062-bef4-2a7402b680e7.jpg,one,one,0.8543,0.960,284.874,0.008,285.842,1
7f0df604-c20f-460e-ba66-93d268192a19.jpg,fist,fist,1.0000,0.960,284.874,0.008,285.842,1
92ef01e0-54f2-4674-a183-4a32e41f2ea3.jpg,one,one,0.9871,0.960,284.875,0.008,285.843,1
d151a529-e83c-4184-a54d-71801689881f.jpg,pinkie,pinkie,0.9988,0.960,284.874,0.008,285.843,1
3f04c8e2-8acc-4096-8f3d-170d4224af8a.jpg,one,one,0.9976,0.960,284.875,0.008,285.843,1
de099ac6-c3a5-44be-81a3-1f286b4c2e6e.jpg,others,others,0.9154,0.960,284.874,0.008,285.843,1
4422755a-6233-4271-add1-b0a495343260.jpg,fist,fist,0.9993,0.960,284.875,0.008,285.843,1
5cde141a-8935-4155-914e-d1aecef985b2.jpg,palm,palm,0.9999,0.960,284.875,0.008,285.843,1
50842568-904d-49fa-9f21-f761564081b3.jpg,pinkie,pinkie,1.0000,0.960,284.874,0.008,285.842,1
c8ce791c-2417-45ba-a3d1-af98304a6f9c.jpg,palm,palm,1.0000,0.960,284.874,0.008,285.843,1
cc8d9243-b5d9-4b95-9143-3953c764e1dd.jpg,pinkie,pinkie,0.9939,0.960,284.875,0.008,285.843,1
78d13442-7e27-4f07-982e-6d3b59596ff3.jpg,others,others,0.9025,0.960,284.874,0.008,285.843,1
5a1b96e8-97a1-4404-aaab-2df4a5121bd3.jpg,one,one,0.9466,0.960,284.874,0.008,285.842,1
6d441b53-7f7c-46bf-86fd-2b3c4927f4cf.jpg,pinkie,pinkie,0.9998,0.960,284.875,0.008,285.843,1
51af2c47-a102-423f-862e-c456addb6a73.jpg,others,others,0.9936,0.960,284.874,0.008,285.842,1
7619d0e5-41ae-468e-9dad-aced1e08a69a.jpg,one,one,0.9964,0.960,284.875,0.008,285.843,1
369dd636-9a16-49fd-8b87-bdf42cb35954.jpg,pinkie,pinkie,0.9602,0.960,284.875,0.008,285.843,1
02fad3df-96f1-44b8-93f3-e8e5e3fe0f9a.jpg,fist,fist,1.0000,0.960,284.875,0.008,285.843,1
702fc08a-eb55-4ede-86ae-56cc0d5af985.jpg,others,others,0.6330,0.960,284.874,0.008,285.842,1
a1803837-0409-484c-ada0-cce29db58a2e.jpg,fist,fist,1.0000,0.960,284.875,0.008,285.843,1
ad9824f0-577e-4704-b2b6-fe4ab537902e.jpg,one,one,1.0000,0.960,284.875,0.008,285.843,1
78cd3a63-257b-4a43-b230-431f4e99a0d7.jpg,palm,palm,1.0000,0.960,284.875,0.008,285.843,1
c6e8fb15-1fa5-4091-a0ed-02d685420144.jpg,fist,fist,0.9930,0.960,284.875,0.008,285.843,1
be8c2987-6669-43c2-8d2a-f7a9165c5ace.jpg,fist,fist,1.0000,0.960,284.875,0.008,285.843,1
63b606d5-35b0-46a1-9507-a586f427955e.jpg,pinkie,pinkie,0.9939,0.960,284.875,0.008,285.843,1
c5972990-4189-4909-93c8-9a6ca4c4f08a.jpg,pinkie,pinkie,0.9997,0.960,284.874,0.008,285.843,1
352a196b-088d-4c38-815e-c1262190b283.jpg,pinkie,others,0.3085,0.960,284.874,0.008,285.842,0
f5443999-9ac7-4388-8510-47796ee679f0.jpg,palm,palm,1.0000,0.960,284.875,0.008,285.843,1
051defdc-3296-47d1-91e3-df2affea3d4f.jpg,rock,rock,0.9855,0.960,284.874,0.008,285.842,1
8c1860fb-8e53-4fce-96ec-29cf40577393.jpg,rock,rock,1.0000,0.960,284.875,0.008,285.843,1
17cd2f18-c69c-485f-91b5-9b44086819e5.jpg,one,one,0.9999,0.960,284.874,0.008,285.842,1
5b3ca425-ef94-4301-a84a-1656541f8914.jpg,fist,fist,0.6604,0.960,284.874,0.008,285.843,1
0b2bcbe0-2301-41e4-9824-d02238c0e2ba.jpg,fist,fist,1.0000,0.960,284.874,0.008,285.843,1
1544d7de-0c12-4a54-8b28-8c32c1647177.jpg,rock,rock,0.8914,0.960,284.874,0.008,285.842,1
e0f29857-1962-42b7-b1f0-94ba52b07ba9.jpg,pinkie,one,0.5016,0.960,284.874,0.008,285.842,0
51021f31-0371-4670-a6a7-16a016cb59fd.jpg,one,one,1.0000,0.960,284.875,0.008,285.843,1
976e037b-68b9-4d3c-af98-baa51361561e.jpg,one,one,0.9924,0.960,284.874,0.008,285.843,1
75127679-a2ec-4696-b616-7a3cb8c6b616.jpg,fist,fist,1.0000,0.960,284.874,0.008,285.843,1
b3928cc6-f29c-49f0-bf69-257f1dd1b32d.jpg,palm,palm,0.9998,0.960,284.874,0.008,285.842,1
d7aee4ab-d8dd-4ef0-924c-a8290426a51e.jpg,palm,palm,0.7817,0.960,284.875,0.008,285.843,1
d2ecda35-1a40-48a4-b78f-d8df37b32f8e.jpg,rock,rock,0.9977,0.960,284.874,0.008,285.842,1
a6eb3673-b500-4838-b13d-4e773998193d.jpg,others,others,0.9445,0.960,284.875,0.008,285.843,1
cc33a35b-93f5-4c32-b7e8-72e2f82dc80b.jpg,fist,fist,0.9967,0.960,284.874,0.008,285.842,1
b9111d4b-a8dc-473b-a665-f8752d55aff4.jpg,palm,palm,0.9999,0.960,284.875,0.008,285.843,1
1ea7d840-711b-4b97-968d-2270760928a6.jpg,pinkie,pinkie,0.9681,0.960,284.875,0.008,285.843,1
6d870f91-19a9-43b1-894b-e4a8bdb7f899.jpg,pinkie,pinkie,0.9633,0.960,284.875,0.008,285.843,1
c1769751-6aa7-4414-8ab7-8c4fdde1f229.jpg,one,one,0.7304,0.960,284.875,0.008,285.843,1
677a5c45-08b8-45b1-8b77-49243c0437f1.jpg,one,one,0.9700,0.960,284.874,0.008,285.842,1
245e4ec6-4a9c-4c66-ad60-3db78b17ca27.jpg,rock,rock,0.9822,0.960,284.874,0.008,285.842,1
195b4808-27cf-44a7-a44c-b9961e08100d.jpg,palm,palm,0.9861,0.960,284.874,0.008,285.842,1
acf9a963-d9eb-4b7d-b207-069c2c546676.jpg,others,others,0.8964,0.960,284.874,0.008,285.842,1
f73eeea5-9e9b-44b3-9e33-be8434a7f145.jpg,palm,palm,0.9187,0.960,284.875,0.008,285.843,1
9af8b1c3-4da4-4730-a231-75cacdc074f6.jpg,palm,palm,1.0000,0.960,284.874,0.008,285.842,1
caa05e66-6cd9-4fa7-aa4f-1cbd02b907ac.jpg,palm,palm,0.9999,0.960,284.874,0.008,285.843,1
64d17ac8-1ca9-47f0-b974-cb61d4c5dcf3.jpg,others,others,0.9033,0.960,284.874,0.008,285.843,1
d4a970a8-b674-4e2a-af34-56c2aa376fa1.jpg,pinkie,rock,0.5209,0.960,284.874,0.008,285.842,0
252e4cf5-dfe8-468b-8945-127332f89d73.jpg,fist,fist,1.0000,0.960,284.874,0.008,285.842,1
96dddadf-ec55-4bd9-b915-f1e4dd1917e2.jpg,rock,rock,0.9451,0.960,284.874,0.008,285.843,1
3a68eba2-eb04-4b8e-84e8-4a0f10bc6527.jpg,rock,rock,0.8328,0.960,284.874,0.008,285.842,1
b45fc2da-8c4e-4a51-974c-493c6f20f422.jpg,rock,rock,0.9973,0.960,284.874,0.008,285.843,1
ab64a185-241c-463a-aeca-9b97776a1c98.jpg,pinkie,pinkie,0.8586,0.960,284.874,0.008,285.842,1
89b75d11-828e-4c36-b5a8-8d12c660529d.jpg,pinkie,pinkie,0.8402,0.960,284.874,0.008,285.843,1
13c11337-d941-42fb-b842-f588a54b35dd.jpg,rock,rock,1.0000,0.960,284.874,0.008,285.843,1
db326ac9-434f-4638-89b4-404d5c2e2153.jpg,palm,palm,0.9940,0.960,284.875,0.008,285.843,1
6a081245-2f20-4c68-85d9-2c3463eeffe5.jpg,palm,palm,0.9999,0.960,284.874,0.008,285.842,1
9454b8b9-1951-460d-b801-5a670025983a.jpg,one,one,0.9707,0.960,284.874,0.008,285.843,1
37f924ff-906b-43da-9400-74192bd5c801.jpg,palm,palm,0.9989,0.960,284.875,0.008,285.843,1
2c77dd02-3f60-440a-b1c3-caf13ab6b5ce.jpg,fist,fist,1.0000,0.960,284.875,0.008,285.844,1
339d1307-ce25-462c-8e0b-bc136e48c5fd.jpg,fist,fist,0.9994,0.960,284.874,0.008,285.843,1
de2da819-e6f5-4ca0-a6fd-bfe18c3bca43.jpg,rock,rock,0.9939,0.960,284.874,0.008,285.843,1
2b2dc6b8-3d42-4dff-b3e1-a44d68fee70f.jpg,others,others,0.8659,0.960,284.874,0.008,285.843,1
dd1b60da-be37-4b47-961a-c0551cd61da4.jpg,one,one,0.9346,0.960,284.874,0.008,285.843,1
be352932-f982-43d3-88e8-4951d777689d.jpg,fist,fist,1.0000,0.960,284.875,0.008,285.843,1
cd76eb3c-4ff2-409f-9591-83666639c2ad.jpg,one,others,0.7742,0.960,284.874,0.008,285.842,0
12bf8ea8-ddc4-4497-9969-8dc0ade946c6.jpg,rock,rock,0.9980,0.960,284.875,0.008,285.843,1
aaac13dc-4bec-4900-923e-44e8d0dfb9b9.jpg,fist,fist,1.0000,0.960,284.875,0.008,285.843,1
67ece806-1998-481b-9553-b9b368d2363d.jpg,one,one,0.6252,0.960,284.875,0.008,285.843,1
5cfc7360-db9d-43c5-9cb0-55a534813c0e.jpg,rock,rock,1.0000,0.960,284.874,0.008,285.843,1
5b65445b-105a-4431-b978-037160795ac0.jpg,fist,fist,0.9805,0.960,284.875,0.008,285.844,1
87d8220b-0b62-4e5f-b28b-46655647a75a.jpg,one,one,0.8934,0.960,284.875,0.008,285.843,1
f2bba573-eae6-41dd-a974-0343bcfb4a54.jpg,one,one,0.4059,0.960,284.874,0.007,285.842,1
138c6dde-21db-486a-8882-c43147890e89.jpg,pinkie,pinkie,1.0000,0.960,284.875,0.008,285.843,1
7b87e9af-0c81-441b-bf78-f7a75c06bde1.jpg,one,one,0.9143,0.960,284.874,0.008,285.842,1
f9c6d12b-d67a-48c5-a1d8-766757a3cf6c.jpg,others,others,0.9964,0.960,284.874,0.008,285.842,1
0852169e-a5b0-4a43-91ad-91dc4039c6b1.jpg,pinkie,pinkie,0.9999,0.960,284.875,0.008,285.843,1
c661ba0d-1d90-48d5-be9f-3b5eb06dcdb8.jpg,others,others,0.7550,0.960,284.875,0.008,285.843,1
04c42254-3fd0-4dc5-85b8-74bf3706c804.jpg,palm,palm,1.0000,0.960,284.874,0.008,285.842,1
9ff16d0e-e90e-48de-b087-30ac12c8582d.jpg,fist,fist,1.0000,0.960,284.874,0.008,285.842,1
1e61ef99-b7a7-4a1f-b044-7e0eaba03303.jpg,palm,palm,0.8641,0.960,284.874,0.008,285.842,1
088f103f-21bf-497b-ba0b-2b0a70ec0e86.jpg,one,one,0.9970,0.960,284.874,0.008,285.842,1
ae4d5568-68dd-4251-b65c-2f9cf107e254.jpg,pinkie,pinkie,0.9895,0.960,284.874,0.008,285.842,1
fad0c71f-8745-4758-8d5d-d59ed833b45c.jpg,palm,palm,0.9756,0.960,284.874,0.008,285.843,1
0befc358-1d52-44b3-b16f-534b4180441e.jpg,one,one,0.9979,0.960,284.874,0.008,285.843,1
37a788fc-13a6-4bf6-8587-4239b5fd3e10.jpg,palm,palm,1.0000,0.960,284.875,0.008,285.843,1
b8ec1fea-0844-44ea-bb7f-bb04a7f7790f.jpg,fist,fist,0.9937,0.960,284.875,0.008,285.843,1
c49cde3d-f5d4-40cd-bada-43c0ad866d47.jpg,palm,palm,1.0000,0.960,284.875,0.008,285.843,1
bb6d678c-1e53-4f9f-b85c-12fd19afd064.jpg,pinkie,pinkie,0.9708,0.960,284.875,0.008,285.843,1
e546e56d-bcc8-4fbc-92fc-49484e3707b9.jpg,fist,fist,0.9977,0.960,284.875,0.008,285.843,1
dd2cc8c7-626f-489a-9a22-637e2f4168f7.jpg,rock,rock,0.9999,0.960,284.875,0.008,285.843,1
5eb483aa-3174-49f9-97d2-0075cfe68791.jpg,rock,rock,0.9981,0.960,284.874,0.008,285.843,1
f20e720c-179f-4f09-9810-292bb84ccf1c.jpg,others,others,0.5744,0.960,284.874,0.008,285.842,1
5cfec386-ee3c-42c3-bf1b-a4326bea1736.jpg,rock,rock,0.6534,0.960,284.875,0.008,285.843,1
8d6120e9-7f86-4923-ad79-64a7b6e999f8.jpg,one,one,0.8595,0.960,284.874,0.008,285.842,1
88d84eb5-4a50-4a33-96b8-01fdc8bcee59.jpg,pinkie,pinkie,0.9905,0.960,284.874,0.008,285.843,1
a55b2751-ad0b-4377-8b7f-cf1623e6eafe.jpg,others,others,0.7039,0.960,284.874,0.008,285.842,1
720ba2b3-e90d-4241-8d3c-f52cb9c5076e.jpg,rock,rock,0.9962,0.960,284.875,0.008,285.843,1
21f158ed-9cdd-45eb-8a4a-c1aa71eb5c0a.jpg,pinkie,pinkie,0.9994,0.960,284.874,0.008,285.842,1
f577b2f2-8944-4b38-a4b7-edd1b734cf07.jpg,fist,fist,1.0000,0.960,284.874,0.008,285.842,1
3c315dca-e05c-4b69-82cc-60723bd070fe.jpg,pinkie,pinkie,1.0000,0.960,284.875,0.008,285.843,1
5ffc0007-4ae4-4c7a-9917-e26a1bc5e90f.jpg,fist,fist,1.0000,0.960,284.874,0.008,285.843,1
f743d23d-3008-49c0-8346-066cc2882077.jpg,others,others,0.5613,0.960,284.875,0.008,285.843,1
90e0b453-92a4-428e-95b4-3c9ec1a05b91.jpg,pinkie,pinkie,1.0000,0.960,284.875,0.008,285.843,1
f3f9749f-05de-4fb4-a209-f9fb52e376a5.jpg,palm,palm,0.9980,0.960,284.875,0.008,285.843,1
8ff8f60d-9aeb-469d-bee3-bafa23e93757.jpg,pinkie,pinkie,0.9897,0.960,284.875,0.008,285.843,1
c4ec6c9e-a737-4c52-9f5b-ad258946da6d.jpg,pinkie,pinkie,0.9721,0.960,284.875,0.008,285.843,1
3db09df7-f9a1-4993-bfc3-95f93328df3b.jpg,others,others,0.9658,0.960,284.874,0.008,285.843,1
54613c05-9b55-4199-a5be-2fc5d0373420.jpg,rock,pinkie,0.7348,0.960,284.875,0.008,285.843,0
23bd0d7c-d327-4240-8d60-9e527f48409e.jpg,pinkie,pinkie,0.9790,0.960,284.874,0.008,285.842,1
91a9ce0d-dfbe-40bc-b926-90b1d8947054.jpg,others,others,0.9867,0.960,284.875,0.008,285.843,1
ebf58a23-4b45-436d-8011-0f879e4bbeb7.jpg,palm,palm,0.9978,0.960,284.874,0.008,285.843,1
361a1d93-0681-40ca-9ba3-f97843a1111e.jpg,fist,fist,1.0000,0.960,284.875,0.008,285.843,1
8f4ccf39-7f90-45bf-8c4e-a005cdcc596a.jpg,palm,palm,1.0000,0.960,284.875,0.008,285.843,1
95a5931e-5ef1-49d3-9901-26415d608550.jpg,palm,palm,1.0000,0.960,284.875,0.008,285.843,1
da1df3e4-0fa7-4ae2-86be-6c67130e28dd.jpg,others,fist,0.7429,0.960,284.874,0.008,285.843,0
86cff586-b6eb-4927-820a-323e2734e8c3.jpg,one,one,0.5594,0.960,284.874,0.008,285.842,1
2126156f-80ae-4de2-83c3-7d7ecb712c9c.jpg,fist,fist,0.9984,0.960,284.875,0.008,285.843,1
6d06c7ad-2635-47fa-bd1b-47e84bbfa493.jpg,fist,fist,0.9971,0.960,284.875,0.008,285.843,1
2bee3906-8f47-4466-9be5-7aebcad5b898.jpg,one,one,0.8005,0.960,284.874,0.008,285.843,1
3ed5343e-cc20-4051-be17-ef08f1ac1ab6.jpg,others,others,0.7844,0.960,284.874,0.008,285.842,1
81ce19fa-9374-4fb1-92da-78aaed14b21b.jpg,one,one,0.9946,0.960,284.874,0.008,285.843,1
594da790-4c9d-4727-86ef-69154a6fe001.jpg,palm,palm,0.9908,0.960,284.875,0.008,285.843,1
59cc2a1f-d19f-40fb-ac74-c785f09b2fec.jpg,pinkie,pinkie,1.0000,0.960,284.874,0.008,285.843,1
f6a6967f-53af-44d7-8eff-7ad67c5d19e8.jpg,others,others,0.9172,0.960,284.874,0.008,285.842,1
b0f9845f-4179-42b9-a8a6-a3fdeff56f21.jpg,pinkie,pinkie,0.9981,0.960,284.875,0.008,285.843,1
21f85460-0aed-4274-9099-280fa43e76a9.jpg,rock,rock,1.0000,0.960,284.875,0.008,285.843,1
9d0e6b08-a8a0-4cca-b851-4e6f26c082e0.jpg,others,others,0.6476,0.960,284.874,0.008,285.842,1
3be46eae-fe64-410f-b73a-f6dcbaeec4a2.jpg,others,others,0.8939,0.960,284.874,0.008,285.842,1
11f02870-ffdf-4d68-ad77-0cd4e2878917.jpg,pinkie,pinkie,0.9997,0.960,284.874,0.008,285.842,1
8265b403-ba82-4264-acc8-2a037dfb88a9.jpg,palm,palm,0.9998,0.960,284.874,0.008,285.842,1
82329f4f-4eb8-4378-a3e5-c0c1a13f80aa.jpg,others,others,0.7294,0.960,284.875,0.008,285.843,1
9ede0c72-bdf9-4b8e-b7d3-81d5997e94e1.jpg,others,rock,0.9006,0.960,284.874,0.008,285.842,0
0bf097a7-ebb2-4f8f-acb0-78aa657aeb1c.jpg,palm,palm,1.0000,0.960,284.875,0.008,285.843,1
b59d5427-2356-4b1a-8f73-9600fbfd52fd.jpg,others,others,0.8577,0.960,284.875,0.008,285.843,1
5221b2c0-e921-48bb-985e-78011fcbbbb8.jpg,others,others,0.9635,0.960,284.874,0.008,285.842,1
1777f819-3808-4401-8d74-c26f9468e32a.jpg,one,one,0.9885,0.960,284.874,0.008,285.843,1
36fbdda5-ccbc-4778-a6b7-69cf9c73362f.jpg,others,palm,0.6910,0.960,284.874,0.008,285.842,0
4896832e-9dad-43a2-82c0-72c73701866c.jpg,pinkie,pinkie,0.9998,0.960,284.875,0.008,285.843,1
277c3775-0715-459d-a23c-d8ee696818b2.jpg,pinkie,pinkie,1.0000,0.960,284.874,0.008,285.842,1
7695c01e-6e44-4076-ba4c-4f331ca645d7.jpg,one,one,0.9077,0.960,284.874,0.008,285.842,1
9bd571cf-bc5e-4661-a45e-cce4640b868e.jpg,one,one,0.9996,0.960,284.874,0.008,285.843,1
b745d930-9d16-4ffa-b9f9-faec01c4db6a.jpg,fist,fist,1.0000,0.960,284.875,0.008,285.843,1
2c6af38c-9d74-4624-bcca-66f7236ff969.jpg,pinkie,pinkie,0.9998,0.960,284.874,0.008,285.842,1
ad485630-8f83-4dba-8cab-cb61c1de82b0.jpg,others,others,0.6749,0.960,284.875,0.008,285.843,1
134581bf-b970-4ac6-b957-943aa53063e0.jpg,one,one,0.9873,0.960,284.875,0.008,285.843,1
5dd88f9b-c335-4343-8749-9cb44f103645.jpg,rock,rock,1.0000,0.960,284.874,0.008,285.843,1
f47c9cbb-44d3-497f-8ad7-2f354fadb692.jpg,palm,palm,0.9998,0.960,284.875,0.008,285.843,1
145b482e-71b9-4577-ada9-aa9763d80772.jpg,pinkie,pinkie,0.9992,0.960,284.874,0.008,285.842,1
930862fb-c760-4a58-add0-291cd5a045f8.jpg,pinkie,pinkie,1.0000,0.960,284.874,0.008,285.843,1
837cacd1-d1d1-4423-b33c-7daf68b029f2.jpg,others,others,0.9361,0.960,284.874,0.008,285.843,1
c820796b-e019-4394-a520-82f4d05e79b3.jpg,one,one,0.9991,0.960,284.874,0.008,285.843,1
28fe5851-abe2-487a-9f2c-1d19f881cebf.jpg,others,rock,0.7119,0.960,284.874,0.008,285.843,0
be0b6acc-e7f1-4e18-858e-2742e14f14d4.jpg,rock,rock,1.0000,0.960,284.875,0.008,285.843,1
d0c58460-cd06-438c-9e25-dbe38b26c747.jpg,others,others,0.9592,0.960,284.874,0.008,285.842,1
74d0c7b9-1ada-46fe-bc59-f746dce3c505.jpg,palm,palm,0.9993,0.960,284.874,0.008,285.842,1
c077a42d-786d-47fd-964b-de5a6caefd8c.jpg,pinkie,pinkie,0.5322,0.960,284.875,0.008,285.843,1
afff631e-b8a4-40ba-8232-636af7b81356.jpg,palm,palm,0.9998,0.960,284.875,0.008,285.843,1
300363a9-23a6-4d63-9af0-fe8b69158327.jpg,palm,palm,0.9750,0.960,284.874,0.008,285.843,1
b9380236-e30a-4954-a300-ec5f63c33800.jpg,one,pinkie,0.9528,0.960,284.874,0.008,285.842,0
2e4338e6-d1fd-4e19-a579-6c5393afb279.jpg,others,others,0.8857,0.960,284.874,0.008,285.842,1
843843af-b7b7-4602-8de6-32b864e396e7.jpg,one,one,0.9029,0.960,284.875,0.008,285.843,1
4b6c849b-15a8-4029-8c01-1759913397f1.jpg,rock,rock,0.9999,0.960,284.875,0.008,285.843,1
3fbf7a92-f4c3-4e2e-a30d-1edcc80656f9.jpg,palm,palm,0.9993,0.960,284.875,0.008,285.843,1
353b061f-5a61-4c0c-b0d1-b1340ef0faf1.jpg,one,one,1.0000,0.960,284.875,0.008,285.843,1
795cfe6c-ce06-42cf-a7e6-14d11107af0e.jpg,one,one,0.9576,0.960,284.875,0.008,285.843,1
bde51e1f-c238-4891-9f45-2ab1781fd11c.jpg,palm,palm,1.0000,0.960,284.875,0.008,285.843,1
966bd2b8-0203-45d2-a3eb-3342e7d79d4a.jpg,palm,palm,0.9998,0.960,284.875,0.008,285.843,1
1bf44167-0b11-4abc-9438-4cd25d5497ee.jpg,fist,fist,0.9997,0.960,284.875,0.008,285.843,1
6bf9606a-0032-4332-9a64-f7810d30c66d.jpg,fist,fist,0.9999,0.960,284.874,0.008,285.843,1
90777c67-e282-419a-a1f3-2027a5138393.jpg,others,others,0.7852,0.960,284.875,0.008,285.843,1
02350738-50e7-4156-8346-51f2761a0b42.jpg,palm,palm,0.9998,0.960,284.874,0.008,285.843,1
790617bc-443c-41fe-914e-66793a0ec6f7.jpg,one,one,0.9997,0.960,284.875,0.008,285.843,1
789c14d6-9141-47c9-a22e-1c673bad1ff3.jpg,others,others,0.5024,0.960,284.875,0.008,285.843,1
3fcd507e-00a8-471f-b097-c5a6353c8de7.jpg,one,rock,0.5353,0.960,284.874,0.008,285.842,0
35916974-0c27-47b8-af15-5b539fae3f62.jpg,one,one,0.7654,0.960,284.875,0.008,285.843,1
31f44402-6546-4a9f-ad87-6fc33c2a918d.jpg,one,one,0.8385,0.960,284.874,0.008,285.842,1
c0dac001-bb83-40e2-9959-8943084a1503.jpg,rock,rock,0.4269,0.960,284.875,0.007,285.842,1
1793e33b-fefc-4a6d-b74c-03711f406cf5.jpg,others,others,0.9905,0.960,284.874,0.008,285.842,1
bbecfb33-febd-4738-a87d-1c350366644c.jpg,palm,palm,0.9996,0.960,284.874,0.008,285.843,1
561648cc-d232-4ff6-870f-d77ba0863410.jpg,one,one,0.9852,0.960,284.874,0.008,285.843,1
c11b0fa2-1396-4f8c-885b-723c3b9e622a.jpg,others,others,0.9738,0.960,284.874,0.008,285.842,1
6814b8fa-3fab-4f4c-8219-3ff5c2a64ed4.jpg,rock,rock,0.9998,0.960,284.874,0.008,285.843,1
f1713e53-b447-4024-80fe-ca09139c0178.jpg,pinkie,others,0.4590,0.960,284.874,0.008,285.842,0
383c7776-2b51-427a-b8d1-c315c40870c4.jpg,palm,one,0.3672,0.960,284.874,0.008,285.842,0
114d09db-6c8e-472f-8d76-b89a8db1880e.jpg,pinkie,pinkie,0.9966,0.960,284.875,0.008,285.843,1
7adcd03e-a5dd-4190-b111-cd67ac8e0427.jpg,fist,fist,1.0000,0.960,284.874,0.008,285.843,1
b4b3f5f6-b77a-4357-bea6-9213c994de23.jpg,palm,palm,1.0000,0.960,284.874,0.008,285.843,1
cbbb57e6-388d-4e52-a4b6-51fc51124e7e.jpg,others,others,0.9262,0.960,284.875,0.008,285.843,1
0e9731f1-469c-40c8-8936-5c6fffe93b0c.jpg,one,one,0.9994,0.960,284.874,0.008,285.842,1
da3d1591-6c15-446e-9637-1b6c1a6e6023.jpg,palm,palm,0.9877,0.960,284.875,0.008,285.843,1
31400225-e0d1-4efb-9991-7f6bb867bedc.jpg,palm,palm,0.4964,0.960,284.875,0.008,285.842,1
0486e490-989f-4be4-8d69-ade4621fb5a4.jpg,fist,fist,1.0000,0.960,284.874,0.008,285.843,1
e91cd2f7-c0a9-4d4f-a6b1-62df34ca8be9.jpg,palm,palm,0.9955,0.960,284.874,0.008,285.843,1
6a829314-393f-4d67-ba76-3920ce683c2b.jpg,fist,fist,0.9998,0.960,284.875,0.008,285.843,1
c56847ed-9d16-4375-be1e-3e4f48b7b5d9.jpg,palm,palm,1.0000,0.960,284.875,0.008,285.844,1
5615203c-9fd9-4d9c-8a3d-70227808a77c.jpg,palm,palm,0.9840,0.960,284.874,0.008,285.843,1
1e76cf5a-68a1-4373-a811-468e5476c815.jpg,fist,fist,1.0000,0.960,284.874,0.008,285.843,1
ef5ab777-6fa6-45c3-a6bb-47cafdb57f54.jpg,palm,others,0.4695,0.960,284.875,0.008,285.843,0
59440639-fd12-42a2-974d-b99ae940b695.jpg,fist,fist,1.0000,0.960,284.875,0.008,285.843,1
7d6902ef-e666-4359-af1d-cb94906b30c3.jpg,one,one,0.9996,0.960,284.875,0.008,285.843,1
996cc57c-bd91-4b2a-9014-7cc1ca7b7f6e.jpg,one,one,1.0000,0.960,284.875,0.008,285.843,1
0504727d-f597-4aa8-9c98-0af0575e48ba.jpg,fist,fist,1.0000,0.960,284.875,0.008,285.843,1
66c776ff-7847-49e8-b928-179a74be5458.jpg,fist,fist,1.0000,0.960,284.875,0.008,285.843,1
d795257d-9ee1-4f77-8904-2729bf4eddcf.jpg,pinkie,pinkie,1.0000,0.960,284.874,0.008,285.843,1
044c6ebb-9c8f-4724-a14b-e99d615dd853.jpg,rock,rock,0.9987,0.960,284.874,0.008,285.842,1
a29974e3-ea4c-4a58-b34e-c3eb6de5d8d7.jpg,fist,fist,1.0000,0.960,284.874,0.008,285.843,1
2d59aab2-e8ed-4eaa-88da-d5003d174076.jpg,fist,fist,1.0000,0.960,284.874,0.008,285.843,1
1d91e6db-9fd3-4ed1-84e7-39848a1885b3.jpg,palm,palm,0.9929,0.960,284.874,0.008,285.842,1
92b9bc6f-53cd-4cc5-930e-1cd227b96a52.jpg,rock,rock,0.9824,0.960,284.874,0.008,285.842,1
d417697a-f798-49bd-a785-6679a73f4f7b.jpg,one,one,0.9701,0.960,284.874,0.008,285.843,1
c5d3e80a-81fc-4fcd-be50-5d94d292951b.jpg,one,one,0.9987,0.960,284.875,0.008,285.843,1
1bf10c6c-34f5-4d81-b963-3ac6d011e1ec.jpg,others,others,0.9442,0.960,284.875,0.008,285.843,1
7345df1a-8029-4616-aea7-4ef6c3d3c86c.jpg,fist,fist,1.0000,0.960,284.875,0.008,285.843,1
25f63666-b163-4d08-87e6-8c2a32fbc49b.jpg,pinkie,pinkie,0.9618,0.960,284.874,0.008,285.843,1
7d557ccf-b4b2-4fdd-a7c7-12cbc096e62c.jpg,fist,fist,1.0000,0.960,284.875,0.008,285.843,1
0546aca4-30e1-464d-8e5c-92e02bfef050.jpg,rock,others,0.3347,0.960,284.875,0.008,285.843,0
a312ad3e-3c23-477e-a294-e76f98ac2d73.jpg,palm,palm,0.9445,0.960,284.875,0.008,285.843,1
dc99b9b2-4186-4b6c-82a8-596be13de000.jpg,others,others,0.8013,0.960,284.874,0.008,285.843,1
630a2eeb-cff6-482f-ad10-2ed565d6a3a2.jpg,fist,fist,1.0000,0.960,284.875,0.008,285.843,1
fb07b97f-8b09-442e-9ff2-1a4ec70b9a58.jpg,rock,rock,0.9999,0.960,284.875,0.008,285.843,1
f9784512-7f07-4151-9668-8c2302c10946.jpg,fist,fist,1.0000,0.960,284.874,0.008,285.843,1
531084c2-4051-4c83-b7da-52018440b96a.jpg,rock,rock,0.9999,0.960,284.875,0.008,285.843,1
9d72ed94-2c7a-4425-a659-d08e273fe927.jpg,one,one,0.9998,0.960,284.874,0.008,285.843,1
9d8c92e4-b06a-4d38-9db3-c8d2b20e17f2.jpg,pinkie,pinkie,0.9970,0.960,284.874,0.008,285.842,1
c9916341-47b2-4533-aa10-51185fd132ff.jpg,palm,palm,1.0000,0.960,284.875,0.008,285.843,1
c3746fb9-170e-43a2-b8f5-ac375a9f1abe.jpg,rock,rock,0.9559,0.960,284.874,0.008,285.842,1
9215858d-5498-4f7d-a117-de68214639ab.jpg,pinkie,pinkie,0.9997,0.960,284.875,0.008,285.843,1
2a3f2652-2f98-4141-8473-a2b5c50be13c.jpg,rock,rock,1.0000,0.960,284.874,0.008,285.843,1
64be3775-3dd2-43aa-a03b-85bd8a8f0b30.jpg,others,others,0.9939,0.960,284.874,0.008,285.842,1
b2b3efa5-aa13-4512-af27-32cafe6299b4.jpg,fist,fist,1.0000,0.960,284.874,0.008,285.843,1
9b677c3e-8cc6-4aa0-a409-bd9ff7996759.jpg,one,one,0.9993,0.960,284.875,0.008,285.843,1
3b70ecb7-5691-4824-b61a-9d4233b05e92.jpg,pinkie,others,0.5746,0.960,284.874,0.008,285.842,0
bbd9d441-8c65-4048-a9df-78e48b7695dd.jpg,others,others,0.8724,0.960,284.874,0.008,285.842,1
688ed358-4fe4-4442-a9e0-012600f8ea59.jpg,others,others,0.7655,0.960,284.875,0.008,285.843,1
4b4f4430-49b7-4fe4-ac0c-7d9bc9e248a5.jpg,fist,fist,0.9485,0.960,284.875,0.008,285.843,1
2a18876f-a925-4bd9-97c4-14d7bba43102.jpg,rock,rock,0.9999,0.960,284.874,0.008,285.843,1
501529dc-71b3-44f9-959f-613fa9223331.jpg,one,one,0.9128,0.960,284.875,0.008,285.843,1
dc890e44-6ca1-476f-aaec-7f680e2c7896.jpg,rock,rock,0.9358,0.960,284.874,0.008,285.843,1
7b9eb364-c9ea-46e2-afeb-ce48484e2b49.jpg,rock,rock,0.9999,0.960,284.875,0.008,285.843,1
eeb1c74f-73f9-4052-a4aa-08d71dbaa4bf.jpg,pinkie,others,0.6991,0.960,284.875,0.008,285.843,0
6e3c9098-3283-45f0-bacf-c16c57350172.jpg,pinkie,pinkie,0.8661,0.960,284.874,0.008,285.842,1
2e096884-4095-4371-b17d-69f2d2912ae6.jpg,fist,fist,1.0000,0.960,284.875,0.008,285.843,1
78f1916a-a605-4d22-9960-51db5a1f591d.jpg,one,one,0.9925,0.960,284.875,0.008,285.843,1
a22634d3-528d-456e-a447-db9bb4b74cf6.jpg,others,others,0.9928,0.960,284.875,0.008,285.843,1
739271fe-3575-4d1a-8917-f567a3d83f83.jpg,fist,fist,1.0000,0.960,284.875,0.008,285.843,1
a1d93b32-c3a3-48cd-83a5-3e50dccd6a73.jpg,rock,rock,0.9468,0.960,284.875,0.008,285.843,1
da007812-e5b7-44f0-aad9-d96ccc7f2ec1.jpg,fist,fist,1.0000,0.960,284.875,0.008,285.843,1
75ba2f6d-72d9-4714-a85a-602ab8161100.jpg,rock,pinkie,0.6383,0.960,284.875,0.008,285.843,0
81be47a3-d86e-4b46-8a7d-8803d5a703fd.jpg,palm,palm,1.0000,0.960,284.875,0.008,285.843,1
d118fe36-ab6a-409a-b006-ae4407b396d4.jpg,one,one,0.9937,0.960,284.875,0.008,285.843,1
fd0fd518-a767-479e-9346-ce2e503f470c.jpg,one,rock,0.3589,0.960,284.874,0.008,285.841,0
93f8b2de-600f-4e63-bf94-496160bfac4b.jpg,palm,palm,1.0000,0.960,284.875,0.008,285.843,1
bd9c33f7-d82a-43fe-8316-88ec2204f132.jpg,others,one,0.6040,0.960,284.874,0.008,285.843,0
40f237e5-b303-4a2a-95c4-977614f5846d.jpg,one,one,0.9999,0.960,284.875,0.008,285.843,1
2f3c0cf8-79ec-460b-98f9-e1503d6b5166.jpg,one,one,0.9999,0.960,284.874,0.008,285.842,1
c3aca4de-6e3c-46f5-9b7b-80f33651708b.jpg,rock,rock,0.9931,0.960,284.875,0.008,285.843,1
2ee83535-0a92-4aa3-9802-ea49b95d1dff.jpg,pinkie,pinkie,0.9923,0.960,284.874,0.008,285.842,1
3ad7d757-01f0-4080-a88b-3185d717e5b9.jpg,one,one,0.9897,0.960,284.875,0.008,285.843,1
c9d7993f-c5fc-4c89-8171-87de2b67347b.jpg,palm,palm,0.9995,0.960,284.875,0.008,285.843,1
cec4eb40-eab7-4cab-8412-0dba83588a74.jpg,others,others,0.7276,0.960,284.874,0.008,285.843,1
1aa0d851-75e3-45d4-8322-c5b7ff3945e9.jpg,pinkie,pinkie,0.9998,0.960,284.875,0.008,285.843,1
e0c889df-0629-4d9a-a7f5-764c7fd1a88d.jpg,rock,rock,0.9498,0.960,284.874,0.008,285.843,1
a78982a5-4954-4f31-9275-fb6d14fb2207.jpg,rock,rock,0.9035,0.960,284.875,0.008,285.843,1
b089da88-4a6d-4df9-a23a-95399b653c60.jpg,fist,fist,0.9991,0.960,284.874,0.008,285.842,1
d430b4ee-f8c2-466d-bc59-cfc6ab4fc475.jpg,pinkie,pinkie,1.0000,0.960,284.874,0.008,285.842,1
7c531690-da1c-4a5b-968c-40d603ecc5d4.jpg,rock,rock,0.9636,0.960,284.874,0.008,285.843,1
f221c7b4-50c9-43e5-9d4f-6d2c285280eb.jpg,others,others,0.9887,0.960,284.874,0.008,285.843,1
729a5b7c-43a6-4eaf-a537-d38e98fe2dd6.jpg,one,one,0.6466,0.960,284.874,0.008,285.842,1
bb1d49de-c83a-4b4b-bc86-414ae94fc3f3.jpg,one,others,0.3636,0.960,284.875,0.008,285.843,0
07669300-9e6a-4a00-a7e0-661ca82d70f5.jpg,rock,rock,0.9993,0.960,284.874,0.008,285.842,1
9e19bbc6-63b4-44dd-8605-65d04e93fd15.jpg,one,one,0.9463,0.960,284.874,0.008,285.842,1
2cde9f3f-8cdb-4208-ab97-d1501459333d.jpg,others,others,0.9592,0.960,284.874,0.008,285.842,1
1d78525c-3aea-4e5b-87cf-53d727b480c1.jpg,pinkie,pinkie,0.9973,0.960,284.874,0.008,285.842,1
08885ee8-304f-492f-936f-e5d3fc856fb9.jpg,one,one,0.7915,0.960,284.875,0.008,285.843,1
e86f6c80-5659-4050-acef-f0a99d9eb35a.jpg,rock,rock,0.9971,0.960,284.875,0.008,285.843,1
de199c87-61e7-489b-b357-834b14299269.jpg,others,others,0.9434,0.960,284.874,0.008,285.843,1
7d212c23-5333-4e94-a863-c471e7063342.jpg,others,others,0.8968,0.960,284.874,0.008,285.843,1
c47af1e0-7a4d-4a73-874a-24b09bf5a26f.jpg,pinkie,pinkie,0.9999,0.960,284.874,0.008,285.842,1
c75bc84f-4eff-48d6-ad81-5264be5f45ab.jpg,pinkie,pinkie,0.9649,0.960,284.874,0.008,285.842,1
30f2aa93-5554-436b-bce5-6be7b7dc36b0.jpg,pinkie,pinkie,0.6928,0.960,284.874,0.008,285.842,1
c92d25b8-e228-4801-b513-088c225af5d2.jpg,pinkie,pinkie,1.0000,0.960,284.875,0.008,285.843,1
4baf28e0-6aa5-4b37-9365-20009b563384.jpg,palm,palm,0.9954,0.960,284.874,0.008,285.843,1
3e0f1cbd-9f29-4534-ae1e-56597b134692.jpg,fist,fist,0.9952,0.960,284.875,0.008,285.843,1
e80fecbe-e89c-4dab-9e14-90c280be0bee.jpg,one,one,0.8928,0.960,284.874,0.008,285.842,1
95bba33f-1265-49eb-9b66-bfbeeb51acdf.jpg,one,one,0.9993,0.960,284.874,0.008,285.843,1
3825ce99-37b0-477a-8142-d82547439752.jpg,one,one,0.9943,0.960,284.875,0.008,285.843,1
3b473a47-8196-4c54-8389-d78f3eb8d614.jpg,rock,rock,0.9988,0.960,284.874,0.008,285.843,1
9b77edfd-cac3-4e19-9958-8d31559f48b6.jpg,palm,palm,1.0000,0.960,284.874,0.008,285.842,1
dd6980b9-6593-4879-9271-76c876a59aec.jpg,one,one,0.9620,0.960,284.874,0.008,285.843,1
fff27517-0ca5-4e98-93a5-5774bca457a6.jpg,pinkie,pinkie,0.9995,0.960,284.874,0.008,285.842,1
45cfedcd-4b9a-460e-ad96-814f63849953.jpg,others,others,0.9892,0.960,284.874,0.008,285.842,1
920f2ea6-8e52-49bf-a6d2-bd7f75525a06.jpg,fist,fist,1.0000,0.960,284.875,0.008,285.843,1
3026cde1-9658-4681-a0a8-c274ab12d08e.jpg,palm,palm,0.9907,0.960,284.874,0.008,285.842,1
210cbb92-bd52-4044-9cdf-4398cdb0fb9b.jpg,rock,rock,1.0000,0.960,284.874,0.008,285.843,1
d3f94216-c15a-468e-8683-157d18d2e610.jpg,pinkie,pinkie,0.4530,0.960,284.875,0.008,285.843,1
45d0b774-11ca-4921-a7a9-795d95c37062.jpg,fist,fist,1.0000,0.960,284.874,0.008,285.843,1
bdc8ea9c-438d-428e-9c8d-c8059ea4f4c8.jpg,fist,fist,0.9985,0.960,284.875,0.008,285.843,1
25455a14-a35c-4e9a-8f1e-c71c02e5641c.jpg,fist,fist,1.0000,0.960,284.874,0.008,285.843,1
4f35f6ac-2ab0-401b-9c85-7260d4972ffd.jpg,palm,palm,1.0000,0.960,284.874,0.008,285.843,1
1ad32d71-3a68-4d21-992e-405d8bb4e8d2.jpg,palm,palm,0.9981,0.960,284.874,0.008,285.842,1
5096e661-3477-4a04-8ed6-945898e3fd60.jpg,fist,fist,1.0000,0.960,284.875,0.008,285.843,1
cd6f7d6b-6b48-43ca-a1ad-9a895c16f416.jpg,others,others,0.5795,0.960,284.874,0.008,285.842,1
a7f99697-19ae-4a58-9957-a29dfca0f9a5.jpg,rock,rock,1.0000,0.960,284.874,0.008,285.842,1
d9ec6a44-ed26-48de-913c-e615f7bcac87.jpg,rock,rock,1.0000,0.960,284.875,0.008,285.843,1
fcaf9bfc-c47d-47f2-b249-32292b29287b.jpg,others,one,0.4344,0.960,284.874,0.008,285.842,0
f005980c-8427-4c35-aea9-0acf262dfa34.jpg,fist,fist,0.9992,0.960,284.874,0.008,285.842,1
485c866c-7a03-4beb-9c20-bf0e4da18b36.jpg,fist,fist,0.9987,0.960,284.874,0.008,285.843,1
0d9f569b-de4a-4b41-9658-287b143355a7.jpg,palm,palm,0.9998,0.960,284.874,0.008,285.843,1
5e9c3ea0-4188-41eb-93a1-8886d0468dbe.jpg,others,others,0.9895,0.960,284.874,0.008,285.843,1
5dd26ff9-4b96-4939-adf4-65fbaac65f1d.jpg,others,others,0.7470,0.960,284.874,0.008,285.842,1
231d8533-9a16-49bf-a9f4-f8248c13c2d8.jpg,fist,fist,0.9999,0.960,284.874,0.008,285.842,1
194ebe16-4fa9-4f8b-9861-1dd893a89abe.jpg,fist,fist,0.9204,0.960,284.875,0.008,285.843,1
513aa5dd-bf7a-47c1-8952-d5a330eadfa0.jpg,pinkie,pinkie,0.9995,0.960,284.874,0.008,285.842,1
bdcf6294-add8-4f8c-ae57-79f9adfc81c4.jpg,others,others,0.9964,0.960,284.875,0.008,285.843,1
4cf6c926-6f58-4a49-a5af-15381f8aeab0.jpg,rock,rock,0.9543,0.960,284.875,0.008,285.843,1
ee2f6240-285e-468f-8f16-30336f7cfcd7.jpg,fist,fist,1.0000,0.960,284.875,0.008,285.843,1
e83ef60c-1094-45ce-b426-e88fc09f5665.jpg,fist,fist,1.0000,0.960,284.875,0.008,285.843,1
41457d43-5253-420e-ba06-70211d2380a6.jpg,rock,rock,0.9816,0.960,284.875,0.008,285.843,1
448a973a-2a70-4c6a-85bf-1359dc083805.jpg,palm,palm,0.9969,0.960,284.875,0.008,285.843,1
76f26305-ca9b-44e2-bcde-45e85273ab2b.jpg,one,one,0.9999,0.960,284.875,0.008,285.843,1
f0a252a1-2483-4ef9-b930-806220de1655.jpg,rock,rock,0.9999,0.960,284.874,0.008,285.843,1
d5587bdc-dafe-4a01-b4c8-2c53c13c3e23.jpg,palm,palm,1.0000,0.960,284.875,0.008,285.843,1
15937fb6-0899-436f-a9ba-7ff3b0ab26b6.jpg,one,one,0.5904,0.960,284.874,0.008,285.843,1
26ee45c2-3912-47d0-a676-0353ac568c2b.jpg,one,one,0.9849,0.960,284.874,0.008,285.842,1
cdf07858-e531-4a93-aa21-fa113201ec06.jpg,others,others,0.6035,0.960,284.874,0.008,285.842,1
111559d3-8ad3-4cf8-8f45-aef884d44366.jpg,others,others,0.5809,0.960,284.875,0.008,285.843,1
22de12f2-ee71-4ae9-b795-e6bcae30403e.jpg,one,one,1.0000,0.960,284.875,0.008,285.843,1
d440476b-ce36-4ff0-ae23-cbdfc478e552.jpg,pinkie,pinkie,0.8168,0.960,284.874,0.008,285.842,1
8a056b32-f90e-437e-a887-b494c90fc0ac.jpg,others,one,0.5403,0.960,284.874,0.008,285.842,0
e5d21e5a-65b8-417a-a6f8-e0c9fbdd08b1.jpg,pinkie,pinkie,0.9947,0.960,284.874,0.008,285.842,1
32ee9d89-d369-4675-9ee0-441d3c66a764.jpg,fist,fist,0.9995,0.960,284.875,0.008,285.843,1
091c0929-2c99-48b3-9627-8981480ca2a9.jpg,one,one,0.4335,0.960,284.874,0.008,285.842,1
d6a5aba5-b962-4e36-8139-7de4009f4736.jpg,others,others,0.6384,0.960,284.875,0.008,285.843,1
2e7c4946-e4f2-4e36-b4dd-03039c1adc6e.jpg,one,one,0.6851,0.960,284.874,0.008,285.843,1
2d867f0a-2ecf-4f64-9c0a-173f90505b36.jpg,rock,rock,0.9955,0.960,284.874,0.008,285.842,1
0e668819-0e9e-4fa1-a68c-0c2775aa9ce3.jpg,others,others,0.8183,0.960,284.875,0.008,285.843,1
98b94d33-93ce-46e1-8361-2367364d58f3.jpg,fist,fist,0.9987,0.960,284.875,0.008,285.843,1
20af5205-4f43-482d-9d75-165f350d4092.jpg,one,one,0.9999,0.960,284.875,0.008,285.843,1
f8360056-aed8-4493-95c1-e8d95ada4c30.jpg,palm,palm,0.9999,0.960,284.874,0.008,285.842,1
ba81401f-50de-42a6-b161-51ac24f9d692.jpg,palm,others,0.4063,0.960,284.874,0.008,285.842,0
740a9644-4621-4b81-b33a-4111b6b47c19.jpg,palm,palm,1.0000,0.960,284.874,0.008,285.842,1
017b602b-d1b5-43c3-8bf8-3565c58d862d.jpg,palm,palm,1.0000,0.960,284.874,0.008,285.843,1
73418ea3-9fe6-45ea-934a-145b206445b9.jpg,one,one,1.0000,0.960,284.874,0.008,285.843,1
38965a4c-7783-46b1-8d6e-c131e81cfbaf.jpg,fist,fist,0.9997,0.960,284.874,0.008,285.842,1
310e0f60-751a-46d1-a230-259994db22a4.jpg,rock,rock,0.9996,0.960,284.874,0.008,285.843,1
b1b1a8df-a7a5-41cc-803c-06505cda3f91.jpg,pinkie,pinkie,1.0000,0.960,284.874,0.008,285.842,1
11f917c0-02b2-4cd0-920e-fab526f1845e.jpg,rock,rock,0.8263,0.960,284.874,0.008,285.842,1
8276182e-ab85-4a0b-aa41-85886bc73e55.jpg,others,others,0.9658,0.960,284.874,0.008,285.842,1
13e9874f-7440-4bd7-a9f9-22e94f8fb3ff.jpg,pinkie,pinkie,0.9988,0.960,284.875,0.008,285.843,1
cb58068f-07f1-4543-a95d-e5e80eac5330.jpg,others,others,0.7278,0.960,284.874,0.008,285.842,1
2d1da2d2-e68f-418a-9fb3-e3ed90ca1ee6.jpg,one,one,0.9999,0.960,284.875,0.008,285.843,1
21cf38da-2748-4785-adfd-46ca67fb1091.jpg,rock,rock,1.0000,0.960,284.875,0.008,285.843,1
3f2a265c-3658-46a0-9a8b-3c3480ba832f.jpg,rock,rock,0.9936,0.960,284.874,0.008,285.843,1
123d596a-3b6b-4139-9433-4d276cb26986.jpg,palm,palm,1.0000,0.960,284.875,0.008,285.843,1
219976f1-83fe-41a1-9ba8-59833b03ffd3.jpg,others,others,0.9509,0.960,284.874,0.008,285.843,1
ad51f1d0-15c3-4748-869c-920a2bd14555.jpg,rock,rock,0.9701,0.960,284.875,0.008,285.843,1
fbb8696c-42cc-4edd-9030-4dc557a82931.jpg,pinkie,pinkie,1.0000,0.960,284.875,0.008,285.843,1
ab739131-4938-4274-8f51-a1a71ce77951.jpg,fist,fist,1.0000,0.960,284.875,0.008,285.843,1
6c7545db-8a90-4853-ab57-0ead2907492b.jpg,palm,palm,1.0000,0.960,284.874,0.008,285.842,1
d66761d3-1e25-4bf6-a139-8d90557149b4.jpg,fist,fist,0.9971,0.960,284.875,0.008,285.844,1
d5423b02-f222-4cec-bfb4-8fdb609d36ee.jpg,rock,rock,0.9997,0.960,284.874,0.008,285.843,1
e676b321-f036-4b2f-9df2-ee81d7c193c3.jpg,palm,palm,0.9997,0.960,284.875,0.008,285.843,1
42680562-ae77-4b7f-b2e6-5e59a78d5339.jpg,pinkie,pinkie,0.9994,0.960,284.875,0.008,285.843,1
577464a2-8f34-4d5b-8d6a-27920aab1d45.jpg,one,rock,0.4440,0.960,284.874,0.008,285.842,0
e166197b-6ecb-4ece-aa4e-eb1fee9064d7.jpg,fist,fist,1.0000,0.960,284.875,0.008,285.843,1
add4e1f6-0b6f-4d86-be46-75aa3fc5e68b.jpg,one,one,0.9993,0.960,284.874,0.008,285.842,1
83abbb92-292e-4f75-92b8-9bd5d5298c56.jpg,palm,palm,1.0000,0.960,284.874,0.008,285.843,1
5b3eee22-9617-419e-8074-150b1ea47873.jpg,palm,palm,0.9999,0.960,284.874,0.008,285.843,1
d8884aa7-fc9e-429d-afd2-365e3f5fdbad.jpg,one,one,0.9990,0.960,284.875,0.008,285.843,1
b98717d7-3258-4479-96f9-4583c1c48a48.jpg,one,one,0.8915,0.960,284.874,0.008,285.843,1
5eaec9f4-ef59-416a-9ffc-744347a2ba53.jpg,fist,fist,1.0000,0.960,284.875,0.008,285.843,1
98797e9d-de58-4032-a204-6e551b42a131.jpg,palm,palm,0.9963,0.960,284.874,0.008,285.843,1
aecf08ca-bd07-4c5d-bf36-eff053dd12bf.jpg,pinkie,pinkie,0.9998,0.960,284.874,0.008,285.843,1
f866efaf-cb3d-4317-9700-2d6b9ca29bf9.jpg,fist,fist,0.9001,0.960,284.874,0.008,285.842,1
86ce5b15-c5ba-40e8-a409-f60f83a1a52e.jpg,rock,rock,0.9984,0.960,284.874,0.008,285.842,1
cbcf4827-97a2-49d1-9cb6-515b2d034f1e.jpg,fist,fist,1.0000,0.960,284.875,0.008,285.843,1
820bb186-82a5-447a-9314-4da974d1f1d4.jpg,one,one,0.7365,0.960,284.874,0.008,285.843,1
1718d5ff-3fd6-4c50-bff6-990b6b4d4d6b.jpg,fist,fist,1.0000,0.960,284.874,0.008,285.843,1
a464f537-bbfd-49fa-8a35-dfb813ca206b.jpg,rock,rock,0.9989,0.960,284.875,0.008,285.843,1
1d147279-1a10-4c8c-9659-eac0e3f6298b.jpg,fist,fist,0.9998,0.960,284.874,0.008,285.842,1
6f25c3ec-8971-4b74-a070-cdc31a9f6845.jpg,rock,rock,1.0000,0.960,284.874,0.008,285.843,1
35953c3a-ae48-4e1f-a8bf-4bc75b59daeb.jpg,fist,fist,1.0000,0.960,284.874,0.008,285.843,1
e2fee991-4c4f-4383-8ab8-2555cf9d54db.jpg,palm,others,0.4549,0.960,284.875,0.008,285.843,0
baf0fc13-66ff-4510-8898-849e5c5d0709.jpg,rock,rock,0.9547,0.960,284.874,0.008,285.842,1
16e53927-9da1-41d7-9186-9b7cc89b80bf.jpg,one,one,1.0000,0.960,284.874,0.008,285.843,1
a613fd6e-d2b1-42a4-8c91-10200fe374f5.jpg,one,one,0.9978,0.960,284.874,0.008,285.843,1
9e4e03db-dbf7-4b62-b1a0-58e19896cbd5.jpg,fist,fist,1.0000,0.960,284.874,0.008,285.842,1
0f3322d6-e395-4e75-82c2-7c1a53cfa0ef.jpg,one,one,1.0000,0.960,284.874,0.008,285.842,1
9eb4bfad-495a-495a-871a-8a747694a09a.jpg,others,others,0.9346,0.960,284.874,0.008,285.842,1
6fd91d60-92ef-4343-a30b-e60ca7c716b3.jpg,one,one,0.9893,0.960,284.874,0.008,285.842,1
faac9e24-0c83-4f75-8696-313e27c3df66.jpg,pinkie,rock,0.7291,0.960,284.874,0.008,285.842,0
4e7a5d4d-dd19-43df-b6ee-5718be87e2b3.jpg,rock,rock,0.3267,0.960,284.875,0.008,285.843,1
fdc4f46f-9d3f-41f4-a7b3-996541acdb51.jpg,one,one,0.8108,0.960,284.874,0.008,285.842,1
4f3d8a55-cf5f-4887-b0e3-23dd3f558536.jpg,palm,palm,1.0000,0.960,284.874,0.008,285.843,1
76ea3bf1-8810-449a-986c-da32b0956b8b.jpg,fist,fist,0.9999,0.960,284.874,0.008,285.843,1
4f4f2af9-6e4b-4440-9a7a-ba9fe7f7bd38.jpg,palm,palm,0.9985,0.960,284.875,0.008,285.843,1
b2c3059f-0994-4663-9f89-5e0fa9e02c55.jpg,pinkie,pinkie,0.9998,0.960,284.874,0.008,285.843,1
61081324-db82-4a77-9e9e-15bbcb0b83ef.jpg,palm,palm,0.9915,0.960,284.875,0.008,285.843,1
1cd7bd15-eb16-4af8-a699-ffbaae0b6ad0.jpg,rock,rock,0.9990,0.960,284.875,0.008,285.843,1
cc1a8c58-e0ef-445b-bb21-6b8f1893d375.jpg,fist,fist,0.9060,0.960,284.874,0.008,285.842,1
67c9c14c-aa30-4623-b44f-00aa0b5dd871.jpg,others,others,0.8153,0.960,284.875,0.008,285.843,1
b3cf8d97-1fa4-4892-8f2a-d20c69e79cff.jpg,others,others,0.6780,0.960,284.874,0.008,285.842,1
0d314bc7-970c-4056-97d0-0fa40b8ef1fc.jpg,one,one,0.5786,0.960,284.875,0.008,285.843,1
e376c142-6da6-49f2-a976-4590e785d272.jpg,pinkie,pinkie,0.9441,0.960,284.875,0.008,285.843,1
f72e2361-6fab-4294-8186-a5ff57055861.jpg,fist,fist,0.9441,0.960,284.875,0.008,285.843,1
2428275d-b7ba-4091-9c99-44849d8db3ac.jpg,rock,rock,0.9968,0.960,284.874,0.008,285.843,1
e8799c7b-6d30-41c5-b5ee-f8ff43c74369.jpg,rock,rock,0.9721,0.960,284.874,0.008,285.842,1
9ddabff5-4ec0-4d33-b394-9a1162e75f36.jpg,one,one,0.9871,0.960,284.875,0.008,285.844,1
a77971be-f742-4b78-a204-c3454b07ab43.jpg,fist,fist,0.8906,0.960,284.875,0.008,285.843,1
ee74ab4b-79fc-45a9-88d7-a9b9fa18c7ce.jpg,others,others,0.9920,0.960,284.875,0.008,285.843,1
f88f9f9c-4c86-4bec-8947-de44d55acef2.jpg,palm,palm,0.9996,0.960,284.875,0.008,285.843,1
6197c018-e697-43e8-ba73-f4c26ae15c26.jpg,pinkie,pinkie,1.0000,0.960,284.875,0.008,285.843,1
1f05f095-dcd1-4c44-bfcc-0fb57ca49a9f.jpg,others,others,0.9853,0.960,284.874,0.008,285.843,1
646100b0-144a-4675-9d5b-9c36964008ff.jpg,fist,fist,0.9998,0.960,284.875,0.008,285.843,1
39a05068-7c88-4e39-898e-35c4f823426d.jpg,palm,palm,0.9997,0.960,284.874,0.008,285.843,1
8b8f0f36-73b7-41bd-95bc-bcb8bb341d0a.jpg,one,one,0.9909,0.960,284.874,0.008,285.842,1
4ab6c9db-80a6-4857-b513-b10b5835e1d5.jpg,pinkie,one,0.5625,0.960,284.874,0.008,285.842,0
e911c0d5-02e1-4cf2-bb24-a9d53b38f43d.jpg,fist,fist,1.0000,0.960,284.874,0.008,285.842,1
14e21dc8-67c9-4a6c-a697-7c629cd6589e.jpg,one,one,0.9177,0.960,284.874,0.008,285.842,1
d4cd4959-901b-4ab8-8834-df42d84341b1.jpg,one,one,1.0000,0.960,284.874,0.008,285.842,1
9a5d45a8-6ba6-4370-a568-9eceec7dec5b.jpg,palm,palm,1.0000,0.960,284.875,0.008,285.843,1
a19206b7-1417-4666-be4a-20a65baaa3fb.jpg,rock,rock,0.9999,0.960,284.875,0.008,285.843,1
9efbb722-c7f5-41be-b536-66cdc1d7d997.jpg,pinkie,pinkie,0.9941,0.960,284.874,0.008,285.842,1
21371879-d808-492d-9d86-f409a86a0314.jpg,fist,fist,0.9946,0.960,284.875,0.008,285.843,1
b82991b8-2f05-4330-ba9a-5e57cea43860.jpg,one,one,1.0000,0.960,284.875,0.008,285.843,1
937c33d0-a1e0-4880-a6dd-14c322a7db16.jpg,fist,fist,1.0000,0.960,284.875,0.008,285.843,1
17ee92ad-96c4-4419-98c8-5ac0ed7e4ecd.jpg,pinkie,pinkie,1.0000,0.960,284.875,0.008,285.843,1
eeb249f4-0696-4d71-84ae-f12c0c9b70af.jpg,pinkie,pinkie,1.0000,0.960,284.874,0.008,285.843,1
2444531e-be30-4f7e-a3b9-97c296b0b9ad.jpg,rock,rock,0.9858,0.960,284.874,0.008,285.842,1
85f9dea5-4721-40a3-b615-db7e18291507.jpg,fist,fist,1.0000,0.960,284.875,0.008,285.843,1
e0ee2966-5c4f-4d94-8368-11329026112e.jpg,rock,rock,0.8166,0.960,284.874,0.008,285.843,1
f9143927-13d5-4405-a5a7-599ff5d5ac72.jpg,palm,palm,1.0000,0.960,284.875,0.008,285.843,1
e1d1f45a-1e58-49b1-ac2a-45c6dd018b27.jpg,rock,rock,1.0000,0.960,284.875,0.008,285.843,1
e15c04b6-63e1-4703-ab65-ed473ea97ecf.jpg,palm,palm,0.9478,0.960,284.875,0.008,285.843,1
9deaf9aa-c2a2-469b-bc4b-39e3efd28cc4.jpg,others,others,0.6704,0.960,284.874,0.008,285.842,1
c8486e87-9315-4312-a422-de61281f93fa.jpg,one,one,0.9958,0.960,284.875,0.008,285.843,1
e5209eef-0d88-4f0f-86cf-cdae0c8a171d.jpg,fist,fist,0.6284,0.960,284.874,0.008,285.842,1
d42f05e7-9b07-4cba-b663-88537f2aa9b2.jpg,pinkie,pinkie,1.0000,0.960,284.875,0.008,285.843,1
420d3aaa-94a9-4422-ab15-89635a5c5fb2.jpg,one,one,0.9996,0.960,284.875,0.008,285.843,1
dacaaf6a-d5a4-4ab2-b688-ab3a2fa4c2c1.jpg,palm,palm,0.9999,0.960,284.874,0.008,285.843,1
8fb8ebfe-ee11-45ef-a45e-2018ccff4f4b.jpg,rock,rock,0.9987,0.960,284.875,0.008,285.843,1
50b18dac-e83f-417a-98f9-5695649109ed.jpg,others,others,0.8627,0.960,284.875,0.008,285.843,1
111ad805-6584-4c25-92e6-1f61396baa42.jpg,palm,palm,0.9999,0.960,284.875,0.008,285.843,1
3cb38516-5146-4dc9-94ca-7d6a218549df.jpg,fist,fist,0.9924,0.960,284.874,0.008,285.843,1
11768b80-7a32-4879-9629-5fdc42ba706b.jpg,others,others,0.9374,0.960,284.874,0.008,285.842,1
fedccca2-9f38-4c3b-a1ff-c8d5f24ecda4.jpg,rock,rock,0.9677,0.960,284.874,0.008,285.842,1
57bc9d0f-4fef-4d23-8fb1-f7c4686999fa.jpg,rock,rock,0.5401,0.960,284.874,0.008,285.842,1
5c367e26-5745-448e-b509-6828ccffbd02.jpg,one,one,0.9935,0.960,284.874,0.008,285.843,1
ac1d7c74-262e-41e6-aa07-d2c0b4f37e27.jpg,one,one,0.9996,0.960,284.875,0.008,285.843,1
d6187281-fe91-4ae4-beee-2e46a2ae3778.jpg,others,others,0.9716,0.960,284.874,0.008,285.842,1
d3312279-39a1-4301-afad-19e639a51086.jpg,pinkie,pinkie,0.8810,0.960,284.874,0.008,285.843,1
5d0fbd9b-7700-42e9-b195-91d930a6f595.jpg,rock,rock,1.0000,0.960,284.874,0.008,285.843,1
5c7306fe-efa0-4293-97aa-ea45301c3083.jpg,pinkie,pinkie,0.7179,0.960,284.874,0.008,285.842,1
57868fd6-168b-43a6-8a97-22b0961bbd2a.jpg,rock,rock,0.9975,0.960,284.875,0.008,285.843,1
99695419-0730-4eca-9874-ffd7664c1adf.jpg,pinkie,pinkie,0.9949,0.960,284.875,0.008,285.843,1
c2b3f896-61c7-42a1-b2d2-4e42d8417712.jpg,others,others,1.0000,0.960,284.874,0.008,285.842,1
9dc80ecf-c295-4bba-894a-bec78751b02d.jpg,palm,palm,0.9809,0.960,284.874,0.008,285.842,1
4656be65-a9e2-49be-a06a-1a7b5d280f2d.jpg,others,others,0.9065,0.960,284.874,0.008,285.842,1
443c16ac-79ea-4c82-a6eb-f2a7db821dcf.jpg,fist,fist,0.6929,0.960,284.875,0.008,285.843,1
882d070b-cd8a-49e9-a75f-3cdc845b4082.jpg,fist,fist,1.0000,0.960,284.875,0.008,285.843,1
4ad57637-875c-4f85-b246-0f76b1e9cf9e.jpg,palm,palm,0.9926,0.960,284.875,0.008,285.843,1
c5dddfcd-755d-4bff-a801-ba835eb815f1.jpg,palm,palm,1.0000,0.960,284.875,0.008,285.843,1
ce1972eb-a7a0-4b0b-b555-df9be43aa938.jpg,others,others,0.8502,0.960,284.875,0.008,285.843,1
03e4185b-bb84-4e9a-be1d-5f6e4a1a2e14.jpg,fist,fist,0.9977,0.960,284.875,0.008,285.843,1
b79d1beb-5a53-401f-b5be-48ceaf691fc7.jpg,pinkie,pinkie,1.0000,0.960,284.875,0.008,285.843,1
391457f5-8d54-4f3f-9085-0668ef25d5a1.jpg,others,others,0.9782,0.960,284.875,0.008,285.843,1
accd1fd9-2e26-4dfa-bcd4-99f7510cdade.jpg,pinkie,pinkie,1.0000,0.960,284.874,0.008,285.843,1
f3ed0b7f-4962-4dd1-8c9d-66515c5d54ba.jpg,pinkie,pinkie,0.9988,0.960,284.875,0.008,285.843,1
524526db-8a3d-4306-99a5-e5c0c3d645a9.jpg,rock,rock,0.9997,0.960,284.875,0.008,285.843,1
364f3bd0-c225-474e-a93b-a39e32268cea.jpg,palm,palm,1.0000,0.960,284.874,0.008,285.842,1
db90d307-61b8-4bac-92ee-c1a6c8ad8125.jpg,one,one,0.7067,0.960,284.874,0.008,285.842,1
2d3d3f00-5d9c-407e-8ee6-b51d10ff8dc6.jpg,rock,rock,1.0000,0.960,284.875,0.008,285.843,1
597c1f31-3a59-4ec9-9139-dafc7d7155b2.jpg,palm,palm,1.0000,0.960,284.874,0.008,285.843,1
a3051f4b-ddd3-4215-93cd-67eed36f1663.jpg,pinkie,pinkie,0.9417,0.960,284.874,0.008,285.843,1
e95ec0e5-e7ec-46d1-ae7b-c3652dd40d5e.jpg,fist,fist,1.0000,0.960,284.874,0.008,285.843,1
d4d3812e-98d2-496e-b982-c28f7e461ef7.jpg,fist,fist,1.0000,0.960,284.874,0.008,285.842,1
ed9563e3-d57b-4e7c-98b5-31f29d58ea04.jpg,palm,palm,1.0000,0.960,284.875,0.008,285.843,1
5be0b4b7-133b-4385-b8e0-cbe6c899d90a.jpg,fist,fist,0.9940,0.960,284.875,0.008,285.843,1
1c32415b-8ed8-4cb2-81dd-fce04763b03f.jpg,palm,palm,0.9999,0.960,284.874,0.008,285.842,1
6bdbf697-812a-4b49-9ab4-c43b02d24080.jpg,palm,palm,1.0000,0.960,284.875,0.008,285.843,1
978b059f-4a02-4dda-902e-eaceb44b421d.jpg,others,others,0.9874,0.960,284.874,0.008,285.842,1
50794ef4-465c-4b37-a7b1-9d61eedade54.jpg,palm,palm,1.0000,0.960,284.874,0.008,285.843,1
a92f2c21-b353-42be-b3f1-ffd48116a1ae.jpg,pinkie,pinkie,0.9629,0.960,284.875,0.008,285.843,1
5a43257f-4585-44ac-9157-3aa0285f5837.jpg,palm,palm,0.9931,0.960,284.875,0.008,285.843,1
589e754b-ba79-47d8-8ccf-a30ae6d248b2.jpg,pinkie,pinkie,0.9855,0.960,284.875,0.008,285.843,1
011346c4-3141-436b-be8d-2eca66fa76cc.jpg,palm,palm,1.0000,0.960,284.875,0.008,285.843,1
ad6abbf8-ec2d-4efb-8ce7-866b9e7797e7.jpg,others,others,0.9490,0.960,284.875,0.008,285.843,1
234953e8-3c43-493a-b6e0-8864464c1c15.jpg,others,others,0.9894,0.960,284.874,0.008,285.843,1
7fd805d2-3b77-419a-9110-a8fac2e85ab9.jpg,pinkie,pinkie,0.7444,0.960,284.874,0.008,285.842,1
68379866-28cc-4cce-a3be-3ad5463d9598.jpg,others,others,0.8216,0.960,284.874,0.008,285.843,1
d5d0cdad-6079-4e5e-817f-8ca280adafff.jpg,palm,palm,0.9973,0.960,284.874,0.008,285.843,1
53b827da-1fa4-4990-9154-b5b1936835ca.jpg,pinkie,pinkie,0.9998,0.960,284.875,0.008,285.843,1
bd161a21-535c-40f0-8426-3f1d01c209a9.jpg,others,others,0.4119,0.960,284.874,0.008,285.842,1
f9775ad2-563d-4d3f-b53c-388008817dd6.jpg,pinkie,pinkie,0.9881,0.960,284.874,0.008,285.842,1
eb788116-d930-4ee3-9d30-36386e3231de.jpg,palm,palm,0.9997,0.960,284.874,0.008,285.842,1
5fe0a245-2a1a-458f-8711-044a577b851b.jpg,palm,palm,0.9955,0.960,284.875,0.008,285.843,1
a7371e94-b391-41f4-9dd4-f09d1336964c.jpg,palm,palm,0.9961,0.960,284.874,0.008,285.843,1
cef64872-774b-45ff-8bb8-aa40a43db095.jpg,fist,fist,0.9997,0.960,284.875,0.008,285.843,1
c81d059e-d168-423e-86d7-952f6f9b6655.jpg,fist,fist,1.0000,0.960,284.875,0.008,285.843,1
40a7c09d-6588-4a13-b875-dd0f572de358.jpg,one,one,0.7051,0.960,284.875,0.008,285.843,1
fe156381-fca3-4795-8d4b-ffc58a7bf8d3.jpg,fist,fist,1.0000,0.960,284.875,0.008,285.843,1
abc04d9b-612f-445c-a3bf-74efc9203744.jpg,others,others,0.9231,0.960,284.874,0.008,285.843,1
e7490240-deb2-49d8-8202-e17610442f3a.jpg,one,one,0.9473,0.960,284.874,0.008,285.843,1
43eb6ecc-166d-4a76-97e2-9e2cbce2d535.jpg,others,others,0.6575,0.960,284.874,0.008,285.842,1
d61d9e51-a9e6-4981-9508-b69ced4ab33d.jpg,palm,palm,0.9970,0.960,284.875,0.008,285.843,1
20506c87-acdf-481b-b8a9-11cfe600136e.jpg,one,one,0.9998,0.960,284.874,0.008,285.843,1
743012f1-62ba-4196-9a62-3da2c5cb5490.jpg,others,others,0.9086,0.960,284.875,0.008,285.843,1
6b3567cf-807b-4bba-b93f-eaf7e42ea117.jpg,palm,palm,1.0000,0.960,284.874,0.008,285.843,1
7bdfd81e-0b11-49af-8e53-ada3f7c510b2.jpg,others,others,0.7923,0.960,284.874,0.008,285.842,1
b6f6ef65-eeb7-4045-87aa-192d94b9ee5c.jpg,others,fist,0.5855,0.960,284.875,0.008,285.843,0
65e05695-4d41-46b6-85bf-ea667174e9a6.jpg,others,others,0.7766,0.960,284.874,0.008,285.843,1
1bc51f54-16d5-4e03-923c-805e1294847c.jpg,one,one,0.9631,0.960,284.874,0.008,285.842,1
59c1abd6-fc90-4b60-8084-daa2c3e28ead.jpg,fist,fist,1.0000,0.960,284.875,0.008,285.843,1
8e94a873-f343-4e57-a0d5-754f357ed805.jpg,palm,palm,1.0000,0.960,284.875,0.008,285.843,1
38e3b2a8-5a1c-47e2-b4fa-aea3bf8bfd38.jpg,one,one,0.9996,0.960,284.874,0.008,285.842,1
32c6ba21-0aab-4fbb-a05c-6d56d3d96558.jpg,rock,rock,0.9999,0.960,284.874,0.008,285.842,1
ca76cd21-d625-4543-a0d0-4c3ce12879c3.jpg,rock,rock,1.0000,0.960,284.874,0.008,285.842,1
fa251e26-ef1a-479c-9f43-54041e728186.jpg,palm,palm,0.9998,0.960,284.875,0.008,285.843,1
adb89b31-2385-408c-8351-f03846352497.jpg,one,one,0.9999,0.960,284.874,0.008,285.842,1
14a5e9ac-180b-4ba5-9051-970690d9b02a.jpg,pinkie,pinkie,0.9804,0.960,284.874,0.008,285.842,1
97472ca2-83f5-4545-9ba7-c520dfdf6e8f.jpg,one,one,0.9959,0.960,284.875,0.008,285.843,1
32060405-7411-4184-a9e7-2b43e2654432.jpg,others,others,0.9995,0.960,284.874,0.008,285.842,1
bb63a7f2-962a-4860-a561-9ffcab49972a.jpg,pinkie,pinkie,0.9985,0.960,284.874,0.008,285.842,1
9b5b54b0-272b-4f25-a8f7-e169f0c89e2d.jpg,palm,palm,1.0000,0.960,284.874,0.008,285.843,1
834b8432-8691-4d63-8f5d-63fe90cfe1c5.jpg,others,others,0.9829,0.960,284.874,0.008,285.843,1
58542aea-1720-4017-833f-55caf3a2b5d6.jpg,fist,fist,0.9969,0.960,284.875,0.008,285.843,1
247d4229-bd39-42a2-b1b2-96c093732188.jpg,pinkie,pinkie,1.0000,0.960,284.875,0.008,285.843,1
c5276ccf-9b17-4fa5-b68c-bb97847b54a6.jpg,one,one,0.8183,0.960,284.874,0.008,285.842,1
bbc399a3-ac66-4b1c-97bb-cc7e31032181.jpg,others,others,0.9055,0.960,284.874,0.008,285.842,1
0deb2b12-02a2-402e-aa2f-9e844a07adbf.jpg,rock,rock,1.0000,0.960,284.875,0.008,285.843,1
382247d5-bc8c-4022-ac11-7f70b1acb8f7.jpg,rock,rock,0.9959,0.960,284.874,0.008,285.842,1
fef3f009-f74a-426f-9bb9-05cbcc014f82.jpg,palm,palm,0.9630,0.960,284.874,0.008,285.843,1
3f398997-fb27-4a99-9d6c-7f908a6052a5.jpg,one,one,1.0000,0.960,284.874,0.008,285.843,1
05ffda3f-1f66-43fd-a328-79ee439e4ca1.jpg,others,others,0.9664,0.960,284.874,0.008,285.842,1
8e652ba6-5f56-4da7-bbc0-7054db3a8e3e.jpg,pinkie,pinkie,0.9999,0.960,284.875,0.008,285.843,1
fa764b62-beed-4be7-ab20-7f8a93385b3e.jpg,rock,rock,0.5278,0.960,284.874,0.008,285.843,1
ad14ab8b-08dd-431d-a661-34fb7a708940.jpg,one,one,0.9658,0.960,284.875,0.008,285.843,1
c6f7b5bb-a136-4e14-9e40-ae95132eafdc.jpg,others,one,0.8047,0.960,284.874,0.008,285.843,0
933e7138-326e-486b-b3a5-a0ab866f91cd.jpg,one,one,0.9997,0.960,284.874,0.008,285.842,1
646cc724-eddc-4ba2-8fd6-0d235e07f507.jpg,palm,palm,0.9994,0.960,284.875,0.008,285.843,1
5b4d890f-1afe-48bf-9e29-69c87251d621.jpg,rock,rock,0.8586,0.960,284.874,0.008,285.843,1
2494f6ec-9fcb-4a2b-b6a2-d3d20d3af0ae.jpg,pinkie,pinkie,0.9953,0.960,284.874,0.008,285.842,1
4ffdcedf-5928-4917-aeb7-c90902ec3866.jpg,pinkie,pinkie,1.0000,0.960,284.874,0.008,285.843,1
dd20ae4b-e99c-486f-a40f-9dffca151a08.jpg,others,others,0.9998,0.960,284.874,0.008,285.842,1
dbcefdbe-2467-4507-b71b-a51f6bb9f5fe.jpg,rock,rock,0.9937,0.960,284.874,0.008,285.842,1
555034da-fd4e-49e5-9df7-71095147c895.jpg,pinkie,pinkie,1.0000,0.960,284.875,0.008,285.843,1
576dc77c-c36c-4f00-aa67-7b743b9788c1.jpg,others,others,0.9095,0.960,284.874,0.008,285.843,1
f9467fe3-9aa9-434a-ad65-bdabfd6f5250.jpg,pinkie,pinkie,0.7546,0.960,284.874,0.008,285.842,1
9f1ec48b-17af-4499-b065-9cb9a28ba896.jpg,rock,rock,0.9999,0.960,284.875,0.008,285.843,1
572f69b6-ade0-44aa-96d4-0eca5acebce3.jpg,fist,fist,1.0000,0.960,284.875,0.008,285.843,1
200d82f6-de13-4c18-a98a-c5512d9fa958.jpg,pinkie,others,0.6431,0.960,284.874,0.008,285.843,0
ee841d0a-d48a-41ef-8f3b-0268705985dc.jpg,one,one,0.9814,0.960,284.875,0.008,285.843,1
0cbfc998-6f22-4f23-97ed-eff0de752d06.jpg,one,one,0.9977,0.960,284.875,0.008,285.843,1
25f1ec3d-bf92-4f8d-8b99-db4d818c16fc.jpg,fist,fist,1.0000,0.960,284.875,0.008,285.843,1
6a4fea19-1433-43e4-addf-b673f3e33f6e.jpg,fist,fist,1.0000,0.960,284.875,0.008,285.843,1
d7644e7a-7851-4dbd-81a5-0adc5e2cfb08.jpg,one,one,0.8394,0.960,284.874,0.008,285.842,1
03185048-a9c3-4535-b118-58e8a491c122.jpg,rock,rock,1.0000,0.960,284.874,0.008,285.843,1
c4a74455-4be1-43ac-b52b-8b179099a88e.jpg,palm,palm,1.0000,0.960,284.875,0.008,285.843,1
eba1e803-b53b-4084-b1d5-8ee96373201f.jpg,palm,others,0.5992,0.960,284.875,0.008,285.843,0
edf53371-1581-478f-aee9-3163b900767c.jpg,others,others,0.8520,0.960,284.874,0.008,285.843,1
db3a1a27-dcf7-4a7e-a760-033a33ceb6eb.jpg,palm,palm,1.0000,0.960,284.874,0.008,285.843,1
235b9448-c5e0-4856-89e4-b0e61be2b647.jpg,others,others,0.5934,0.960,284.874,0.008,285.842,1
41defa05-b9ad-411c-bdc4-b5e9be1affd4.jpg,others,others,0.9337,0.960,284.874,0.008,285.843,1
bc3a8377-5bd7-46e6-97cc-486b17c89572.jpg,fist,fist,1.0000,0.960,284.875,0.008,285.843,1
e4e6c95f-7053-4928-aa14-6d708830d776.jpg,pinkie,pinkie,1.0000,0.960,284.875,0.008,285.843,1
a89f535d-f49b-460f-936b-0085a1006a36.jpg,rock,rock,0.9998,0.960,284.874,0.008,285.842,1
c025e2a4-e640-4448-ac8d-7c2537457d85.jpg,pinkie,one,0.7568,0.960,284.874,0.008,285.842,0
1678c446-e208-49e2-b1df-9be64069e3d6.jpg,fist,fist,0.9997,0.960,284.875,0.008,285.843,1
489ecb48-062c-4f1a-a9a1-e712f9ffd8ed.jpg,pinkie,pinkie,0.6664,0.960,284.875,0.008,285.843,1
59a3b176-782e-4cbf-841d-112adeb50a65.jpg,palm,palm,0.9511,0.960,284.875,0.008,285.843,1
d5ad3644-2038-4c2c-9e93-c72d8983b793.jpg,rock,rock,0.9682,0.960,284.875,0.008,285.843,1
38f63fb1-b101-4bda-93fd-eec2e87cbb37.jpg,fist,fist,0.9576,0.960,284.874,0.008,285.843,1
d9325611-5acf-4944-a092-97cb34baa5c2.jpg,pinkie,pinkie,0.8438,0.960,284.875,0.008,285.843,1
c68ac6bb-7420-4b71-82d5-c278e2333bde.jpg,pinkie,pinkie,1.0000,0.960,284.875,0.008,285.843,1
dde829b7-f925-4480-87e6-202a9abf0395.jpg,others,others,0.9533,0.960,284.874,0.008,285.843,1
dd3e1954-e6a0-4f54-ba46-23a5089b510e.jpg,one,one,1.0000,0.960,284.874,0.008,285.843,1
c42a21eb-d272-4fdf-b319-b35019d52f5f.jpg,palm,palm,1.0000,0.960,284.875,0.008,285.843,1
3675fd1e-d94f-4720-8614-17e09ecc8da1.jpg,one,one,0.8660,0.960,284.874,0.008,285.842,1
c946fe19-ef91-4c2d-89bc-a1a0bf5a492f.jpg,rock,rock,1.0000,0.960,284.874,0.008,285.843,1
6ddfa3ba-67fc-4823-9941-98f1ab25554a.jpg,palm,palm,0.9997,0.960,284.874,0.008,285.842,1
abec5ff5-55ad-456e-a5f5-0dd51f4813bc.jpg,palm,palm,0.9999,0.960,284.874,0.008,285.843,1
3b57456c-c96d-46bf-bcfc-6e8efd992d57.jpg,fist,fist,1.0000,0.960,284.875,0.008,285.843,1
04e9f6f1-2e39-4033-8430-74dc8c19f568.jpg,palm,palm,0.9421,0.960,284.874,0.008,285.842,1
fcb9bfe5-ce55-4e87-87c0-0263134e2286.jpg,others,others,0.9791,0.960,284.874,0.008,285.843,1
246e1382-e1e2-4533-8c26-6605ad229aa1.jpg,others,others,0.9881,0.960,284.874,0.008,285.842,1
40a70651-a399-4d1a-add4-9dce9506e5f6.jpg,one,one,0.9888,0.960,284.874,0.008,285.843,1
5ca3269b-6b3e-458a-9a00-80619c94f7d7.jpg,pinkie,pinkie,0.9994,0.960,284.875,0.008,285.843,1
fc065cca-127a-4db3-bd08-14bad796ace5.jpg,others,others,0.8328,0.960,284.875,0.008,285.843,1
507540fa-ebf3-4cad-9434-2f7633ab3598.jpg,others,others,0.7039,0.960,284.874,0.008,285.842,1
2d28417c-1006-476f-9d6c-5b3cb65684ad.jpg,one,rock,0.8718,0.960,284.874,0.008,285.842,0
6d548806-e1a8-4146-9b6f-d9856563e9f7.jpg,palm,palm,1.0000,0.960,284.874,0.008,285.843,1
abb6b796-0499-4cad-a3d0-ecde2523089f.jpg,others,one,0.6045,0.960,284.874,0.008,285.843,0
cdb45f07-9805-421d-a89e-c3609f39b5df.jpg,fist,fist,1.0000,0.960,284.875,0.008,285.843,1
161b95bb-01fc-405f-9646-049babed69e0.jpg,fist,fist,0.9999,0.960,284.874,0.008,285.843,1
51edf726-b6aa-41ee-b7fe-9743d2a49c74.jpg,fist,fist,1.0000,0.960,284.875,0.008,285.843,1
1f324dd4-932e-4544-b2a7-16499b5c82d3.jpg,rock,rock,0.9997,0.960,284.875,0.008,285.843,1
335a959a-4341-439f-ad67-2a0107d98d88.jpg,palm,palm,0.9776,0.960,284.874,0.008,285.843,1
dac5886b-05bd-4d79-a2f7-e415bf6ed651.jpg,rock,one,0.4792,0.960,284.875,0.008,285.843,0
030b87de-bcc6-403b-b471-3e828ec20b67.jpg,palm,palm,0.6316,0.960,284.874,0.008,285.842,1
6dad4a7f-1532-4541-9a57-c1f9a9350793.jpg,pinkie,pinkie,0.9988,0.960,284.875,0.008,285.843,1
3ad751ab-ee80-4417-8579-bb367ed8bb34.jpg,fist,fist,0.9856,0.960,284.875,0.008,285.843,1
45eb631d-6f0d-4433-8a3d-f55bbb489b6a.jpg,rock,rock,0.9753,0.960,284.874,0.008,285.842,1
31979f4c-d866-4bea-aee3-0fc4de74c52b.jpg,fist,fist,0.9993,0.960,284.874,0.008,285.842,1
c11bfe10-0754-47c5-a120-ad0879fe5190.jpg,fist,fist,0.9998,0.960,284.875,0.008,285.843,1
a69d3ee2-818f-4cae-8c5f-9195a423d76e.jpg,others,others,0.9746,0.960,284.874,0.008,285.842,1
493a5ba4-8771-42ad-8869-5b4169f62a01.jpg,pinkie,pinkie,0.9998,0.960,284.874,0.008,285.843,1
c84c1b5f-0436-437c-b5d4-eae5e5ab6b92.jpg,pinkie,pinkie,0.9641,0.960,284.874,0.008,285.842,1
dc811d9e-9ee1-4c1a-ac24-7c6e6c212236.jpg,rock,one,0.6349,0.960,284.874,0.008,285.843,0
884d7790-849e-45e8-b68f-b324dbb34efd.jpg,pinkie,pinkie,0.5135,0.960,284.874,0.008,285.842,1
ad3f4423-4237-4009-b219-cd999c140162.jpg,rock,rock,0.9992,0.960,284.874,0.008,285.842,1
5253ae95-8d2a-4e47-8c71-650cb26356b2.jpg,fist,fist,1.0000,0.960,284.874,0.008,285.842,1
6a251ab9-1185-4524-a966-55ae9ec5896e.jpg,rock,pinkie,0.7269,0.960,284.875,0.008,285.843,0
9742b75c-2369-42f9-97fd-b13681995bac.jpg,others,rock,0.3746,0.960,284.875,0.008,285.843,0
de2292aa-98af-45d8-8e28-d3c5bef25982.jpg,rock,rock,0.7757,0.960,284.874,0.008,285.843,1
671f3b0d-81ca-42ff-8032-dcad64af47b4.jpg,pinkie,pinkie,0.9988,0.960,284.875,0.008,285.843,1
b1374882-4675-4781-8195-8399bc8b8e4b.jpg,rock,rock,0.7435,0.960,284.874,0.008,285.843,1
8b6beaa7-925b-4aae-9f5c-38e9c4c068d2.jpg,one,one,0.9876,0.960,284.875,0.008,285.843,1
47ead859-6996-4cff-a964-ee3a026b9d72.jpg,rock,rock,0.7418,0.960,284.875,0.008,285.843,1
44a58d2e-0155-49f4-93f7-f7a53e818455.jpg,palm,palm,0.9989,0.960,284.875,0.008,285.843,1
238d60d2-4712-4811-af0d-8cf8272cb81d.jpg,one,one,1.0000,0.960,284.875,0.008,285.843,1
f17c24a6-c2ca-4447-bd53-57b926d09dc2.jpg,rock,rock,0.9634,0.960,284.875,0.008,285.843,1
37c37e84-0336-4c85-b103-42856c323605.jpg,rock,rock,1.0000,0.960,284.875,0.008,285.843,1
115fcb1d-2077-4cd1-8f42-b374617d2275.jpg,rock,rock,0.9999,0.960,284.874,0.008,285.843,1
a4501e04-a7db-4b95-8f0c-9a9174432e91.jpg,fist,fist,0.8822,0.960,284.874,0.008,285.842,1
dccd9f94-031c-4371-ab1c-20f2c72e126f.jpg,rock,rock,1.0000,0.960,284.875,0.008,285.843,1
ee0c6e76-f167-476c-a485-ced5a769464b.jpg,palm,palm,0.9869,0.960,284.874,0.008,285.842,1
e30a8735-6801-41e1-bf37-8661599acb85.jpg,palm,palm,0.8434,0.960,284.874,0.008,285.843,1
e469cfd8-7328-4028-8db4-6e94e44f19b8.jpg,others,others,0.9375,0.960,284.875,0.008,285.843,1
abf37da3-f863-43b8-8386-5b940a1207ed.jpg,rock,rock,1.0000,0.960,284.875,0.008,285.843,1
e285bd09-5372-4847-92c1-4f218442a89f.jpg,palm,palm,1.0000,0.960,284.875,0.008,285.843,1
d14d570e-4b55-4729-aaf8-158302718a5a.jpg,palm,palm,0.9965,0.960,284.874,0.008,285.842,1
750bd4bd-e401-4e05-b4c4-2e67a2b11bb8.jpg,pinkie,pinkie,1.0000,0.960,284.876,0.008,285.844,1
75ccd47a-d92f-42de-a6f0-1e7c71f98cdb.jpg,fist,fist,0.9963,0.960,284.875,0.008,285.843,1
3119b619-bd24-4985-b2aa-16d86ef7217f.jpg,rock,rock,1.0000,0.960,284.875,0.008,285.843,1
57392320-393e-4b99-8cfb-ff5d9c151873.jpg,pinkie,pinkie,0.9991,0.960,284.874,0.008,285.843,1
31160c61-833d-4f1e-8a54-53387d94dad3.jpg,pinkie,pinkie,0.9898,0.960,284.875,0.008,285.843,1
a2d72c6b-6821-4eb9-8ab5-119b0f7df637.jpg,palm,palm,0.9987,0.960,284.875,0.008,285.843,1
4d615e66-2c93-43eb-bbff-70df465264a8.jpg,rock,rock,0.9813,0.960,284.874,0.008,285.843,1
908712b3-eaac-4f92-8398-c6099b18f8d5.jpg,others,others,0.9811,0.960,284.874,0.008,285.843,1
5d8567d5-da65-463c-9552-0c253f759289.jpg,rock,rock,0.4814,0.960,284.875,0.008,285.843,1
7265bc66-d006-4715-80cc-839566cc0343.jpg,others,others,0.7777,0.960,284.874,0.008,285.842,1
9cab6c31-276f-48ad-8d76-2d8921a97b8e.jpg,one,rock,0.3713,0.960,284.875,0.008,285.842,0
e5bbed91-3c8f-44ae-b818-fa0412d30bd9.jpg,fist,fist,0.4303,0.960,284.875,0.008,285.843,1
69f0079f-4dc4-4fed-b7ff-7c5fb725eb9c.jpg,rock,rock,0.9987,0.960,284.874,0.008,285.843,1
3a681c4b-c4f5-4343-b106-f6c16664ee57.jpg,rock,rock,0.3707,0.960,284.875,0.008,285.843,1
80f174ca-019f-4d4c-9766-34264dd9cb02.jpg,palm,palm,0.9966,0.960,284.874,0.008,285.843,1
7a2eabf3-6f0b-4eab-aa14-891b5fddc2fe.jpg,palm,palm,0.8621,0.960,284.874,0.008,285.843,1
0d48f7a1-618f-4889-9777-0567407ffb2d.jpg,palm,palm,0.9985,0.960,284.875,0.008,285.843,1
234c4875-8728-4dd7-be8c-64a19dfe58b1.jpg,fist,fist,1.0000,0.960,284.874,0.008,285.843,1
0dad08f1-409e-4c8d-a56e-1390acb83a26.jpg,rock,rock,0.9999,0.960,284.874,0.008,285.843,1
66a9692b-cf19-4189-9ef6-866cddc11c6b.jpg,rock,rock,0.8445,0.960,284.874,0.008,285.842,1
6d268fd1-207e-4d6c-9897-2ed4e30f0a0e.jpg,palm,palm,0.4519,0.960,284.875,0.008,285.843,1
fe3add75-8510-49ea-9dc6-26fd030a5064.jpg,pinkie,others,0.7307,0.960,284.874,0.008,285.843,0
74040da5-d862-47ea-a20f-1cc52b74be87.jpg,pinkie,pinkie,0.9632,0.960,284.874,0.008,285.843,1
bd9195d8-b7a4-4eb2-abf0-2a02c7ca1176.jpg,rock,rock,1.0000,0.960,284.874,0.008,285.843,1
db6cde87-8908-41cc-8271-8209998fe475.jpg,pinkie,pinkie,1.0000,0.960,284.875,0.008,285.843,1
6b536152-c6bf-4ebe-b5f4-2517f7bcd69f.jpg,one,one,0.9147,0.960,284.875,0.008,285.843,1
739ca582-777f-4839-a714-645390f9faaf.jpg,pinkie,pinkie,0.5433,0.960,284.874,0.008,285.842,1
05525e51-4eb6-4dd4-8f6f-9a97104ef499.jpg,one,one,0.9965,0.960,284.875,0.008,285.843,1
7ad8f1ee-f9c3-4e37-9682-d74b48e165da.jpg,rock,rock,0.9223,0.960,284.875,0.008,285.843,1
5b30ebfd-d335-4d16-8b89-4a63bde7aa72.jpg,others,others,0.9870,0.960,284.875,0.008,285.843,1
6641afff-cd83-4e5e-899d-cc424faaa7c1.jpg,palm,palm,1.0000,0.960,284.874,0.008,285.843,1
660c02d1-a560-4095-939d-79650f5dfdc6.jpg,one,one,0.9967,0.960,284.875,0.008,285.843,1
9390e5d7-efec-4aa5-b006-733e6f5be977.jpg,rock,pinkie,0.8141,0.960,284.874,0.008,285.842,0
6c55f28f-581f-45f1-b155-cd230d046c59.jpg,fist,fist,0.9956,0.960,284.875,0.008,285.843,1
222ad33a-9af0-465f-8b9d-95332dfd539d.jpg,palm,palm,1.0000,0.960,284.874,0.008,285.843,1
9af96430-9213-47b0-a3fe-e7d889838758.jpg,pinkie,pinkie,0.9983,0.960,284.874,0.008,285.843,1
bb0cb329-cebf-4bfc-b935-ed0c4410ae8c.jpg,one,one,1.0000,0.960,284.875,0.008,285.843,1
a8504459-125b-482b-b050-0d43a561b7e1.jpg,palm,palm,0.9991,0.960,284.874,0.008,285.843,1
b09f61c1-2add-4e2f-b3b8-3031b2a027e1.jpg,palm,palm,0.9999,0.960,284.874,0.008,285.842,1
09718b51-2435-4757-b98d-dbd3f2b87c87.jpg,fist,fist,0.9997,0.960,284.874,0.008,285.843,1
20a44c27-ac25-4822-b854-38cc6fc5a310.jpg,one,one,0.4499,0.960,284.874,0.007,285.842,1
3ad0fcc9-e943-4e66-8f00-aa2380af64e2.jpg,one,one,0.9971,0.960,284.874,0.008,285.843,1
4e2db91b-d5c5-4477-8fbd-db042879057f.jpg,palm,palm,1.0000,0.960,284.874,0.008,285.843,1
8ce66961-2f51-472a-8272-fabc621f6383.jpg,fist,fist,1.0000,0.960,284.875,0.008,285.843,1
d322409c-aa4b-4bc7-84b6-0b863aebcbd8.jpg,others,pinkie,0.4274,0.960,284.874,0.008,285.842,0
3768c4e9-9baf-45fb-aeff-bf39ffd3b2ce.jpg,rock,rock,0.9022,0.960,284.875,0.008,285.843,1
c1d90b1b-d408-46b9-bd31-7caf3667a11e.jpg,palm,palm,1.0000,0.960,284.874,0.008,285.842,1
05f97cc8-530b-4e3d-abb0-7442f0d4f633.jpg,palm,palm,1.0000,0.960,284.875,0.008,285.843,1
52a7e328-17c8-47da-a6f0-4be89e947bb6.jpg,one,one,0.9680,0.960,284.875,0.008,285.843,1
471f3e4c-a941-4c0c-85dc-3d693b4f3a5f.jpg,pinkie,pinkie,0.9998,0.960,284.874,0.008,285.842,1
df62b6fd-e140-4591-b5b5-5508efe458ca.jpg,others,others,0.9482,0.960,284.874,0.008,285.842,1
83146f69-a378-406a-a484-afd335d6a2a7.jpg,pinkie,pinkie,1.0000,0.960,284.875,0.008,285.843,1
d658ab24-9da2-47ec-a111-ddd94a5b0d71.jpg,pinkie,pinkie,0.9999,0.960,284.874,0.008,285.843,1
4692be09-c10b-4061-a7fa-b83f7a0fe990.jpg,one,one,0.9781,0.960,284.875,0.008,285.843,1
bcb269e8-22bd-448b-922a-504043ad2099.jpg,fist,fist,1.0000,0.960,284.874,0.008,285.843,1
64437d52-899d-4065-b5f5-83ff50ecf85d.jpg,others,others,0.9409,0.960,284.874,0.008,285.842,1
d4c2fae2-b5f6-434f-be2f-28ff04fe647e.jpg,palm,palm,1.0000,0.960,284.874,0.008,285.842,1
ea1a85a0-f8fc-4ac9-a241-cbed0d9d881e.jpg,others,others,0.5541,0.960,284.875,0.008,285.843,1
d5e5c14a-ddcb-40ee-88d4-1bd133673a41.jpg,rock,rock,0.8246,0.960,284.874,0.008,285.842,1
b061c847-25ae-4057-91d9-432dbbe525a2.jpg,pinkie,pinkie,0.6099,0.960,284.875,0.008,285.843,1
e17cfb33-17c8-4214-a639-f9237a1966b9.jpg,palm,palm,0.9996,0.960,284.875,0.008,285.843,1
25b2f566-a1e3-443f-9e50-190fb57b61d5.jpg,one,one,1.0000,0.960,284.875,0.008,285.843,1
d1313b4a-4a9d-4b1b-a996-c8f2b2d0a721.jpg,others,others,0.9466,0.960,284.874,0.008,285.842,1
153e8350-807d-47a4-8d7d-06da1b7e396b.jpg,others,others,0.9044,0.960,284.874,0.008,285.843,1
10b1262a-1229-4c04-9aab-62b4e9f6291b.jpg,others,others,0.9421,0.960,284.875,0.008,285.843,1
e7409b56-e5d5-4cc1-a28a-783631b0b5a2.jpg,one,one,0.9547,0.960,284.875,0.008,285.843,1
15dcb1e2-ec65-486e-89df-fdad4fc14473.jpg,rock,rock,1.0000,0.960,284.875,0.008,285.843,1
92e8ea57-67bb-4847-aa87-5eac9518bd17.jpg,fist,fist,0.9995,0.960,284.875,0.008,285.843,1
de903d98-cdd9-4bac-8580-b3e4ba37562e.jpg,fist,fist,0.9907,0.960,284.875,0.008,285.843,1
3ae9597c-8a9c-408d-b829-ffaac959d780.jpg,palm,palm,0.9895,0.960,284.875,0.008,285.843,1
318056fc-6c47-4d8d-b3b1-266dc8615389.jpg,one,one,0.9834,0.960,284.875,0.008,285.843,1
1782decf-e767-4575-b206-3abaa534b511.jpg,fist,fist,0.9993,0.960,284.874,0.008,285.842,1
b2498e7b-ed2e-495e-8400-fc676af2f09b.jpg,pinkie,pinkie,1.0000,0.960,284.875,0.008,285.843,1
4b940b17-c2c2-434b-bb24-2c566e3f9c54.jpg,fist,fist,0.9988,0.960,284.874,0.008,285.843,1
734a8d1a-89cb-40db-8541-aec814ba4574.jpg,rock,rock,0.9976,0.960,284.875,0.008,285.844,1
61bf96e5-c77d-43a5-8cb4-6aff5e15ff76.jpg,others,others,0.9861,0.960,284.874,0.008,285.842,1
864aa488-3c9b-4e5b-beec-4e6ccd8b70e3.jpg,one,one,0.9813,0.960,284.875,0.008,285.844,1
2a7cc519-cc0c-484b-a3ad-d018e1e982fd.jpg,fist,fist,0.9999,0.960,284.874,0.008,285.843,1
0bebc412-1190-4603-b956-5311d9777391.jpg,fist,fist,1.0000,0.960,284.875,0.008,285.843,1
b18b42db-3d8d-48e8-b95e-5b5b2d416277.jpg,one,one,1.0000,0.960,284.875,0.008,285.843,1
1c332dda-5722-4561-9665-6eb308227739.jpg,others,fist,0.5180,0.960,284.875,0.008,285.843,0
7c8fde13-1ed4-4555-8bd2-803348c0e1f2.jpg,fist,fist,1.0000,0.960,284.875,0.008,285.843,1
0bd92dc8-df89-482b-bb78-a53c8622e5bf.jpg,palm,palm,1.0000,0.960,284.874,0.008,285.843,1
1aca7143-9670-49f0-ba79-c52c97f3c7b5.jpg,fist,fist,1.0000,0.960,284.874,0.008,285.843,1
3c400a9f-0cef-4c59-aaa6-c68b2bf5ddfb.jpg,palm,palm,0.9993,0.960,284.874,0.008,285.842,1
012c9a13-a807-45fd-8db6-042c085b22d6.jpg,fist,fist,1.0000,0.960,284.874,0.008,285.842,1
c7ef47bb-c496-48d2-91c0-5dab29adc46b.jpg,fist,fist,0.9958,0.960,284.875,0.008,285.843,1
b353ab7a-b600-4d4e-82f0-03f78c0285ff.jpg,one,one,0.9992,0.960,284.874,0.008,285.843,1
e99be750-fe21-4fea-b5af-cc03317b1db8.jpg,pinkie,pinkie,0.9771,0.960,284.875,0.008,285.843,1
8b2ed549-2c33-4444-8463-847c60b206c5.jpg,rock,rock,0.9170,0.960,284.875,0.008,285.843,1
360d887f-ae44-4176-9590-0ba169b963c3.jpg,rock,rock,0.9931,0.960,284.875,0.008,285.843,1
b62e369f-ddd1-4323-8ebd-dcf7028cbd92.jpg,pinkie,pinkie,1.0000,0.960,284.874,0.008,285.842,1
f834f1cb-5ec9-4ff4-9ccf-1ba22339f644.jpg,rock,rock,0.9999,0.960,284.875,0.008,285.843,1
f5302870-6c41-4bdf-a1e7-9d669cbe6e3f.jpg,others,others,0.9481,0.960,284.874,0.008,285.842,1
1dd53c13-79f9-4c28-9b34-32cac0e7b187.jpg,pinkie,pinkie,1.0000,0.960,284.874,0.008,285.843,1
812d1c9c-1d52-4d4b-a862-12105637acb3.jpg,one,one,0.9998,0.960,284.875,0.008,285.843,1
986c5a23-0bc1-4525-9f6f-8ccaf9456a4c.jpg,pinkie,pinkie,0.9991,0.960,284.875,0.008,285.843,1
daa29311-1e67-491b-b74f-8d8447bc3d33.jpg,pinkie,pinkie,0.9999,0.960,284.874,0.008,285.842,1
8ac24bac-9030-48e2-b241-3d008e9566b4.jpg,fist,fist,0.9539,0.960,284.874,0.008,285.842,1
e918207f-9db5-4558-95aa-78473191b7b9.jpg,rock,pinkie,0.6288,0.960,284.874,0.008,285.842,0
8b74a343-8f2c-441a-a1d8-ff86eb742e0c.jpg,one,one,0.9705,0.960,284.875,0.008,285.843,1
ae11f48f-dab0-40b0-b3ba-6a2ed685cd92.jpg,rock,rock,0.9977,0.960,284.875,0.008,285.843,1
06074ff2-ab78-4d15-a18d-0e2c8748e9fa.jpg,one,one,0.5973,0.960,284.874,0.008,285.842,1
2d2f29e8-564b-458d-a456-9e6252b27adc.jpg,pinkie,pinkie,0.9874,0.960,284.874,0.008,285.843,1
fc5a52f8-2d49-4643-98b7-bc52720f114e.jpg,fist,fist,0.9421,0.960,284.875,0.008,285.843,1
a3aef40e-74de-4f32-9716-6511c522660b.jpg,one,one,0.9854,0.960,284.875,0.008,285.843,1
c3147155-4e6a-4345-8956-cc422188f02c.jpg,pinkie,pinkie,0.8675,0.960,284.875,0.008,285.843,1
34a5ec84-c684-431b-97aa-a0e9da2d7408.jpg,palm,palm,1.0000,0.960,284.875,0.008,285.843,1
d9d9b606-5f69-4ed4-95a9-78053ee99386.jpg,fist,fist,0.9369,0.960,284.875,0.008,285.843,1
b4f90e79-6ac6-42e6-bbcb-28e33e1c1b26.jpg,pinkie,pinkie,0.7722,0.960,284.875,0.008,285.843,1
fed2d851-fda0-4137-9784-90445cc722c8.jpg,palm,palm,0.9998,0.960,284.875,0.008,285.843,1
0fb38f28-f6aa-413d-9760-a78ffd7d8571.jpg,palm,palm,0.9888,0.960,284.874,0.008,285.842,1
14519520-c534-4a2e-90df-0be91aaecc4e.jpg,palm,palm,0.9999,0.960,284.874,0.008,285.842,1
44e09804-949b-426f-ae40-4bc03dcb2ee0.jpg,palm,palm,0.9993,0.960,284.875,0.008,285.843,1
acd75529-8db0-47e7-b2cb-599a9c36f802.jpg,rock,rock,1.0000,0.960,284.874,0.008,285.842,1
01fc5229-bdde-4c8c-bc47-26a111ee60db.jpg,rock,rock,0.9995,0.960,284.874,0.008,285.842,1
a2817e2b-8b5e-4554-8c58-5f1febc31217.jpg,others,others,0.9826,0.960,284.875,0.008,285.843,1
0f8d528a-9953-4cf5-8547-36e812003d21.jpg,palm,palm,1.0000,0.960,284.875,0.008,285.843,1
83444afb-ada6-4200-8a39-67b1b6b4769a.jpg,rock,rock,1.0000,0.960,284.875,0.008,285.843,1
a7065cbc-edd8-455a-815e-6ccdc7d34fcc.jpg,rock,rock,0.9995,0.960,284.875,0.008,285.843,1
ad942c94-adee-4064-a834-178d3e51d54c.jpg,rock,rock,0.9993,0.960,284.875,0.008,285.843,1
b9b7924c-95df-40c2-a095-082876d69dbc.jpg,rock,rock,1.0000,0.960,284.875,0.008,285.843,1
513a944b-dda2-4b9c-a56d-f82e1356010e.jpg,pinkie,pinkie,0.9002,0.960,284.874,0.008,285.843,1
b07450a2-0b55-4f47-a40f-74214db84bf0.jpg,pinkie,pinkie,0.6994,0.960,284.875,0.008,285.843,1
100c0812-d0e3-4fcb-8d18-9a4717e17eb4.jpg,palm,palm,1.0000,0.960,284.875,0.008,285.843,1
6aab5d31-2dc8-4fc1-9ac8-9452cec4420c.jpg,rock,rock,0.9035,0.960,284.875,0.008,285.843,1
c97be952-9942-4cfd-b280-314ee1574892.jpg,one,one,0.9802,0.960,284.874,0.008,285.843,1
ab78713b-845f-461a-98b5-fe6d88f45db7.jpg,others,others,0.9819,0.960,284.874,0.008,285.843,1
ed0c2876-d3ea-4af3-b001-48e8c04b69ad.jpg,palm,palm,0.9999,0.960,284.875,0.008,285.843,1
399ad44f-dc8d-43fa-9862-141289cfda91.jpg,pinkie,pinkie,0.9767,0.960,284.874,0.008,285.843,1
380485aa-9af4-4b51-a120-1a4d159ec65c.jpg,fist,fist,0.7805,0.960,284.874,0.008,285.842,1
47260e47-ee5e-481e-96f2-d10d7deade04.jpg,pinkie,pinkie,0.9967,0.960,284.874,0.008,285.842,1
6c8bdf10-dd5c-4939-9f6a-89f6c900637e.jpg,pinkie,pinkie,0.5722,0.960,284.874,0.008,285.842,1
3c010eda-fbd3-449e-9634-845caf31e24a.jpg,palm,palm,0.9978,0.960,284.875,0.008,285.843,1
cbbacb1b-c106-4d34-9cea-06c1cad41e9f.jpg,rock,rock,0.9991,0.960,284.874,0.008,285.842,1
2acb7741-02cd-40b2-a52c-1e3fa0ba6302.jpg,pinkie,pinkie,1.0000,0.960,284.874,0.008,285.842,1
45ca124f-3d87-427c-b73e-03f4d1d214e4.jpg,palm,palm,0.9997,0.960,284.874,0.008,285.843,1
57c2cfe7-bf6b-46b2-ace2-1a76a6c4441c.jpg,pinkie,pinkie,0.9996,0.960,284.874,0.008,285.843,1
c4122f66-06d4-43ff-95c3-4647d866ad65.jpg,fist,fist,1.0000,0.960,284.874,0.008,285.842,1
2d3bd380-fdf4-45be-94b6-98a9a27138d6.jpg,pinkie,pinkie,1.0000,0.960,284.874,0.008,285.842,1
2ffe6700-ab5a-4aa9-a983-9f744fb302aa.jpg,one,one,0.9997,0.960,284.875,0.008,285.843,1
a90f3f83-dada-4e6b-9ed2-02cc58529c82.jpg,others,others,0.9496,0.960,284.874,0.008,285.842,1
3a303811-593b-4cf6-9812-5c6843374dda.jpg,pinkie,pinkie,0.9167,0.960,284.875,0.008,285.843,1
8fdcca98-34e0-4981-9146-b5b1e9ce5f9c.jpg,fist,fist,1.0000,0.960,284.875,0.008,285.843,1
63528054-c109-4d93-946d-256fe46f0b05.jpg,one,one,0.9638,0.960,284.874,0.008,285.842,1
c60afd93-0eae-4c2d-8fce-75f436bbb7ce.jpg,rock,rock,1.0000,0.960,284.875,0.008,285.843,1
9ab138d5-9d30-4c87-bab9-1a598a8df2a9.jpg,others,others,0.9869,0.960,284.874,0.008,285.842,1
10bc25df-178f-41e6-8ff9-3e7d8a96da3d.jpg,palm,palm,0.9997,0.960,284.874,0.008,285.843,1
d968a35c-32b1-4074-bf27-50f0a0c3c110.jpg,palm,palm,0.9350,0.960,284.874,0.008,285.843,1
569beb07-c64d-4b1d-bb01-aadb4ebe99b9.jpg,rock,rock,0.9979,0.960,284.874,0.008,285.843,1
37c14bf4-232a-4453-bef9-e892e4d038a4.jpg,pinkie,pinkie,0.9999,0.960,284.875,0.008,285.843,1
7def7d40-6a79-4acd-ad09-a1f81cca7028.jpg,others,others,0.7822,0.960,284.875,0.008,285.843,1
c13f62dd-e510-4018-b03f-44f67a548eea.jpg,rock,rock,0.9990,0.960,284.874,0.008,285.842,1
53ee9f3a-3343-4235-aaf2-84cfad09cbb8.jpg,palm,palm,1.0000,0.960,284.875,0.008,285.843,1
587a4830-218c-4306-aee4-74f8591315cb.jpg,others,others,0.9931,0.960,284.874,0.008,285.843,1
aba5ec43-e7c6-4411-9847-a5d8160657f5.jpg,rock,rock,0.9997,0.960,284.875,0.008,285.843,1
d8ad0426-6f12-4404-acbb-dfecc5a0d074.jpg,palm,palm,0.9995,0.960,284.875,0.008,285.843,1
c09671e2-c2a4-4087-9aec-75cec7af9a4a.jpg,palm,palm,1.0000,0.960,284.874,0.008,285.843,1
284df7f8-7eb8-475a-8abd-cbceb0bf7c8a.jpg,palm,palm,1.0000,0.960,284.874,0.008,285.843,1
c2846063-a5eb-4817-9bc0-15428b6518e7.jpg,pinkie,pinkie,0.9993,0.960,284.874,0.008,285.842,1
ee9f54db-9243-4842-baec-b7233bdf62e6.jpg,one,one,1.0000,0.960,284.874,0.008,285.842,1
bcc8bfd3-46c3-4d3f-b3a4-98dfe80db058.jpg,one,one,0.7966,0.960,284.874,0.008,285.843,1
bc490eb3-792c-4209-9087-2382aa54f6a9.jpg,others,others,0.9986,0.960,284.874,0.008,285.842,1
306124d5-5312-4ad7-9176-8ee40b374d8d.jpg,others,others,0.4332,0.960,284.875,0.008,285.843,1
2d4e9f70-7c55-4bdd-933b-f5dcb489c5d0.jpg,pinkie,pinkie,0.9998,0.960,284.874,0.008,285.842,1
accbe024-d0cb-464c-a723-3cb31635484c.jpg,fist,fist,0.9999,0.960,284.875,0.008,285.843,1
88844d0f-21cb-40e6-93b2-0d9111805c61.jpg,fist,fist,1.0000,0.960,284.874,0.008,285.842,1
f2937727-894e-45bd-81dc-9dabe6b080f3.jpg,pinkie,pinkie,0.9992,0.960,284.875,0.008,285.843,1
a2aab5e2-81cc-42f0-ba96-1d835c705f18.jpg,fist,fist,1.0000,0.960,284.875,0.008,285.843,1
6fc37246-2622-4672-a6a9-f19fa25d3554.jpg,rock,rock,0.9995,0.960,284.874,0.008,285.843,1
25faea9f-7f0c-43d0-ae60-753c2e9f0e03.jpg,others,others,0.9849,0.960,284.874,0.008,285.842,1
d029feba-87d3-4926-8d01-905946d75163.jpg,pinkie,pinkie,0.9999,0.960,284.875,0.008,285.843,1
4eaa2651-2c50-452d-aad9-326bd4193b4f.jpg,fist,fist,0.9858,0.960,284.874,0.008,285.842,1
ffb8f142-ef1f-4eac-9ef0-a596a78117e6.jpg,palm,palm,0.9503,0.960,284.875,0.008,285.843,1
0487adac-d5c7-4cdc-b54d-0658298f4860.jpg,rock,rock,0.9946,0.960,284.874,0.008,285.842,1
e61f0ee6-749e-4670-9485-1c1f86d72919.jpg,rock,rock,0.9990,0.960,284.874,0.008,285.842,1
96af3c28-7e8a-4a57-8116-15c115a4276b.jpg,fist,fist,0.9999,0.960,284.874,0.008,285.843,1
7c0c7196-5ff5-4ce8-98fa-aaacea6c9c77.jpg,others,others,0.9484,0.960,284.874,0.008,285.842,1
88d7f181-bc00-4c87-8b95-8bf980243d36.jpg,others,others,0.9580,0.960,284.874,0.008,285.842,1
065acae2-1576-4442-a94e-5d92ce5c7b77.jpg,one,one,0.9990,0.960,284.875,0.008,285.843,1
fb70e7af-170b-4d05-9f4b-fae1cf31501e.jpg,palm,palm,0.9998,0.960,284.874,0.008,285.843,1
27c8f5b8-879e-40de-8b2f-43935b11a9c5.jpg,fist,fist,1.0000,0.960,284.875,0.008,285.843,1
b9ead7a9-4b11-4bc4-9167-e03fd0fa23a5.jpg,pinkie,pinkie,1.0000,0.960,284.875,0.008,285.843,1
cbe267e5-d11f-41b1-9298-25b4d10695a7.jpg,others,others,0.4517,0.960,284.875,0.008,285.843,1
a675c1ef-3e09-46b5-9eee-2fd7dce75d21.jpg,palm,palm,0.9993,0.960,284.875,0.008,285.843,1
1031b626-e4f6-4ea9-89bc-02a91047811c.jpg,one,one,0.9992,0.960,284.875,0.008,285.843,1
86b56822-b03e-4779-956d-abbf9f7b9a14.jpg,palm,palm,0.9214,0.960,284.874,0.008,285.843,1
1a0a8ae7-8056-45e7-bdc5-07515fbe7e8a.jpg,pinkie,pinkie,0.9983,0.960,284.875,0.008,285.843,1
41210883-a7af-478d-9837-fefb28a49e85.jpg,rock,rock,0.9954,0.960,284.875,0.008,285.843,1
3807d965-21a6-482d-9bf5-a4ea16444e6c.jpg,one,one,0.9365,0.960,284.875,0.008,285.843,1
47d7eda1-71e2-4b84-b7c1-b937a5068db9.jpg,palm,palm,0.9989,0.960,284.874,0.008,285.843,1
105d9605-05d7-4852-86de-b1299df62b94.jpg,one,one,0.9240,0.960,284.875,0.008,285.843,1
68802ec7-f4e0-454a-bd10-e07121efd057.jpg,palm,palm,1.0000,0.960,284.875,0.008,285.843,1
96e1e27d-64a9-4dd8-9074-da85c52d1e9c.jpg,fist,fist,0.7891,0.960,284.875,0.008,285.844,1
ce1eabf8-dbe4-4c85-801e-39ce6a4b8d8b.jpg,fist,fist,1.0000,0.960,284.874,0.008,285.842,1
aa43448a-5a24-41ac-b9b1-bb50714e7905.jpg,rock,rock,0.9878,0.960,284.874,0.008,285.843,1
0bc46270-d50f-4706-811e-afabf4d7b4ec.jpg,fist,fist,1.0000,0.960,284.874,0.008,285.843,1
572ca59f-6efd-433c-876c-2ab4e93d998b.jpg,pinkie,pinkie,0.9929,0.960,284.874,0.008,285.843,1
520801b2-f320-4477-8b57-37552932ce2c.jpg,one,one,0.9757,0.960,284.874,0.008,285.842,1
b6c7105c-b0f8-4d48-8782-64fd2f4aba11.jpg,one,one,0.9961,0.960,284.875,0.008,285.843,1
ca8bcc5e-1ef1-4555-a453-cd425a9e1e1a.jpg,pinkie,pinkie,0.9526,0.960,284.874,0.008,285.843,1
0802128f-8f58-4c74-ae17-f6f954d95265.jpg,palm,palm,1.0000,0.960,284.874,0.008,285.843,1
ffab2ffd-4b5a-4225-89ce-a7207ab49c0c.jpg,rock,others,0.8298,0.960,284.875,0.008,285.843,0
d13971b1-9b5e-4e6d-b928-0ec23ba8768b.jpg,rock,rock,0.9879,0.960,284.875,0.008,285.843,1
16bf8e0b-e648-489f-97a8-658891d65db6.jpg,fist,fist,0.9959,0.960,284.875,0.008,285.843,1
832f0d7d-c889-4a69-ad7b-aed2f203182b.jpg,pinkie,pinkie,0.9999,0.960,284.875,0.008,285.843,1
a7be230e-a21d-4ce2-94b1-7f5c004b67a6.jpg,others,others,0.7879,0.960,284.875,0.008,285.843,1
2ad23a96-8795-40f6-9a56-f07746a97ba4.jpg,pinkie,pinkie,0.9998,0.960,284.874,0.008,285.842,1
f043afb1-0245-4d6f-a3c6-e5f0616e5a94.jpg,one,one,0.9140,0.960,284.874,0.008,285.842,1
e4a139d4-fc7d-49b4-8321-57cc6ee94a7e.jpg,pinkie,pinkie,1.0000,0.960,284.875,0.008,285.843,1
66a94d70-b643-4ccb-949f-a997eb170da6.jpg,fist,fist,0.9796,0.960,284.874,0.008,285.842,1
9b12501d-a172-43c4-9da3-8b71cd0e05aa.jpg,fist,fist,0.2655,0.960,284.874,0.007,285.842,1
a337d7cb-fb51-449b-a6f2-1f85b510bac2.jpg,others,others,0.9516,0.960,284.875,0.008,285.843,1
a3e27ffa-1d64-4143-98be-15cb6e91e145.jpg,pinkie,pinkie,0.8334,0.960,284.874,0.008,285.842,1
5da4c506-c75c-4fb5-9cbf-f7faeb0c598e.jpg,fist,fist,1.0000,0.960,284.874,0.008,285.843,1
5e5ed418-1828-4d69-8c63-373e69f1f684.jpg,pinkie,pinkie,0.9995,0.960,284.874,0.008,285.843,1
7831a073-3233-4d03-9fa7-d23f15da694e.jpg,fist,fist,1.0000,0.960,284.875,0.008,285.843,1
7888754b-fffa-4047-909b-9d7511ca76ee.jpg,pinkie,pinkie,1.0000,0.960,284.874,0.008,285.843,1
d4b7f608-15a7-463f-b1d3-60a47fe9ea65.jpg,palm,palm,1.0000,0.960,284.875,0.008,285.843,1
7751eee7-27b1-494c-8068-592d1eae027a.jpg,rock,rock,0.9884,0.960,284.874,0.008,285.842,1
7dd7f9c4-89e9-42ab-9bd3-b3da292bf2bf.jpg,palm,palm,1.0000,0.960,284.875,0.008,285.843,1
a4c786bb-ec37-4f4e-be05-8ade6109368a.jpg,pinkie,pinkie,1.0000,0.960,284.874,0.008,285.843,1
9a753d32-6aed-44ca-acf2-e741da30e406.jpg,others,others,0.8745,0.960,284.874,0.008,285.843,1
d04dec8b-489e-4300-891e-ddb080622756.jpg,pinkie,pinkie,1.0000,0.960,284.875,0.008,285.843,1
ecf07757-aa23-4d01-beb9-3214aba70847.jpg,palm,palm,0.9966,0.960,284.875,0.008,285.843,1
6c015271-098a-4be0-860e-374d0b0b7da3.jpg,pinkie,pinkie,0.9992,0.960,284.874,0.008,285.842,1
bc96e045-1c34-4851-9794-5afefb9cba4e.jpg,others,others,0.9131,0.960,284.874,0.008,285.843,1
da58eeb7-1afb-41d3-a89a-908065a895aa.jpg,palm,palm,0.9344,0.960,284.874,0.008,285.843,1
bd489020-efae-4602-a805-125d2753e228.jpg,one,one,0.9999,0.960,284.875,0.008,285.843,1
c321f09f-9cba-4bb9-869f-d56d6f50eae1.jpg,fist,fist,0.9999,0.960,284.875,0.008,285.843,1
6c1acb75-c3c7-4728-af7d-7b9ee1ea9717.jpg,pinkie,pinkie,0.9999,0.960,284.875,0.008,285.843,1
9d8a22db-a2f9-4f9a-959e-b8bce0b9ff14.jpg,one,one,0.9998,0.960,284.875,0.008,285.843,1
779ca40d-8f71-4fe6-a9cd-1eb3494486ce.jpg,pinkie,pinkie,0.9956,0.960,284.874,0.008,285.842,1
0fc0d912-317a-4dc3-89ed-0a5516a5ddaf.jpg,fist,fist,1.0000,0.960,284.875,0.008,285.843,1
f9f0d31f-8b19-40cd-996b-1cec0298d2d8.jpg,others,others,0.9936,0.960,284.874,0.008,285.842,1
5bac4b96-8433-4b6c-b7d7-bbf5bbc2bfd4.jpg,pinkie,pinkie,0.9769,0.960,284.875,0.008,285.843,1
2a49d25a-9913-4ff3-bf54-a9a838ab54c9.jpg,one,one,0.9863,0.960,284.875,0.008,285.843,1
c729bd93-9ab4-4654-91d0-dec8b77cb703.jpg,palm,palm,1.0000,0.960,284.874,0.008,285.843,1
11f6841b-2bf0-4071-a255-c52d0d6795d2.jpg,one,one,0.8630,0.960,284.875,0.008,285.843,1
7d91ed44-76b6-4998-beaf-a0d9228f9cc5.jpg,pinkie,pinkie,0.9995,0.960,284.875,0.008,285.843,1
23ec7887-b3aa-4679-9b99-8ad220505803.jpg,fist,fist,1.0000,0.960,284.875,0.008,285.843,1
1fee4afd-f9b4-40d2-9969-b5328d3fb891.jpg,palm,palm,1.0000,0.960,284.874,0.008,285.842,1
021c1581-e3a4-4326-a9fe-aa647161adc9.jpg,fist,fist,1.0000,0.960,284.875,0.008,285.843,1
14a19dd7-744b-4bda-8927-778905ac0dc6.jpg,others,others,0.8715,0.960,284.874,0.008,285.842,1
2df5f81b-3151-4db5-b176-94b1ac183f29.jpg,pinkie,pinkie,0.9999,0.960,284.874,0.008,285.842,1
4b14b94a-1874-4105-90d4-110e072f6f57.jpg,palm,palm,0.9997,0.960,284.875,0.008,285.843,1
75fe9ef8-2f09-419c-aae9-be8848653d2b.jpg,fist,fist,0.7955,0.960,284.874,0.008,285.843,1
af469ca4-2239-41e4-9740-d5653a2ccb87.jpg,palm,palm,1.0000,0.960,284.875,0.008,285.843,1
2c1fbfdb-591a-4b44-a101-21de46259502.jpg,one,others,0.9172,0.960,284.875,0.008,285.843,0
cbce08a8-bece-4e03-87e8-38966a836665.jpg,rock,rock,1.0000,0.960,284.875,0.008,285.843,1
eb763fcd-e90b-4188-9ac4-ecd86cf351ed.jpg,one,one,0.7489,0.960,284.874,0.008,285.843,1
7483aa25-321b-440b-8651-aa2f3b2e339c.jpg,rock,rock,1.0000,0.960,284.874,0.008,285.843,1
76af234a-5e8e-4a58-bce7-eb1aa11ddfcb.jpg,palm,palm,0.9987,0.960,284.875,0.008,285.843,1
fc70b1d8-bb15-4092-a573-2f5cb13aef24.jpg,fist,fist,0.8132,0.960,284.874,0.008,285.843,1
2b322885-fc3b-461c-b9ab-52a90f5eea3f.jpg,others,palm,0.7508,0.960,284.875,0.008,285.843,0
9b0045fb-03d8-4f44-9721-852085dc1de3.jpg,rock,rock,1.0000,0.960,284.874,0.008,285.842,1
80556d39-445f-4ec8-adf8-24db4e791c89.jpg,fist,fist,0.9986,0.960,284.874,0.008,285.842,1
1d96f7b3-0562-427e-8c3b-8ab0c7390c04.jpg,one,one,0.9999,0.960,284.875,0.008,285.843,1
d0dec128-7277-4848-a5ba-e670f2b21a22.jpg,palm,palm,1.0000,0.960,284.875,0.008,285.843,1
64d3f2cf-3a8b-4402-b35f-6af7fb5d1e5b.jpg,one,one,0.9816,0.960,284.875,0.008,285.843,1
777fefde-e8c6-437b-a861-4e79fb80cd43.jpg,rock,rock,0.9982,0.960,284.874,0.008,285.843,1
43de6bb2-f9ca-43b1-8827-3362a3e80d11.jpg,palm,palm,1.0000,0.960,284.874,0.008,285.843,1
a8eaf216-c9a4-4225-b5c6-1f549185e8ce.jpg,pinkie,pinkie,0.5552,0.960,284.874,0.008,285.843,1
f10a8e95-3bb2-47bf-8a2a-636dc2e987f6.jpg,fist,fist,1.0000,0.960,284.875,0.008,285.844,1
9a8c1c6f-8018-4c99-b095-31c08c3e14ba.jpg,rock,rock,0.9979,0.960,284.875,0.008,285.843,1
2c222e6d-980a-4b7c-8df0-a3670f2d361f.jpg,others,others,0.9168,0.960,284.874,0.008,285.843,1
ae1e5223-32ce-41f8-a079-7b23809e4318.jpg,rock,rock,0.9991,0.960,284.874,0.008,285.843,1
78ff8661-8368-4360-a7b7-62d6c28edadc.jpg,others,others,0.9212,0.960,284.875,0.008,285.843,1
b15256b3-df1a-484c-a453-2b71f28027ac.jpg,pinkie,pinkie,0.9822,0.960,284.874,0.008,285.843,1
69d90ea8-e671-4ce3-95f7-16091d2fa1c6.jpg,fist,fist,1.0000,0.960,284.874,0.008,285.842,1
29c9321a-e6b9-4782-82c3-0c027194b561.jpg,pinkie,pinkie,0.9744,0.960,284.875,0.008,285.843,1
49e23cf7-b9cb-4ddb-addb-e7f0b4e56330.jpg,fist,fist,0.9997,0.960,284.875,0.008,285.843,1
b4a2b0a4-c72b-43a3-93f0-a5d6a698a8aa.jpg,fist,fist,0.9963,0.960,284.875,0.008,285.843,1
e1b74cc8-cd30-49a6-8bdf-f8048925b5a0.jpg,pinkie,pinkie,1.0000,0.960,284.874,0.008,285.843,1
cc7fea66-b69f-4829-815c-e697ed25d6f8.jpg,one,one,0.6587,0.960,284.874,0.008,285.843,1
c1ed28ba-2ca7-4e8c-bce2-eea9371579f1.jpg,one,one,0.9997,0.960,284.874,0.008,285.842,1
79b17359-22e7-49a0-84b2-e38b36425a8f.jpg,fist,fist,1.0000,0.960,284.874,0.008,285.842,1
01e3c438-dbff-4010-9ae0-b41c27384ef4.jpg,one,others,0.5684,0.960,284.875,0.008,285.843,0
abe7f494-4a50-4d2a-a01e-2cf663a6be6d.jpg,rock,rock,0.6050,0.960,284.874,0.008,285.843,1
f38c2933-0ba6-445a-94e1-b2a1aa97a895.jpg,pinkie,pinkie,0.9998,0.960,284.874,0.008,285.843,1
3d62e914-a1e6-4ae2-8faa-f48a2845c3fe.jpg,pinkie,pinkie,0.8012,0.960,284.875,0.008,285.843,1
42b7e646-5e53-44ab-9d06-f5cb5772cde6.jpg,fist,fist,1.0000,0.960,284.875,0.008,285.843,1
fa90aff5-d106-460e-826e-92afbb463b22.jpg,fist,fist,0.9999,0.960,284.875,0.008,285.843,1
f3099ccd-c13e-47f1-bca1-bf4b9d2e70c3.jpg,fist,fist,0.8862,0.960,284.874,0.008,285.842,1
6028abe0-af75-4830-a851-08216ab6ec78.jpg,rock,rock,0.9920,0.960,284.874,0.008,285.842,1
0d84aad3-f875-4060-acbd-010db176b974.jpg,rock,rock,0.9951,0.960,284.875,0.008,285.843,1
2ee4b074-1010-40aa-a7cc-cad12dd6d472.jpg,rock,rock,0.9981,0.960,284.875,0.008,285.843,1
e6e05e1a-4688-445e-b912-44f23646559f.jpg,one,one,0.9994,0.960,284.874,0.008,285.842,1
324be65b-9209-437a-b713-64ee350391c3.jpg,others,others,0.4404,0.960,284.875,0.008,285.843,1
ae777c11-3124-4f2d-abec-0db8539b0025.jpg,fist,fist,0.9993,0.960,284.875,0.008,285.843,1
d30fffa0-e25b-48e7-b504-6686d71cddf8.jpg,rock,rock,0.9995,0.960,284.874,0.008,285.843,1
c6f76f27-05e1-4b1c-a294-9254c5888b2a.jpg,fist,fist,1.0000,0.960,284.875,0.008,285.843,1
61844e63-f97e-4668-b375-9b4583934911.jpg,pinkie,pinkie,0.9688,0.960,284.874,0.008,285.842,1
66a90d32-8069-424d-ba89-e0799812cae7.jpg,others,others,0.6173,0.960,284.874,0.008,285.842,1
2128583b-93c1-446f-8abe-6899fb06d97b.jpg,fist,fist,0.9925,0.960,284.875,0.008,285.843,1
00ec874e-c90c-40c5-9794-663cdbb0b8ab.jpg,rock,rock,1.0000,0.960,284.875,0.008,285.843,1
252053f5-9126-4542-aa84-17340f692f9b.jpg,one,one,0.9895,0.960,284.874,0.008,285.843,1
71b106d4-b5f4-47c9-9f85-764dba503c2c.jpg,rock,rock,1.0000,0.960,284.874,0.008,285.843,1
41e86070-0f46-4f4a-b879-edadeec507ef.jpg,one,one,1.0000,0.960,284.874,0.008,285.843,1
63d2f61d-206b-483a-ad32-a82e46fc4991.jpg,others,one,0.8475,0.960,284.874,0.008,285.842,0
d287572e-8fd3-49f1-b3fd-7f74276dfdb7.jpg,palm,palm,0.9861,0.960,284.874,0.008,285.842,1
f1435651-5564-4a50-a67e-51866160080f.jpg,pinkie,pinkie,0.9987,0.960,284.875,0.008,285.843,1
5c0fcbf0-17f4-4c64-9c28-a5dc8a0dff4e.jpg,palm,palm,0.9995,0.960,284.874,0.008,285.843,1
c90302eb-7146-4260-a0be-cbf9e7355c6c.jpg,one,one,0.9489,0.960,284.875,0.008,285.843,1
e0b63aeb-f086-4ba0-9822-9deada84fbc8.jpg,pinkie,pinkie,0.9967,0.960,284.875,0.008,285.843,1
a69d8c35-15fe-4a60-b125-865cb480bdd6.jpg,one,one,0.5625,0.960,284.874,0.008,285.842,1
247c3ee9-b026-402c-8b6f-630682be4c7e.jpg,others,others,0.8736,0.960,284.874,0.008,285.842,1
54c3a15d-f2c5-4e8f-b232-4cc6641ce4ad.jpg,palm,palm,1.0000,0.960,284.875,0.008,285.844,1
4abe4288-9c6a-49ff-8c60-0e4730d191ef.jpg,rock,rock,1.0000,0.960,284.874,0.008,285.842,1
380fa46c-05c2-450b-955a-d67018efa06d.jpg,pinkie,pinkie,0.9985,0.960,284.874,0.008,285.842,1
038fcb77-9eaa-42ba-a324-261d8a788b8b.jpg,one,one,0.9615,0.960,284.875,0.008,285.843,1
c6bedc8b-1aa8-459c-a11f-a95968615632.jpg,palm,palm,1.0000,0.960,284.874,0.008,285.842,1
e326506b-8dad-48ab-ba45-a9e96ce43cf6.jpg,pinkie,pinkie,0.9928,0.960,284.875,0.008,285.843,1
2460de17-1b4c-4888-a65b-980ddaac47c6.jpg,fist,fist,0.9997,0.960,284.874,0.008,285.843,1
1808f585-7118-40bd-a66d-52a361518dfa.jpg,fist,fist,1.0000,0.960,284.875,0.008,285.843,1
b94d312d-330e-42ed-85aa-a876603e19f1.jpg,fist,fist,1.0000,0.960,284.874,0.008,285.843,1
7ac33c16-d03c-420b-8d71-75250bfc65c5.jpg,fist,fist,1.0000,0.960,284.874,0.008,285.843,1
aa999cde-c4ee-4751-832a-cbb9c708c69c.jpg,rock,rock,0.8894,0.960,284.875,0.008,285.843,1
5a6975b1-c2f8-4ca7-8a19-e62b4f130e0e.jpg,pinkie,pinkie,0.9993,0.960,284.874,0.008,285.843,1
959086c3-cb3f-43c2-8a6c-4caca6f4533a.jpg,others,others,0.6601,0.960,284.875,0.008,285.843,1
921edc24-8578-41ad-be74-fea6fe9d7fa6.jpg,fist,fist,0.9968,0.960,284.875,0.008,285.843,1
73ce04f7-7ac1-480f-b49b-26548f2424d7.jpg,others,others,0.9790,0.960,284.874,0.008,285.842,1
e541a54f-c54f-4076-8b7c-80f769f960f9.jpg,one,others,0.8959,0.960,284.874,0.008,285.842,0
a613698b-ee03-4ee3-8c66-a4a55e953025.jpg,rock,one,0.6063,0.960,284.875,0.008,285.843,0
5dbdd148-53d5-444a-b2db-6d8df1834812.jpg,rock,rock,0.8607,0.960,284.874,0.008,285.842,1
356244a4-ccef-499a-8491-d86d78609665.jpg,one,one,0.9997,0.960,284.875,0.008,285.843,1
2dec18a2-95c9-4385-967a-63c0c8565356.jpg,others,others,0.9828,0.960,284.874,0.008,285.842,1
d564e370-7715-4c9e-9e40-beb0c27b51fa.jpg,pinkie,pinkie,1.0000,0.960,284.875,0.008,285.843,1
560ec0ce-33e2-4395-a2aa-8193c0af633b.jpg,rock,rock,0.4825,0.960,284.874,0.008,285.842,1
3e948d36-aecc-4e1d-bc7c-219cb94b013d.jpg,others,others,0.9716,0.960,284.874,0.008,285.842,1
c26ea967-60ad-49dd-8876-2e55d58fa07f.jpg,one,one,0.9990,0.960,284.875,0.008,285.843,1
874a9a10-6092-4b38-8f7b-7413b9f48987.jpg,rock,rock,0.9756,0.960,284.875,0.008,285.843,1
59a77f48-1c61-4c2a-91f6-b2bb861be9fe.jpg,fist,fist,0.9924,0.960,284.874,0.008,285.842,1
619114be-205a-4497-837d-b53757fa8421.jpg,pinkie,others,0.6300,0.960,284.874,0.008,285.843,0
4bfcc350-8b88-42d7-bd9f-95e295890856.jpg,fist,fist,0.7222,0.960,284.874,0.008,285.842,1
17ad3ab2-911d-476e-8d01-0fad6d53fa5b.jpg,one,one,1.0000,0.960,284.874,0.008,285.842,1
319c9c17-1836-433e-8c3b-b2b05348ef26.jpg,palm,palm,1.0000,0.960,284.875,0.008,285.843,1
1d4c3769-e1cd-41ab-8b44-721a22571e7f.jpg,fist,fist,0.9968,0.960,284.874,0.008,285.842,1
3b9f32b5-43a7-4335-939b-c83fd5aa17e7.jpg,others,others,0.8134,0.960,284.874,0.008,285.842,1
d7f3f0a3-54ea-4a6c-b724-0e7f38cd4d92.jpg,palm,palm,0.9998,0.960,284.875,0.008,285.843,1
fe3a2e24-c799-4338-b591-bf205f5d9b62.jpg,fist,fist,1.0000,0.960,284.875,0.008,285.843,1
c65efcff-ae83-4bf4-afc9-a1c95f7ddc61.jpg,fist,one,0.4712,0.960,284.874,0.008,285.843,0
01da9424-4575-47b2-98f5-81ce296d198d.jpg,fist,fist,0.9903,0.960,284.874,0.008,285.843,1
4a1c172c-43b3-4b63-9ef5-5d0dd24820fd.jpg,pinkie,pinkie,0.9341,0.960,284.874,0.008,285.842,1
8e1b3b0e-3c14-4c61-aa97-0b8483659bdc.jpg,rock,rock,0.6602,0.960,284.875,0.008,285.843,1
565a921d-2736-42fd-83ab-0b9fa82caf8b.jpg,one,one,0.8723,0.960,284.874,0.008,285.842,1
b11da0cc-39c8-461e-8e0e-f4ed96a7ae97.jpg,fist,fist,1.0000,0.960,284.874,0.008,285.843,1
b7a7e25e-6344-42f2-adfb-beba93f34f88.jpg,others,others,0.9432,0.960,284.875,0.008,285.843,1
47ccf98f-7274-4957-83c5-ecf78bbb5165.jpg,palm,palm,1.0000,0.960,284.875,0.008,285.843,1
e86c8b30-820c-410b-b133-8a025311d284.jpg,others,others,0.8398,0.960,284.874,0.008,285.842,1
cc53936a-ea6d-49b9-b1bd-91bca4d2cf7a.jpg,fist,fist,1.0000,0.960,284.874,0.008,285.843,1
73e0104a-5b30-4d82-88b8-9b4fd753f6d3.jpg,pinkie,pinkie,1.0000,0.960,284.874,0.008,285.843,1
3596c03d-979f-4111-8ad5-24da5b8a9b09.jpg,rock,rock,0.9998,0.960,284.874,0.008,285.842,1
1be958a9-4003-4637-9055-d71a73d58974.jpg,fist,fist,0.9952,0.960,284.874,0.008,285.842,1
61ad8ac2-a695-4a3d-a6e2-cf80435487dd.jpg,fist,fist,1.0000,0.960,284.875,0.008,285.843,1
1a732fd7-e0a1-4af1-b1f5-2e377563c589.jpg,rock,rock,0.9999,0.960,284.874,0.008,285.843,1
b5b438b9-a1f2-4aa7-9dd2-7516c00185b4.jpg,rock,rock,0.9978,0.960,284.875,0.008,285.843,1
6ba41507-d1e2-4dca-a9fa-8ed3996f45ec.jpg,one,one,0.9962,0.960,284.874,0.008,285.842,1
a859d378-7059-49be-8921-8f0361926740.jpg,others,others,0.9997,0.960,284.875,0.008,285.843,1
af6db0a5-8b3f-49f0-ac52-8e308185d70d.jpg,fist,fist,0.9693,0.960,284.875,0.008,285.843,1
da8b3f1e-fb6f-439a-9112-ae388a441874.jpg,pinkie,pinkie,0.7806,0.960,284.875,0.008,285.843,1
7807307d-b6ff-4bf6-b421-b88510ae7a77.jpg,pinkie,pinkie,0.9997,0.960,284.874,0.008,285.843,1
312f3815-0e63-4f5c-b285-1c2a31a5e33c.jpg,pinkie,pinkie,1.0000,0.960,284.875,0.008,285.843,1
480f7629-063c-481d-812b-ba97775f14db.jpg,one,one,0.7366,0.960,284.875,0.008,285.843,1
4ef0d1f6-e696-4670-85b7-06806bd85b42.jpg,rock,rock,0.9333,0.960,284.875,0.008,285.843,1
33aa843f-53e0-4625-821b-8122e63e4b43.jpg,fist,fist,1.0000,0.960,284.874,0.008,285.842,1
c1dc065f-bca5-4f75-b78b-5dc30f034ccf.jpg,others,others,0.9953,0.960,284.875,0.008,285.843,1
0f4499c3-9e4f-4980-80f6-22007892af62.jpg,fist,fist,0.9671,0.960,284.874,0.008,285.842,1
9176884c-5d28-4c18-b005-310c60d295bb.jpg,palm,palm,1.0000,0.960,284.875,0.008,285.843,1
d91deb60-7e87-49d8-96c8-f53588eb97a0.jpg,others,one,0.8087,0.960,284.875,0.008,285.843,0
2420ba33-575a-49bf-a48a-4d599fbffb35.jpg,fist,fist,1.0000,0.960,284.875,0.008,285.843,1
a06b5351-0c03-475f-b408-9ec14a90ea24.jpg,fist,fist,0.9957,0.960,284.874,0.008,285.843,1
11d1fe58-4ecd-464d-942b-a2a47e71a5dc.jpg,one,one,0.7759,0.960,284.874,0.008,285.843,1
2ff103d8-ede4-4e49-b7d9-2d5354d1df44.jpg,rock,rock,0.9982,0.960,284.874,0.008,285.843,1
bed6c4d2-ef89-468e-8600-bffaffd1efb2.jpg,palm,palm,0.9987,0.960,284.874,0.008,285.843,1
6a64d5e9-9b7f-4f5f-aa14-aab9badc386f.jpg,palm,palm,1.0000,0.960,284.874,0.008,285.842,1
fcf3e43d-2051-4817-84bb-9b861366fa91.jpg,one,others,0.5706,0.960,284.874,0.008,285.842,0
b0a02e0d-df20-4ce2-b95b-6bf72a00e293.jpg,one,one,0.9906,0.960,284.875,0.008,285.843,1
0f0f8d62-6fcc-482d-a3de-2bc663900195.jpg,palm,palm,0.9999,0.960,284.874,0.008,285.843,1
78ea1a23-077d-4753-a1f4-9db5de9c5951.jpg,one,one,0.9880,0.960,284.875,0.008,285.843,1
b46f2e36-9963-4873-95e6-a3024a173b17.jpg,pinkie,pinkie,0.9998,0.960,284.874,0.008,285.842,1
4c2ded5a-6e37-4a37-a7f2-af5e9d82b366.jpg,one,one,0.9261,0.960,284.875,0.008,285.843,1
b8c21ad0-7048-4e92-bc78-e53331ae6c03.jpg,rock,rock,0.8602,0.960,284.875,0.008,285.843,1
1c3c6a2f-6c21-4f52-894c-16016fd3c5e8.jpg,others,others,0.6284,0.960,284.875,0.008,285.843,1
946c5da7-ca82-46cb-8fd4-af0096e3f499.jpg,palm,palm,0.9862,0.960,284.875,0.008,285.843,1
bdb251bc-e3ec-43ec-a4f0-d8da249ee62d.jpg,pinkie,pinkie,1.0000,0.960,284.874,0.008,285.843,1
29d28ae0-0416-4f47-a66f-cbcaea878ff5.jpg,others,others,0.7632,0.960,284.874,0.008,285.842,1
f8827ce3-3796-42b8-989c-e4cf43c5d407.jpg,pinkie,pinkie,0.9999,0.960,284.874,0.008,285.842,1
35e0db02-8e84-4679-80b0-292fa4f7f496.jpg,rock,rock,0.9996,0.960,284.874,0.008,285.843,1
137647cf-ae30-44dc-a78b-512fe8c734ba.jpg,pinkie,pinkie,1.0000,0.960,284.875,0.008,285.843,1
519edab5-6ba3-4b61-87ca-8092f66de402.jpg,others,others,0.8616,0.960,284.875,0.008,285.843,1
86f7fdff-6549-448e-b048-9e8fb0162738.jpg,palm,palm,0.9998,0.960,284.875,0.008,285.843,1
d1bb5240-5a3a-481d-ba68-ab3041f1379b.jpg,one,one,0.6724,0.960,284.874,0.008,285.843,1
44085fef-8c62-46f0-ab61-0215522e8904.jpg,others,one,0.3763,0.960,284.874,0.008,285.842,0
998e4c04-98b9-40e4-b102-b527b3c479ee.jpg,fist,fist,0.9920,0.960,284.874,0.008,285.842,1
bc9beaba-1d96-4a76-9a29-3f82ddba5767.jpg,pinkie,pinkie,0.6979,0.960,284.874,0.008,285.843,1
b6b85aaa-8e24-4513-a6c3-f403e0742df3.jpg,rock,rock,0.8711,0.960,284.874,0.008,285.843,1
7e549af4-9c18-476e-963d-251f457d0c8b.jpg,one,one,0.8635,0.960,284.875,0.008,285.843,1
13229950-22cf-4490-9985-c22e3aeb725c.jpg,one,one,0.9999,0.960,284.875,0.008,285.843,1
5ef6f900-a96a-40ec-b37f-0ffc8c75744c.jpg,rock,rock,0.9882,0.960,284.875,0.008,285.843,1
a5c9f06f-ac84-4837-acdb-5597a5efb3e6.jpg,fist,fist,1.0000,0.960,284.874,0.008,285.842,1
8cdeaa82-0509-4285-99f2-f7ffc10bb76b.jpg,others,others,0.6600,0.960,284.874,0.008,285.842,1
df5da8c1-6b3e-4112-95c0-4a2b070c5e6a.jpg,rock,rock,0.9967,0.960,284.875,0.008,285.843,1
4d86de35-063b-4b18-90a8-b04dceecaa7e.jpg,pinkie,pinkie,0.9141,0.960,284.875,0.008,285.843,1
aacdd4b6-a82c-4503-8465-c2e34bd57b7d.jpg,pinkie,pinkie,0.9998,0.960,284.874,0.008,285.843,1
4341fa02-8814-4d3f-96af-1fd5db13b2b2.jpg,fist,fist,1.0000,0.960,284.874,0.008,285.842,1
1d0b2b1f-1dd2-494a-9b31-a3a1cdaace8b.jpg,fist,fist,1.0000,0.960,284.875,0.008,285.843,1
103b4713-f3ae-4bce-9089-fc3ab2eba0fd.jpg,fist,fist,1.0000,0.960,284.875,0.008,285.843,1
f7a79f06-85a0-4154-89a8-baee00d759a9.jpg,one,one,0.9970,0.960,284.875,0.008,285.843,1
fc279470-2c47-45c6-8473-ed1a524a9637.jpg,others,others,0.9967,0.960,284.874,0.008,285.842,1
629023ef-58f9-465d-979d-b098ff39546d.jpg,others,others,0.9862,0.960,284.875,0.008,285.843,1
7c3402ce-6bdd-45a5-a691-b4889420017f.jpg,one,one,0.9946,0.960,284.875,0.008,285.843,1
b2d99d68-4217-4642-9eed-89601a3937c7.jpg,fist,fist,1.0000,0.960,284.875,0.008,285.843,1
a2815a5c-ce6e-4901-a85f-f6d92293c865.jpg,others,others,0.9325,0.960,284.874,0.008,285.843,1
a7071a4c-0854-42ec-9b65-e30c1315acf8.jpg,others,rock,0.9438,0.960,284.874,0.008,285.842,0
035218fd-15a3-4482-8599-8032e69fd127.jpg,fist,fist,1.0000,0.960,284.875,0.008,285.843,1
3aad2c0e-5bcd-47de-bc50-924adf42cfc2.jpg,rock,rock,0.9087,0.960,284.875,0.008,285.843,1
f9b50cc6-8b92-4a96-97ed-80a688b2d762.jpg,pinkie,others,0.5918,0.960,284.875,0.008,285.843,0
1232b390-27cf-441f-9297-79e7fb5777ae.jpg,one,one,1.0000,0.960,284.874,0.008,285.843,1
d582e0ee-47c9-40aa-a3db-55657d7913df.jpg,palm,palm,1.0000,0.960,284.875,0.008,285.843,1
27586eb2-c16a-4ce6-9921-53323815c86d.jpg,one,one,0.9994,0.960,284.874,0.008,285.842,1
2485f2b0-b4e3-4ddf-b8ea-84bff69501ca.jpg,others,others,0.9918,0.960,284.874,0.008,285.842,1
fe1a9496-c3da-4fee-949a-3d8bc500a48e.jpg,fist,fist,0.9998,0.960,284.875,0.008,285.843,1
fc1e1a9a-c0e3-4903-abfb-9be19bb33f0c.jpg,pinkie,pinkie,0.9956,0.960,284.875,0.008,285.843,1
15f02b99-cd38-439b-83b6-2f790d06e9e9.jpg,others,others,0.9816,0.960,284.875,0.008,285.843,1
70e10312-c44b-4dc0-8a3f-a66539ac80f9.jpg,pinkie,pinkie,1.0000,0.960,284.874,0.008,285.843,1
821278d6-789d-41e3-b90f-58f86737d806.jpg,others,others,0.4019,0.960,284.874,0.008,285.842,1
ac8e3f99-d7bb-40e2-aba4-f2d332bb77d3.jpg,palm,palm,1.0000,0.960,284.875,0.008,285.844,1
ac6c2247-e2ef-4b23-a3bd-0d25a2f9b2cf.jpg,pinkie,pinkie,1.0000,0.960,284.875,0.008,285.843,1
30eabfbf-bc13-4f77-93e6-28878bd7a9e0.jpg,pinkie,pinkie,0.9865,0.960,284.875,0.008,285.843,1
47098608-9728-420f-ab5e-7a553e5d68bb.jpg,palm,palm,0.9828,0.960,284.875,0.008,285.843,1
d76d644a-6be7-4bfb-960c-4d19ef1b9a17.jpg,one,one,0.8329,0.960,284.874,0.008,285.842,1
cd03372f-591b-4359-b72d-b99184c8eddd.jpg,palm,palm,0.9010,0.960,284.874,0.008,285.842,1
76257619-7505-44f1-96f4-90e85c737570.jpg,pinkie,pinkie,1.0000,0.960,284.875,0.008,285.843,1
68085168-2948-48ea-80f7-818beac0e6e8.jpg,rock,rock,0.9980,0.960,284.875,0.008,285.843,1
9fb54e9b-b832-4844-ac18-ac95b8e4faf1.jpg,pinkie,pinkie,0.6451,0.960,284.874,0.008,285.842,1
230a2fb6-31ed-436c-9fbb-b4edf839e3b0.jpg,palm,palm,1.0000,0.960,284.874,0.008,285.842,1
55eca13c-c330-468c-b124-b1f5774c2284.jpg,pinkie,pinkie,0.5601,0.960,284.874,0.008,285.842,1
febdc288-3e14-422a-ae42-20d56b4875d5.jpg,others,others,0.9816,0.960,284.874,0.008,285.842,1
2254abc7-588d-453b-b0cf-67f9195dc967.jpg,others,others,0.9161,0.960,284.874,0.008,285.842,1
d6e7e74e-0af6-4b5e-a769-59073a5edbb8.jpg,others,others,0.9023,0.960,284.874,0.008,285.843,1
04f2bb11-7ce5-4252-a2de-732788679e56.jpg,one,one,0.6162,0.960,284.874,0.008,285.843,1
a4339b1b-f1d3-4598-91bb-c1f08ad70950.jpg,fist,fist,0.9998,0.960,284.874,0.008,285.843,1
6985f770-bc1a-410f-8461-ce9c70267b41.jpg,rock,rock,1.0000,0.960,284.875,0.008,285.843,1
623fb04e-55d8-4333-be9f-5bffff07efbc.jpg,fist,fist,1.0000,0.960,284.875,0.008,285.843,1
6ef1c5f0-6657-4b06-9b93-e7bd3435f088.jpg,one,one,0.9993,0.960,284.874,0.008,285.843,1
bee146c7-22f6-4763-ab4a-3e5decd4ab05.jpg,others,others,0.9960,0.960,284.874,0.008,285.843,1
34260bdd-fdb0-4bfe-b887-0eb4e3f75f02.jpg,one,one,0.9999,0.960,284.875,0.008,285.843,1
ea248d85-9848-43ba-904a-2dd47ba02f76.jpg,others,rock,0.8928,0.960,284.874,0.008,285.843,0
8f864c6e-d771-4d8c-83a0-bf56bc2036b1.jpg,others,others,0.9527,0.960,284.874,0.008,285.842,1
5d87899d-55e7-4b28-b48b-557cac01cc1b.jpg,palm,palm,1.0000,0.960,284.875,0.008,285.843,1
3e1fc57b-7d07-4839-8be8-fe294f8aca62.jpg,pinkie,pinkie,0.8089,0.960,284.874,0.008,285.843,1
1b111f73-fec4-4178-a18f-b31757eed452.jpg,rock,rock,0.9757,0.960,284.875,0.008,285.843,1
cb1737a2-8061-47c0-9ead-10a13059aa43.jpg,fist,fist,0.9994,0.960,284.875,0.008,285.843,1
9965be57-be19-4be6-987b-681fd6fe3c6e.jpg,palm,palm,0.8890,0.960,284.875,0.008,285.843,1
46ec8af6-bd95-49bd-a7c6-bc074062130b.jpg,palm,palm,1.0000,0.960,284.875,0.008,285.843,1
37d4a5ff-aa87-4ef6-ad14-2ccdc1993e68.jpg,fist,fist,0.9954,0.960,284.874,0.008,285.843,1
ee99226b-2a4a-45aa-9ae6-309df80408b1.jpg,fist,fist,1.0000,0.960,284.874,0.008,285.842,1
f1beed2b-08fc-44dc-97a5-65bb212c955c.jpg,others,others,0.9338,0.960,284.875,0.008,285.843,1
c6841297-1362-4306-9b0b-f36b0614f85c.jpg,pinkie,pinkie,1.0000,0.960,284.875,0.008,285.843,1
b7530669-be03-4ab9-b669-6435fbf245be.jpg,rock,rock,0.9825,0.960,284.875,0.008,285.843,1
97514c5d-508a-4ef2-a568-4f6810ead274.jpg,rock,rock,0.6380,0.960,284.874,0.008,285.843,1
db736169-b358-4b85-bdfd-332718c0710a.jpg,fist,fist,1.0000,0.960,284.874,0.008,285.843,1
e6c5e446-c078-402a-8513-0e6219f6e49d.jpg,one,one,0.9945,0.960,284.874,0.008,285.842,1
c2f2ab91-eba7-4d7b-b16c-788dcc0fa96c.jpg,one,one,0.8385,0.960,284.875,0.008,285.843,1
2e5501ec-e04f-42e9-8d42-c942f969f2b7.jpg,fist,fist,1.0000,0.960,284.874,0.008,285.843,1
e8f285e4-4b95-48b4-95cf-1395470579e4.jpg,fist,fist,0.9992,0.960,284.875,0.008,285.843,1
5f6a37fb-b46b-41e6-9cd4-a7bfeef65178.jpg,one,one,0.9931,0.960,284.874,0.008,285.842,1
8dc6d318-650d-4a10-9bd1-cd208d38d529.jpg,pinkie,pinkie,1.0000,0.960,284.874,0.008,285.842,1
e1259150-29ff-4b6b-a5ed-b7728e27a98b.jpg,palm,palm,1.0000,0.960,284.875,0.008,285.843,1
f07c1695-653e-424b-bb3a-852784e4ad75.jpg,one,one,0.9944,0.960,284.874,0.008,285.842,1
2d9f92f4-ba9d-400b-a490-8fd642477de8.jpg,pinkie,pinkie,0.9078,0.960,284.875,0.008,285.844,1
26eea93e-c998-4f5b-9945-307d4b00d7b7.jpg,others,others,0.9811,0.960,284.874,0.008,285.842,1
a006d717-1d59-43b7-9c36-06643df5307b.jpg,fist,fist,1.0000,0.960,284.875,0.008,285.843,1
d1965d45-44ed-4877-9326-eaca96357853.jpg,others,others,0.6545,0.960,284.874,0.008,285.843,1
cde1be35-21d4-4468-9a44-7e1d4a22691f.jpg,fist,fist,0.9996,0.960,284.874,0.008,285.842,1
f3a3cbb3-fe48-44f0-8e15-e759f655a00a.jpg,palm,palm,0.9999,0.960,284.873,0.008,285.842,1
5e01befe-4b44-48f5-bf9b-b6308e041049.jpg,one,one,0.9904,0.960,284.874,0.008,285.842,1
e1d5cc90-25d0-4c8f-8422-c653e2ae46d8.jpg,palm,palm,0.9879,0.960,284.875,0.008,285.843,1
b186e5af-cb89-4e65-850d-69c98ed97081.jpg,rock,rock,0.9783,0.960,284.874,0.008,285.842,1
204c0c8a-cb8e-4431-a504-3a9944e5daa6.jpg,fist,fist,0.9231,0.960,284.875,0.008,285.843,1
45008aef-76de-472a-97b0-394296a0fef9.jpg,rock,rock,1.0000,0.960,284.875,0.008,285.843,1
6f8f8693-ed4a-4219-9db5-da7673f5129e.jpg,pinkie,pinkie,0.9997,0.960,284.874,0.008,285.843,1
6eb3d14f-519f-4b5e-ae6b-aa73519bb070.jpg,pinkie,pinkie,0.9981,0.960,284.874,0.008,285.842,1
6bc29a94-c7ce-4648-956b-2022cdb7a82a.jpg,others,others,0.9332,0.960,284.874,0.008,285.843,1
63dc28e8-6cf3-4450-a073-67f5a6d866a3.jpg,rock,rock,0.9848,0.960,284.874,0.008,285.843,1
06029227-735a-4f34-a598-350f72eea3d4.jpg,palm,palm,0.9995,0.960,284.874,0.008,285.842,1
54b343d2-7740-4a75-ac71-1d40297b3d98.jpg,rock,rock,0.9968,0.960,284.874,0.008,285.842,1
58035486-c05f-4aed-834b-3056ed59c2d8.jpg,fist,fist,1.0000,0.960,284.874,0.008,285.842,1
9a79693a-41b5-44ee-92a4-91e9d3cde0a7.jpg,others,others,0.9995,0.960,284.875,0.008,285.843,1
17a79c51-3429-4004-bb02-1677daf2e533.jpg,palm,palm,0.9970,0.960,284.875,0.008,285.843,1
b40258e9-1d80-4edb-a582-b4164192e6b3.jpg,fist,fist,1.0000,0.960,284.874,0.008,285.842,1
acee43ad-150e-4956-8bc1-2f13496b8b38.jpg,pinkie,pinkie,0.8440,0.960,284.875,0.008,285.843,1
0e0eef44-8d73-4989-92e3-e596d15fac88.jpg,others,others,0.8885,0.960,284.875,0.008,285.843,1
216b2254-302b-4a6e-b34b-5a423c76587f.jpg,rock,rock,0.9841,0.960,284.875,0.008,285.843,1
5bb8c922-f14d-4a4d-891c-14ca96be850a.jpg,pinkie,rock,0.6481,0.960,284.874,0.008,285.842,0
3c610efe-7286-4a09-a93f-1e7297586edd.jpg,others,others,0.9893,0.960,284.875,0.008,285.843,1
d7dc8155-b2a5-4c5d-a8b7-17090d3f4faa.jpg,one,one,1.0000,0.960,284.875,0.008,285.843,1
3d5be70c-0843-4b68-938a-af874c3fdee1.jpg,others,others,0.9972,0.960,284.875,0.008,285.843,1
6737a89a-9a33-4999-8216-9186de084645.jpg,one,one,0.9972,0.960,284.874,0.008,285.843,1
0d9fad8e-631f-4b49-a270-5bf3a15c29f1.jpg,fist,fist,1.0000,0.960,284.875,0.008,285.843,1
5c53ba0c-7267-4699-a749-00609bdbe277.jpg,rock,rock,0.8707,0.960,284.875,0.008,285.843,1
33e444ea-e02e-4240-a1ba-c6a05ba2871d.jpg,others,others,0.9015,0.960,284.875,0.008,285.843,1
f635b7fa-0993-4942-870f-392a2c85a761.jpg,fist,fist,0.9998,0.960,284.874,0.008,285.842,1
76176a25-ad4c-4538-afe5-9873ca37f8d4.jpg,palm,palm,1.0000,0.960,284.874,0.008,285.842,1
c595b40d-dd70-4398-8c48-955c86e39bd4.jpg,others,fist,0.9700,0.960,284.874,0.008,285.842,0
b7eb3847-9f3f-4c07-a7ea-871d53f0da1f.jpg,rock,one,0.4558,0.960,284.875,0.008,285.843,0
31f220c7-0110-45ba-9ad5-f61bf5577270.jpg,palm,palm,1.0000,0.960,284.874,0.008,285.843,1
46d7e7b7-bcde-4e76-8e18-d3cda38f7e53.jpg,rock,rock,1.0000,0.960,284.874,0.008,285.843,1
b3ec2d8d-d83c-4a9b-97b0-aeda8276bd62.jpg,rock,pinkie,0.5683,0.960,284.874,0.008,285.842,0
9090ca94-c993-4e63-b2bb-402583e1072a.jpg,others,others,0.6898,0.960,284.875,0.008,285.843,1
c2de725b-8c02-4f75-9bef-46e069783399.jpg,palm,palm,0.9719,0.960,284.874,0.008,285.843,1
498874f2-4fac-425d-b9ac-b531b96be821.jpg,one,one,0.6430,0.960,284.874,0.008,285.843,1
12e9a2da-8559-4592-8cfd-69e0c726ae63.jpg,pinkie,pinkie,1.0000,0.960,284.875,0.008,285.843,1
72df1652-cf21-4f14-bb6e-8801259c9f10.jpg,rock,rock,0.9994,0.960,284.875,0.008,285.843,1
0e6e38df-275c-4b54-bae2-cbadfe7d8e70.jpg,others,others,0.8175,0.960,284.874,0.008,285.842,1
b9106fe8-5247-4246-944d-8de2b7047057.jpg,palm,palm,1.0000,0.960,284.875,0.008,285.843,1
8948ab47-2d31-48e0-9c74-d33ea9d5e7f8.jpg,palm,palm,0.9985,0.960,284.874,0.008,285.842,1
158fe777-4cd5-4468-beda-c9dbbdb6fa4f.jpg,rock,rock,0.7138,0.960,284.875,0.008,285.843,1
d24da8c8-a44c-428c-aba0-16c9e4773e31.jpg,rock,rock,0.7811,0.960,284.874,0.008,285.842,1
80c79495-0105-477a-8de0-0311519a1872.jpg,others,others,0.8931,0.960,284.875,0.008,285.843,1
3e3424cb-2e3e-44c4-9137-8e124da48937.jpg,pinkie,pinkie,0.9492,0.960,284.875,0.008,285.843,1
03422432-b025-4fa7-b8d2-fcfabb8d4ed5.jpg,one,one,0.9974,0.960,284.875,0.008,285.843,1
3768c4c9-7609-4ea4-8809-810f0e7d5344.jpg,one,one,0.9792,0.960,284.874,0.008,285.843,1
054ee51d-11bf-46a0-9326-329ff8c83d66.jpg,one,one,0.9627,0.960,284.875,0.008,285.843,1
f5cdccce-38cb-4448-bb9d-0722e96496f8.jpg,pinkie,pinkie,0.9997,0.960,284.875,0.008,285.843,1
86a67f69-bfbf-4396-9dac-58abec97fbc2.jpg,palm,palm,0.9929,0.960,284.874,0.008,285.842,1
668af539-169f-43bc-9581-3eb3d6e005f6.jpg,rock,rock,0.8532,0.960,284.875,0.008,285.843,1
6d948bd5-5afc-4825-98d0-776bdae6b330.jpg,pinkie,pinkie,0.9994,0.960,284.874,0.008,285.842,1
b647a1a8-9617-43b2-a202-30045cb4bc45.jpg,others,palm,0.9395,0.960,284.874,0.008,285.843,0
0f2969a7-a4ef-4530-b408-b6b10cec0667.jpg,pinkie,pinkie,0.9999,0.960,284.875,0.008,285.843,1
9a21445a-cbaa-44b2-a30e-00fd623f0020.jpg,others,pinkie,0.3387,0.960,284.874,0.008,285.842,0
103c6192-3e34-42c7-8483-cb9416f36f27.jpg,one,one,0.9910,0.960,284.875,0.008,285.843,1
2cb8ff34-65e9-4bc3-90c2-69c3892efa71.jpg,others,others,0.9648,0.960,284.875,0.008,285.843,1
22acf679-3b6f-4f36-8573-881f156c88c1.jpg,rock,rock,0.8019,0.960,284.874,0.008,285.843,1
87c5704c-7d65-48e2-951a-ab6d481331fc.jpg,palm,palm,1.0000,0.960,284.874,0.008,285.842,1
857e8c2b-65b4-4ed2-8e99-53b5bf3c6783.jpg,fist,fist,1.0000,0.960,284.874,0.008,285.842,1
5eb1db4f-44c0-40d6-8dc2-99f2d1004f5f.jpg,others,others,0.9419,0.960,284.874,0.008,285.843,1
b34010f8-cacf-4e97-bca1-43a108b16ea5.jpg,one,one,0.9986,0.960,284.874,0.008,285.842,1
ab1fa898-95ab-49d9-a2a5-cbf93e531f1d.jpg,fist,fist,1.0000,0.960,284.874,0.008,285.842,1
ad0f45db-a38f-4657-86ac-8117c3c39f7a.jpg,one,one,0.9996,0.960,284.875,0.008,285.843,1
e94fa10b-9674-4d07-83e4-486075d1796f.jpg,others,others,0.9985,0.960,284.874,0.008,285.843,1
0844b501-2e6f-4227-a8b5-7ae5554d8970.jpg,fist,fist,1.0000,0.960,284.874,0.008,285.842,1
7cfce283-b9d0-414b-9e8b-519443d72194.jpg,pinkie,pinkie,1.0000,0.960,284.874,0.008,285.842,1
f1bf78e3-61f6-4eb2-b674-ccf69c30f037.jpg,rock,rock,0.9998,0.960,284.875,0.008,285.843,1
e7ef7490-e80a-4c2d-a5b4-538d2121b397.jpg,one,others,0.8156,0.960,284.875,0.008,285.843,0
d1f1f216-c762-43c1-907e-bf57f2ac6d26.jpg,rock,rock,1.0000,0.960,284.874,0.008,285.843,1
027333c2-0a3a-40ac-8229-d6a2599f6786.jpg,rock,rock,1.0000,0.960,284.875,0.008,285.843,1
61a4c44a-8108-41f9-a9c1-d93bc2a4be1d.jpg,fist,fist,1.0000,0.960,284.875,0.008,285.843,1
becd8e96-15d2-470d-837a-3ba79d40a9a1.jpg,pinkie,pinkie,0.9992,0.960,284.875,0.008,285.843,1
e0d89443-ccac-4e48-aca8-ac34e36a6b3b.jpg,pinkie,pinkie,0.9994,0.960,284.874,0.008,285.842,1
9dacc71f-fc1a-4ada-9b97-89895ff75d36.jpg,others,others,0.9049,0.960,284.875,0.008,285.843,1
dfec5a6e-55c7-4763-8a02-422baa3f217e.jpg,rock,rock,1.0000,0.960,284.874,0.008,285.843,1
ddd5bd22-1964-480f-9d20-f55bf475e6f5.jpg,one,one,1.0000,0.960,284.875,0.008,285.843,1
570b82ef-a4ea-4e7c-a72f-5fadf8e81ee0.jpg,pinkie,pinkie,0.9676,0.960,284.874,0.008,285.843,1
ba751574-22c9-41c9-94d9-790e5ca93be7.jpg,others,one,0.3277,0.960,284.875,0.007,285.842,0
6f68aa4c-06ae-4473-a198-377e0ce3302b.jpg,rock,rock,0.9997,0.960,284.874,0.008,285.842,1
f7778d26-1f68-4544-b7f1-323cd83c414d.jpg,fist,fist,1.0000,0.960,284.874,0.008,285.842,1
c280686e-c4bc-40cc-9e1d-c9971df3e278.jpg,fist,fist,1.0000,0.960,284.874,0.008,285.843,1
cb5aab4d-2cdb-4678-9393-3ac13c0ca732.jpg,palm,palm,0.9978,0.960,284.874,0.008,285.842,1
e6070f20-9610-43da-b97c-e57add1988e5.jpg,fist,fist,0.9050,0.960,284.874,0.008,285.842,1
5cc2df62-3784-49c1-85b8-3518052be5ba.jpg,fist,fist,0.9999,0.960,284.875,0.008,285.843,1
66f6ddd3-8ec0-4648-8e98-075e5724439f.jpg,palm,palm,0.9999,0.960,284.875,0.008,285.843,1
1b93d881-c736-4a3a-aef8-6dff198bbdaa.jpg,one,one,0.9973,0.960,284.874,0.008,285.843,1
99127cd7-8c0a-4935-a057-ad86bb394221.jpg,one,one,0.9919,0.960,284.874,0.008,285.842,1
bfd01afe-4bd0-4c49-bc56-1f7389723423.jpg,rock,rock,0.8833,0.960,284.875,0.008,285.843,1
249b15d8-efeb-4c75-a35e-e41e768f02de.jpg,one,one,0.9999,0.960,284.874,0.008,285.843,1
0c3d867d-4cd6-4af8-84d8-8e151be9a05f.jpg,one,one,0.7477,0.960,284.875,0.008,285.843,1
1c0c1a87-4916-4b41-9925-7436f5a8abe7.jpg,one,one,0.9992,0.960,284.874,0.008,285.842,1
84ecbc71-6905-4d2e-991b-1ff9972f5366.jpg,pinkie,pinkie,0.9999,0.960,284.875,0.008,285.843,1
51d34976-a95e-4475-91ee-e8d45276c971.jpg,others,others,0.4449,0.960,284.874,0.008,285.842,1
6a72bbb6-1735-4d40-a3f0-b26c6903305d.jpg,rock,rock,0.8988,0.960,284.874,0.008,285.842,1
6f88b6dd-ac77-4c79-8633-800e1731449d.jpg,fist,fist,1.0000,0.960,284.875,0.008,285.843,1
fbf863c8-7009-41b3-90a4-186dc52bac1f.jpg,palm,palm,0.8943,0.960,284.875,0.008,285.843,1
082bdfee-a9c7-4d87-8335-43050aa93dd7.jpg,rock,rock,1.0000,0.960,284.875,0.008,285.843,1
77eaaf73-2d18-44c9-8bc1-ef32df833a2d.jpg,rock,rock,0.6552,0.960,284.874,0.008,285.842,1
7aadd0b7-848f-4b71-93f9-16b703936303.jpg,fist,fist,0.9991,0.960,284.874,0.008,285.843,1
7afd733f-7095-4946-8869-11aa352a22d5.jpg,rock,rock,0.7932,0.960,284.875,0.008,285.843,1
6524040b-7892-43fa-8288-e3632a1ecfa5.jpg,palm,palm,0.9998,0.960,284.875,0.008,285.843,1
81a57cdb-f919-44a2-aa15-9b4e0b3c9dbb.jpg,palm,palm,0.9998,0.960,284.874,0.008,285.843,1
83d6de0d-2182-4767-b5c6-6dc6e7ae5fff.jpg,palm,palm,0.9999,0.960,284.875,0.008,285.843,1
240d00a4-2963-481d-be0a-4f8d9f807562.jpg,one,one,1.0000,0.960,284.875,0.008,285.843,1
4c7c0e93-2515-46d5-a18d-1a81e7ff5e8b.jpg,fist,fist,0.9999,0.960,284.874,0.008,285.843,1
b63ba8cd-cc6d-4d67-aa5b-99b9874fa8d9.jpg,fist,fist,1.0000,0.960,284.875,0.008,285.843,1
21fdec22-21e8-434e-b623-fc35fc10b763.jpg,one,one,0.9973,0.960,284.874,0.008,285.843,1
5b80f612-a4f4-4e31-927d-ea7571a1cde2.jpg,one,one,0.9976,0.960,284.874,0.008,285.843,1
f0053d83-a84f-4a2d-b538-97b311292a24.jpg,palm,palm,1.0000,0.960,284.874,0.008,285.843,1
15c20cbd-c60e-490b-83f1-6d0e4f5d7f1f.jpg,rock,rock,0.9965,0.960,284.875,0.008,285.843,1
638a73e1-2e74-487c-af56-096cf3838cb9.jpg,pinkie,pinkie,0.8239,0.960,284.874,0.008,285.842,1
708038e2-3ea0-4224-af77-d07ac2bbb958.jpg,palm,palm,1.0000,0.960,284.875,0.008,285.843,1
0ab67a73-6d0d-47ad-9ad9-12bdd6551777.jpg,others,others,0.9955,0.960,284.875,0.008,285.843,1
bab56755-b733-4fee-b520-c9db1fb15ea8.jpg,palm,palm,0.9998,0.960,284.875,0.008,285.843,1
240740a4-2dce-4e44-b067-75fd7ef64896.jpg,rock,rock,0.9904,0.960,284.874,0.008,285.843,1
40b4d197-6cff-4c12-9f60-cc9a319ebe8d.jpg,one,one,0.9766,0.960,284.875,0.008,285.843,1
f3869900-4cf6-43ef-83e1-ed20acbd8b5a.jpg,one,one,0.9998,0.960,284.874,0.008,285.843,1
d3721b31-fa4a-40f9-81f1-9bf993185c78.jpg,one,one,0.9941,0.960,284.874,0.008,285.842,1
caa1de42-3bbe-44dc-8f7c-fb96bdbcfa1b.jpg,one,one,0.9999,0.960,284.874,0.008,285.843,1
08dba479-3314-4f24-8621-6a866029f279.jpg,palm,palm,1.0000,0.960,284.874,0.008,285.843,1
cdd3ddd5-29f4-4d5c-bdfd-a9c63f095c5b.jpg,palm,palm,0.9306,0.960,284.875,0.008,285.843,1
b9dfec7a-a5c9-424e-8af5-2441c6437f71.jpg,one,one,1.0000,0.960,284.874,0.008,285.842,1
e5aa436d-2a6c-4d0d-acd6-ca4f6aa62e72.jpg,one,one,0.9875,0.960,284.875,0.008,285.843,1
8beb33cf-176c-40bb-8680-7913a3a85f6c.jpg,one,one,0.9998,0.960,284.874,0.008,285.843,1
c4d71213-e63a-484a-9837-3fd11db312ca.jpg,palm,palm,0.9999,0.960,284.875,0.008,285.843,1
af4a1b3d-2afa-4699-8346-c2c66d5f72f6.jpg,others,others,0.9697,0.960,284.874,0.008,285.842,1
5bdf5747-4511-4583-a256-5c2ecdc64120.jpg,fist,fist,1.0000,0.960,284.875,0.008,285.843,1
05f0116f-094f-4062-aca0-6789ad40b846.jpg,fist,fist,0.9999,0.960,284.874,0.008,285.842,1
cb82f453-284d-484b-a177-15cd201da171.jpg,palm,palm,0.9720,0.960,284.875,0.008,285.843,1
4346498d-8516-4d73-9ae2-92e84b37a9ad.jpg,palm,palm,0.9576,0.960,284.874,0.008,285.843,1
ba2fe5ed-1324-4b52-a517-a681747f4755.jpg,one,one,0.6155,0.960,284.875,0.008,285.843,1
6f376cce-c28b-4e6f-8755-f1925541f681.jpg,rock,rock,0.9015,0.960,284.874,0.008,285.842,1
3d940331-d289-4fd3-b0bd-a65545ceba24.jpg,palm,palm,0.9995,0.960,284.874,0.008,285.843,1
0af803b5-695f-41d9-9aa7-12d3d9925189.jpg,rock,rock,0.9999,0.960,284.874,0.008,285.842,1
c1f5c4c8-eeca-4672-8aca-0358fa583c65.jpg,one,one,1.0000,0.960,284.875,0.008,285.843,1
8abaf2a6-b70b-40da-9390-e0f073597d3f.jpg,one,one,0.8573,0.960,284.874,0.008,285.843,1
2ad1aac4-4197-4af9-b126-62fa9f90288b.jpg,rock,rock,0.9987,0.960,284.875,0.008,285.843,1
be5e215f-e24d-479c-926f-6918178a5d18.jpg,fist,fist,1.0000,0.960,284.875,0.008,285.843,1
7f164a9d-7ca6-441d-8d1c-1d6a4fe9ac7a.jpg,pinkie,pinkie,0.9889,0.960,284.875,0.008,285.843,1
466bfc68-9def-4ff7-82f3-4955d31f207b.jpg,one,one,0.9952,0.960,284.874,0.008,285.843,1
aca97529-ae7f-4323-85e4-81607fb7270a.jpg,one,one,0.9780,0.960,284.874,0.008,285.842,1
036b0f62-b328-4e94-bde2-2e0bf212d574.jpg,one,one,1.0000,0.960,284.875,0.008,285.843,1
273c44e2-e334-48dd-9fa1-a80e434b5b07.jpg,rock,rock,0.6942,0.960,284.874,0.008,285.842,1
288b9229-3119-441b-bc63-37b6c022d9e8.jpg,others,others,0.9556,0.960,284.874,0.008,285.842,1
af414a8e-5418-40e1-9986-069b34ae9080.jpg,others,others,0.6031,0.960,284.874,0.008,285.842,1
9f85d218-1208-4924-8f9c-6f62b21f9231.jpg,palm,palm,0.9967,0.960,284.875,0.008,285.843,1
1a1e28c6-9137-4429-853b-472c29d6fe76.jpg,others,others,0.9299,0.960,284.874,0.008,285.843,1
89221182-dcc8-49c0-aa1e-b038d4135b9e.jpg,palm,palm,1.0000,0.960,284.874,0.008,285.843,1
26b368ca-cffa-43cc-8a78-141956be93d2.jpg,rock,rock,0.9999,0.960,284.875,0.008,285.843,1
15cb4e8b-ba1d-46f1-8456-247016a599a4.jpg,rock,rock,0.9881,0.960,284.875,0.008,285.843,1
2354f7c5-9404-4a96-ab40-00b290524a93.jpg,rock,rock,0.9563,0.960,284.875,0.008,285.843,1
ce70ddd3-2b6d-4fda-bae0-0caa801b58a0.jpg,fist,fist,1.0000,0.960,284.875,0.008,285.843,1
b7885b89-c133-43c4-bbe4-5fa852d2f346.jpg,pinkie,others,0.9119,0.960,284.874,0.008,285.842,0
14c9d83c-c781-494a-af82-e01760614dad.jpg,rock,rock,0.9942,0.960,284.875,0.008,285.843,1
4fd28300-1447-4f32-b2cf-5d3861d56db8.jpg,fist,fist,0.9931,0.960,284.874,0.008,285.842,1
d378199a-d41d-4117-a61e-341e308469ff.jpg,one,one,0.8392,0.960,284.874,0.008,285.843,1
b524e922-ec6e-4e24-becd-96e5a1913cc3.jpg,fist,fist,1.0000,0.960,284.874,0.008,285.842,1
5efcee92-0c1e-4e7f-a52c-882b52506015.jpg,others,one,0.6338,0.960,284.875,0.008,285.843,0
fa513d33-dd68-4271-b749-37d10a608750.jpg,one,one,1.0000,0.960,284.875,0.008,285.843,1
12d988b2-84f7-4211-b658-0fcef9b99984.jpg,others,one,0.9170,0.960,284.875,0.008,285.843,0
d590e71e-6207-4428-8d84-21908979b2d8.jpg,one,one,0.9726,0.960,284.875,0.008,285.843,1
3a0e09eb-25d5-4cd5-8753-14afad09e646.jpg,fist,fist,0.9989,0.960,284.874,0.008,285.843,1
da07bcf0-3aee-4feb-b5af-8bf661f31ec1.jpg,others,others,0.6978,0.960,284.874,0.008,285.842,1
f99471bd-5a8b-45fe-be00-ba7ba96134fe.jpg,rock,rock,0.9997,0.960,284.874,0.008,285.842,1
a2359918-397e-4f13-b646-8ce50c678d03.jpg,pinkie,pinkie,0.9976,0.960,284.875,0.008,285.843,1
55790c5c-d8ec-49cc-9b70-c2f0bc9ebaba.jpg,pinkie,pinkie,1.0000,0.960,284.875,0.008,285.843,1
8a833344-e30e-4665-b0dc-d63e2b64f940.jpg,palm,palm,1.0000,0.960,284.875,0.008,285.843,1
b7dfd7d7-af04-43a8-9b31-651f9b3c2c9b.jpg,palm,palm,0.8461,0.960,284.874,0.008,285.842,1
8a0744df-7890-4e0b-80aa-db00b3a1dba0.jpg,rock,rock,0.9974,0.960,284.875,0.008,285.843,1
a35074d7-b758-4893-a125-eb74bfd1a537.jpg,palm,palm,1.0000,0.960,284.875,0.008,285.843,1
0ccd32aa-d8b1-4574-8f89-ab47c7bf86dc.jpg,pinkie,pinkie,0.9999,0.960,284.874,0.008,285.842,1
b445a444-b450-4ac4-a242-65e140a50087.jpg,one,one,0.9481,0.960,284.875,0.008,285.843,1
ba923273-51ac-4fca-b3dd-9d38d8e36d00.jpg,palm,palm,0.9978,0.960,284.875,0.008,285.843,1
d55d871a-9d95-4605-bcec-5b865577bbc7.jpg,rock,rock,0.9992,0.960,284.875,0.008,285.843,1
ca1108c0-f36c-45f8-b5f3-65900057a5dd.jpg,rock,pinkie,0.5186,0.960,284.874,0.008,285.843,0
aea1ca29-dc1d-4478-aaf7-7ae1f778f6cc.jpg,others,others,0.8984,0.960,284.874,0.008,285.842,1
8ce3f869-a0ed-4993-8884-5128ee8abbe5.jpg,one,one,0.9931,0.960,284.874,0.008,285.843,1
322c738c-7782-4a61-b671-59a01161949d.jpg,rock,rock,1.0000,0.960,284.875,0.008,285.843,1
64eb650a-1ad8-4f30-8eb6-0c65c4d4a98d.jpg,others,others,0.7790,0.960,284.874,0.008,285.842,1
870cafc8-e65b-4fa3-b28e-64ece89f42fc.jpg,others,others,0.8495,0.960,284.874,0.008,285.842,1
8b738ec2-bd56-4527-811f-58ff846f0b70.jpg,palm,palm,0.9948,0.960,284.875,0.008,285.843,1
6dd9a668-14fe-45d3-8a2f-bcb5e9c1e0ed.jpg,palm,palm,0.9721,0.960,284.874,0.008,285.843,1
25fd34d1-3daf-4ebd-adf8-b6076f3fc974.jpg,one,one,0.9969,0.960,284.874,0.008,285.842,1
98331104-f3c9-4736-8988-557239ec367b.jpg,pinkie,pinkie,0.9995,0.960,284.874,0.008,285.843,1
a3366605-6207-47f9-8310-053534e5dde9.jpg,one,one,0.9998,0.960,284.874,0.008,285.842,1
6ca9feaa-b3de-4b7e-84d2-1cdc8feb6df9.jpg,rock,rock,1.0000,0.960,284.875,0.008,285.843,1
2dd64f8e-69e4-4a7c-add8-94a1b9b264b1.jpg,fist,fist,0.9998,0.960,284.875,0.008,285.843,1
045621c2-8e1c-48a4-868c-d76450bab7df.jpg,fist,fist,1.0000,0.960,284.875,0.008,285.843,1
bc5bcb47-f478-4cbc-9442-7c6b59408180.jpg,rock,rock,0.9952,0.960,284.875,0.008,285.843,1
27ed49ec-3dfb-479f-917d-11e9027a51fb.jpg,fist,fist,0.7918,0.960,284.875,0.008,285.843,1
a2540b3c-4d7a-400f-9edb-16e9d71e4930.jpg,rock,others,0.6660,0.960,284.874,0.008,285.843,0
7a6c3f42-2260-48db-bedc-fee60fbbe3ff.jpg,palm,palm,1.0000,0.960,284.874,0.008,285.843,1
a7a8a8a6-c24d-4e0c-b76f-882960b1ea50.jpg,pinkie,pinkie,0.9849,0.960,284.874,0.008,285.842,1
eb65d4ea-92a3-4910-ac6d-22f3b1539041.jpg,rock,rock,0.5057,0.960,284.874,0.008,285.842,1
ea5d8705-9edc-441f-bb16-863cf4aa5b63.jpg,pinkie,pinkie,0.9997,0.960,284.875,0.008,285.843,1
4e0ce953-12c7-468b-bc3c-fda9adfd0236.jpg,others,others,0.9918,0.960,284.874,0.008,285.842,1
daf554b7-e80a-4644-a839-1d63dfac9d43.jpg,palm,palm,1.0000,0.960,284.874,0.008,285.843,1
8103c250-ea29-4e91-acfa-41a70c207842.jpg,pinkie,pinkie,1.0000,0.960,284.874,0.008,285.842,1
e281e4e2-6c52-47eb-908e-4da8a18e6507.jpg,fist,fist,1.0000,0.960,284.874,0.008,285.842,1
247126ee-94ae-4d69-9005-6d8debe6c42a.jpg,fist,fist,0.9998,0.960,284.874,0.008,285.843,1
2e433868-09bc-428e-9622-3f56518b5306.jpg,fist,fist,0.9999,0.960,284.875,0.008,285.843,1
7d855b7c-3807-4de9-a525-0634144cf231.jpg,palm,palm,0.9981,0.960,284.874,0.008,285.843,1
b2587ac1-1c1a-4415-b9ca-bc78b79df91b.jpg,rock,rock,1.0000,0.960,284.874,0.008,285.842,1
143d2ff1-0d93-4111-8cba-66713999a0b6.jpg,fist,fist,0.9987,0.960,284.875,0.008,285.843,1
bba194c1-4ae5-45bd-a314-b21e6a1c784a.jpg,fist,fist,1.0000,0.960,284.875,0.008,285.843,1
58fa8583-a80a-4004-8216-b3a1e50bc0f3.jpg,palm,palm,0.9999,0.960,284.875,0.008,285.843,1
be70c1a5-ce30-4744-9ca5-dffba5c14223.jpg,fist,fist,1.0000,0.960,284.874,0.008,285.843,1
19f3a5a8-48f2-4d8f-8bfe-42e00ab43816.jpg,palm,palm,0.9931,0.960,284.875,0.008,285.843,1
dc4e6813-0453-4a06-a569-02fa4458b29f.jpg,rock,others,0.5751,0.960,284.874,0.008,285.843,0
c81bd725-0346-48e3-b768-885d79f758e1.jpg,one,one,0.8616,0.960,284.874,0.008,285.843,1
eb176c73-4c58-4fed-a885-7ac707ececcc.jpg,palm,palm,0.9940,0.960,284.875,0.008,285.843,1
83e377ea-1764-401e-9345-b60067943ab7.jpg,pinkie,pinkie,1.0000,0.960,284.874,0.008,285.843,1
84773b0b-6788-4697-9c06-f22fd089e3c3.jpg,rock,rock,0.9984,0.960,284.875,0.008,285.843,1
da265cf3-bd50-4a9c-a0d5-88b9133ac180.jpg,others,others,0.5705,0.960,284.875,0.008,285.843,1
19a41965-3216-4c3a-af78-85e122b21e0c.jpg,pinkie,one,0.4327,0.960,284.874,0.008,285.842,0
cfaf42f5-7dc3-4f33-b037-58d72e956eae.jpg,rock,rock,0.9998,0.960,284.875,0.008,285.843,1
a71c9a03-ef8a-483b-8e83-a20a072424fe.jpg,others,one,0.8817,0.960,284.874,0.008,285.843,0
8480ea1f-51d9-453e-a924-e7855c9b159d.jpg,fist,fist,0.9588,0.960,284.874,0.008,285.843,1
45d11bcd-52c1-41c8-affd-fcb2726b4401.jpg,fist,fist,0.9997,0.960,284.874,0.008,285.843,1
b314f968-43cb-46a6-9a12-ccec1d29ac90.jpg,pinkie,others,0.6670,0.960,284.875,0.008,285.843,0
bda009b9-869f-43fd-826a-ca31a3d3ed31.jpg,rock,rock,0.9998,0.960,284.874,0.008,285.842,1
bfdace69-e5ef-4dfb-b22c-f668b748b2cd.jpg,one,one,0.8436,0.960,284.875,0.008,285.843,1
93b3ea00-b624-4e9e-b355-1307cac07d96.jpg,rock,rock,0.9954,0.960,284.874,0.008,285.842,1
59b0ca80-7611-4ac7-8fcc-aaec16c377d1.jpg,others,others,0.8015,0.960,284.875,0.008,285.843,1
16cfd27f-40f8-4339-8073-30739133744a.jpg,others,rock,0.5371,0.960,284.874,0.008,285.842,0
c39c0301-d0ed-4d34-97a0-84c93dd0f515.jpg,fist,fist,0.8015,0.960,284.874,0.008,285.843,1
16bbf3af-460a-423b-9152-62a1f35baad8.jpg,pinkie,pinkie,0.9997,0.960,284.875,0.008,285.843,1
0bb5a819-d61d-4736-b700-9fd64a07313f.jpg,palm,palm,0.9999,0.960,284.874,0.008,285.842,1
63c0e719-cd57-4f6d-8be3-2797c0c8eec1.jpg,one,one,1.0000,0.960,284.875,0.008,285.843,1
93b41f1d-9d05-4fda-b86a-ea043c2b2182.jpg,palm,palm,1.0000,0.960,284.874,0.008,285.843,1
99029d7f-bfa0-4c1f-886e-678f2a41aee9.jpg,pinkie,pinkie,0.9999,0.960,284.874,0.008,285.842,1
ea5f13d5-957a-45b1-aab4-f376e8d6afbb.jpg,pinkie,pinkie,1.0000,0.960,284.874,0.008,285.842,1
9c8d829e-566c-4b73-bb46-8e7662068763.jpg,rock,rock,0.9827,0.960,284.875,0.008,285.843,1
1a780d65-8e53-4807-9b91-114a086d0b55.jpg,rock,rock,1.0000,0.960,284.874,0.008,285.843,1
aab649ce-ecd4-44ce-8002-bbc833212c6d.jpg,palm,palm,1.0000,0.960,284.874,0.008,285.842,1
95a0b61a-70b2-44c9-a27e-ed629d680acc.jpg,rock,rock,1.0000,0.960,284.875,0.008,285.843,1
bae33590-3800-43b8-9217-4695c652230e.jpg,one,one,0.9751,0.960,284.875,0.008,285.843,1
1829ee83-537f-4fa1-a588-601f158c970a.jpg,one,one,0.5339,0.960,284.875,0.008,285.843,1
ef79d115-8b15-42cb-a722-0bc2200aff2a.jpg,others,others,0.7969,0.960,284.874,0.008,285.842,1
9a676f9f-f172-4751-bbcd-c070ea425c38.jpg,palm,palm,0.9999,0.960,284.874,0.008,285.843,1
f3e77570-a983-464a-8d77-eef190ae5a9c.jpg,fist,fist,1.0000,0.960,284.875,0.008,285.843,1
5663d71b-e8e5-489f-b69a-5c8ccd95e517.jpg,pinkie,pinkie,0.9972,0.960,284.874,0.008,285.842,1
3e82f421-10c3-4981-bb93-114205a5e7fe.jpg,fist,fist,1.0000,0.960,284.874,0.008,285.843,1
06676c57-c7fd-4490-beac-73b24538fd8a.jpg,fist,fist,1.0000,0.960,284.874,0.008,285.843,1
7d88f6d9-06b5-46f1-9462-b8a13855d258.jpg,rock,rock,1.0000,0.960,284.874,0.008,285.843,1
dfe5579d-ad3a-43f8-bb3b-9c9b7427c232.jpg,others,others,0.8804,0.960,284.875,0.008,285.843,1
29c739f8-c928-45b6-baec-5748561bacc3.jpg,fist,fist,1.0000,0.960,284.874,0.008,285.842,1
c4ccc3fa-9c86-44bf-ac44-3fe162e87f2a.jpg,pinkie,rock,0.9945,0.960,284.875,0.008,285.843,0
dbeffa57-4acb-4a0e-8f83-7580341d0bf7.jpg,rock,rock,0.9988,0.960,284.875,0.008,285.843,1
68de49ef-f96b-4997-9b54-d751f1e33ac9.jpg,fist,fist,0.9993,0.960,284.875,0.008,285.843,1
599c30af-dd77-4855-9082-63032325e149.jpg,others,others,0.8464,0.960,284.874,0.008,285.842,1
f6c1e3ec-a278-4065-bdf9-e669401f5cf3.jpg,pinkie,pinkie,0.9999,0.960,284.874,0.008,285.842,1
2d49c459-9052-4172-9754-88d42a21a61b.jpg,pinkie,pinkie,1.0000,0.960,284.875,0.008,285.843,1
ab610edc-027d-496f-846f-06e4ceae269f.jpg,pinkie,pinkie,0.9942,0.960,284.875,0.008,285.843,1
1a89bdac-f881-4eaa-8a4e-94e2226a3cca.jpg,pinkie,pinkie,0.9999,0.960,284.874,0.008,285.842,1
b28977b4-0b56-4f28-beda-9179f017e683.jpg,fist,fist,0.9963,0.960,284.874,0.008,285.843,1
e1cadc7d-36f8-4f98-8e8e-2c141c268dd7.jpg,one,one,0.9978,0.960,284.874,0.008,285.843,1
2a3c0f7c-f875-4752-8a1d-50dc448aa7b8.jpg,others,others,0.9513,0.960,284.875,0.008,285.843,1
c2021d90-e56a-4a55-b0d6-b542d68c10f8.jpg,palm,palm,1.0000,0.960,284.875,0.008,285.843,1
7452fc02-7c20-418b-8ff3-ff69fadb41da.jpg,one,one,0.9941,0.960,284.874,0.008,285.842,1
bd73add5-5d4b-4a7b-ab9c-26adf5d03b54.jpg,one,one,0.5128,0.960,284.875,0.008,285.843,1
b48d84db-72de-4aac-a378-800aca0b78db.jpg,pinkie,pinkie,0.9951,0.960,284.875,0.008,285.843,1
0ba438e1-b48c-436e-a89b-8e49e3cc24e7.jpg,rock,rock,1.0000,0.960,284.875,0.008,285.843,1
1779cc89-5c12-4788-8210-b4677961d59f.jpg,fist,fist,1.0000,0.960,284.875,0.008,285.843,1
1d291cd8-848f-4475-bed1-2b5718df58f4.jpg,rock,others,0.3379,0.960,284.875,0.008,285.843,0
c3c83cad-06f9-4607-befe-bc7b47fe9125.jpg,one,one,0.9494,0.960,284.875,0.008,285.843,1
32e072e6-7f11-43d1-ac97-ee66d7bf9fff.jpg,palm,palm,0.6016,0.960,284.875,0.008,285.843,1
7149dcbc-a2fc-416c-a581-99790b320f23.jpg,pinkie,pinkie,0.9661,0.960,284.874,0.008,285.843,1
3577c382-72e7-4111-b97a-cd157fe6615c.jpg,pinkie,pinkie,1.0000,0.960,284.874,0.008,285.842,1
8c97f6fd-f4cb-463a-b611-745fb3df7b11.jpg,one,one,0.9999,0.960,284.875,0.008,285.843,1
d8c8bc7d-2b78-41e3-9b43-ef03cbdf910f.jpg,rock,rock,0.9502,0.960,284.874,0.008,285.842,1
b65a3204-2fb0-4afa-8aba-eccaafc142c5.jpg,others,others,0.9677,0.960,284.874,0.008,285.842,1
24edaf31-1406-4ed0-963b-6d61c8440600.jpg,one,one,0.4464,0.960,284.874,0.007,285.841,1
f36420d8-2ae3-4cc7-aff7-ffdbf52c2008.jpg,palm,palm,0.9993,0.960,284.874,0.008,285.842,1
fa5d6885-b65a-4275-ad1d-9857f0975d85.jpg,fist,fist,1.0000,0.960,284.875,0.008,285.843,1
2067852e-b6fc-4c70-ba7c-04dbd64b6bb8.jpg,fist,fist,1.0000,0.960,284.875,0.008,285.843,1
35278f67-833e-4b40-8927-261cde6a51a2.jpg,one,one,1.0000,0.960,284.875,0.008,285.843,1
2a4a02aa-16d9-4ade-9267-a9ed3383a0f1.jpg,pinkie,pinkie,0.9999,0.960,284.874,0.008,285.842,1
b4d338ee-8f3e-47d3-8350-b6303f1de634.jpg,others,one,0.4093,0.960,284.874,0.008,285.842,0
c35ab8b8-4442-4525-bb14-a6eb138ac50e.jpg,one,one,0.9973,0.960,284.875,0.008,285.843,1
d7c1374d-b31a-4162-b349-b5f68bafe65e.jpg,fist,fist,1.0000,0.960,284.874,0.008,285.843,1
7a0cab78-7bff-410a-8bbf-070f1aa6f49a.jpg,pinkie,pinkie,0.9871,0.960,284.875,0.008,285.843,1
6a7bd618-8530-46e1-990b-604393a38a00.jpg,palm,palm,0.9999,0.960,284.875,0.008,285.843,1
536a2cb3-aea7-4248-94d0-883e71fc2dea.jpg,fist,fist,0.9999,0.960,284.874,0.008,285.842,1
8ea04e9d-b0ee-4e89-93ed-a144e19808eb.jpg,fist,fist,1.0000,0.960,284.875,0.008,285.843,1
c26464d7-73e3-4ef6-8634-3107d126320b.jpg,palm,palm,0.9744,0.960,284.874,0.008,285.843,1
bd0a9ea4-c668-4022-a47a-552aa5547750.jpg,fist,fist,1.0000,0.960,284.874,0.008,285.842,1
e53ae44c-3db9-4958-b23a-9add78193c7a.jpg,fist,fist,0.9933,0.960,284.874,0.008,285.842,1
c1044aff-50d5-4fa5-9207-042bf9f038e5.jpg,palm,palm,0.9992,0.960,284.874,0.008,285.842,1
9d6fd94c-5c2b-4047-922e-97ebea2cbca1.jpg,rock,rock,0.9997,0.960,284.874,0.008,285.842,1
ad54779b-1cd6-440f-9dd1-6c7aae1b280a.jpg,pinkie,pinkie,0.5828,0.960,284.875,0.008,285.843,1
8358f25a-29e1-4e00-bf65-b808f45d0db5.jpg,others,others,0.9633,0.960,284.874,0.008,285.842,1
4ca42928-a06e-4f2c-9df0-67df349b8440.jpg,one,one,0.9893,0.960,284.875,0.008,285.843,1
ec878db1-5cb6-4331-aed4-9655ffb8e089.jpg,rock,rock,0.9072,0.960,284.874,0.008,285.843,1
b29ab021-4597-4eec-95f3-b91f4a335115.jpg,fist,fist,0.9999,0.960,284.875,0.008,285.843,1
22629d3c-07fc-44eb-ab08-6e8531d659ea.jpg,one,one,1.0000,0.960,284.874,0.008,285.843,1
b9cf13c6-ab38-4a43-8ea9-ee14cb3aed03.jpg,others,others,0.9334,0.960,284.875,0.008,285.843,1
0d41a381-dcac-4ede-ada4-e266c0d460f8.jpg,others,others,0.8331,0.960,284.875,0.008,285.843,1
b95cdb8b-2b8c-49ea-a9a9-a2dcc7d33917.jpg,palm,palm,0.9974,0.960,284.874,0.008,285.843,1
e05c997a-e311-4a9b-9f87-c8f1ecacb05c.jpg,one,one,0.9999,0.960,284.874,0.008,285.842,1
ffbb3db5-2787-46f0-8ff0-d466f7026fb3.jpg,fist,fist,1.0000,0.960,284.874,0.008,285.842,1
b96df234-21aa-450f-b244-b9d55cfd6229.jpg,one,one,0.9998,0.960,284.874,0.008,285.842,1
a92143e7-ad63-4023-b559-a0af14a3b3bb.jpg,one,one,1.0000,0.960,284.874,0.008,285.843,1
dc2d5ce7-5677-4655-b406-13f711a52542.jpg,palm,palm,0.9966,0.960,284.874,0.008,285.842,1
c46ec1b7-da25-4a30-90f9-06145681e7d1.jpg,palm,palm,0.9989,0.960,284.875,0.008,285.843,1
d59d9c64-1238-42e7-a5ba-a15d1a894ab3.jpg,pinkie,pinkie,0.8009,0.960,284.874,0.008,285.842,1
8d5c0ec3-ae71-44e9-97d0-7392817a2fc2.jpg,one,one,0.5399,0.960,284.874,0.008,285.842,1
bdf48733-040c-4d19-b2ec-5ba83c71ca98.jpg,palm,palm,0.9996,0.960,284.874,0.008,285.843,1
2060fbc3-2706-4b91-bdd1-5be9354f4aa7.jpg,fist,fist,0.9999,0.960,284.875,0.008,285.843,1
6856d097-1ef9-4896-9bdf-2e72ea195dda.jpg,rock,rock,0.9987,0.960,284.874,0.008,285.842,1
b1eca07b-2592-400f-9129-7a5498ff7d74.jpg,one,one,1.0000,0.960,284.875,0.008,285.843,1
5f25d0e2-426b-4ef0-87be-14cd03747fff.jpg,pinkie,pinkie,1.0000,0.960,284.874,0.008,285.843,1
959e687f-889d-4bf6-b52e-70b79fc04c01.jpg,rock,rock,0.9988,0.960,284.875,0.008,285.843,1
6011fc35-71a6-4d07-973a-04b8a30b1a24.jpg,palm,palm,0.9974,0.960,284.874,0.008,285.842,1
5b3daef9-7c77-4941-9b39-d2d70410a6ca.jpg,one,one,0.9874,0.960,284.875,0.008,285.843,1
9c91e049-9069-4e82-abe7-d6a1c299a6d3.jpg,fist,fist,0.9995,0.960,284.874,0.008,285.843,1
9a57cc23-1f84-4392-8411-a784cafbe094.jpg,one,others,0.6384,0.960,284.874,0.008,285.842,0
d2a03656-2e0e-4aa8-86e4-1dded06d156e.jpg,one,one,0.9395,0.960,284.875,0.008,285.843,1
f3490186-3692-4975-9f18-17bc94561798.jpg,pinkie,pinkie,0.9706,0.960,284.874,0.008,285.843,1
1c69ff29-ee96-4b2e-9495-1c6602bd452c.jpg,rock,rock,0.9963,0.960,284.874,0.008,285.843,1
d9b06a78-5608-46c7-9a3f-c3bb3486dd94.jpg,others,palm,0.5348,0.960,284.875,0.008,285.843,0
b0e2c20e-548c-4fd7-8fb5-7472a87b9f93.jpg,rock,rock,1.0000,0.960,284.874,0.008,285.843,1
64dfc1f3-ff72-4f67-bd98-34964498dcf3.jpg,one,one,0.9993,0.960,284.874,0.008,285.842,1
58d2e4f5-2628-4ef7-a53f-4c097daf1338.jpg,fist,fist,1.0000,0.960,284.875,0.008,285.843,1
3b66de43-4293-4f6e-a952-d1990b5d0412.jpg,fist,fist,0.4179,0.960,284.875,0.008,285.843,1
0b292875-bd07-4f98-b3d4-2d99efebce2a.jpg,others,palm,0.5395,0.960,284.874,0.008,285.842,0
68724780-b0dc-4f00-a4e4-feb58ecb2bfb.jpg,fist,fist,0.9898,0.960,284.875,0.008,285.843,1
ff854ea3-4463-4340-8762-6ccd3acf92f3.jpg,one,one,0.9225,0.960,284.874,0.008,285.842,1
b6b4dcb8-3e62-406b-ad4a-27c71e434e80.jpg,palm,palm,0.9900,0.960,284.875,0.008,285.843,1
6f09af61-4377-4def-9b3f-d7215cb7a6df.jpg,others,others,0.8157,0.960,284.874,0.008,285.842,1
496e4159-3292-41ca-ab0d-78dfad59a8a7.jpg,fist,fist,1.0000,0.960,284.875,0.008,285.843,1
a0936f49-f298-4ea6-9539-6568fc45c9dc.jpg,others,others,0.9628,0.960,284.875,0.008,285.843,1
bc75edef-d49b-4680-8bd3-c217cb125adb.jpg,one,one,0.9997,0.960,284.875,0.008,285.843,1
c3ce16e5-10b1-4f73-b94f-af92c96e55f0.jpg,rock,rock,0.5971,0.960,284.874,0.008,285.843,1
38025416-332d-40d3-afea-dfde6deace67.jpg,palm,palm,1.0000,0.960,284.874,0.008,285.842,1
e2c9f114-7abf-4118-a3b3-340a15b42c75.jpg,pinkie,pinkie,1.0000,0.960,284.874,0.008,285.842,1
806b4245-3787-41c9-918c-aa0241dc07d5.jpg,one,one,0.9175,0.960,284.874,0.008,285.842,1
c8e00692-86da-4869-a649-6c436a61d707.jpg,pinkie,pinkie,0.9918,0.960,284.874,0.008,285.842,1
aae49fb6-eecc-44d8-9912-d666e7a4929f.jpg,palm,palm,0.9999,0.960,284.874,0.008,285.843,1
d1e21642-c19f-4ccc-8d39-b560093a8804.jpg,rock,rock,0.9873,0.960,284.874,0.008,285.842,1
c903ea78-49df-4863-8852-5e450f73dcc7.jpg,pinkie,pinkie,1.0000,0.960,284.875,0.008,285.843,1
5b997d0e-4616-4e83-b1ea-937dd18e9546.jpg,palm,palm,0.9999,0.960,284.875,0.008,285.843,1
42794f5f-ad86-4313-8753-2fe9683b38ca.jpg,fist,fist,1.0000,0.960,284.875,0.008,285.843,1
d64409b7-4ce5-4807-b918-d2c3080a149b.jpg,one,one,0.9984,0.960,284.875,0.008,285.843,1
026ee1c8-733a-4037-b6a2-c6870aa1f869.jpg,one,one,0.9878,0.960,284.874,0.008,285.843,1
46329e4c-9826-4a33-bf41-f6d3adcbf4d3.jpg,one,one,0.9999,0.960,284.874,0.008,285.843,1
40ab48ed-0480-4608-87ab-3f22fb046a78.jpg,fist,fist,1.0000,0.960,284.874,0.008,285.843,1
fbdf6a09-be37-4edc-ba7d-1d2dcb8cd453.jpg,palm,palm,0.9992,0.960,284.875,0.008,285.843,1
02797fa8-b8cb-42c1-91df-11474d45bdbb.jpg,rock,rock,0.9383,0.960,284.875,0.008,285.843,1
8454b687-3824-42d9-a836-088dd0c704fc.jpg,rock,rock,1.0000,0.960,284.874,0.008,285.842,1
c6245f8e-a606-40fa-8fcd-3bf1c21ec3ed.jpg,fist,fist,1.0000,0.960,284.875,0.008,285.843,1
b145b54e-9ebb-4b8b-a722-8c71c904a890.jpg,rock,rock,0.9998,0.960,284.875,0.008,285.843,1
0ba451e2-86b2-49b1-8d01-259fd7f47d3c.jpg,one,one,1.0000,0.960,284.874,0.008,285.843,1
05dc1eb5-fb23-4a8a-baee-17a434c2600a.jpg,others,others,0.9535,0.960,284.875,0.008,285.843,1
9d05d4b1-31a3-4772-993f-fdd238546a1d.jpg,pinkie,pinkie,1.0000,0.960,284.875,0.008,285.843,1
fc4def97-89c4-4cc2-9b92-02b5ae0fd623.jpg,one,one,0.9604,0.960,284.875,0.008,285.843,1
cc42d461-ad70-4d9f-8946-bd42c76b33a7.jpg,palm,palm,1.0000,0.960,284.874,0.008,285.842,1
3b0831af-84de-46bd-91ac-561d786a7a5f.jpg,palm,palm,0.9992,0.960,284.875,0.008,285.843,1
7b33ceab-163a-4f99-a298-4fa6c8f6d6d7.jpg,palm,palm,0.9909,0.960,284.874,0.008,285.843,1
c10e483d-00f3-4a50-9d61-a6de7803ea19.jpg,palm,palm,0.9997,0.960,284.874,0.008,285.842,1
71ba0d8e-6935-4847-98cf-a856c5121dee.jpg,rock,rock,0.9745,0.960,284.875,0.008,285.843,1
b8efe3da-951d-4766-9ad5-b277295b8ccb.jpg,pinkie,pinkie,0.9955,0.960,284.875,0.008,285.843,1
84c05ca5-c338-461a-b674-caa02a1a5a6c.jpg,pinkie,rock,0.3781,0.960,284.874,0.008,285.842,0
8e80015e-91ab-41a3-9206-109f29c2b91c.jpg,fist,fist,0.9409,0.960,284.875,0.008,285.843,1
cc4fdf58-dc6b-4f00-81e5-41c7c5cbbd01.jpg,one,one,1.0000,0.960,284.875,0.008,285.843,1
8241a651-0690-41a6-8780-60305c2bc3f7.jpg,others,others,0.8957,0.960,284.875,0.008,285.843,1
d0edf99e-38cb-4462-a245-093249aab313.jpg,palm,palm,0.9970,0.960,284.874,0.008,285.843,1
ba1d3b19-4cae-4df5-9224-67886caa44db.jpg,rock,rock,0.9945,0.960,284.875,0.008,285.843,1
479b3b21-0e7f-4bb8-a4f6-7f0004fdaab2.jpg,one,one,0.9054,0.960,284.875,0.008,285.843,1
abdc0b49-ac0f-4afe-b7e6-8adc0a8288e8.jpg,pinkie,pinkie,0.9966,0.960,284.875,0.008,285.843,1
c8044512-fec0-4618-b35a-ca8b413e2978.jpg,others,others,0.8584,0.960,284.874,0.008,285.842,1
32f29256-2d48-405d-943f-d3579c4fa862.jpg,others,others,0.6091,0.960,284.874,0.008,285.842,1
e2b097ee-954d-4e15-b8b2-0144783841d3.jpg,pinkie,pinkie,0.9940,0.960,284.874,0.008,285.843,1
e93f5ee1-1d15-4164-baf3-3b8501962d22.jpg,pinkie,pinkie,0.9461,0.960,284.875,0.008,285.843,1
c5677350-444f-4940-94bf-ea5ee0f74025.jpg,palm,palm,0.8882,0.960,284.874,0.008,285.842,1
d392761d-edc1-44e0-99cb-2169fec1f2d3.jpg,others,others,0.9877,0.960,284.874,0.008,285.843,1
baefd720-69bb-4026-85be-93e7add7fed9.jpg,others,others,0.9471,0.960,284.875,0.008,285.843,1
219265ad-25a1-4577-a596-3a2434b80888.jpg,others,others,0.8639,0.960,284.874,0.008,285.843,1
a13c6e3a-100b-4c05-96fa-f83f735dc58c.jpg,palm,palm,0.9989,0.960,284.874,0.008,285.843,1
fe8b4ee3-6cb0-441a-b06a-bab72d1ecee3.jpg,others,others,0.9206,0.960,284.874,0.008,285.842,1
6dd0a452-a314-447d-9fdb-46650677f348.jpg,one,one,1.0000,0.960,284.874,0.008,285.843,1
37515879-96ca-4d88-a52a-ef21762e99c8.jpg,others,others,0.7973,0.960,284.874,0.008,285.842,1
931ea600-b767-46cc-8f3c-81e94a32230a.jpg,others,palm,0.7181,0.960,284.875,0.008,285.843,0
d061558f-dc2f-4c63-978b-29b5116dfc7f.jpg,rock,rock,0.9999,0.960,284.874,0.008,285.843,1
32cd656b-1c26-41e7-a964-4038dfb315ec.jpg,pinkie,others,0.5294,0.960,284.874,0.008,285.842,0
4ed12954-e8d0-4cc3-bb46-11ff5bb48a14.jpg,one,one,0.9825,0.960,284.874,0.008,285.842,1
81acf437-d8aa-4023-baf4-6b33cb6056ed.jpg,rock,rock,0.3256,0.960,284.875,0.008,285.842,1
b8ad67a7-5ffb-48cb-9818-2f86c7cc9797.jpg,fist,fist,0.9965,0.960,284.875,0.008,285.843,1
d6617864-876a-42c5-a70f-683a92ff1013.jpg,pinkie,pinkie,0.9996,0.960,284.875,0.008,285.843,1
12daea10-2161-4a8f-9fe4-44e31c4344d3.jpg,pinkie,pinkie,1.0000,0.960,284.875,0.008,285.843,1
9b21e6d9-a404-489e-8722-02df6b76d6f7.jpg,palm,palm,0.9983,0.960,284.874,0.008,285.843,1
47f45516-5988-4670-a852-e885fe6d95ca.jpg,pinkie,pinkie,0.9992,0.960,284.874,0.008,285.843,1
f6feeced-bb0e-4eea-9c56-19eb04c135a8.jpg,palm,palm,0.9998,0.960,284.876,0.008,285.844,1
88f2c428-5a63-43e8-8dcf-589eb265be3b.jpg,rock,rock,0.9135,0.960,284.874,0.008,285.843,1
0a9e07a2-bf79-481a-92ec-0a9569150764.jpg,pinkie,pinkie,0.8619,0.960,284.875,0.008,285.843,1
8b4903a6-ddd6-44cf-a632-71e6d5c7bb07.jpg,one,one,0.9999,0.960,284.875,0.008,285.843,1
12070c49-fdfe-49d2-a277-8efb8f67da60.jpg,pinkie,pinkie,1.0000,0.960,284.875,0.008,285.843,1
b441b0fb-5968-4a6e-9cca-fd55a9edcd06.jpg,rock,rock,0.9997,0.960,284.875,0.008,285.843,1
53b762df-ec14-421c-8ea4-9c3e6b08387a.jpg,others,others,0.9674,0.960,284.874,0.008,285.843,1
d5d0c601-09ff-46b4-9529-6f4a48be7767.jpg,fist,fist,1.0000,0.960,284.875,0.008,285.843,1
704bbbf6-d591-4dca-8fe0-55a165004ec9.jpg,palm,palm,0.9757,0.960,284.874,0.008,285.842,1
1eaec683-10e7-49ec-a0e5-81cd9a47c8b4.jpg,one,one,0.9960,0.960,284.875,0.008,285.843,1
59ee6374-5810-4010-966b-e23cb36d0448.jpg,rock,rock,1.0000,0.960,284.875,0.008,285.843,1
f8d34a63-f45e-4e68-9771-6946787c5fda.jpg,others,others,0.5429,0.960,284.874,0.008,285.842,1
39d58850-160e-4c65-bd8b-92405ee3e457.jpg,others,others,0.7857,0.960,284.874,0.008,285.843,1
9c740b13-285b-4c2d-acc9-6b1cf2a9c89d.jpg,one,one,0.9980,0.960,284.875,0.008,285.843,1
d1c5a82e-d76e-41b3-a509-541f4433174d.jpg,rock,rock,0.9998,0.960,284.874,0.008,285.843,1
25964df3-dcb0-4e6d-9829-93bab202f15c.jpg,pinkie,pinkie,0.9998,0.960,284.874,0.008,285.842,1
616ab530-c82c-4882-a8cf-6ae9377c57cc.jpg,others,others,0.9960,0.960,284.874,0.008,285.842,1
0eb220fb-3e48-4e74-8ddd-986b0f4a7835.jpg,others,others,0.5591,0.960,284.874,0.008,285.842,1
ecac7478-997a-43fb-9b7a-e20cff893e39.jpg,palm,palm,0.9998,0.960,284.874,0.008,285.842,1
c1840d7b-38cc-4c2e-9a56-f340d70c8c9b.jpg,fist,fist,1.0000,0.960,284.875,0.008,285.843,1
5bfeede9-fac5-4588-a9ed-80ddc0032834.jpg,pinkie,pinkie,0.9999,0.960,284.874,0.008,285.843,1
5b753055-2ceb-4421-ba3b-9d65ed47a972.jpg,one,one,0.9932,0.960,284.874,0.008,285.843,1
6adbf4a8-4271-4f41-a6c8-94821123ee2f.jpg,rock,rock,0.9998,0.960,284.874,0.008,285.842,1
1e17b58b-2ae4-4dac-a270-dd3b52ae03a1.jpg,fist,fist,0.9995,0.960,284.874,0.008,285.843,1
c313bf9f-bf33-4f75-8a9f-f894f0f1e733.jpg,others,others,0.9127,0.960,284.875,0.008,285.843,1
208a14cf-ac43-4d58-9e11-a22233df0347.jpg,pinkie,pinkie,0.9997,0.960,284.875,0.008,285.843,1
75901668-8af0-4f08-a269-bf278de3b721.jpg,rock,one,0.7845,0.960,284.874,0.008,285.842,0
c5b6b50a-3d74-45e8-b3b6-09608191db01.jpg,others,others,0.8046,0.960,284.875,0.008,285.843,1
8b0511d2-3d92-48eb-99e2-f1510090ea86.jpg,one,one,0.9972,0.960,284.874,0.008,285.842,1
b236ccac-c46c-41d5-8d8b-9fc784f9b21c.jpg,palm,palm,0.8640,0.960,284.874,0.008,285.843,1
89d901e3-9237-4658-aa94-73ba52cbd4f0.jpg,pinkie,pinkie,1.0000,0.960,284.875,0.008,285.843,1
26be7998-b212-435c-a4bf-89af1f2706e6.jpg,fist,fist,1.0000,0.960,284.875,0.008,285.843,1
f5bf1fd0-ffd5-4a4c-bdac-2de0508b25b5.jpg,others,pinkie,0.3513,0.960,284.875,0.008,285.843,0
3b812223-c180-49f3-a770-1c81d64607f1.jpg,pinkie,pinkie,0.9985,0.960,284.874,0.008,285.843,1
dac0cf6d-5891-4501-89b2-7f2dcf964b6c.jpg,pinkie,pinkie,1.0000,0.960,284.875,0.008,285.843,1
398679a7-1422-4df2-a484-b68066227505.jpg,others,others,0.9985,0.960,284.874,0.008,285.843,1
a1520e84-72c8-4bd7-b750-da572005f3d3.jpg,others,one,0.3106,0.960,284.874,0.008,285.842,0
cf571b96-1263-475a-bb7a-946cebc63867.jpg,pinkie,pinkie,0.9998,0.960,284.874,0.008,285.842,1
92c05d58-54d6-4a23-82d4-bf671700dfcb.jpg,one,one,0.9439,0.960,284.874,0.008,285.842,1
a5f2d9f5-1f3b-442c-be83-338709be2c15.jpg,pinkie,pinkie,1.0000,0.960,284.875,0.008,285.843,1
1bdeb599-3308-4c29-b999-556d9c94ae19.jpg,others,others,0.9709,0.960,284.874,0.008,285.843,1
7e8641b0-aec0-49fe-a36a-fc781ed857fa.jpg,others,others,0.9918,0.960,284.875,0.008,285.843,1
3dccf183-7216-4c60-b711-9fd1c0bee07f.jpg,fist,fist,1.0000,0.960,284.875,0.008,285.843,1
c0007541-02d2-4065-ae38-d505018fbf33.jpg,fist,fist,0.9997,0.960,284.874,0.008,285.843,1
70d56b47-9104-41d5-b452-2378a3957ccd.jpg,one,one,0.9999,0.960,284.875,0.008,285.843,1
5646434c-b4e4-46c4-b522-d121b80c522d.jpg,palm,palm,1.0000,0.960,284.874,0.008,285.842,1
e7a61e5b-6196-47ba-90e3-032038ce0066.jpg,palm,palm,0.9999,0.960,284.875,0.008,285.843,1
ce3927e4-cb21-426f-b237-023600b1440f.jpg,palm,palm,0.9977,0.960,284.875,0.008,285.843,1
b9b5c709-3766-43f9-99bd-16d58b1357fa.jpg,palm,palm,0.9940,0.960,284.875,0.008,285.843,1
ebbfda13-db8f-4a6c-be80-5d76d4370302.jpg,palm,palm,0.9931,0.960,284.874,0.008,285.843,1
d89dce2a-b6cc-441b-af05-609622adaaf2.jpg,pinkie,pinkie,0.9998,0.960,284.874,0.008,285.843,1
cb5133b0-e0f1-4186-8f7a-5151ea03c56e.jpg,others,others,0.9935,0.960,284.875,0.008,285.843,1
0698146e-5d0f-4344-8cca-680bb41cf669.jpg,rock,rock,0.9979,0.960,284.875,0.008,285.843,1
aa5cb787-dbd0-40eb-a4d3-fbd93c230f44.jpg,rock,rock,0.9999,0.960,284.875,0.008,285.843,1
16c227f6-877a-432d-9af1-13b7cfcae559.jpg,pinkie,pinkie,1.0000,0.960,284.874,0.008,285.842,1
d2a3472b-ea4f-4ae5-87ba-34eb7bfd696a.jpg,palm,palm,0.9679,0.960,284.874,0.008,285.842,1
f3cbebb8-3d1c-4a0b-b30d-2bd64ace07b2.jpg,pinkie,pinkie,0.9017,0.960,284.874,0.008,285.843,1
268880b5-f738-493d-b756-6a598a6d04ae.jpg,pinkie,pinkie,0.9954,0.960,284.874,0.008,285.843,1
6d991522-4de1-4e7d-9672-b080a03c1121.jpg,fist,fist,0.9980,0.960,284.874,0.008,285.842,1
ec6e7e3c-e31f-4166-b7a8-797071529f69.jpg,palm,palm,0.9664,0.960,284.874,0.008,285.843,1
5175293d-cef0-42f6-b7d1-6cf0e3f6b538.jpg,fist,fist,1.0000,0.960,284.875,0.008,285.843,1
cb424f73-6b46-4198-842d-8b793c7568b5.jpg,fist,fist,1.0000,0.960,284.875,0.008,285.843,1
605f87bf-eda6-40f6-ac4a-b2048b88e5fb.jpg,fist,fist,1.0000,0.960,284.874,0.008,285.842,1
6d55c3e8-b650-4f36-8415-966cc04cc9e0.jpg,pinkie,pinkie,0.9602,0.960,284.874,0.008,285.842,1
ac602c87-d297-44fd-a451-361394e49b5f.jpg,others,others,0.9487,0.960,284.874,0.008,285.842,1
db2581cb-ca72-4eba-beb2-9fbfdfcfc6e4.jpg,others,others,0.9692,0.960,284.874,0.008,285.842,1
914f77c4-2884-45f7-8c6f-7d671e236d1e.jpg,one,one,0.9984,0.960,284.875,0.008,285.843,1
ceecd1d2-b480-44a7-be8f-c01de0158ba4.jpg,rock,rock,0.5118,0.960,284.874,0.008,285.842,1
77da305a-ead3-4c33-9550-d68cd8cc8636.jpg,one,one,0.9999,0.960,284.875,0.008,285.843,1
28e8566d-dde2-43e3-93f0-88d3a67bef09.jpg,one,one,0.8568,0.960,284.875,0.008,285.843,1
7ee3fcea-4c7d-47a2-bff7-5762fc5c84c8.jpg,palm,others,0.5228,0.960,284.875,0.008,285.843,0
21ad7a61-e860-4e6c-8ec0-a57fa746789c.jpg,fist,fist,0.9998,0.960,284.874,0.008,285.842,1
17f2ffad-4933-42c6-96e8-4f0c9dc1ff97.jpg,others,others,0.6602,0.960,284.874,0.008,285.842,1
421ef010-4189-4075-afcf-95a3dbe54cc1.jpg,others,others,0.6214,0.960,284.874,0.008,285.842,1
1e082af6-3c84-4769-b747-f793f2254c09.jpg,fist,fist,1.0000,0.960,284.874,0.008,285.842,1
6aec447a-7971-453b-bdad-41c390091174.jpg,others,others,0.7659,0.960,284.874,0.008,285.843,1
df17c1d1-e684-40a7-b3aa-443839469126.jpg,one,pinkie,0.3514,0.960,284.874,0.008,285.842,0
a86eff8c-4cc1-4659-9597-eeeb57f6a23d.jpg,others,others,0.8922,0.960,284.874,0.008,285.842,1
2574e323-46d6-43b6-9080-3e1b13dac839.jpg,palm,palm,0.9999,0.960,284.875,0.008,285.843,1
33446069-b672-449c-b85f-ceb0db4562d7.jpg,rock,rock,1.0000,0.960,284.875,0.008,285.843,1
0e0b9805-42cd-4645-a736-4dedbc4bb869.jpg,rock,rock,0.9995,0.960,284.875,0.008,285.843,1
f641a752-326b-497f-9d8a-253f10088486.jpg,pinkie,others,0.8428,0.960,284.875,0.008,285.843,0
d465289b-dc3a-47dc-8d84-0ce54e0a96b3.jpg,pinkie,pinkie,0.9987,0.960,284.875,0.008,285.843,1
a4aecf4d-80d0-4e3e-b17c-37a8b6d909e9.jpg,fist,fist,1.0000,0.960,284.874,0.008,285.842,1
0425f7a9-0987-46aa-b123-b59e4aade47c.jpg,fist,fist,0.9790,0.960,284.874,0.008,285.843,1
fa3e81cd-5b6e-466a-a5e3-5eeecdd1118a.jpg,pinkie,pinkie,0.9980,0.960,284.874,0.008,285.842,1
6f491375-3741-44a3-8d94-4863278be97b.jpg,rock,rock,0.9993,0.960,284.875,0.008,285.843,1
91a94c49-ec1a-4e87-b3e6-b2f7c6060d45.jpg,fist,fist,1.0000,0.960,284.875,0.008,285.843,1
4eaea6b7-52ff-4fed-91a7-52216e5034e1.jpg,fist,fist,0.9950,0.960,284.875,0.008,285.843,1
69b48a0c-f901-4f06-912b-096e9bd31792.jpg,one,one,0.9930,0.960,284.875,0.008,285.844,1
ce48d52f-b58a-44b4-9989-f0710198779d.jpg,rock,rock,0.9168,0.960,284.875,0.008,285.843,1
d7681f31-3879-4c46-be68-26b3cc143002.jpg,palm,palm,1.0000,0.960,284.874,0.008,285.842,1
decec5f5-ef2d-4ae3-9bf2-0af159c90ab0.jpg,pinkie,pinkie,0.4757,0.960,284.875,0.008,285.843,1
aa6ca988-d006-4492-a415-63960049cb0d.jpg,others,others,0.5856,0.960,284.874,0.008,285.842,1
04ac1457-c8b1-4632-be05-6f1297e2c92d.jpg,palm,palm,0.9955,0.960,284.874,0.008,285.843,1
c1fcf6bf-439e-4f43-86fd-fcd6a4dcdffb.jpg,others,rock,0.7147,0.960,284.875,0.008,285.843,0
d57df7c0-57bd-49e4-a3e3-b68467d39eb7.jpg,fist,fist,1.0000,0.960,284.875,0.008,285.843,1
94dde840-9379-44f6-b7a8-fda1cca0b12f.jpg,pinkie,pinkie,1.0000,0.960,284.875,0.008,285.843,1
8a32fdb2-53ce-4705-baaf-17174870245b.jpg,rock,rock,1.0000,0.960,284.874,0.008,285.843,1
f307189f-7e99-4eb8-8c3f-cb33fc9af02a.jpg,others,others,0.9705,0.960,284.874,0.008,285.842,1
b622c80e-beb9-4c50-a6dc-2966eb5bcf23.jpg,rock,rock,1.0000,0.960,284.874,0.008,285.843,1
38b33afe-61f0-4072-83da-1ec0c6ac71b3.jpg,one,one,0.9915,0.960,284.874,0.008,285.843,1
2506b985-ae8e-461e-a92f-31cb1faa45b9.jpg,pinkie,pinkie,1.0000,0.960,284.875,0.008,285.843,1
8b9b7409-2476-4cd1-8630-6a4aafe32cab.jpg,one,one,0.9882,0.960,284.875,0.008,285.843,1
3e21473b-56bf-4b98-a1cf-962c2a54f41a.jpg,one,one,0.9982,0.960,284.875,0.008,285.843,1
c3614b05-72eb-4671-b5d1-1825e37d7ce0.jpg,fist,fist,0.9756,0.960,284.874,0.008,285.843,1
9aa3d8aa-bc55-4867-9f33-b4a4f6639b6e.jpg,one,one,0.9948,0.960,284.875,0.008,285.843,1
306852c9-00ff-4ea6-a556-7b67b8003b74.jpg,rock,rock,0.9998,0.960,284.875,0.008,285.843,1
4388a9e5-f14a-4ead-85f7-1c43d99125fe.jpg,one,others,0.5832,0.960,284.875,0.008,285.843,0
55986563-90cf-4f8b-b10f-07af551396ce.jpg,fist,fist,1.0000,0.960,284.875,0.008,285.843,1
f8f81a04-fa1e-48ba-b3f0-ef24363afd6f.jpg,palm,palm,0.9660,0.960,284.875,0.008,285.843,1
7d922c5a-cba7-4acd-9876-74a560bb2c44.jpg,palm,palm,0.9999,0.960,284.874,0.008,285.843,1
dd336ef9-85ae-4110-a492-e3de4087ace4.jpg,rock,rock,0.9995,0.960,284.875,0.008,285.843,1
9bcbc6a4-d3e6-4257-817e-e4fcd5bfa84c.jpg,one,one,0.7690,0.960,284.875,0.008,285.843,1
30340740-2bab-4e76-bac0-c2857646ab97.jpg,fist,fist,1.0000,0.960,284.875,0.008,285.843,1
209fdc79-f81f-41e4-94bc-775c8b2665f9.jpg,one,one,1.0000,0.960,284.874,0.008,285.843,1
7a400341-2c92-4327-b575-c71990864f76.jpg,others,others,0.7833,0.960,284.875,0.008,285.843,1
d4e58449-3140-4241-bd1f-f9552cbae8b4.jpg,fist,fist,1.0000,0.960,284.875,0.008,285.843,1
2e849600-cd35-408f-a440-214dcf0735ab.jpg,rock,rock,0.9686,0.960,284.874,0.008,285.843,1
e794bced-883c-46fc-83a9-1392cca96068.jpg,others,palm,0.5647,0.960,284.875,0.008,285.843,0
bc16fb5d-36fc-4f99-ba1e-46f385daf1fa.jpg,palm,palm,1.0000,0.960,284.874,0.008,285.842,1
2615ec2d-c30b-4882-a2ae-fba976684a66.jpg,palm,palm,0.9998,0.960,284.874,0.008,285.843,1
4c5e2e1a-5270-43e4-88a3-77523717e46f.jpg,pinkie,others,0.7429,0.960,284.874,0.008,285.843,0
56ce052f-528f-4047-8b32-decadd17f977.jpg,fist,fist,1.0000,0.960,284.875,0.008,285.843,1
15c09343-1b81-42cd-8b3d-e3eafdf5346a.jpg,pinkie,pinkie,0.9384,0.960,284.874,0.008,285.842,1
b78a3fb0-5002-4191-ae3f-260d25731417.jpg,fist,fist,1.0000,0.960,284.875,0.008,285.843,1
48e7804e-5895-4462-bcb6-a6e6126d92d5.jpg,pinkie,pinkie,0.8834,0.960,284.874,0.008,285.842,1
10afe472-aef5-4b29-8c57-7ad3109701f7.jpg,fist,fist,0.9995,0.960,284.874,0.008,285.843,1
d8ec40f3-6bc9-4eab-9d10-27c1d75ff0c7.jpg,rock,rock,0.9974,0.960,284.874,0.008,285.842,1
bd1a74ff-8a0a-49b4-9987-4837352aaf56.jpg,palm,palm,1.0000,0.960,284.875,0.008,285.843,1
64871f06-4250-45e2-9a29-9911bcb061ac.jpg,rock,rock,0.9969,0.960,284.874,0.008,285.842,1
31c3cd0b-a36c-4830-9d1b-c4a70b68f9e8.jpg,pinkie,pinkie,0.9991,0.960,284.874,0.008,285.842,1
3a41fcbb-876d-44ed-bdf3-34f534d84d0d.jpg,palm,palm,1.0000,0.960,284.875,0.008,285.843,1
10dadaba-a004-41d4-ad2a-98e86b42299e.jpg,rock,rock,0.9961,0.960,284.874,0.008,285.843,1
20f28c9e-ac08-4cac-8c38-495a119df4a4.jpg,palm,palm,1.0000,0.960,284.874,0.008,285.842,1
377d1b24-f3a4-4aab-94ce-bba3add98e50.jpg,others,others,0.8718,0.960,284.875,0.008,285.843,1
8fa6d54f-1f0d-46f9-8e7a-da4d03cb1010.jpg,palm,palm,0.9908,0.960,284.875,0.008,285.843,1
29c8f973-9b51-406c-886c-46dedce23607.jpg,fist,fist,1.0000,0.960,284.875,0.008,285.843,1
f5e0d396-da95-4dab-923c-e580ace06486.jpg,one,others,0.9319,0.960,284.874,0.008,285.842,0
ce715920-777b-4d15-b6f3-ef2ddea880d4.jpg,pinkie,pinkie,0.9919,0.960,284.874,0.008,285.842,1
febe5d4a-c77d-4705-a085-c3b03861fb13.jpg,pinkie,pinkie,1.0000,0.960,284.874,0.008,285.843,1
bf08ef47-e45e-404c-a37e-d82f6d4fc38c.jpg,fist,fist,1.0000,0.960,284.874,0.008,285.843,1
f31cc667-43a2-45ac-986d-e1a7486086f8.jpg,others,others,0.9697,0.960,284.875,0.008,285.843,1
e4b03042-a757-4909-85e7-55e99afc1b01.jpg,pinkie,pinkie,0.5573,0.960,284.875,0.008,285.843,1
9ce17740-cfd9-415f-8000-2b49eb3c9caa.jpg,pinkie,pinkie,0.9994,0.960,284.875,0.008,285.843,1
90a1db13-33c5-479d-b809-b3f38a2c755b.jpg,pinkie,pinkie,1.0000,0.960,284.874,0.008,285.842,1
8864b0e2-43d9-4303-8b81-edc3ef1e9070.jpg,palm,palm,0.9999,0.960,284.875,0.008,285.843,1
d2c3880e-3ebd-463c-8056-0ee65a955ce1.jpg,one,one,0.7424,0.960,284.874,0.008,285.843,1
f68e6365-296f-43f6-8213-2663e2f742fc.jpg,one,one,0.9973,0.960,284.875,0.008,285.843,1
aaadab42-b710-400a-873f-bb276469fbaf.jpg,others,others,0.8269,0.960,284.874,0.008,285.842,1
42cded2a-3d0b-4f52-8012-8c55cab112df.jpg,rock,rock,0.9873,0.960,284.875,0.008,285.843,1
5838419a-e7fc-468c-b7a8-08169ad7a571.jpg,others,others,0.6167,0.960,284.875,0.008,285.843,1
dcb2a00e-63ae-4644-8f26-0cf4f4698a08.jpg,one,one,0.9983,0.960,284.874,0.008,285.842,1
d6d5b9a1-cee6-47af-ad6c-500f16bfc195.jpg,pinkie,pinkie,0.9990,0.960,284.874,0.008,285.842,1
1aeff8e3-d4c3-4673-bf0d-ea911facdf6b.jpg,one,one,0.8175,0.960,284.875,0.008,285.843,1
639aea61-9735-41e8-b0ec-b5e6659327bd.jpg,rock,rock,0.9987,0.960,284.875,0.008,285.844,1
e27e1c46-fbf6-457b-a38f-c1145dd5998c.jpg,rock,rock,0.9982,0.960,284.874,0.008,285.843,1
9fec5d4e-5ed4-498d-b982-fd319ab40637.jpg,rock,pinkie,0.7921,0.960,284.875,0.008,285.843,0
60a3f2a0-eb43-4556-b8bf-9ab1af3dfef3.jpg,others,others,0.9977,0.960,284.874,0.008,285.842,1
fe54ba82-8dc4-4f4b-9f80-d7231673246c.jpg,fist,fist,1.0000,0.960,284.874,0.008,285.843,1
611f87b3-a07d-44dd-8079-98912f9afcee.jpg,one,one,0.9352,0.960,284.874,0.008,285.843,1
9255bd19-b76d-43ed-84a1-2c25a93a8e67.jpg,pinkie,pinkie,0.7260,0.960,284.874,0.008,285.842,1
5d94252e-450e-4843-84ad-df0a492e902e.jpg,palm,palm,0.9996,0.960,284.875,0.008,285.843,1
ff15d40d-5f66-418b-87a7-38cb5efcd987.jpg,others,others,0.8451,0.960,284.875,0.008,285.843,1
286d4b5f-1215-4ddb-85cd-c7837551bfcb.jpg,others,palm,0.9046,0.960,284.875,0.008,285.843,0
77a68004-f2e6-44c7-9624-31cb2479dbe4.jpg,one,one,1.0000,0.960,284.875,0.008,285.843,1
0dfdd04d-9216-4157-b123-056ab69edd8b.jpg,rock,rock,1.0000,0.960,284.875,0.008,285.843,1
98a10752-1ec8-47e3-a526-15d6f93010e2.jpg,pinkie,pinkie,1.0000,0.960,284.874,0.008,285.843,1
e3a67e83-0837-40f3-af90-c512efab3a36.jpg,pinkie,pinkie,1.0000,0.960,284.875,0.008,285.843,1
68dccdc2-36a7-42cb-b84a-497b730b5ac7.jpg,others,one,0.7757,0.960,284.875,0.008,285.843,0
7ce5fbd1-a7ea-4ad6-9ece-5b9fd3c119f6.jpg,rock,rock,0.9824,0.960,284.874,0.008,285.842,1
c8365ab3-e924-4fc8-8866-3d43c862b122.jpg,rock,rock,0.9491,0.960,284.875,0.008,285.843,1
97aea982-7bd5-491c-841f-162380d48c32.jpg,fist,fist,1.0000,0.960,284.875,0.008,285.843,1
9ed5fa4f-bbb9-4217-826c-8817c5b45bb9.jpg,palm,palm,0.9969,0.960,284.874,0.008,285.843,1
30bf70ba-8483-4ad8-9bf6-378b07af1de0.jpg,rock,rock,0.9982,0.960,284.875,0.008,285.843,1
9d72a10f-3f8c-4d9c-bf95-5a1210e65dc5.jpg,one,one,0.9479,0.960,284.875,0.008,285.843,1
9bd53ff3-45c9-438b-ab77-d857de3f9175.jpg,pinkie,pinkie,0.9999,0.960,284.875,0.008,285.843,1
a61f4fb9-b6ba-4bfb-8c8f-40d109800548.jpg,palm,palm,1.0000,0.960,284.874,0.008,285.843,1
1ffc0510-0697-43b5-a226-66b17a8f3810.jpg,one,one,0.9968,0.960,284.875,0.008,285.843,1
a1032e6f-7386-4c1a-be58-131bac504b1d.jpg,fist,fist,0.9998,0.960,284.875,0.008,285.843,1
3e3baa26-19d4-4525-be98-353189746208.jpg,rock,rock,1.0000,0.960,284.875,0.008,285.843,1
77168b00-9812-45a8-81c6-c7b9480ea36b.jpg,pinkie,pinkie,0.9994,0.960,284.874,0.008,285.842,1
0cf53875-54f9-4a97-bcb2-90538373c844.jpg,rock,rock,0.9656,0.960,284.875,0.008,285.843,1
e65135c2-9f9b-4ba4-8a5d-4e68e081e3b4.jpg,fist,fist,0.9999,0.960,284.875,0.008,285.843,1
bf75d027-deab-4b9b-b5a3-2d2898dfe64f.jpg,rock,rock,0.9837,0.960,284.875,0.008,285.843,1
5a85ae2e-5318-4259-b0c6-41fbc21c58f8.jpg,others,others,0.7673,0.960,284.875,0.008,285.843,1
c6337f8b-7555-47b4-bfab-6c8f4ac8143c.jpg,others,one,0.5650,0.960,284.875,0.008,285.843,0
15310c24-2fe4-4bb6-b789-f117b74f69ef.jpg,rock,rock,0.9977,0.960,284.875,0.008,285.843,1
b9276877-4a88-4fdb-a2ce-021168dabb51.jpg,fist,fist,0.8938,0.960,284.875,0.008,285.843,1
1c35baa4-c9c0-4271-82a1-47e293909a8e.jpg,one,one,0.9670,0.960,284.874,0.008,285.842,1
de4f4181-598d-4317-93a3-86fc19cb5a67.jpg,fist,fist,1.0000,0.960,284.874,0.008,285.843,1
79edb8e0-7092-4a24-946d-a2a24af6f232.jpg,one,one,0.9673,0.960,284.875,0.008,285.843,1
643aab43-6627-4581-b41f-f54e021b43ac.jpg,others,others,0.8037,0.960,284.874,0.008,285.842,1
a4b6e9e2-3fbb-41ae-abfb-00583d4830a9.jpg,rock,rock,0.9909,0.960,284.875,0.008,285.843,1
dc87f8cf-4a13-406c-a4fb-dd70a119f5d4.jpg,one,one,0.9998,0.960,284.875,0.008,285.843,1
6bdd8b50-5886-451f-be2a-ab2a1ec6c966.jpg,pinkie,pinkie,0.9931,0.960,284.874,0.008,285.842,1
447e3eca-975e-4c1b-bb4a-b3ded922b1d1.jpg,others,palm,0.9987,0.960,284.874,0.008,285.843,0
5a92377d-4a40-4ed3-84e6-d62157e6f4cf.jpg,pinkie,pinkie,0.7126,0.960,284.875,0.008,285.843,1
fe8be217-d83c-4480-bbc5-cc13e1c1de92.jpg,rock,rock,0.7283,0.960,284.874,0.008,285.843,1
43821045-bb05-4ede-8342-b3de9120e2ad.jpg,fist,fist,1.0000,0.960,284.874,0.008,285.842,1
c21b756b-b6ec-4ca8-8772-09d207ab1903.jpg,rock,rock,0.9797,0.960,284.875,0.008,285.843,1
2ad525fb-bd57-4e41-9391-39f72536fa63.jpg,palm,palm,0.9996,0.960,284.875,0.008,285.843,1
4c940829-edfb-4228-8a20-3d8d10bdbefb.jpg,fist,fist,1.0000,0.960,284.875,0.008,285.843,1
729dbe5f-2b55-4990-bd20-a762bb06b518.jpg,fist,fist,1.0000,0.960,284.874,0.008,285.843,1
8c0a4de7-ae36-474b-9d57-d6044e8c55ca.jpg,one,one,0.9959,0.960,284.875,0.008,285.843,1
015b6ffd-2ef8-4876-a121-8d29aa8e9fec.jpg,others,others,0.4167,0.960,284.875,0.008,285.843,1
eb90eec5-c712-4e1f-98c2-f77ee63839fa.jpg,rock,rock,0.9997,0.960,284.875,0.008,285.843,1
ced3597e-7572-4c2a-8682-e2c0de02b34d.jpg,palm,palm,0.9991,0.960,284.875,0.008,285.843,1
53a09ba8-f0c6-4432-adc5-847f476e12e4.jpg,pinkie,pinkie,0.9207,0.960,284.874,0.008,285.843,1
2c279eb2-136d-464d-8189-0a4f709fecb7.jpg,pinkie,pinkie,1.0000,0.960,284.875,0.008,285.843,1
9bfd4ffb-b203-4538-88a4-cab65dc71a55.jpg,palm,palm,0.9992,0.960,284.874,0.008,285.842,1
6de10ee9-4f47-4970-863f-f7d9ecf62eeb.jpg,rock,rock,0.9876,0.960,284.874,0.008,285.842,1
cd06223a-d3b9-46a3-ade2-86e5dd4f5f24.jpg,rock,rock,0.9999,0.960,284.874,0.008,285.843,1
4580ffa2-3073-4cba-8959-cf7c5a26fef5.jpg,one,rock,0.8350,0.960,284.875,0.008,285.843,0
47685168-d052-4f20-a573-9993a9c85c4b.jpg,others,one,0.8917,0.960,284.875,0.008,285.843,0
69c721cf-e4ed-469e-b5e7-8b06aab7c84a.jpg,fist,fist,1.0000,0.960,284.874,0.008,285.842,1
99b89eae-3d75-4d19-91d2-5a718b28c29d.jpg,pinkie,pinkie,1.0000,0.960,284.874,0.008,285.842,1
837a697e-f9a4-443f-bbd7-c4d17fd31abb.jpg,palm,palm,0.9955,0.960,284.874,0.008,285.842,1
7212ad29-2563-4089-b601-64056390a864.jpg,fist,fist,1.0000,0.960,284.874,0.008,285.843,1
9515ad14-4173-474d-a456-e9c20d66e63f.jpg,fist,fist,1.0000,0.960,284.875,0.008,285.843,1
05f699cc-2e4e-483c-bf78-3d91c815b57e.jpg,rock,rock,0.9997,0.960,284.874,0.008,285.842,1
1fb3a229-231c-4bf0-a0b2-fe30b1b3cd6c.jpg,others,others,0.9619,0.960,284.875,0.008,285.843,1
b9c3a9ab-a281-403a-b4c9-6e499c2f50aa.jpg,rock,rock,0.9993,0.960,284.874,0.008,285.843,1
a1354231-97e2-4579-823f-0c54d700100a.jpg,others,others,0.3252,0.960,284.875,0.008,285.843,1
5a86a509-0ed2-433a-b040-00e6b6514d13.jpg,others,others,0.9330,0.960,284.874,0.008,285.842,1
4790cec3-7c36-426b-b9e3-ee8977b2727d.jpg,rock,rock,1.0000,0.960,284.875,0.008,285.843,1
717e09a9-f51f-4517-bad4-24e6ffbbfcfb.jpg,one,one,0.9868,0.960,284.875,0.008,285.843,1
39af270c-1bc2-40d1-abce-7eb00cc10641.jpg,palm,palm,1.0000,0.960,284.874,0.008,285.843,1
625d302f-9894-4720-b105-c9f8858e2429.jpg,one,one,1.0000,0.960,284.874,0.008,285.842,1
ad7f3b8c-0094-4bf6-8c9a-a7d829eab567.jpg,rock,rock,0.9920,0.960,284.875,0.008,285.843,1
b83d3564-3ecf-482b-866e-222b63940dba.jpg,fist,fist,1.0000,0.960,284.875,0.008,285.843,1
4abf8828-4509-49c8-b879-19f8d85d59d8.jpg,palm,palm,1.0000,0.960,284.875,0.008,285.843,1
3a7c42bc-1530-44a3-bc0d-7424ecc7fb03.jpg,palm,palm,0.9987,0.960,284.874,0.008,285.843,1
30754515-d630-42f5-a2c9-3f309fc625e9.jpg,others,others,0.9096,0.960,284.875,0.008,285.843,1
da0f12e7-2d4c-49b6-811c-6c7759534b10.jpg,one,one,0.9197,0.960,284.874,0.008,285.843,1
146fbef9-6122-46f2-acd7-29aeadc8e53b.jpg,others,others,0.9966,0.960,284.875,0.008,285.843,1
66694d51-8af4-4b69-a18b-0d1e165ba112.jpg,fist,fist,1.0000,0.960,284.875,0.008,285.843,1
9ac8bb0c-3962-40ef-a0e9-4db400465e4c.jpg,palm,palm,1.0000,0.960,284.875,0.008,285.843,1
6a459cd9-4bf9-4fa6-99df-c21ca870025a.jpg,one,one,0.6120,0.960,284.874,0.008,285.842,1
e0534627-bf2f-4162-baf7-1fd4a7e4885b.jpg,palm,palm,0.9999,0.960,284.874,0.008,285.843,1
e12a4110-4067-4059-bacf-74bea4ae2608.jpg,others,others,0.9675,0.960,284.874,0.008,285.842,1
4868a8b0-9f20-4b2d-bf12-b943fdf2a105.jpg,pinkie,pinkie,0.9901,0.960,284.874,0.008,285.842,1
90e3382a-6d82-482f-9c8b-a428fa3a189e.jpg,pinkie,pinkie,0.9730,0.960,284.875,0.008,285.843,1
814053b7-a243-4be1-a5bd-75c0c14f8fe2.jpg,rock,rock,0.8748,0.960,284.875,0.008,285.843,1
4a72ec9a-6b2b-4463-8b8c-b896f2f79ecd.jpg,pinkie,pinkie,0.9992,0.960,284.874,0.008,285.843,1
28093a87-dff9-4d33-96bc-5767690d2de6.jpg,pinkie,pinkie,0.9855,0.960,284.875,0.008,285.843,1
31b42b0b-4447-425e-b882-d1e6f9595c8c.jpg,fist,fist,1.0000,0.960,284.875,0.008,285.843,1
5cc959dc-83b6-4de5-a809-0bccfdeccf50.jpg,pinkie,pinkie,1.0000,0.960,284.874,0.008,285.842,1
fc847df9-2a3c-4576-a0ec-76c5af56d979.jpg,one,one,0.9999,0.960,284.875,0.008,285.843,1
15a88dd2-4fba-4ee5-acd7-1527560f6475.jpg,fist,fist,1.0000,0.960,284.874,0.008,285.842,1
831849eb-b117-49ae-bf85-67ecf49eb0c0.jpg,palm,palm,1.0000,0.960,284.875,0.008,285.843,1
d4bd8b49-cd3d-4cb5-85bf-a12afb19c369.jpg,pinkie,pinkie,0.9935,0.960,284.875,0.008,285.843,1
eb071276-2b71-4582-98ae-250e3382410c.jpg,others,others,0.8414,0.960,284.874,0.008,285.843,1
18e45d8d-c12f-46a1-aef5-c5ab43bda71a.jpg,one,one,0.6940,0.960,284.875,0.008,285.843,1
b44c7690-c729-41d5-ad82-c00b11874196.jpg,pinkie,pinkie,0.9853,0.960,284.874,0.008,285.843,1
32439e7d-f644-4c98-a07c-450de0bf6a99.jpg,palm,palm,0.9990,0.960,284.875,0.008,285.843,1
510b9ba8-e448-402f-9e8b-c9e65ef3f407.jpg,pinkie,pinkie,0.9914,0.960,284.874,0.008,285.842,1
1dfaf3ca-7d79-4146-b326-24fdfbcecef4.jpg,others,others,0.7576,0.960,284.875,0.008,285.843,1
34a948ae-6850-4d35-915d-3c3e72df4858.jpg,fist,fist,1.0000,0.960,284.875,0.008,285.843,1
57ff58e6-4dcd-4fb5-9ce5-c80c19463306.jpg,others,others,0.9809,0.960,284.874,0.008,285.842,1
d93a331d-0611-4cad-abd5-189d844de0ed.jpg,pinkie,pinkie,1.0000,0.960,284.875,0.008,285.843,1
fd9355f3-0622-4577-9107-35febf451b72.jpg,palm,palm,0.9271,0.960,284.875,0.008,285.843,1
de1093e2-71e1-4554-9ec8-c9d1edb74249.jpg,palm,palm,0.9996,0.960,284.874,0.008,285.842,1
d1b04e9f-8237-4590-a596-1b7e655a85b7.jpg,others,others,0.9279,0.960,284.874,0.008,285.843,1
02450292-1dc8-40d3-a920-a2a9fa2dac13.jpg,one,one,0.9937,0.960,284.875,0.008,285.843,1
39ca088a-3f86-4ae1-94f6-6da94b1281b1.jpg,pinkie,pinkie,1.0000,0.960,284.874,0.008,285.842,1
3bf74e9d-e16d-4cb4-8108-c9f26b6f6eee.jpg,fist,fist,1.0000,0.960,284.874,0.008,285.843,1
7b14550e-1144-418f-a400-8c5e44fe75c7.jpg,pinkie,pinkie,0.9986,0.960,284.874,0.008,285.842,1
2f8a9945-cd43-46db-918a-125bbc1ee7aa.jpg,rock,rock,0.9981,0.960,284.875,0.008,285.843,1
26837ff1-6abf-49f5-b43f-4c4e35fce31d.jpg,others,others,0.9823,0.960,284.874,0.008,285.842,1
c795555e-388b-488e-8cbe-8dd9da92afb9.jpg,pinkie,pinkie,0.9189,0.960,284.874,0.008,285.842,1
695adad9-cf3f-41de-ab1e-092aa75fad1c.jpg,fist,fist,0.6292,0.960,284.874,0.008,285.842,1
8fac948a-5172-49b8-828b-204107682fbc.jpg,palm,palm,0.9955,0.960,284.874,0.008,285.843,1
02518c33-149f-452a-ac59-654ecf47486e.jpg,rock,rock,0.9199,0.960,284.875,0.008,285.843,1
9888310c-6092-4388-84e8-1aa31ee6c57e.jpg,rock,rock,0.9994,0.960,284.875,0.008,285.843,1
623c45a5-ac43-454f-bc40-5eb7459feb96.jpg,pinkie,pinkie,0.9773,0.960,284.875,0.008,285.843,1
46d3186d-0ec0-44de-8f12-27d37ba47591.jpg,pinkie,pinkie,0.9997,0.960,284.875,0.008,285.843,1
f7d7d9c2-55c2-4c06-92f0-3f4fad5d9d81.jpg,rock,rock,0.9999,0.960,284.874,0.008,285.843,1
a268ef25-b482-4e34-ab7d-09150d440612.jpg,fist,fist,1.0000,0.960,284.874,0.008,285.843,1
ac81dc96-9ecb-472b-8df8-ad0a9c39477a.jpg,palm,palm,0.9987,0.960,284.875,0.008,285.843,1
83f1ceb2-63e0-4e83-af70-63d8be6b486c.jpg,rock,rock,1.0000,0.960,284.874,0.008,285.843,1
0df9d5ef-d2f1-4f41-aedd-1dadad19d85b.jpg,pinkie,pinkie,1.0000,0.960,284.875,0.008,285.843,1
38bac636-cb15-46c2-a054-a39737216453.jpg,fist,fist,0.9841,0.960,284.875,0.008,285.843,1
2463eec7-9a37-4d4f-bb1c-09c38e59af63.jpg,rock,rock,0.9397,0.960,284.874,0.008,285.842,1
18f7e8eb-7d78-43d4-b127-cf64f5266def.jpg,palm,palm,0.9999,0.960,284.875,0.008,285.843,1
8b721520-b825-4e88-852e-7c126d15d524.jpg,pinkie,pinkie,0.9998,0.960,284.875,0.008,285.843,1
466f8707-bee2-42a2-973b-a379870f81d2.jpg,others,others,0.9989,0.960,284.874,0.008,285.843,1
1f86ecb0-92e1-45b4-bd4b-b137221524e8.jpg,rock,rock,1.0000,0.960,284.874,0.008,285.842,1
4aa0601e-f6df-4daf-a7f5-b106206e3804.jpg,rock,rock,1.0000,0.960,284.874,0.008,285.843,1
fca840de-a244-4ba3-8deb-6b2db09d0a9d.jpg,pinkie,pinkie,0.9939,0.960,284.875,0.008,285.843,1
05410c1c-5391-4744-8903-07df8c809af5.jpg,fist,fist,1.0000,0.960,284.875,0.008,285.843,1
4b8e9a52-9552-4f6e-ba53-c1def7996bea.jpg,fist,fist,0.9999,0.960,284.875,0.008,285.843,1
2cfa1acc-1758-428f-be87-214ebb6e09cf.jpg,others,others,0.9262,0.960,284.874,0.008,285.843,1
ac1e2f7f-9505-419e-b56c-0536b894ab8e.jpg,rock,one,0.7722,0.960,284.875,0.008,285.843,0
e1adda1c-57f6-4f0b-8aa1-92584e6dd2c9.jpg,rock,rock,0.9931,0.960,284.874,0.008,285.842,1
130d4acb-37e0-46f4-9063-6126626cae17.jpg,rock,rock,0.9783,0.960,284.875,0.008,285.843,1
c03370d5-731e-4585-9cfa-d5d6c1da60e4.jpg,pinkie,pinkie,1.0000,0.960,284.875,0.008,285.843,1
e4f520dc-0b3a-484b-8a1e-c53c07af8e0e.jpg,fist,fist,1.0000,0.960,284.875,0.008,285.843,1
537a7f61-9322-4681-b61c-61b226fbdec6.jpg,others,others,0.9302,0.960,284.874,0.008,285.842,1
0fa8dd5c-29f6-4abb-9a1a-2dcf89360635.jpg,rock,rock,1.0000,0.960,284.874,0.008,285.842,1
352a77e2-1ac3-4015-bd7f-d2d307c1127d.jpg,one,one,0.5985,0.960,284.874,0.008,285.842,1
942346f7-94a8-465a-ab1f-fbaafff2fe0c.jpg,others,others,0.9853,0.960,284.875,0.008,285.843,1
b08086eb-5974-49dd-a995-1eaae2aa2e75.jpg,one,one,0.9787,0.960,284.874,0.008,285.843,1
c2a6629f-69a7-4f14-91a9-ec8c811b677b.jpg,pinkie,pinkie,0.9217,0.960,284.875,0.008,285.843,1
db701144-c4fc-4872-8d22-23b8dda10d52.jpg,others,palm,0.7566,0.960,284.874,0.008,285.842,0
e009ee7f-6deb-4803-8572-bce9af9edecd.jpg,others,others,0.8775,0.960,284.874,0.008,285.843,1
70158423-4fd4-4ac7-86d8-a8aca2b32a22.jpg,fist,fist,1.0000,0.960,284.875,0.008,285.843,1
ecac0cc9-c584-45a2-a0b1-7fcff0b3bda2.jpg,fist,fist,1.0000,0.960,284.874,0.008,285.843,1
21aa5ad9-5c1a-40d5-87c2-8485a2e93879.jpg,one,pinkie,0.9624,0.960,284.875,0.008,285.843,0
b6f07111-8697-4246-ac46-73b9c181c5da.jpg,fist,fist,0.9970,0.960,284.874,0.008,285.843,1
517c3cc0-0bde-495c-bb09-2af75c120195.jpg,palm,palm,0.9997,0.960,284.875,0.008,285.843,1
65d0271f-e199-4eb0-9837-921378994c53.jpg,others,others,0.9782,0.960,284.874,0.008,285.842,1
35899de0-c4fa-4043-88b2-c1483bd309e0.jpg,rock,rock,0.9955,0.960,284.874,0.008,285.843,1
5b3e95d2-0cdb-4d01-b3e0-614a46e25001.jpg,one,one,0.9240,0.960,284.874,0.008,285.842,1
53795c89-7ae6-45d7-9bc8-5a8fa3c1fbbd.jpg,palm,palm,0.9999,0.960,284.875,0.008,285.843,1
87f3b5ef-5171-446e-bba2-9b3a2f8a9742.jpg,rock,rock,1.0000,0.960,284.875,0.008,285.843,1
da627ae0-e4f2-4ac3-b759-625fb6b35120.jpg,palm,palm,0.9998,0.960,284.874,0.008,285.843,1
61b7ce38-ffb8-4478-8f0b-f04509f021fc.jpg,one,one,0.9930,0.960,284.874,0.008,285.842,1
7d804eb7-7b3f-4a1f-a5f1-fca4176bfa85.jpg,fist,fist,0.9965,0.960,284.875,0.008,285.843,1
4b298d05-d979-49f0-b48c-a527076411a1.jpg,palm,palm,0.9992,0.960,284.874,0.008,285.842,1
868527c3-989f-410e-9914-9a0251fd6ec1.jpg,rock,rock,0.9829,0.960,284.875,0.008,285.843,1
3a76eca7-e5f0-46e9-beb6-63664a650005.jpg,pinkie,pinkie,0.9612,0.960,284.874,0.008,285.842,1
96c665f4-14b0-4a7c-aa51-2fbd5f0117d0.jpg,palm,palm,1.0000,0.960,284.874,0.008,285.842,1
9bf36677-1ea3-488a-92a8-6d69bd8ed26a.jpg,rock,rock,1.0000,0.960,284.874,0.008,285.842,1
f2fe378b-b717-4638-b0a0-c82ab2b8b7c8.jpg,pinkie,pinkie,0.9990,0.960,284.874,0.008,285.842,1
8ad930bf-a121-4da2-9ab4-0aa2ff227a98.jpg,one,one,0.9981,0.960,284.875,0.008,285.843,1
cdcab4b8-2e0b-42bb-8738-f0381ba68f03.jpg,one,one,0.9999,0.960,284.875,0.008,285.843,1
acd96228-26ff-4822-87f4-04af224cad28.jpg,rock,rock,0.9989,0.960,284.874,0.008,285.843,1
73359092-3ba7-402f-974f-35ede214e636.jpg,rock,rock,0.9988,0.960,284.874,0.008,285.842,1
55d91322-8014-4d35-ad66-36205880f042.jpg,fist,fist,0.9956,0.960,284.874,0.008,285.842,1
d85148e1-3b6a-4488-bd06-8a45fa973bfe.jpg,palm,palm,0.9993,0.960,284.874,0.008,285.843,1
824b82d5-a791-4807-a59a-7c7aa15c1987.jpg,fist,fist,0.9422,0.960,284.874,0.008,285.842,1
89f02a9e-9185-442a-83de-5ab5d7da5b3a.jpg,rock,rock,0.9978,0.960,284.874,0.008,285.842,1
fd5178bb-3f81-4cee-b102-1ea34e54db5b.jpg,palm,palm,1.0000,0.960,284.875,0.008,285.843,1
4e6f73a1-386f-43d6-978c-913c1e56948e.jpg,palm,palm,0.9994,0.960,284.875,0.008,285.843,1
2f8eb099-d042-47aa-b72e-8e436ef98f97.jpg,rock,rock,0.9966,0.960,284.874,0.008,285.842,1
95d72c91-8b74-4fea-9deb-670ff11eda11.jpg,rock,rock,0.9961,0.960,284.875,0.008,285.843,1
e4b2dae9-5af7-46e9-9e9d-e1b0243616dd.jpg,others,others,0.8603,0.960,284.874,0.008,285.843,1
ecfc7b66-510e-4d89-aac7-9a8361993dc2.jpg,fist,fist,0.9996,0.960,284.874,0.008,285.842,1
63ff4c61-4f0f-4c81-8c34-7716e0791c56.jpg,others,others,0.9697,0.960,284.874,0.008,285.843,1
f29b391b-e9e1-410c-845d-e054a8b307f3.jpg,one,pinkie,0.7507,0.960,284.875,0.008,285.843,0
a086b928-4974-412b-abfd-104c7d232a54.jpg,palm,palm,0.9961,0.960,284.875,0.008,285.843,1
88fdd31b-2fbe-47be-b053-a0c68bc0cea5.jpg,pinkie,pinkie,0.9795,0.960,284.874,0.008,285.843,1
9d6b8c6c-1751-4478-ac73-473efeea0165.jpg,pinkie,pinkie,1.0000,0.960,284.874,0.008,285.842,1
2d039c68-d36c-41cd-a47c-4d223b2e5177.jpg,pinkie,pinkie,1.0000,0.960,284.874,0.008,285.842,1
7acc4026-f5a2-4422-a11e-7ed46f0f3997.jpg,rock,rock,0.9973,0.960,284.874,0.008,285.842,1
fbd864bd-7074-4099-917d-8260cf2cfcf4.jpg,one,others,0.6215,0.960,284.875,0.008,285.843,0
cb942115-05a8-470f-ad51-876fd5e4ddbf.jpg,palm,palm,0.9998,0.960,284.874,0.008,285.842,1
d2eb9a35-8359-4307-9188-613d6539b597.jpg,palm,palm,0.9996,0.960,284.874,0.008,285.843,1
bde33f8a-8e38-40ff-b76b-10bafeb0e488.jpg,pinkie,pinkie,0.8702,0.960,284.875,0.008,285.843,1
d5beedde-2654-47ad-b22f-4e9cb026a4a0.jpg,palm,palm,1.0000,0.960,284.875,0.008,285.843,1
b3a2f124-262e-4792-a5ec-dbb9b53f0854.jpg,one,one,1.0000,0.960,284.874,0.008,285.842,1
f19d2897-3b11-4942-9aac-2741ddfd120d.jpg,rock,rock,0.9998,0.960,284.874,0.008,285.842,1
34cfb8d2-d08e-42b5-9a88-fefe6a058532.jpg,one,one,0.9165,0.960,284.875,0.008,285.843,1
4ef33deb-070b-4765-99ad-b22de17dbd86.jpg,rock,rock,0.9998,0.960,284.875,0.008,285.843,1
f25f1e7c-3f99-4ef1-8503-a40e42c35dbf.jpg,one,one,0.8565,0.960,284.875,0.008,285.843,1
f7b460ab-1fa5-4ac1-8cbf-86a30c349905.jpg,one,one,0.9996,0.960,284.875,0.008,285.843,1
7d1b360a-337d-499d-85d2-5e4db0d2fa53.jpg,pinkie,pinkie,0.9914,0.960,284.874,0.008,285.842,1
23dfe58f-5e26-487a-9391-4ff0cc56b44e.jpg,one,one,0.9991,0.960,284.875,0.008,285.843,1
f9090332-4cf0-42ab-b25d-2c1491ff77ab.jpg,fist,fist,0.9995,0.960,284.874,0.008,285.842,1
416531e8-dbe1-4dff-ac9a-097dd8436fc3.jpg,others,others,0.9995,0.960,284.875,0.008,285.843,1
ceecfcb5-7c92-4ede-80bf-492a24a38536.jpg,rock,rock,0.9997,0.960,284.875,0.008,285.843,1
2f8186f4-b050-4c1c-b35c-5b4174eb8bb9.jpg,palm,palm,1.0000,0.960,284.874,0.008,285.842,1
d47a64a4-6190-4cc1-91e5-0b6b3e271756.jpg,rock,one,0.5723,0.960,284.875,0.008,285.843,0
b6e7173a-435a-431e-a6c9-c5810e34e1d7.jpg,pinkie,others,0.4992,0.960,284.874,0.008,285.842,0
3d356022-e99d-4a20-9e21-2606618de2ae.jpg,one,one,1.0000,0.960,284.875,0.008,285.843,1
3b3c279f-dea8-4dfc-99dc-51ac6abcc4b1.jpg,fist,fist,1.0000,0.960,284.875,0.008,285.843,1
ddbb9979-688a-47b7-8749-59386882ed03.jpg,pinkie,pinkie,0.9999,0.960,284.874,0.008,285.843,1
40c8196d-ea97-4cff-968c-04f1a5d2f743.jpg,pinkie,pinkie,0.9024,0.960,284.875,0.008,285.843,1
31ab4204-aa2b-4a0b-852c-948b5ccd917e.jpg,one,one,0.9808,0.960,284.874,0.008,285.842,1
6f580352-2667-434c-b4d7-a70e28b6a36b.jpg,fist,fist,1.0000,0.960,284.875,0.008,285.843,1
1e16570f-6e5f-4112-b2e7-1fbeeaf9f330.jpg,pinkie,pinkie,0.9967,0.960,284.875,0.008,285.843,1
d1280c58-b582-4cc2-891f-702f6d0edd4d.jpg,rock,rock,0.9207,0.960,284.874,0.008,285.843,1
b1afa609-6862-4118-95a8-d0d0d2edf3e5.jpg,pinkie,pinkie,0.9817,0.960,284.875,0.008,285.843,1
871cfc8f-53a6-49ff-99c9-b06c2082b2a1.jpg,one,one,0.9984,0.960,284.874,0.008,285.843,1
2e7cd2e3-ed71-42c4-89f3-7349fbc82f97.jpg,palm,palm,1.0000,0.960,284.875,0.008,285.843,1
b8e2924a-09bf-4748-8cd6-50948a02d5b4.jpg,rock,rock,0.9999,0.960,284.874,0.008,285.842,1
7adbe063-84c5-402f-b604-05862725f861.jpg,fist,fist,1.0000,0.960,284.874,0.008,285.842,1
5ae18698-c35b-49d9-9dbd-acf61f492689.jpg,rock,rock,0.9999,0.960,284.875,0.008,285.843,1
6bc0c87c-77b4-4262-b7e2-a68321a3cfb9.jpg,pinkie,pinkie,1.0000,0.960,284.874,0.008,285.842,1
6f7332ba-7d4c-430d-9a66-4b5bff6dbf92.jpg,rock,rock,1.0000,0.960,284.874,0.008,285.842,1
793b53fc-8ae6-4bcc-9e48-7a942c58912b.jpg,others,others,0.6382,0.960,284.875,0.008,285.843,1
af198912-4e49-458a-8ff5-6f01fe0b8f76.jpg,others,others,0.9721,0.960,284.874,0.008,285.842,1
6ad733de-e5fe-4d3b-9e55-a9b0241742eb.jpg,palm,palm,0.9429,0.960,284.875,0.008,285.843,1
9b0f78b6-529f-4a32-826d-1071260485fc.jpg,fist,fist,1.0000,0.960,284.875,0.008,285.843,1
d9a75a66-4151-4455-a09c-4f968da5dae0.jpg,others,others,0.3929,0.960,284.874,0.008,285.842,1
e5c46932-2861-466b-958e-132fd2e552c0.jpg,pinkie,pinkie,0.9779,0.960,284.875,0.008,285.843,1
0bb2cfe3-7800-4623-9656-4713a0cbd363.jpg,others,palm,0.8267,0.960,284.874,0.008,285.843,0
ae3040af-8cd1-4b99-b46b-7d73b314bb2d.jpg,pinkie,pinkie,1.0000,0.960,284.874,0.008,285.842,1
2493598b-cf2f-4bb9-83c1-b6a3e9cf0646.jpg,one,one,0.9998,0.960,284.875,0.008,285.843,1
667fb20d-0c7d-4969-9cea-9730ec8cbe8d.jpg,one,one,0.9326,0.960,284.875,0.008,285.843,1
ed713c86-75df-44cb-b89e-9fd034636d87.jpg,others,palm,0.7010,0.960,284.875,0.008,285.843,0
c321318f-0f9f-4580-a53c-aa742c095b9c.jpg,palm,palm,1.0000,0.960,284.874,0.008,285.843,1
6ade4377-364c-4e56-83f1-8d1d931f37ab.jpg,rock,rock,0.7809,0.960,284.874,0.008,285.842,1
bff3f537-ae1c-4674-8261-c2209a3a366b.jpg,rock,rock,0.9994,0.960,284.875,0.008,285.843,1
1d39ab40-01e2-44be-a1b4-62c0f6d0ab02.jpg,rock,rock,1.0000,0.960,284.875,0.008,285.843,1
35d051d9-2553-47fa-9dfe-3d2d1729ac8b.jpg,fist,fist,1.0000,0.960,284.875,0.008,285.843,1
317eddff-7a0f-421b-b215-1a0bb40a2983.jpg,one,one,0.9974,0.960,284.874,0.008,285.843,1
ec7841cf-4a6a-4b5a-9e47-0fc3c6d9a4bb.jpg,others,others,0.8064,0.960,284.874,0.008,285.843,1
571edaaf-3098-4430-8649-487bba9b858f.jpg,rock,rock,0.9988,0.960,284.875,0.008,285.843,1
7e9bc452-9277-46f3-bd9e-73cb70a71fd5.jpg,one,one,0.9959,0.960,284.874,0.008,285.843,1
38ca3079-d70d-444f-94e8-a423a66ae817.jpg,others,others,0.7081,0.960,284.874,0.008,285.842,1
94552c55-d33e-457e-b17b-7ba259d09a9c.jpg,rock,rock,1.0000,0.960,284.874,0.008,285.843,1
1d4d2643-3c0f-4760-8c8c-d2c3046293d2.jpg,pinkie,pinkie,0.9997,0.960,284.875,0.008,285.843,1
36a87235-1e42-4922-b476-34ead6cd932c.jpg,pinkie,pinkie,0.9999,0.960,284.874,0.008,285.843,1
22944e46-6310-49bf-8615-39d7eb223d1c.jpg,one,one,0.9985,0.960,284.874,0.008,285.843,1
5d61291a-ec9f-46d4-a549-f711497dbd97.jpg,one,one,0.9996,0.960,284.875,0.008,285.843,1
824511d5-03e6-46c1-afac-b974db851408.jpg,one,one,0.9986,0.960,284.875,0.008,285.843,1
abb3cf00-3f2d-4755-ab88-0f8be83cd314.jpg,fist,fist,1.0000,0.960,284.875,0.008,285.843,1
81e31bde-1e70-4fb1-b5e6-42816512da11.jpg,one,one,0.9994,0.960,284.874,0.008,285.842,1
5ee94cc1-508a-4911-ab07-dd07b73323b7.jpg,rock,rock,0.9985,0.960,284.874,0.008,285.843,1
9b9f4d0a-453b-468b-9929-0a466d518095.jpg,rock,rock,0.8483,0.960,284.875,0.008,285.843,1
de7e7c91-978d-4a2c-80aa-db2048f83b1a.jpg,fist,fist,0.5097,0.960,284.875,0.008,285.843,1
e4da5ade-38f7-4c56-b609-35d314e81bbb.jpg,rock,rock,0.9344,0.960,284.875,0.008,285.843,1
59ac6e6d-78a4-466e-9b96-4649bb919778.jpg,palm,palm,1.0000,0.960,284.874,0.008,285.843,1
159c9018-d755-45a3-ae47-2c48ef2a0ae5.jpg,others,others,0.8871,0.960,284.874,0.008,285.842,1
a1b2dcbf-a538-4828-acd4-3b0e39259887.jpg,others,others,0.7496,0.960,284.874,0.008,285.842,1
1406d85b-0a1c-481d-9b66-22708dbfae6d.jpg,one,one,0.9977,0.960,284.875,0.008,285.843,1
decb758b-763b-4456-a575-60e75f81b0db.jpg,palm,palm,1.0000,0.960,284.875,0.008,285.843,1
8113386c-d314-47f0-ad4b-587ca66e9901.jpg,pinkie,pinkie,0.9976,0.960,284.874,0.008,285.843,1
dc7ed45b-dc05-4b77-9f54-37f1b5cd61e4.jpg,one,one,0.9801,0.960,284.875,0.008,285.843,1
a78e8446-779e-40c5-bd3c-79b50c2a27ed.jpg,pinkie,pinkie,0.6298,0.960,284.874,0.008,285.842,1
ab1123b3-3ec5-4244-b800-3e00714e0e0f.jpg,fist,fist,1.0000,0.960,284.875,0.008,285.843,1
e5465610-219c-49f0-b271-6cb7ef63e39e.jpg,one,pinkie,0.4849,0.960,284.875,0.008,285.843,0
0afbf3f6-b00c-4816-9294-57d5e17f85ea.jpg,palm,palm,0.9992,0.960,284.875,0.008,285.843,1
f9d08da3-dff8-476f-ba91-02bb234bd88b.jpg,fist,fist,1.0000,0.960,284.875,0.008,285.843,1
17ac1e5f-816f-49ae-a27a-7988c68200f2.jpg,pinkie,others,0.9138,0.960,284.874,0.008,285.842,0
9c6440a4-21d3-4526-9294-68e30d45feb0.jpg,one,one,0.9994,0.960,284.875,0.008,285.843,1
746fedee-0b1d-4d50-ad45-97b81dfdf094.jpg,palm,palm,1.0000,0.960,284.874,0.008,285.842,1
f9f34a5a-bece-4077-80fb-f4064eb2e401.jpg,rock,rock,0.9396,0.960,284.875,0.008,285.843,1
edf4743b-5afa-467c-854e-a120c192b88d.jpg,rock,rock,0.9992,0.960,284.874,0.008,285.843,1
2251321b-22b5-4a4a-9dd4-20d8ea87a336.jpg,palm,palm,0.9992,0.960,284.875,0.008,285.843,1
1663ae9d-b44f-4885-b763-046d8ad1cf34.jpg,others,others,0.6006,0.960,284.874,0.008,285.843,1
23105755-b477-4ebb-9dd1-c5e79274aed2.jpg,rock,rock,1.0000,0.960,284.875,0.008,285.843,1
f055295e-7c26-4843-b3b2-ddd8055bbf17.jpg,one,one,0.9999,0.960,284.874,0.008,285.842,1
9faad215-2135-4bef-aad0-22b6245923fe.jpg,pinkie,pinkie,1.0000,0.960,284.874,0.008,285.843,1
c16d9f7d-45b9-43fa-9458-d56b940aa3b1.jpg,fist,fist,1.0000,0.960,284.874,0.008,285.843,1
a79d5a4e-c7eb-491a-b18f-7814001e135d.jpg,one,one,1.0000,0.960,284.875,0.008,285.843,1
904933d8-c4a3-4fa7-b7d2-8e26e7c27757.jpg,fist,fist,0.9994,0.960,284.875,0.008,285.843,1
650a2f41-0c46-4080-a218-4427c5686515.jpg,one,one,0.6352,0.960,284.875,0.008,285.843,1
51c40022-ac2b-4280-adb1-b8e4054ef4ca.jpg,one,one,0.8369,0.960,284.875,0.008,285.843,1
7d3c60ce-0fd1-4ddc-b285-f3321039b12b.jpg,others,fist,0.4315,0.960,284.874,0.007,285.842,0
948fd63e-9a88-4154-8582-36346f9c0d58.jpg,one,one,0.7210,0.960,284.874,0.008,285.842,1
02524e32-6a2c-4826-80d6-4cf25e3dd682.jpg,rock,rock,0.9416,0.960,284.875,0.008,285.843,1
9dad8dd0-b5a9-4be9-9dba-f82d5d4ee327.jpg,others,rock,0.6217,0.960,284.875,0.008,285.843,0
7bbc683d-6d4c-4121-9bb6-7d826fec7562.jpg,rock,rock,0.9961,0.960,284.875,0.008,285.843,1
2e075dd1-7500-4570-b1ef-27e91f30c7cf.jpg,pinkie,pinkie,1.0000,0.960,284.875,0.008,285.843,1
3e33ce5a-79bf-4e59-8d8d-4583d5ab3959.jpg,others,others,0.9879,0.960,284.875,0.008,285.843,1
a53de450-1aa7-44bf-950f-87e462aef697.jpg,pinkie,pinkie,1.0000,0.960,284.874,0.008,285.842,1
7e1eed01-d4d8-4cc6-b069-760b8efbd1c9.jpg,one,one,0.9998,0.960,284.875,0.008,285.843,1
d8e0f71f-d428-4215-8be0-1605d3525a9e.jpg,palm,palm,1.0000,0.960,284.874,0.008,285.843,1
5890d990-aef3-43fc-a91c-6f940e9f6986.jpg,pinkie,fist,0.4685,0.960,284.874,0.008,285.842,0
10a7f973-ad6c-4d88-b018-c321929b0b75.jpg,palm,others,0.5645,0.960,284.875,0.008,285.843,0
dc3a6163-468c-498f-ad1c-43ce0a56c4e0.jpg,palm,palm,0.9996,0.960,284.875,0.008,285.843,1
e321620f-7aa0-4637-b607-e7366ff92798.jpg,fist,fist,1.0000,0.960,284.874,0.008,285.843,1
0bb502e0-8468-4866-9e17-4fc81801525b.jpg,others,others,0.6324,0.960,284.874,0.008,285.842,1
bf4d5067-8cdb-44e4-821b-f42bd371c7c8.jpg,palm,palm,1.0000,0.960,284.875,0.008,285.843,1
517cdd75-fd0a-4a67-b582-a8db7c3f8704.jpg,palm,palm,0.9276,0.960,284.875,0.008,285.843,1
c426dc8a-e353-4dd5-b96f-5cb512978897.jpg,pinkie,pinkie,0.8797,0.960,284.875,0.008,285.843,1
830d85fb-d9c2-4085-aca2-42e46a14e99d.jpg,palm,palm,0.9988,0.960,284.874,0.008,285.842,1
4b0eec45-3866-43a7-9c02-a35f4da065cc.jpg,fist,fist,0.9980,0.960,284.874,0.008,285.842,1
4eaaf771-cba9-4446-914b-418581cf0a24.jpg,one,one,0.9998,0.960,284.874,0.008,285.843,1
eaa0793f-5576-4b9b-92d8-d80f8a56ec72.jpg,one,one,0.9935,0.960,284.874,0.008,285.842,1
c7cb5a07-e49e-48db-847c-4f83162415b9.jpg,fist,fist,1.0000,0.960,284.874,0.008,285.843,1
3d2a43cf-49c9-4ce7-85c7-9bec0ee32ffb.jpg,others,others,0.4286,0.960,284.874,0.008,285.842,1
a000b803-b1d8-4b44-8ca6-afba62a6cc59.jpg,fist,fist,1.0000,0.960,284.875,0.008,285.843,1
3db8845e-aa18-4e6b-b87b-d580b8230db0.jpg,palm,palm,0.9997,0.960,284.875,0.008,285.843,1
20ddd102-c459-44d3-9d1d-b6a8e2395f95.jpg,one,one,0.9962,0.960,284.874,0.008,285.843,1
1a184e19-1cb8-4c7c-ad00-bbdf3e1191ba.jpg,palm,palm,0.9999,0.960,284.876,0.008,285.844,1
b3a21bb0-fca8-444a-b74e-eecc30b3656f.jpg,rock,rock,0.9999,0.960,284.875,0.008,285.843,1
772c5644-19ac-4f9d-9c30-9b9c8debc008.jpg,others,others,0.9555,0.960,284.874,0.008,285.842,1
8a294e95-87b5-4d6d-a48a-3feb2e034172.jpg,palm,palm,0.7479,0.960,284.875,0.008,285.843,1
a1af1419-dc98-4334-acf3-5edcb7abbe6f.jpg,one,one,0.9369,0.960,284.875,0.008,285.843,1
702ec9cb-dea7-495f-9b11-dfa54549591a.jpg,pinkie,pinkie,1.0000,0.960,284.875,0.008,285.843,1
1d56b77a-51c1-4fea-a86b-50bd747ba7e5.jpg,one,one,0.9997,0.960,284.875,0.008,285.843,1
602f4a35-943f-4926-9094-e4f40714d793.jpg,fist,fist,1.0000,0.960,284.874,0.008,285.842,1
6b85127a-7aa6-4b0e-83af-20f5dc0775ab.jpg,palm,palm,1.0000,0.960,284.874,0.008,285.842,1
0e0102ec-984c-4054-bcbe-52f2a5a74450.jpg,palm,palm,0.9999,0.960,284.874,0.008,285.843,1
4cec3a7f-2db7-48a3-9af2-2f5ed2734df6.jpg,one,others,0.5123,0.960,284.875,0.008,285.843,0
2679bc4e-a725-4616-9c3c-8d9999371d99.jpg,pinkie,pinkie,1.0000,0.960,284.875,0.008,285.843,1
811bea0c-ea13-44b9-9200-79954c0346d0.jpg,pinkie,pinkie,0.9886,0.960,284.874,0.008,285.843,1
b7be1218-b402-43da-bd94-904d240df24e.jpg,rock,rock,0.9999,0.960,284.874,0.008,285.842,1
c3984746-62f8-4c49-b70f-2d3566b3e115.jpg,one,one,0.9949,0.960,284.875,0.008,285.843,1
8bd85dfb-0275-45f9-acf6-cf59410a6a66.jpg,others,others,0.8552,0.960,284.875,0.008,285.843,1
cff00103-adf1-4e2a-83ad-1a589190cdde.jpg,pinkie,pinkie,0.7917,0.960,284.874,0.008,285.842,1
cbdd35e2-c9e2-4f79-9bde-6d93569dcf52.jpg,fist,fist,0.9999,0.960,284.875,0.008,285.843,1
54b861e8-c626-48a6-842f-f78d002ed6d0.jpg,fist,fist,0.9999,0.960,284.875,0.008,285.843,1
8cc10d6a-1259-4542-a3ed-90959869d0ac.jpg,rock,rock,1.0000,0.960,284.874,0.008,285.843,1
36ab321e-67bd-4ea4-a01f-f5446f96bfad.jpg,fist,fist,0.9943,0.960,284.875,0.008,285.843,1
068724bd-2b42-4ef6-8a13-0c6eacaafa21.jpg,rock,rock,1.0000,0.960,284.875,0.008,285.843,1
bec43afa-f2a6-41d1-8e5f-d86e4c081797.jpg,rock,rock,0.9999,0.960,284.875,0.008,285.843,1
12293ed5-9f8e-4d60-8686-5c6d6eeb17f3.jpg,others,others,0.7538,0.960,284.874,0.008,285.843,1
e3a294a1-c2ca-434e-a33f-4667fc839ea4.jpg,fist,fist,0.9779,0.960,284.875,0.008,285.843,1
a37ece60-b159-457b-9eb8-0a437a7b788a.jpg,pinkie,pinkie,0.9925,0.960,284.874,0.008,285.842,1
462fdd17-ae21-4af4-9b28-73a8df7704c1.jpg,palm,palm,0.9997,0.960,284.874,0.008,285.843,1
33bfdd33-eb89-41a2-98d9-2cfc977c37bc.jpg,others,others,0.5635,0.960,284.875,0.008,285.843,1
605b89a4-97a7-4ee7-bd71-d1dd80987016.jpg,pinkie,pinkie,0.9994,0.960,284.875,0.008,285.843,1
e75b13da-9836-4bdc-979f-958e2924b276.jpg,fist,fist,1.0000,0.960,284.875,0.008,285.843,1
784f1f95-762c-48b9-adc7-aa5522d09972.jpg,others,rock,0.6161,0.960,284.874,0.008,285.842,0
4867252a-6aa3-4170-90e3-cd20f6ae0ab6.jpg,others,others,0.9691,0.960,284.875,0.008,285.843,1
f6063eca-bd65-42c0-8947-a575c2f131cd.jpg,rock,rock,0.9854,0.960,284.875,0.008,285.843,1
49dac455-9624-4f9e-bce9-3d7e713d91d9.jpg,one,one,0.6754,0.960,284.874,0.008,285.842,1
4a2c26f5-d52e-4e08-8395-ed074f2a9497.jpg,fist,fist,0.9721,0.960,284.874,0.008,285.842,1
dc60616b-948f-4e0e-bab6-5363e330fa1a.jpg,rock,rock,0.9999,0.960,284.874,0.008,285.842,1
a875255e-f3e6-42e1-9c40-f48e9906530b.jpg,palm,palm,1.0000,0.960,284.874,0.008,285.842,1
ab8f58f9-24b6-43c7-bcd4-4ea0f933e306.jpg,others,others,0.9811,0.960,284.875,0.008,285.843,1
e01daef2-73cc-4eb1-975c-060fdec0c95d.jpg,one,rock,0.4038,0.960,284.875,0.008,285.843,0
f66da416-7931-4e87-98e1-d7fcb4367336.jpg,others,others,0.5311,0.960,284.875,0.008,285.843,1
54e64931-5435-4d5c-a031-88c0fa70ab3f.jpg,others,others,0.8816,0.960,284.874,0.008,285.842,1
f58cc0b1-06b7-43f3-8938-3b8986b5c1bb.jpg,palm,palm,1.0000,0.960,284.874,0.008,285.843,1
