[INFO] project root: /mnt/core/MLonMCU_proj/software/ball_detection
[INFO] config path: /mnt/core/MLonMCU_proj/software/ball_detection/configs/ball_styolo_nano_simota.yaml
[INFO] dataset_root: /mnt/core/MLonMCU_proj/datasets/BALL
[INFO] images_dir: /mnt/core/MLonMCU_proj/datasets/BALL
[INFO] run directory: /mnt/core/MLonMCU_proj/software/ball_detection/runs/20260522-133921-simota_diou_v2_pruned_30
[INFO] reuse_splits: True
[WARN] image missing or unsupported extension skipped: /mnt/core/MLonMCU_proj/datasets/BALL/SPLDataset/eliza_ball_line_3/eliza_ball_line_30173.png
[WARN] image missing or unsupported extension skipped: /mnt/core/MLonMCU_proj/datasets/BALL/SPLDataset/eliza_ball_line_3/eliza_ball_line_30173.png
[WARN] image missing or unsupported extension skipped: /mnt/core/MLonMCU_proj/datasets/BALL/SPLDataset/eliza_ball_line_5/eliza_ball_line_50054.png
[WARN] image missing or unsupported extension skipped: /mnt/core/MLonMCU_proj/datasets/BALL/SPLDataset/eliza_ball_line_5/eliza_ball_line_50055.png
[WARN] image missing or unsupported extension skipped: /mnt/core/MLonMCU_proj/datasets/BALL/SPLDataset/oisin_ball_robot/oisin_ball_robot0171.png
[WARN] image missing or unsupported extension skipped: /mnt/core/MLonMCU_proj/datasets/BALL/SPLDataset/oisin_ball_robot/oisin_ball_robot0201.png
[WARN] image missing or unsupported extension skipped: /mnt/core/MLonMCU_proj/datasets/BALL/SPLDataset/oisin_ball_robot/oisin_ball_robot0316.png
[WARN] image missing or unsupported extension skipped: /mnt/core/MLonMCU_proj/datasets/BALL/SPLDataset/oisin_ball_robot/oisin_ball_robot0486.png
[WARN] image missing or unsupported extension skipped: /mnt/core/MLonMCU_proj/datasets/BALL/SPLDataset/robby_rc16_ball2/robby_rc16_ball20001.png
[WARN] image missing or unsupported extension skipped: /mnt/core/MLonMCU_proj/datasets/BALL/SPLDataset/robby_rc16_ball2/robby_rc16_ball20127.png
[WARN] image missing or unsupported extension skipped: /mnt/core/MLonMCU_proj/datasets/BALL/SPLDataset/robby_rc16_ball2/robby_rc16_ball20201.png
[WARN] image missing or unsupported extension skipped: /mnt/core/MLonMCU_proj/datasets/BALL/SPLDataset/robby_rc16_ball2/robby_rc16_ball20437.png
[WARN] image missing or unsupported extension skipped: /mnt/core/MLonMCU_proj/datasets/BALL/SPLDataset/robby_rc16_ball2/robby_rc16_ball20507.png
[WARN] image missing or unsupported extension skipped: /mnt/core/MLonMCU_proj/datasets/BALL/SPLDataset/robby_rc16_ball2/robby_rc16_ball20570.png
[WARN] image missing or unsupported extension skipped: /mnt/core/MLonMCU_proj/datasets/BALL/SPLDataset/robby_rc16_ball2/robby_rc16_ball20576.png
[WARN] image missing or unsupported extension skipped: /mnt/core/MLonMCU_proj/datasets/BALL/SPLDataset/robby_rc16_ball2/robby_rc16_ball20583.png
[WARN] image missing or unsupported extension skipped: /mnt/core/MLonMCU_proj/datasets/BALL/SPLDataset/robby_rc16_ball2/robby_rc16_ball20621.png
[WARN] image missing or unsupported extension skipped: /mnt/core/MLonMCU_proj/datasets/BALL/SPLDataset/robby_rc16_ball2/robby_rc16_ball20633.png
[WARN] image missing or unsupported extension skipped: /mnt/core/MLonMCU_proj/datasets/BALL/SPLDataset/robby_rc16_ball2/robby_rc16_ball20635.png
[WARN] image missing or unsupported extension skipped: /mnt/core/MLonMCU_proj/datasets/BALL/SPLDataset/robby_rc16_ball2/robby_rc16_ball20231.png
[WARN] image missing or unsupported extension skipped: /mnt/core/MLonMCU_proj/datasets/BALL/SPLDataset/robby_rc16_ball2/robby_rc16_ball20231.png
[INFO] Reusing existing split files: /mnt/core/MLonMCU_proj/software/ball_detection/splits/train.txt, /mnt/core/MLonMCU_proj/software/ball_detection/splits/val.txt
[INFO] dataset images: 3373
[INFO] train images: 2697 | val images: 676
[INFO] ball annotations used: 3495 (rows raw: 3495)
[INFO] images with/without ball: 2883/490
[INFO] images with/without annotation rows: 2883/490
[INFO] bbox format: {'spl': 'xywh_topleft', 'our': 'xywh_topleft'}
[INFO] duplicate policy: {'spl': 'append', 'our': 'append'}
[INFO] duplicate rows: 612
[INFO] duplicate row overwrites: 0
[INFO] annotation rows with missing image files: 21
[INFO] image read guard: validate_images=True skip_unreadable_images=True read_retry_count=8 unreadable_image_files=0
[INFO] dataset sources: ['spl', 'our']
[INFO] all images per source: {'our': 1041, 'spl': 2332}
[INFO] train images per source: {'our': 832, 'spl': 1865}
[INFO] val images per source: {'our': 209, 'spl': 467}
[INFO] source stats | our: images=1041 rows=1210 imgs_with/without_rows=925/116 boxes=1210 dup_rows=285 unreadable=0 bbox_format=xywh_topleft dup_policy=append
[INFO] source stats | spl: images=2332 rows=2285 imgs_with/without_rows=1958/374 boxes=2285 dup_rows=327 unreadable=0 bbox_format=xywh_topleft dup_policy=append
[INFO] train batch mixing: {'enabled': True, 'per_source_batch_count': {'our': 16, 'spl': 16}, 'num_batches': 117, 'strategy': 'balanced_cycle'}
[INFO] bbox size stats px | w(min/mean/max)=(6.00/71.40/364.00) h(min/mean/max)=(6.00/67.07/239.00)
[INFO] input: 640x480 | color_mode=rgb | channels=3 | resize_policy=resize
[INFO] model: ball_styolo_nano
[INFO] params: 2,089,967
[INFO] device: cuda
[INFO] batch_size: 32
[INFO] num_workers: 4
[INFO] assigner: simota_lite
[INFO] box_loss_type: diou
[INFO] Resumed from /mnt/core/MLonMCU_proj/software/ball_detection/runs/20260520-144405-simota_diou_v2/checkpoints/best.pt at epoch 121
[INFO] Structured channel pruning at ratio 50.00%
[INFO] params: 2,089,967 -> 524,847  (74.9% reduction)
[INFO] Updated config snapshot + model summary
[INFO] early_stopping enabled=True monitor=val_map5095 mode=max patience=30 min_delta=0.0003
[INFO] train input previews: enabled=False max_per_epoch=5 dir=/mnt/core/MLonMCU_proj/software/ball_detection/runs/20260522-133921-simota_diou_v2_pruned_30/train_input_previews
[INFO] epoch 1/150 start | lr=0.001
[DEBUG] SimOTA train batch stats:
  images: 32
  empty_images: 4
  gt_count: 35
  candidate_count_mean/min/max: 160.37/50/785
  positives_total: 164
  positives_per_gt_mean/min/max: 4.69/3/5
  positives_stride8: 8
  positives_stride16: 120
  positives_stride32: 36
  unmatched_gt_count: 0
  fallback_count: 0
  conflict_count: 0
  dynamic_k_mean/min/max: 4.69/3/5
  nonfinite_cost_count: 0
[DEBUG] SimOTA train batch stats:
  images: 32
  empty_images: 5
  gt_count: 31
  candidate_count_mean/min/max: 198.55/60/1077
  positives_total: 149
  positives_per_gt_mean/min/max: 4.81/2/5
  positives_stride8: 0
  positives_stride16: 105
  positives_stride32: 44
  unmatched_gt_count: 0
  fallback_count: 0
  conflict_count: 0
  dynamic_k_mean/min/max: 4.81/2/5
  nonfinite_cost_count: 0
[DEBUG] SimOTA train batch stats:
  images: 32
  empty_images: 1
  gt_count: 34
  candidate_count_mean/min/max: 207.91/75/808
  positives_total: 167
  positives_per_gt_mean/min/max: 4.91/3/5
  positives_stride8: 0
  positives_stride16: 115
  positives_stride32: 52
  unmatched_gt_count: 0
  fallback_count: 0
  conflict_count: 0
  dynamic_k_mean/min/max: 4.91/3/5
  nonfinite_cost_count: 0
[DEBUG] SimOTA train batch stats:
  images: 32
  empty_images: 7
  gt_count: 35
  candidate_count_mean/min/max: 187.71/50/680
  positives_total: 158
  positives_per_gt_mean/min/max: 4.51/0/5
  positives_stride8: 7
  positives_stride16: 97
  positives_stride32: 54
  unmatched_gt_count: 1
  fallback_count: 0
  conflict_count: 13
  dynamic_k_mean/min/max: 4.89/3/5
  nonfinite_cost_count: 0
[DEBUG] SimOTA train batch stats:
  images: 32
  empty_images: 6
  gt_count: 32
  candidate_count_mean/min/max: 221.44/56/736
  positives_total: 160
  positives_per_gt_mean/min/max: 5.00/5/5
  positives_stride8: 0
  positives_stride16: 99
  positives_stride32: 61
  unmatched_gt_count: 0
  fallback_count: 0
  conflict_count: 0
  dynamic_k_mean/min/max: 5.00/5/5
  nonfinite_cost_count: 0
[DEBUG] SimOTA train batch stats:
  images: 32
  empty_images: 8
  gt_count: 28
  candidate_count_mean/min/max: 194.18/54/613
  positives_total: 140
  positives_per_gt_mean/min/max: 5.00/5/5
  positives_stride8: 0
  positives_stride16: 90
  positives_stride32: 50
  unmatched_gt_count: 0
  fallback_count: 0
  conflict_count: 0
  dynamic_k_mean/min/max: 5.00/5/5
  nonfinite_cost_count: 0
[DEBUG] SimOTA val batch stats:
  images: 32
  empty_images: 0
  gt_count: 32
  candidate_count_mean/min/max: 321.94/75/448
  positives_total: 160
  positives_per_gt_mean/min/max: 5.00/5/5
  positives_stride8: 0
  positives_stride16: 78
  positives_stride32: 82
  unmatched_gt_count: 0
  fallback_count: 0
  conflict_count: 0
  dynamic_k_mean/min/max: 5.00/5/5
  nonfinite_cost_count: 0
[INFO] epoch summary | train loss=1.2161 obj=0.0012 box=0.2430 pos=170.17 | val loss=0.9351 map50=0.7250 map5095=0.4877 P=0.6638 R=0.6826 F1=0.6730
[INFO] val extras | mean_iou=0.8512 center_err_px(mean/med/p95)=3.92/2.36/13.05 center_err_norm_diag(mean/med/p95)=0.0049/0.0029/0.0163 fp/img=0.3432 small/med/large recall=0.5794/0.7803/0.6930 counts=233/223/215
[INFO] saved per-epoch checkpoint: /mnt/core/MLonMCU_proj/software/ball_detection/runs/20260522-133921-simota_diou_v2_pruned_30/checkpoints/001_epoch.pt
[INFO] new best checkpoint at epoch 1: /mnt/core/MLonMCU_proj/software/ball_detection/runs/20260522-133921-simota_diou_v2_pruned_30/checkpoints/best.pt
[INFO] epoch 2/150 start | lr=0.00099989
[DEBUG] SimOTA train batch stats:
  images: 32
  empty_images: 4
  gt_count: 35
  candidate_count_mean/min/max: 206.86/45/652
  positives_total: 174
  positives_per_gt_mean/min/max: 4.97/4/5
  positives_stride8: 7
  positives_stride16: 105
  positives_stride32: 62
  unmatched_gt_count: 0
  fallback_count: 0
  conflict_count: 0
  dynamic_k_mean/min/max: 4.97/4/5
  nonfinite_cost_count: 0
[DEBUG] SimOTA train batch stats:
  images: 32
  empty_images: 4
  gt_count: 36
  candidate_count_mean/min/max: 236.92/69/1261
  positives_total: 176
  positives_per_gt_mean/min/max: 4.89/1/5
  positives_stride8: 2
  positives_stride16: 103
  positives_stride32: 71
  unmatched_gt_count: 0
  fallback_count: 0
  conflict_count: 4
  dynamic_k_mean/min/max: 5.00/5/5
  nonfinite_cost_count: 0
[DEBUG] SimOTA train batch stats:
  images: 32
  empty_images: 4
  gt_count: 38
  candidate_count_mean/min/max: 158.05/75/733
  positives_total: 188
  positives_per_gt_mean/min/max: 4.95/4/5
  positives_stride8: 8
  positives_stride16: 117
  positives_stride32: 63
  unmatched_gt_count: 0
  fallback_count: 0
  conflict_count: 0
  dynamic_k_mean/min/max: 4.95/4/5
  nonfinite_cost_count: 0
[DEBUG] SimOTA train batch stats:
  images: 32
  empty_images: 4
  gt_count: 31
  candidate_count_mean/min/max: 228.16/70/926
  positives_total: 154
  positives_per_gt_mean/min/max: 4.97/4/5
  positives_stride8: 1
  positives_stride16: 87
  positives_stride32: 66
  unmatched_gt_count: 0
  fallback_count: 0
  conflict_count: 0
  dynamic_k_mean/min/max: 4.97/4/5
  nonfinite_cost_count: 0
[DEBUG] SimOTA train batch stats:
  images: 32
  empty_images: 6
  gt_count: 30
  candidate_count_mean/min/max: 193.53/53/535
  positives_total: 150
  positives_per_gt_mean/min/max: 5.00/5/5
  positives_stride8: 1
  positives_stride16: 94
  positives_stride32: 55
  unmatched_gt_count: 0
  fallback_count: 0
  conflict_count: 0
  dynamic_k_mean/min/max: 5.00/5/5
  nonfinite_cost_count: 0
[DEBUG] SimOTA train batch stats:
  images: 32
  empty_images: 5
  gt_count: 33
  candidate_count_mean/min/max: 183.09/75/792
  positives_total: 163
  positives_per_gt_mean/min/max: 4.94/3/5
  positives_stride8: 3
  positives_stride16: 93
  positives_stride32: 67
  unmatched_gt_count: 0
  fallback_count: 0
  conflict_count: 2
  dynamic_k_mean/min/max: 5.00/5/5
  nonfinite_cost_count: 0
[DEBUG] SimOTA val batch stats:
  images: 32
  empty_images: 0
  gt_count: 54
  candidate_count_mean/min/max: 108.57/70/430
  positives_total: 270
  positives_per_gt_mean/min/max: 5.00/5/5
  positives_stride8: 19
  positives_stride16: 158
  positives_stride32: 93
  unmatched_gt_count: 0
  fallback_count: 0
  conflict_count: 0
  dynamic_k_mean/min/max: 5.00/5/5
  nonfinite_cost_count: 0
[INFO] epoch summary | train loss=0.9908 obj=0.0008 box=0.1980 pos=172.40 | val loss=0.9847 map50=0.7588 map5095=0.5334 P=0.8000 R=0.7034 F1=0.7486
[INFO] val extras | mean_iou=0.8609 center_err_px(mean/med/p95)=3.85/2.28/13.11 center_err_norm_diag(mean/med/p95)=0.0048/0.0029/0.0164 fp/img=0.1746 small/med/large recall=0.5708/0.7848/0.7628 counts=233/223/215
[INFO] saved per-epoch checkpoint: /mnt/core/MLonMCU_proj/software/ball_detection/runs/20260522-133921-simota_diou_v2_pruned_30/checkpoints/002_epoch.pt
[INFO] new best checkpoint at epoch 2: /mnt/core/MLonMCU_proj/software/ball_detection/runs/20260522-133921-simota_diou_v2_pruned_30/checkpoints/best.pt
[INFO] epoch 3/150 start | lr=0.000999562
[DEBUG] SimOTA train batch stats:
  images: 32
  empty_images: 3
  gt_count: 41
  candidate_count_mean/min/max: 201.37/70/696
  positives_total: 200
  positives_per_gt_mean/min/max: 4.88/0/5
  positives_stride8: 4
  positives_stride16: 119
  positives_stride32: 77
  unmatched_gt_count: 1
  fallback_count: 0
  conflict_count: 5
  dynamic_k_mean/min/max: 5.00/5/5
  nonfinite_cost_count: 0
[DEBUG] SimOTA train batch stats:
  images: 32
  empty_images: 4
  gt_count: 36
  candidate_count_mean/min/max: 195.47/75/775
  positives_total: 180
  positives_per_gt_mean/min/max: 5.00/5/5
  positives_stride8: 2
  positives_stride16: 108
  positives_stride32: 70
  unmatched_gt_count: 0
  fallback_count: 0
  conflict_count: 0
  dynamic_k_mean/min/max: 5.00/5/5
  nonfinite_cost_count: 0
[DEBUG] SimOTA train batch stats:
  images: 32
  empty_images: 6
  gt_count: 31
  candidate_count_mean/min/max: 178.55/60/941
  positives_total: 155
  positives_per_gt_mean/min/max: 5.00/5/5
  positives_stride8: 5
  positives_stride16: 96
  positives_stride32: 54
  unmatched_gt_count: 0
  fallback_count: 0
  conflict_count: 0
  dynamic_k_mean/min/max: 5.00/5/5
  nonfinite_cost_count: 0
[DEBUG] SimOTA train batch stats:
  images: 32
  empty_images: 6
  gt_count: 36
  candidate_count_mean/min/max: 162.50/75/554
  positives_total: 175
  positives_per_gt_mean/min/max: 4.86/0/5
  positives_stride8: 0
  positives_stride16: 113
  positives_stride32: 62
  unmatched_gt_count: 1
  fallback_count: 0
  conflict_count: 5
  dynamic_k_mean/min/max: 5.00/5/5
  nonfinite_cost_count: 0
[DEBUG] SimOTA train batch stats:
  images: 32
  empty_images: 4
  gt_count: 33
  candidate_count_mean/min/max: 193.67/50/952
  positives_total: 165
  positives_per_gt_mean/min/max: 5.00/5/5
  positives_stride8: 1
  positives_stride16: 98
  positives_stride32: 66
  unmatched_gt_count: 0
  fallback_count: 0
  conflict_count: 0
  dynamic_k_mean/min/max: 5.00/5/5
  nonfinite_cost_count: 0
[DEBUG] SimOTA train batch stats:
  images: 32
  empty_images: 3
  gt_count: 35
  candidate_count_mean/min/max: 197.60/65/775
  positives_total: 175
  positives_per_gt_mean/min/max: 5.00/5/5
  positives_stride8: 2
  positives_stride16: 102
  positives_stride32: 71
  unmatched_gt_count: 0
  fallback_count: 0
  conflict_count: 0
  dynamic_k_mean/min/max: 5.00/5/5
  nonfinite_cost_count: 0
[DEBUG] SimOTA val batch stats:
  images: 32
  empty_images: 9
  gt_count: 35
  candidate_count_mean/min/max: 88.03/50/166
  positives_total: 174
  positives_per_gt_mean/min/max: 4.97/4/5
  positives_stride8: 7
  positives_stride16: 102
  positives_stride32: 65
  unmatched_gt_count: 0
  fallback_count: 0
  conflict_count: 0
  dynamic_k_mean/min/max: 4.97/4/5
  nonfinite_cost_count: 0
[INFO] epoch summary | train loss=0.9555 obj=0.0008 box=0.1909 pos=171.73 | val loss=0.8969 map50=0.7020 map5095=0.4840 P=0.7120 R=0.6632 F1=0.6867
[INFO] val extras | mean_iou=0.8567 center_err_px(mean/med/p95)=3.45/2.20/12.11 center_err_norm_diag(mean/med/p95)=0.0043/0.0027/0.0151 fp/img=0.2663 small/med/large recall=0.6052/0.7578/0.6279 counts=233/223/215
[INFO] saved per-epoch checkpoint: /mnt/core/MLonMCU_proj/software/ball_detection/runs/20260522-133921-simota_diou_v2_pruned_30/checkpoints/003_epoch.pt
[INFO] early stopping status: bad_epochs=1/30
[INFO] epoch 4/150 start | lr=0.000999014
[DEBUG] SimOTA train batch stats:
  images: 32
  empty_images: 5
  gt_count: 34
  candidate_count_mean/min/max: 167.71/70/758
  positives_total: 170
  positives_per_gt_mean/min/max: 5.00/5/5
  positives_stride8: 4
  positives_stride16: 101
  positives_stride32: 65
  unmatched_gt_count: 0
  fallback_count: 0
  conflict_count: 0
  dynamic_k_mean/min/max: 5.00/5/5
  nonfinite_cost_count: 0
[DEBUG] SimOTA train batch stats:
  images: 32
  empty_images: 3
  gt_count: 37
  candidate_count_mean/min/max: 209.41/60/926
  positives_total: 185
  positives_per_gt_mean/min/max: 5.00/5/5
  positives_stride8: 2
  positives_stride16: 99
  positives_stride32: 84
  unmatched_gt_count: 0
  fallback_count: 0
  conflict_count: 0
  dynamic_k_mean/min/max: 5.00/5/5
  nonfinite_cost_count: 0
[DEBUG] SimOTA train batch stats:
  images: 32
  empty_images: 2
  gt_count: 35
  candidate_count_mean/min/max: 200.83/75/430
  positives_total: 175
  positives_per_gt_mean/min/max: 5.00/5/5
  positives_stride8: 0
  positives_stride16: 95
  positives_stride32: 80
  unmatched_gt_count: 0
  fallback_count: 0
  conflict_count: 0
  dynamic_k_mean/min/max: 5.00/5/5
  nonfinite_cost_count: 0
[DEBUG] SimOTA train batch stats:
  images: 32
  empty_images: 5
  gt_count: 34
  candidate_count_mean/min/max: 206.97/75/1263
  positives_total: 170
  positives_per_gt_mean/min/max: 5.00/5/5
  positives_stride8: 0
  positives_stride16: 97
  positives_stride32: 73
  unmatched_gt_count: 0
  fallback_count: 0
  conflict_count: 0
  dynamic_k_mean/min/max: 5.00/5/5
  nonfinite_cost_count: 0
[DEBUG] SimOTA train batch stats:
  images: 32
  empty_images: 5
  gt_count: 37
  candidate_count_mean/min/max: 120.08/70/618
  positives_total: 179
  positives_per_gt_mean/min/max: 4.84/2/5
  positives_stride8: 4
  positives_stride16: 108
  positives_stride32: 67
  unmatched_gt_count: 0
  fallback_count: 0
  conflict_count: 4
  dynamic_k_mean/min/max: 4.95/4/5
  nonfinite_cost_count: 0
[DEBUG] SimOTA train batch stats:
  images: 32
  empty_images: 6
  gt_count: 35
  candidate_count_mean/min/max: 253.94/50/952
  positives_total: 175
  positives_per_gt_mean/min/max: 5.00/5/5
  positives_stride8: 0
  positives_stride16: 90
  positives_stride32: 85
  unmatched_gt_count: 0
  fallback_count: 0
  conflict_count: 0
  dynamic_k_mean/min/max: 5.00/5/5
  nonfinite_cost_count: 0
[DEBUG] SimOTA val batch stats:
  images: 32
  empty_images: 3
  gt_count: 29
  candidate_count_mean/min/max: 83.52/70/131
  positives_total: 145
  positives_per_gt_mean/min/max: 5.00/5/5
  positives_stride8: 0
  positives_stride16: 97
  positives_stride32: 48
  unmatched_gt_count: 0
  fallback_count: 0
  conflict_count: 0
  dynamic_k_mean/min/max: 5.00/5/5
  nonfinite_cost_count: 0
[INFO] epoch summary | train loss=0.9518 obj=0.0007 box=0.1902 pos=171.96 | val loss=0.8390 map50=0.7791 map5095=0.5436 P=0.8321 R=0.6945 F1=0.7571
[INFO] val extras | mean_iou=0.8604 center_err_px(mean/med/p95)=3.64/2.26/12.92 center_err_norm_diag(mean/med/p95)=0.0045/0.0028/0.0161 fp/img=0.1391 small/med/large recall=0.5622/0.7937/0.7349 counts=233/223/215
[INFO] saved per-epoch checkpoint: /mnt/core/MLonMCU_proj/software/ball_detection/runs/20260522-133921-simota_diou_v2_pruned_30/checkpoints/004_epoch.pt
[INFO] new best checkpoint at epoch 4: /mnt/core/MLonMCU_proj/software/ball_detection/runs/20260522-133921-simota_diou_v2_pruned_30/checkpoints/best.pt
[INFO] epoch 5/150 start | lr=0.000998248
[DEBUG] SimOTA train batch stats:
  images: 32
  empty_images: 4
  gt_count: 30
  candidate_count_mean/min/max: 183.80/75/457
  positives_total: 150
  positives_per_gt_mean/min/max: 5.00/5/5
  positives_stride8: 1
  positives_stride16: 91
  positives_stride32: 58
  unmatched_gt_count: 0
  fallback_count: 0
  conflict_count: 0
  dynamic_k_mean/min/max: 5.00/5/5
  nonfinite_cost_count: 0
[DEBUG] SimOTA train batch stats:
  images: 32
  empty_images: 4
  gt_count: 36
  candidate_count_mean/min/max: 141.72/70/789
  positives_total: 178
  positives_per_gt_mean/min/max: 4.94/3/5
  positives_stride8: 4
  positives_stride16: 105
  positives_stride32: 69
  unmatched_gt_count: 0
  fallback_count: 0
  conflict_count: 2
  dynamic_k_mean/min/max: 5.00/5/5
  nonfinite_cost_count: 0
[DEBUG] SimOTA train batch stats:
  images: 32
  empty_images: 2
  gt_count: 37
  candidate_count_mean/min/max: 163.73/70/505
  positives_total: 182
  positives_per_gt_mean/min/max: 4.92/2/5
  positives_stride8: 1
  positives_stride16: 114
  positives_stride32: 67
  unmatched_gt_count: 0
  fallback_count: 0
  conflict_count: 2
  dynamic_k_mean/min/max: 4.97/4/5
  nonfinite_cost_count: 0
[DEBUG] SimOTA train batch stats:
  images: 32
  empty_images: 2
  gt_count: 39
  candidate_count_mean/min/max: 149.67/53/560
  positives_total: 192
  positives_per_gt_mean/min/max: 4.92/2/5
  positives_stride8: 8
  positives_stride16: 112
  positives_stride32: 72
  unmatched_gt_count: 0
  fallback_count: 0
  conflict_count: 3
  dynamic_k_mean/min/max: 5.00/5/5
  nonfinite_cost_count: 0
[DEBUG] SimOTA train batch stats:
  images: 32
  empty_images: 5
  gt_count: 35
  candidate_count_mean/min/max: 203.54/75/1263
  positives_total: 174
  positives_per_gt_mean/min/max: 4.97/4/5
  positives_stride8: 2
  positives_stride16: 97
  positives_stride32: 75
  unmatched_gt_count: 0
  fallback_count: 0
  conflict_count: 1
  dynamic_k_mean/min/max: 5.00/5/5
  nonfinite_cost_count: 0
[DEBUG] SimOTA train batch stats:
  images: 32
  empty_images: 4
  gt_count: 35
  candidate_count_mean/min/max: 221.17/70/1077
  positives_total: 175
  positives_per_gt_mean/min/max: 5.00/5/5
  positives_stride8: 1
  positives_stride16: 95
  positives_stride32: 79
  unmatched_gt_count: 0
  fallback_count: 0
  conflict_count: 0
  dynamic_k_mean/min/max: 5.00/5/5
  nonfinite_cost_count: 0
[DEBUG] SimOTA val batch stats:
  images: 32
  empty_images: 3
  gt_count: 29
  candidate_count_mean/min/max: 291.59/62/476
  positives_total: 145
  positives_per_gt_mean/min/max: 5.00/5/5
  positives_stride8: 1
  positives_stride16: 71
  positives_stride32: 73
  unmatched_gt_count: 0
  fallback_count: 0
  conflict_count: 0
  dynamic_k_mean/min/max: 5.00/5/5
  nonfinite_cost_count: 0
[INFO] epoch summary | train loss=0.9052 obj=0.0007 box=0.1809 pos=171.76 | val loss=0.8364 map50=0.8290 map5095=0.5937 P=0.8160 R=0.7601 F1=0.7870
[INFO] val extras | mean_iou=0.8682 center_err_px(mean/med/p95)=3.70/2.28/12.88 center_err_norm_diag(mean/med/p95)=0.0046/0.0028/0.0161 fp/img=0.1701 small/med/large recall=0.5794/0.8565/0.8558 counts=233/223/215
[INFO] saved per-epoch checkpoint: /mnt/core/MLonMCU_proj/software/ball_detection/runs/20260522-133921-simota_diou_v2_pruned_30/checkpoints/005_epoch.pt
[INFO] new best checkpoint at epoch 5: /mnt/core/MLonMCU_proj/software/ball_detection/runs/20260522-133921-simota_diou_v2_pruned_30/checkpoints/best.pt
[INFO] epoch 6/150 start | lr=0.000997264
[DEBUG] SimOTA train batch stats:
  images: 32
  empty_images: 4
  gt_count: 36
  candidate_count_mean/min/max: 185.83/75/831
  positives_total: 180
  positives_per_gt_mean/min/max: 5.00/5/5
  positives_stride8: 2
  positives_stride16: 98
  positives_stride32: 80
  unmatched_gt_count: 0
  fallback_count: 0
  conflict_count: 0
  dynamic_k_mean/min/max: 5.00/5/5
  nonfinite_cost_count: 0
[DEBUG] SimOTA train batch stats:
  images: 32
  empty_images: 2
  gt_count: 37
  candidate_count_mean/min/max: 235.41/56/1164
  positives_total: 185
  positives_per_gt_mean/min/max: 5.00/5/5
  positives_stride8: 2
  positives_stride16: 99
  positives_stride32: 84
  unmatched_gt_count: 0
  fallback_count: 0
  conflict_count: 0
  dynamic_k_mean/min/max: 5.00/5/5
  nonfinite_cost_count: 0
[DEBUG] SimOTA train batch stats:
  images: 32
  empty_images: 3
  gt_count: 35
  candidate_count_mean/min/max: 196.69/70/697
  positives_total: 175
  positives_per_gt_mean/min/max: 5.00/5/5
  positives_stride8: 3
  positives_stride16: 91
  positives_stride32: 81
  unmatched_gt_count: 0
  fallback_count: 0
  conflict_count: 0
  dynamic_k_mean/min/max: 5.00/5/5
  nonfinite_cost_count: 0
[DEBUG] SimOTA train batch stats:
  images: 32
  empty_images: 5
  gt_count: 35
  candidate_count_mean/min/max: 168.26/70/725
  positives_total: 168
  positives_per_gt_mean/min/max: 4.80/0/5
  positives_stride8: 0
  positives_stride16: 95
  positives_stride32: 73
  unmatched_gt_count: 1
  fallback_count: 0
  conflict_count: 3
  dynamic_k_mean/min/max: 4.89/3/5
  nonfinite_cost_count: 0
[DEBUG] SimOTA train batch stats:
  images: 32
  empty_images: 5
  gt_count: 34
  candidate_count_mean/min/max: 187.26/50/780
  positives_total: 167
  positives_per_gt_mean/min/max: 4.91/2/5
  positives_stride8: 5
  positives_stride16: 85
  positives_stride32: 77
  unmatched_gt_count: 0
  fallback_count: 0
  conflict_count: 0
  dynamic_k_mean/min/max: 4.91/2/5
  nonfinite_cost_count: 0
[DEBUG] SimOTA train batch stats:
  images: 32
  empty_images: 2
  gt_count: 34
  candidate_count_mean/min/max: 219.35/60/1135
  positives_total: 170
  positives_per_gt_mean/min/max: 5.00/5/5
  positives_stride8: 1
  positives_stride16: 81
  positives_stride32: 88
  unmatched_gt_count: 0
  fallback_count: 0
  conflict_count: 0
  dynamic_k_mean/min/max: 5.00/5/5
  nonfinite_cost_count: 0
[DEBUG] SimOTA val batch stats:
  images: 32
  empty_images: 4
  gt_count: 28
  candidate_count_mean/min/max: 280.43/75/448
  positives_total: 140
  positives_per_gt_mean/min/max: 5.00/5/5
  positives_stride8: 0
  positives_stride16: 61
  positives_stride32: 79
  unmatched_gt_count: 0
  fallback_count: 0
  conflict_count: 0
  dynamic_k_mean/min/max: 5.00/5/5
  nonfinite_cost_count: 0
[INFO] epoch summary | train loss=0.8848 obj=0.0006 box=0.1768 pos=172.09 | val loss=0.9115 map50=0.8355 map5095=0.5827 P=0.8353 R=0.7556 F1=0.7934
[INFO] val extras | mean_iou=0.8611 center_err_px(mean/med/p95)=3.58/2.23/12.96 center_err_norm_diag(mean/med/p95)=0.0045/0.0028/0.0162 fp/img=0.1479 small/med/large recall=0.5751/0.8520/0.8512 counts=233/223/215
[INFO] saved per-epoch checkpoint: /mnt/core/MLonMCU_proj/software/ball_detection/runs/20260522-133921-simota_diou_v2_pruned_30/checkpoints/006_epoch.pt
[INFO] early stopping status: bad_epochs=1/30
[INFO] epoch 7/150 start | lr=0.000996061
[DEBUG] SimOTA train batch stats:
  images: 32
  empty_images: 3
  gt_count: 38
  candidate_count_mean/min/max: 179.82/50/1035
  positives_total: 188
  positives_per_gt_mean/min/max: 4.95/3/5
  positives_stride8: 6
  positives_stride16: 95
  positives_stride32: 87
  unmatched_gt_count: 0
  fallback_count: 0
  conflict_count: 2
  dynamic_k_mean/min/max: 5.00/5/5
  nonfinite_cost_count: 0
[DEBUG] SimOTA train batch stats:
  images: 32
  empty_images: 4
  gt_count: 39
  candidate_count_mean/min/max: 163.05/65/733
  positives_total: 194
  positives_per_gt_mean/min/max: 4.97/4/5
  positives_stride8: 5
  positives_stride16: 104
  positives_stride32: 85
  unmatched_gt_count: 0
  fallback_count: 0
  conflict_count: 0
  dynamic_k_mean/min/max: 4.97/4/5
  nonfinite_cost_count: 0
[DEBUG] SimOTA train batch stats:
  images: 32
  empty_images: 4
  gt_count: 36
  candidate_count_mean/min/max: 150.67/75/691
  positives_total: 180
  positives_per_gt_mean/min/max: 5.00/5/5
  positives_stride8: 4
  positives_stride16: 105
  positives_stride32: 71
  unmatched_gt_count: 0
  fallback_count: 0
  conflict_count: 0
  dynamic_k_mean/min/max: 5.00/5/5
  nonfinite_cost_count: 0
[DEBUG] SimOTA train batch stats:
  images: 32
  empty_images: 3
  gt_count: 37
  candidate_count_mean/min/max: 209.51/45/941
  positives_total: 183
  positives_per_gt_mean/min/max: 4.95/3/5
  positives_stride8: 5
  positives_stride16: 90
  positives_stride32: 88
  unmatched_gt_count: 0
  fallback_count: 0
  conflict_count: 0
  dynamic_k_mean/min/max: 4.95/3/5
  nonfinite_cost_count: 0
[DEBUG] SimOTA train batch stats:
  images: 32
  empty_images: 5
  gt_count: 32
  candidate_count_mean/min/max: 167.97/60/524
  positives_total: 160
  positives_per_gt_mean/min/max: 5.00/5/5
  positives_stride8: 1
  positives_stride16: 84
  positives_stride32: 75
  unmatched_gt_count: 0
  fallback_count: 0
  conflict_count: 0
  dynamic_k_mean/min/max: 5.00/5/5
  nonfinite_cost_count: 0
[DEBUG] SimOTA train batch stats:
  images: 32
  empty_images: 2
  gt_count: 36
  candidate_count_mean/min/max: 163.92/69/775
  positives_total: 180
  positives_per_gt_mean/min/max: 5.00/5/5
  positives_stride8: 3
  positives_stride16: 107
  positives_stride32: 70
  unmatched_gt_count: 0
  fallback_count: 0
  conflict_count: 0
  dynamic_k_mean/min/max: 5.00/5/5
  nonfinite_cost_count: 0
[DEBUG] SimOTA val batch stats:
  images: 32
  empty_images: 8
  gt_count: 39
  candidate_count_mean/min/max: 88.92/45/135
  positives_total: 195
  positives_per_gt_mean/min/max: 5.00/5/5
  positives_stride8: 5
  positives_stride16: 128
  positives_stride32: 62
  unmatched_gt_count: 0
  fallback_count: 0
  conflict_count: 0
  dynamic_k_mean/min/max: 5.00/5/5
  nonfinite_cost_count: 0
[INFO] epoch summary | train loss=0.9167 obj=0.0006 box=0.1832 pos=172.56 | val loss=0.8926 map50=0.8397 map5095=0.5838 P=0.9004 R=0.7541 F1=0.8208
[INFO] val extras | mean_iou=0.8613 center_err_px(mean/med/p95)=3.40/2.19/11.14 center_err_norm_diag(mean/med/p95)=0.0043/0.0027/0.0139 fp/img=0.0828 small/med/large recall=0.5966/0.8251/0.8512 counts=233/223/215
[INFO] saved per-epoch checkpoint: /mnt/core/MLonMCU_proj/software/ball_detection/runs/20260522-133921-simota_diou_v2_pruned_30/checkpoints/007_epoch.pt
[INFO] early stopping status: bad_epochs=2/30
[INFO] epoch 8/150 start | lr=0.000994642
[DEBUG] SimOTA train batch stats:
  images: 32
  empty_images: 3
  gt_count: 44
  candidate_count_mean/min/max: 165.00/45/732
  positives_total: 205
  positives_per_gt_mean/min/max: 4.66/0/5
  positives_stride8: 10
  positives_stride16: 120
  positives_stride32: 75
  unmatched_gt_count: 3
  fallback_count: 0
  conflict_count: 15
  dynamic_k_mean/min/max: 5.00/5/5
  nonfinite_cost_count: 0
[DEBUG] SimOTA train batch stats:
  images: 32
  empty_images: 3
  gt_count: 36
  candidate_count_mean/min/max: 184.14/75/505
  positives_total: 180
  positives_per_gt_mean/min/max: 5.00/5/5
  positives_stride8: 0
  positives_stride16: 95
  positives_stride32: 85
  unmatched_gt_count: 0
  fallback_count: 0
  conflict_count: 0
  dynamic_k_mean/min/max: 5.00/5/5
  nonfinite_cost_count: 0
[DEBUG] SimOTA train batch stats:
  images: 32
  empty_images: 4
  gt_count: 34
  candidate_count_mean/min/max: 209.53/70/686
  positives_total: 170
  positives_per_gt_mean/min/max: 5.00/5/5
  positives_stride8: 0
  positives_stride16: 100
  positives_stride32: 70
  unmatched_gt_count: 0
  fallback_count: 0
  conflict_count: 0
  dynamic_k_mean/min/max: 5.00/5/5
  nonfinite_cost_count: 0
[DEBUG] SimOTA train batch stats:
  images: 32
  empty_images: 3
  gt_count: 35
  candidate_count_mean/min/max: 243.86/41/1071
  positives_total: 175
  positives_per_gt_mean/min/max: 5.00/5/5
  positives_stride8: 4
  positives_stride16: 87
  positives_stride32: 84
  unmatched_gt_count: 0
  fallback_count: 0
  conflict_count: 0
  dynamic_k_mean/min/max: 5.00/5/5
  nonfinite_cost_count: 0
[DEBUG] SimOTA train batch stats:
  images: 32
  empty_images: 6
  gt_count: 31
  candidate_count_mean/min/max: 161.03/60/548
  positives_total: 155
  positives_per_gt_mean/min/max: 5.00/5/5
  positives_stride8: 1
  positives_stride16: 88
  positives_stride32: 66
  unmatched_gt_count: 0
  fallback_count: 0
  conflict_count: 0
  dynamic_k_mean/min/max: 5.00/5/5
  nonfinite_cost_count: 0
[DEBUG] SimOTA train batch stats:
  images: 32
  empty_images: 5
  gt_count: 41
  candidate_count_mean/min/max: 116.34/53/361
  positives_total: 205
  positives_per_gt_mean/min/max: 5.00/5/5
  positives_stride8: 1
  positives_stride16: 128
  positives_stride32: 76
  unmatched_gt_count: 0
  fallback_count: 0
  conflict_count: 0
  dynamic_k_mean/min/max: 5.00/5/5
  nonfinite_cost_count: 0
[DEBUG] SimOTA val batch stats:
  images: 32
  empty_images: 15
  gt_count: 20
  candidate_count_mean/min/max: 157.40/62/430
  positives_total: 100
  positives_per_gt_mean/min/max: 5.00/5/5
  positives_stride8: 1
  positives_stride16: 55
  positives_stride32: 44
  unmatched_gt_count: 0
  fallback_count: 0
  conflict_count: 0
  dynamic_k_mean/min/max: 5.00/5/5
  nonfinite_cost_count: 0
[INFO] epoch summary | train loss=0.8480 obj=0.0006 box=0.1695 pos=171.34 | val loss=0.8727 map50=0.8479 map5095=0.6142 P=0.8795 R=0.7615 F1=0.8163
[INFO] val extras | mean_iou=0.8745 center_err_px(mean/med/p95)=3.33/2.20/11.11 center_err_norm_diag(mean/med/p95)=0.0042/0.0028/0.0139 fp/img=0.1036 small/med/large recall=0.5794/0.8610/0.8558 counts=233/223/215
[INFO] saved per-epoch checkpoint: /mnt/core/MLonMCU_proj/software/ball_detection/runs/20260522-133921-simota_diou_v2_pruned_30/checkpoints/008_epoch.pt
[INFO] new best checkpoint at epoch 8: /mnt/core/MLonMCU_proj/software/ball_detection/runs/20260522-133921-simota_diou_v2_pruned_30/checkpoints/best.pt
[INFO] epoch 9/150 start | lr=0.000993005
[DEBUG] SimOTA train batch stats:
  images: 32
  empty_images: 1
  gt_count: 38
  candidate_count_mean/min/max: 221.84/69/1575
  positives_total: 190
  positives_per_gt_mean/min/max: 5.00/5/5
  positives_stride8: 4
  positives_stride16: 91
  positives_stride32: 95
  unmatched_gt_count: 0
  fallback_count: 0
  conflict_count: 0
  dynamic_k_mean/min/max: 5.00/5/5
  nonfinite_cost_count: 0
[DEBUG] SimOTA train batch stats:
  images: 32
  empty_images: 8
  gt_count: 29
  candidate_count_mean/min/max: 153.66/60/535
  positives_total: 143
  positives_per_gt_mean/min/max: 4.93/3/5
  positives_stride8: 1
  positives_stride16: 83
  positives_stride32: 59
  unmatched_gt_count: 0
  fallback_count: 0
  conflict_count: 2
  dynamic_k_mean/min/max: 5.00/5/5
  nonfinite_cost_count: 0
[DEBUG] SimOTA train batch stats:
  images: 32
  empty_images: 5
  gt_count: 30
  candidate_count_mean/min/max: 175.07/75/421
  positives_total: 150
  positives_per_gt_mean/min/max: 5.00/5/5
  positives_stride8: 0
  positives_stride16: 83
  positives_stride32: 67
  unmatched_gt_count: 0
  fallback_count: 0
  conflict_count: 0
  dynamic_k_mean/min/max: 5.00/5/5
  nonfinite_cost_count: 0
[DEBUG] SimOTA train batch stats:
  images: 32
  empty_images: 4
  gt_count: 40
  candidate_count_mean/min/max: 144.88/45/421
  positives_total: 199
  positives_per_gt_mean/min/max: 4.97/4/5
  positives_stride8: 5
  positives_stride16: 115
  positives_stride32: 79
  unmatched_gt_count: 0
  fallback_count: 0
  conflict_count: 0
  dynamic_k_mean/min/max: 4.97/4/5
  nonfinite_cost_count: 0
[DEBUG] SimOTA train batch stats:
  images: 32
  empty_images: 10
  gt_count: 25
  candidate_count_mean/min/max: 190.24/70/529
  positives_total: 125
  positives_per_gt_mean/min/max: 5.00/5/5
  positives_stride8: 1
  positives_stride16: 68
  positives_stride32: 56
  unmatched_gt_count: 0
  fallback_count: 0
  conflict_count: 0
  dynamic_k_mean/min/max: 5.00/5/5
  nonfinite_cost_count: 0
[DEBUG] SimOTA train batch stats:
  images: 32
  empty_images: 2
  gt_count: 32
  candidate_count_mean/min/max: 210.97/75/830
  positives_total: 160
  positives_per_gt_mean/min/max: 5.00/5/5
  positives_stride8: 0
  positives_stride16: 83
  positives_stride32: 77
  unmatched_gt_count: 0
  fallback_count: 0
  conflict_count: 0
  dynamic_k_mean/min/max: 5.00/5/5
  nonfinite_cost_count: 0
[DEBUG] SimOTA val batch stats:
  images: 32
  empty_images: 0
  gt_count: 33
  candidate_count_mean/min/max: 306.42/80/433
  positives_total: 160
  positives_per_gt_mean/min/max: 4.85/0/5
  positives_stride8: 0
  positives_stride16: 53
  positives_stride32: 107
  unmatched_gt_count: 1
  fallback_count: 0
  conflict_count: 5
  dynamic_k_mean/min/max: 5.00/5/5
  nonfinite_cost_count: 0
[INFO] epoch summary | train loss=0.8787 obj=0.0006 box=0.1756 pos=172.07 | val loss=0.8341 map50=0.8460 map5095=0.6063 P=0.8469 R=0.7750 F1=0.8093
[INFO] val extras | mean_iou=0.8707 center_err_px(mean/med/p95)=2.95/2.19/7.71 center_err_norm_diag(mean/med/p95)=0.0037/0.0027/0.0096 fp/img=0.1391 small/med/large recall=0.6223/0.8610/0.8512 counts=233/223/215
[INFO] saved per-epoch checkpoint: /mnt/core/MLonMCU_proj/software/ball_detection/runs/20260522-133921-simota_diou_v2_pruned_30/checkpoints/009_epoch.pt
[INFO] early stopping status: bad_epochs=1/30
[INFO] epoch 10/150 start | lr=0.000991152
[DEBUG] SimOTA train batch stats:
  images: 32
  empty_images: 3
  gt_count: 35
  candidate_count_mean/min/max: 180.86/70/457
  positives_total: 175
  positives_per_gt_mean/min/max: 5.00/5/5
  positives_stride8: 0
  positives_stride16: 92
  positives_stride32: 83
  unmatched_gt_count: 0
  fallback_count: 0
  conflict_count: 0
  dynamic_k_mean/min/max: 5.00/5/5
  nonfinite_cost_count: 0
[DEBUG] SimOTA train batch stats:
  images: 32
  empty_images: 4
  gt_count: 33
  candidate_count_mean/min/max: 187.82/75/725
  positives_total: 165
  positives_per_gt_mean/min/max: 5.00/5/5
  positives_stride8: 0
  positives_stride16: 88
  positives_stride32: 77
  unmatched_gt_count: 0
  fallback_count: 0
  conflict_count: 0
  dynamic_k_mean/min/max: 5.00/5/5
  nonfinite_cost_count: 0
[DEBUG] SimOTA train batch stats:
  images: 32
  empty_images: 4
  gt_count: 41
  candidate_count_mean/min/max: 192.63/45/785
  positives_total: 193
  positives_per_gt_mean/min/max: 4.71/0/5
  positives_stride8: 7
  positives_stride16: 98
  positives_stride32: 88
  unmatched_gt_count: 2
  fallback_count: 0
  conflict_count: 8
  dynamic_k_mean/min/max: 4.90/3/5
  nonfinite_cost_count: 0
[DEBUG] SimOTA train batch stats:
  images: 32
  empty_images: 2
  gt_count: 36
  candidate_count_mean/min/max: 200.69/56/928
  positives_total: 179
  positives_per_gt_mean/min/max: 4.97/4/5
  positives_stride8: 5
  positives_stride16: 98
  positives_stride32: 76
  unmatched_gt_count: 0
  fallback_count: 0
  conflict_count: 0
  dynamic_k_mean/min/max: 4.97/4/5
  nonfinite_cost_count: 0
[DEBUG] SimOTA train batch stats:
  images: 32
  empty_images: 3
  gt_count: 40
  candidate_count_mean/min/max: 190.85/70/1195
  positives_total: 193
  positives_per_gt_mean/min/max: 4.83/0/5
  positives_stride8: 3
  positives_stride16: 97
  positives_stride32: 93
  unmatched_gt_count: 1
  fallback_count: 0
  conflict_count: 3
  dynamic_k_mean/min/max: 4.90/3/5
  nonfinite_cost_count: 0
[DEBUG] SimOTA train batch stats:
  images: 32
  empty_images: 1
  gt_count: 42
  candidate_count_mean/min/max: 172.50/50/696
  positives_total: 210
  positives_per_gt_mean/min/max: 5.00/5/5
  positives_stride8: 1
  positives_stride16: 119
  positives_stride32: 90
  unmatched_gt_count: 0
  fallback_count: 0
  conflict_count: 0
  dynamic_k_mean/min/max: 5.00/5/5
  nonfinite_cost_count: 0
[DEBUG] SimOTA val batch stats:
  images: 32
  empty_images: 13
  gt_count: 19
  candidate_count_mean/min/max: 79.00/60/109
  positives_total: 90
  positives_per_gt_mean/min/max: 4.74/2/5
  positives_stride8: 5
  positives_stride16: 52
  positives_stride32: 33
  unmatched_gt_count: 0
  fallback_count: 0
  conflict_count: 0
  dynamic_k_mean/min/max: 4.74/2/5
  nonfinite_cost_count: 0
[INFO] epoch summary | train loss=0.8529 obj=0.0006 box=0.1705 pos=172.12 | val loss=0.9315 map50=0.8536 map5095=0.6214 P=0.8793 R=0.7601 F1=0.8153
[INFO] val extras | mean_iou=0.8762 center_err_px(mean/med/p95)=3.22/2.15/9.15 center_err_norm_diag(mean/med/p95)=0.0040/0.0027/0.0114 fp/img=0.1036 small/med/large recall=0.5708/0.8430/0.8791 counts=233/223/215
[INFO] saved per-epoch checkpoint: /mnt/core/MLonMCU_proj/software/ball_detection/runs/20260522-133921-simota_diou_v2_pruned_30/checkpoints/010_epoch.pt
[INFO] new best checkpoint at epoch 10: /mnt/core/MLonMCU_proj/software/ball_detection/runs/20260522-133921-simota_diou_v2_pruned_30/checkpoints/best.pt
[INFO] epoch 11/150 start | lr=0.000989085
[DEBUG] SimOTA train batch stats:
  images: 32
  empty_images: 3
  gt_count: 34
  candidate_count_mean/min/max: 145.76/70/430
  positives_total: 169
  positives_per_gt_mean/min/max: 4.97/4/5
  positives_stride8: 3
  positives_stride16: 96
  positives_stride32: 70
  unmatched_gt_count: 0
  fallback_count: 0
  conflict_count: 1
  dynamic_k_mean/min/max: 5.00/5/5
  nonfinite_cost_count: 0
[DEBUG] SimOTA train batch stats:
  images: 32
  empty_images: 5
  gt_count: 29
  candidate_count_mean/min/max: 195.79/60/1135
  positives_total: 145
  positives_per_gt_mean/min/max: 5.00/5/5
  positives_stride8: 1
  positives_stride16: 81
  positives_stride32: 63
  unmatched_gt_count: 0
  fallback_count: 0
  conflict_count: 0
  dynamic_k_mean/min/max: 5.00/5/5
  nonfinite_cost_count: 0
[DEBUG] SimOTA train batch stats:
  images: 32
  empty_images: 5
  gt_count: 32
  candidate_count_mean/min/max: 201.12/75/808
  positives_total: 160
  positives_per_gt_mean/min/max: 5.00/5/5
  positives_stride8: 2
  positives_stride16: 87
  positives_stride32: 71
  unmatched_gt_count: 0
  fallback_count: 0
  conflict_count: 0
  dynamic_k_mean/min/max: 5.00/5/5
  nonfinite_cost_count: 0
[DEBUG] SimOTA train batch stats:
  images: 32
  empty_images: 3
  gt_count: 35
  candidate_count_mean/min/max: 193.71/71/609
  positives_total: 175
  positives_per_gt_mean/min/max: 5.00/5/5
  positives_stride8: 3
  positives_stride16: 90
  positives_stride32: 82
  unmatched_gt_count: 0
  fallback_count: 0
  conflict_count: 0
  dynamic_k_mean/min/max: 5.00/5/5
  nonfinite_cost_count: 0
[DEBUG] SimOTA train batch stats:
  images: 32
  empty_images: 5
  gt_count: 38
  candidate_count_mean/min/max: 191.03/70/687
  positives_total: 190
  positives_per_gt_mean/min/max: 5.00/5/5
  positives_stride8: 1
  positives_stride16: 103
  positives_stride32: 86
  unmatched_gt_count: 0
  fallback_count: 0
  conflict_count: 0
  dynamic_k_mean/min/max: 5.00/5/5
  nonfinite_cost_count: 0
[DEBUG] SimOTA train batch stats:
  images: 32
  empty_images: 4
  gt_count: 35
  candidate_count_mean/min/max: 182.06/70/691
  positives_total: 175
  positives_per_gt_mean/min/max: 5.00/5/5
  positives_stride8: 3
  positives_stride16: 95
  positives_stride32: 77
  unmatched_gt_count: 0
  fallback_count: 0
  conflict_count: 0
  dynamic_k_mean/min/max: 5.00/5/5
  nonfinite_cost_count: 0
[DEBUG] SimOTA val batch stats:
  images: 32
  empty_images: 6
  gt_count: 26
  candidate_count_mean/min/max: 85.81/70/211
  positives_total: 129
  positives_per_gt_mean/min/max: 4.96/4/5
  positives_stride8: 3
  positives_stride16: 78
  positives_stride32: 48
  unmatched_gt_count: 0
  fallback_count: 0
  conflict_count: 0
  dynamic_k_mean/min/max: 4.96/4/5
  nonfinite_cost_count: 0
[INFO] epoch summary | train loss=0.8623 obj=0.0006 box=0.1723 pos=172.14 | val loss=0.8916 map50=0.8625 map5095=0.6348 P=0.8562 R=0.7899 F1=0.8217
[INFO] val extras | mean_iou=0.8766 center_err_px(mean/med/p95)=2.98/2.08/8.02 center_err_norm_diag(mean/med/p95)=0.0037/0.0026/0.0100 fp/img=0.1317 small/med/large recall=0.6180/0.8700/0.8930 counts=233/223/215
[INFO] saved per-epoch checkpoint: /mnt/core/MLonMCU_proj/software/ball_detection/runs/20260522-133921-simota_diou_v2_pruned_30/checkpoints/011_epoch.pt
[INFO] new best checkpoint at epoch 11: /mnt/core/MLonMCU_proj/software/ball_detection/runs/20260522-133921-simota_diou_v2_pruned_30/checkpoints/best.pt
[INFO] epoch 12/150 start | lr=0.000986803
[DEBUG] SimOTA train batch stats:
  images: 32
  empty_images: 6
  gt_count: 31
  candidate_count_mean/min/max: 173.32/70/430
  positives_total: 155
  positives_per_gt_mean/min/max: 5.00/5/5
  positives_stride8: 1
  positives_stride16: 92
  positives_stride32: 62
  unmatched_gt_count: 0
  fallback_count: 0
  conflict_count: 0
  dynamic_k_mean/min/max: 5.00/5/5
  nonfinite_cost_count: 0
[DEBUG] SimOTA train batch stats:
  images: 32
  empty_images: 7
  gt_count: 29
  candidate_count_mean/min/max: 251.03/75/737
  positives_total: 145
  positives_per_gt_mean/min/max: 5.00/5/5
  positives_stride8: 1
  positives_stride16: 73
  positives_stride32: 71
  unmatched_gt_count: 0
  fallback_count: 0
  conflict_count: 0
  dynamic_k_mean/min/max: 5.00/5/5
  nonfinite_cost_count: 0
[DEBUG] SimOTA train batch stats:
  images: 32
  empty_images: 3
  gt_count: 33
  candidate_count_mean/min/max: 177.27/70/646
  positives_total: 165
  positives_per_gt_mean/min/max: 5.00/5/5
  positives_stride8: 4
  positives_stride16: 83
  positives_stride32: 78
  unmatched_gt_count: 0
  fallback_count: 0
  conflict_count: 0
  dynamic_k_mean/min/max: 5.00/5/5
  nonfinite_cost_count: 0
[DEBUG] SimOTA train batch stats:
  images: 32
  empty_images: 5
  gt_count: 37
  candidate_count_mean/min/max: 173.49/75/1018
  positives_total: 185
  positives_per_gt_mean/min/max: 5.00/5/5
  positives_stride8: 4
  positives_stride16: 99
  positives_stride32: 82
  unmatched_gt_count: 0
  fallback_count: 0
  conflict_count: 0
  dynamic_k_mean/min/max: 5.00/5/5
  nonfinite_cost_count: 0
[DEBUG] SimOTA train batch stats:
  images: 32
  empty_images: 6
  gt_count: 31
  candidate_count_mean/min/max: 141.87/75/535
  positives_total: 155
  positives_per_gt_mean/min/max: 5.00/5/5
  positives_stride8: 2
  positives_stride16: 88
  positives_stride32: 65
  unmatched_gt_count: 0
  fallback_count: 0
  conflict_count: 0
  dynamic_k_mean/min/max: 5.00/5/5
  nonfinite_cost_count: 0
[DEBUG] SimOTA train batch stats:
  images: 32
  empty_images: 2
  gt_count: 37
  candidate_count_mean/min/max: 200.24/53/831
  positives_total: 185
  positives_per_gt_mean/min/max: 5.00/5/5
  positives_stride8: 3
  positives_stride16: 104
  positives_stride32: 78
  unmatched_gt_count: 0
  fallback_count: 0
  conflict_count: 0
  dynamic_k_mean/min/max: 5.00/5/5
  nonfinite_cost_count: 0
[DEBUG] SimOTA val batch stats:
  images: 32
  empty_images: 5
  gt_count: 27
  candidate_count_mean/min/max: 201.30/70/467
  positives_total: 135
  positives_per_gt_mean/min/max: 5.00/5/5
  positives_stride8: 3
  positives_stride16: 79
  positives_stride32: 53
  unmatched_gt_count: 0
  fallback_count: 0
  conflict_count: 0
  dynamic_k_mean/min/max: 5.00/5/5
  nonfinite_cost_count: 0
[INFO] epoch summary | train loss=0.8565 obj=0.0005 box=0.1712 pos=172.19 | val loss=0.8548 map50=0.8625 map5095=0.6333 P=0.8868 R=0.7586 F1=0.8177
[INFO] val extras | mean_iou=0.8806 center_err_px(mean/med/p95)=2.88/2.06/7.68 center_err_norm_diag(mean/med/p95)=0.0036/0.0026/0.0096 fp/img=0.0962 small/med/large recall=0.5923/0.8251/0.8698 counts=233/223/215
[INFO] saved per-epoch checkpoint: /mnt/core/MLonMCU_proj/software/ball_detection/runs/20260522-133921-simota_diou_v2_pruned_30/checkpoints/012_epoch.pt
[INFO] early stopping status: bad_epochs=1/30
[INFO] epoch 13/150 start | lr=0.000984307
[DEBUG] SimOTA train batch stats:
  images: 32
  empty_images: 2
  gt_count: 44
  candidate_count_mean/min/max: 177.73/45/1003
  positives_total: 218
  positives_per_gt_mean/min/max: 4.95/3/5
  positives_stride8: 8
  positives_stride16: 115
  positives_stride32: 95
  unmatched_gt_count: 0
  fallback_count: 0
  conflict_count: 0
  dynamic_k_mean/min/max: 4.95/3/5
  nonfinite_cost_count: 0
[DEBUG] SimOTA train batch stats:
  images: 32
  empty_images: 6
  gt_count: 28
  candidate_count_mean/min/max: 200.68/70/733
  positives_total: 140
  positives_per_gt_mean/min/max: 5.00/5/5
  positives_stride8: 1
  positives_stride16: 66
  positives_stride32: 73
  unmatched_gt_count: 0
  fallback_count: 0
  conflict_count: 0
  dynamic_k_mean/min/max: 5.00/5/5
  nonfinite_cost_count: 0
[DEBUG] SimOTA train batch stats:
  images: 32
  empty_images: 6
  gt_count: 33
  candidate_count_mean/min/max: 182.27/70/697
  positives_total: 165
  positives_per_gt_mean/min/max: 5.00/5/5
  positives_stride8: 4
  positives_stride16: 87
  positives_stride32: 74
  unmatched_gt_count: 0
  fallback_count: 0
  conflict_count: 0
  dynamic_k_mean/min/max: 5.00/5/5
  nonfinite_cost_count: 0
[DEBUG] SimOTA train batch stats:
  images: 32
  empty_images: 4
  gt_count: 35
  candidate_count_mean/min/max: 134.71/70/609
  positives_total: 175
  positives_per_gt_mean/min/max: 5.00/5/5
  positives_stride8: 0
  positives_stride16: 103
  positives_stride32: 72
  unmatched_gt_count: 0
  fallback_count: 0
  conflict_count: 0
  dynamic_k_mean/min/max: 5.00/5/5
  nonfinite_cost_count: 0
[DEBUG] SimOTA train batch stats:
  images: 32
  empty_images: 5
  gt_count: 31
  candidate_count_mean/min/max: 216.97/70/1261
  positives_total: 151
  positives_per_gt_mean/min/max: 4.87/1/5
  positives_stride8: 2
  positives_stride16: 78
  positives_stride32: 71
  unmatched_gt_count: 0
  fallback_count: 0
  conflict_count: 4
  dynamic_k_mean/min/max: 5.00/5/5
  nonfinite_cost_count: 0
[DEBUG] SimOTA train batch stats:
  images: 32
  empty_images: 4
  gt_count: 35
  candidate_count_mean/min/max: 224.26/50/725
  positives_total: 175
  positives_per_gt_mean/min/max: 5.00/5/5
  positives_stride8: 2
  positives_stride16: 100
  positives_stride32: 73
  unmatched_gt_count: 0
  fallback_count: 0
  conflict_count: 0
  dynamic_k_mean/min/max: 5.00/5/5
  nonfinite_cost_count: 0
[DEBUG] SimOTA val batch stats:
  images: 32
  empty_images: 4
  gt_count: 32
  candidate_count_mean/min/max: 91.31/57/301
  positives_total: 156
  positives_per_gt_mean/min/max: 4.88/4/5
  positives_stride8: 12
  positives_stride16: 93
  positives_stride32: 51
  unmatched_gt_count: 0
  fallback_count: 0
  conflict_count: 0
  dynamic_k_mean/min/max: 4.88/4/5
  nonfinite_cost_count: 0
[INFO] epoch summary | train loss=0.8424 obj=0.0006 box=0.1684 pos=172.21 | val loss=0.9370 map50=0.8551 map5095=0.6278 P=0.8309 R=0.7615 F1=0.7947
[INFO] val extras | mean_iou=0.8797 center_err_px(mean/med/p95)=2.93/2.13/7.74 center_err_norm_diag(mean/med/p95)=0.0037/0.0027/0.0097 fp/img=0.1538 small/med/large recall=0.5708/0.8610/0.8651 counts=233/223/215
[INFO] saved per-epoch checkpoint: /mnt/core/MLonMCU_proj/software/ball_detection/runs/20260522-133921-simota_diou_v2_pruned_30/checkpoints/013_epoch.pt
[INFO] early stopping status: bad_epochs=2/30
[INFO] epoch 14/150 start | lr=0.0009816
[DEBUG] SimOTA train batch stats:
  images: 32
  empty_images: 4
  gt_count: 35
  candidate_count_mean/min/max: 215.40/60/792
  positives_total: 175
  positives_per_gt_mean/min/max: 5.00/5/5
  positives_stride8: 0
  positives_stride16: 93
  positives_stride32: 82
  unmatched_gt_count: 0
  fallback_count: 0
  conflict_count: 0
  dynamic_k_mean/min/max: 5.00/5/5
  nonfinite_cost_count: 0
[DEBUG] SimOTA train batch stats:
  images: 32
  empty_images: 4
  gt_count: 38
  candidate_count_mean/min/max: 149.37/45/560
  positives_total: 186
  positives_per_gt_mean/min/max: 4.89/3/5
  positives_stride8: 14
  positives_stride16: 104
  positives_stride32: 68
  unmatched_gt_count: 0
  fallback_count: 0
  conflict_count: 0
  dynamic_k_mean/min/max: 4.89/3/5
  nonfinite_cost_count: 0
[DEBUG] SimOTA train batch stats:
  images: 32
  empty_images: 4
  gt_count: 33
  candidate_count_mean/min/max: 147.85/75/430
  positives_total: 165
  positives_per_gt_mean/min/max: 5.00/5/5
  positives_stride8: 1
  positives_stride16: 98
  positives_stride32: 66
  unmatched_gt_count: 0
  fallback_count: 0
  conflict_count: 0
  dynamic_k_mean/min/max: 5.00/5/5
  nonfinite_cost_count: 0
[DEBUG] SimOTA train batch stats:
  images: 32
  empty_images: 6
  gt_count: 33
  candidate_count_mean/min/max: 175.64/50/780
  positives_total: 164
  positives_per_gt_mean/min/max: 4.97/4/5
  positives_stride8: 1
  positives_stride16: 89
  positives_stride32: 74
  unmatched_gt_count: 0
  fallback_count: 0
  conflict_count: 0
  dynamic_k_mean/min/max: 4.97/4/5
  nonfinite_cost_count: 0
[DEBUG] SimOTA train batch stats:
  images: 32
  empty_images: 5
  gt_count: 35
  candidate_count_mean/min/max: 149.89/60/928
  positives_total: 175
  positives_per_gt_mean/min/max: 5.00/5/5
  positives_stride8: 2
  positives_stride16: 96
  positives_stride32: 77
  unmatched_gt_count: 0
  fallback_count: 0
  conflict_count: 0
  dynamic_k_mean/min/max: 5.00/5/5
  nonfinite_cost_count: 0
[DEBUG] SimOTA train batch stats:
  images: 32
  empty_images: 4
  gt_count: 36
  candidate_count_mean/min/max: 181.17/45/926
  positives_total: 178
  positives_per_gt_mean/min/max: 4.94/3/5
  positives_stride8: 9
  positives_stride16: 95
  positives_stride32: 74
  unmatched_gt_count: 0
  fallback_count: 0
  conflict_count: 0
  dynamic_k_mean/min/max: 4.94/3/5
  nonfinite_cost_count: 0
[DEBUG] SimOTA val batch stats:
  images: 32
  empty_images: 4
  gt_count: 36
  candidate_count_mean/min/max: 208.00/70/855
  positives_total: 175
  positives_per_gt_mean/min/max: 4.86/2/5
  positives_stride8: 1
  positives_stride16: 92
  positives_stride32: 82
  unmatched_gt_count: 0
  fallback_count: 0
  conflict_count: 0
  dynamic_k_mean/min/max: 4.86/2/5
  nonfinite_cost_count: 0
[INFO] epoch summary | train loss=0.8418 obj=0.0005 box=0.1683 pos=171.99 | val loss=0.9428 map50=0.8657 map5095=0.6410 P=0.8953 R=0.7645 F1=0.8248
[INFO] val extras | mean_iou=0.8790 center_err_px(mean/med/p95)=2.97/2.09/7.70 center_err_norm_diag(mean/med/p95)=0.0037/0.0026/0.0096 fp/img=0.0888 small/med/large recall=0.5966/0.8161/0.8930 counts=233/223/215
[INFO] saved per-epoch checkpoint: /mnt/core/MLonMCU_proj/software/ball_detection/runs/20260522-133921-simota_diou_v2_pruned_30/checkpoints/014_epoch.pt
[INFO] new best checkpoint at epoch 14: /mnt/core/MLonMCU_proj/software/ball_detection/runs/20260522-133921-simota_diou_v2_pruned_30/checkpoints/best.pt
[INFO] epoch 15/150 start | lr=0.000978681
[DEBUG] SimOTA train batch stats:
  images: 32
  empty_images: 2
  gt_count: 40
  candidate_count_mean/min/max: 171.38/70/999
  positives_total: 200
  positives_per_gt_mean/min/max: 5.00/5/5
  positives_stride8: 2
  positives_stride16: 117
  positives_stride32: 81
  unmatched_gt_count: 0
  fallback_count: 0
  conflict_count: 0
  dynamic_k_mean/min/max: 5.00/5/5
  nonfinite_cost_count: 0
[DEBUG] SimOTA train batch stats:
  images: 32
  empty_images: 3
  gt_count: 38
  candidate_count_mean/min/max: 188.45/50/661
  positives_total: 190
  positives_per_gt_mean/min/max: 5.00/5/5
  positives_stride8: 2
  positives_stride16: 99
  positives_stride32: 89
  unmatched_gt_count: 0
  fallback_count: 0
  conflict_count: 0
  dynamic_k_mean/min/max: 5.00/5/5
  nonfinite_cost_count: 0
[DEBUG] SimOTA train batch stats:
  images: 32
  empty_images: 4
  gt_count: 39
  candidate_count_mean/min/max: 155.46/53/448
  positives_total: 195
  positives_per_gt_mean/min/max: 5.00/5/5
  positives_stride8: 1
  positives_stride16: 117
  positives_stride32: 77
  unmatched_gt_count: 0
  fallback_count: 0
  conflict_count: 0
  dynamic_k_mean/min/max: 5.00/5/5
  nonfinite_cost_count: 0
[DEBUG] SimOTA train batch stats:
  images: 32
  empty_images: 5
  gt_count: 34
  candidate_count_mean/min/max: 191.38/70/1135
  positives_total: 170
  positives_per_gt_mean/min/max: 5.00/5/5
  positives_stride8: 4
  positives_stride16: 93
  positives_stride32: 73
  unmatched_gt_count: 0
  fallback_count: 0
  conflict_count: 0
  dynamic_k_mean/min/max: 5.00/5/5
  nonfinite_cost_count: 0
[DEBUG] SimOTA train batch stats:
  images: 32
  empty_images: 8
  gt_count: 32
  candidate_count_mean/min/max: 194.25/70/538
  positives_total: 160
  positives_per_gt_mean/min/max: 5.00/5/5
  positives_stride8: 0
  positives_stride16: 88
  positives_stride32: 72
  unmatched_gt_count: 0
  fallback_count: 0
  conflict_count: 0
  dynamic_k_mean/min/max: 5.00/5/5
  nonfinite_cost_count: 0
[DEBUG] SimOTA train batch stats:
  images: 32
  empty_images: 2
  gt_count: 41
  candidate_count_mean/min/max: 192.85/65/855
  positives_total: 205
  positives_per_gt_mean/min/max: 5.00/5/5
  positives_stride8: 1
  positives_stride16: 119
  positives_stride32: 85
  unmatched_gt_count: 0
  fallback_count: 0
  conflict_count: 0
  dynamic_k_mean/min/max: 5.00/5/5
  nonfinite_cost_count: 0
[DEBUG] SimOTA val batch stats:
  images: 32
  empty_images: 2
  gt_count: 40
  candidate_count_mean/min/max: 168.12/56/693
  positives_total: 193
  positives_per_gt_mean/min/max: 4.83/1/5
  positives_stride8: 0
  positives_stride16: 115
  positives_stride32: 78
  unmatched_gt_count: 0
  fallback_count: 0
  conflict_count: 2
  dynamic_k_mean/min/max: 4.88/3/5
  nonfinite_cost_count: 0
[INFO] epoch summary | train loss=0.8304 obj=0.0005 box=0.1660 pos=171.46 | val loss=0.8962 map50=0.8583 map5095=0.6352 P=0.8852 R=0.7586 F1=0.8170
[INFO] val extras | mean_iou=0.8825 center_err_px(mean/med/p95)=2.51/2.01/6.20 center_err_norm_diag(mean/med/p95)=0.0031/0.0025/0.0077 fp/img=0.0976 small/med/large recall=0.5880/0.8520/0.8465 counts=233/223/215
[INFO] saved per-epoch checkpoint: /mnt/core/MLonMCU_proj/software/ball_detection/runs/20260522-133921-simota_diou_v2_pruned_30/checkpoints/015_epoch.pt
[INFO] early stopping status: bad_epochs=1/30
[INFO] epoch 16/150 start | lr=0.000975553
[DEBUG] SimOTA train batch stats:
  images: 32
  empty_images: 3
  gt_count: 41
  candidate_count_mean/min/max: 160.90/56/665
  positives_total: 205
  positives_per_gt_mean/min/max: 5.00/5/5
  positives_stride8: 4
  positives_stride16: 119
  positives_stride32: 82
  unmatched_gt_count: 0
  fallback_count: 0
  conflict_count: 0
  dynamic_k_mean/min/max: 5.00/5/5
  nonfinite_cost_count: 0
[DEBUG] SimOTA train batch stats:
  images: 32
  empty_images: 2
  gt_count: 35
  candidate_count_mean/min/max: 222.94/56/1035
  positives_total: 175
  positives_per_gt_mean/min/max: 5.00/5/5
  positives_stride8: 0
  positives_stride16: 95
  positives_stride32: 80
  unmatched_gt_count: 0
  fallback_count: 0
  conflict_count: 0
  dynamic_k_mean/min/max: 5.00/5/5
  nonfinite_cost_count: 0
[DEBUG] SimOTA train batch stats:
  images: 32
  empty_images: 2
  gt_count: 36
  candidate_count_mean/min/max: 227.58/70/785
  positives_total: 180
  positives_per_gt_mean/min/max: 5.00/5/5
  positives_stride8: 1
  positives_stride16: 90
  positives_stride32: 89
  unmatched_gt_count: 0
  fallback_count: 0
  conflict_count: 0
  dynamic_k_mean/min/max: 5.00/5/5
  nonfinite_cost_count: 0
[DEBUG] SimOTA train batch stats:
  images: 32
  empty_images: 7
  gt_count: 34
  candidate_count_mean/min/max: 226.47/69/1575
  positives_total: 166
  positives_per_gt_mean/min/max: 4.88/1/5
  positives_stride8: 2
  positives_stride16: 92
  positives_stride32: 72
  unmatched_gt_count: 0
  fallback_count: 0
  conflict_count: 4
  dynamic_k_mean/min/max: 5.00/5/5
  nonfinite_cost_count: 0
[DEBUG] SimOTA train batch stats:
  images: 32
  empty_images: 3
  gt_count: 34
  candidate_count_mean/min/max: 192.06/70/525
  positives_total: 170
  positives_per_gt_mean/min/max: 5.00/5/5
  positives_stride8: 2
  positives_stride16: 93
  positives_stride32: 75
  unmatched_gt_count: 0
  fallback_count: 0
  conflict_count: 0
  dynamic_k_mean/min/max: 5.00/5/5
  nonfinite_cost_count: 0
[DEBUG] SimOTA train batch stats:
  images: 32
  empty_images: 7
  gt_count: 34
  candidate_count_mean/min/max: 175.59/70/1135
  positives_total: 170
  positives_per_gt_mean/min/max: 5.00/5/5
  positives_stride8: 2
  positives_stride16: 92
  positives_stride32: 76
  unmatched_gt_count: 0
  fallback_count: 0
  conflict_count: 0
  dynamic_k_mean/min/max: 5.00/5/5
  nonfinite_cost_count: 0
[DEBUG] SimOTA val batch stats:
  images: 32
  empty_images: 4
  gt_count: 34
  candidate_count_mean/min/max: 194.94/62/780
  positives_total: 167
  positives_per_gt_mean/min/max: 4.91/3/5
  positives_stride8: 2
  positives_stride16: 103
  positives_stride32: 62
  unmatched_gt_count: 0
  fallback_count: 0
  conflict_count: 0
  dynamic_k_mean/min/max: 4.91/3/5
  nonfinite_cost_count: 0
[INFO] epoch summary | train loss=0.8229 obj=0.0005 box=0.1645 pos=171.98 | val loss=0.9329 map50=0.8556 map5095=0.6253 P=0.8595 R=0.7660 F1=0.8101
[INFO] val extras | mean_iou=0.8795 center_err_px(mean/med/p95)=2.74/2.10/7.19 center_err_norm_diag(mean/med/p95)=0.0034/0.0026/0.0090 fp/img=0.1243 small/med/large recall=0.6052/0.8430/0.8605 counts=233/223/215
[INFO] saved per-epoch checkpoint: /mnt/core/MLonMCU_proj/software/ball_detection/runs/20260522-133921-simota_diou_v2_pruned_30/checkpoints/016_epoch.pt
[INFO] early stopping status: bad_epochs=2/30
[INFO] epoch 17/150 start | lr=0.000972216
[DEBUG] SimOTA train batch stats:
  images: 32
  empty_images: 5
  gt_count: 33
  candidate_count_mean/min/max: 175.48/60/733
  positives_total: 165
  positives_per_gt_mean/min/max: 5.00/5/5
  positives_stride8: 2
  positives_stride16: 94
  positives_stride32: 69
  unmatched_gt_count: 0
  fallback_count: 0
  conflict_count: 0
  dynamic_k_mean/min/max: 5.00/5/5
  nonfinite_cost_count: 0
[DEBUG] SimOTA train batch stats:
  images: 32
  empty_images: 5
  gt_count: 33
  candidate_count_mean/min/max: 177.82/70/1263
  positives_total: 165
  positives_per_gt_mean/min/max: 5.00/5/5
  positives_stride8: 3
  positives_stride16: 91
  positives_stride32: 71
  unmatched_gt_count: 0
  fallback_count: 0
  conflict_count: 0
  dynamic_k_mean/min/max: 5.00/5/5
  nonfinite_cost_count: 0
[DEBUG] SimOTA train batch stats:
  images: 32
  empty_images: 5
  gt_count: 33
  candidate_count_mean/min/max: 206.21/56/1077
  positives_total: 165
  positives_per_gt_mean/min/max: 5.00/5/5
  positives_stride8: 6
  positives_stride16: 78
  positives_stride32: 81
  unmatched_gt_count: 0
  fallback_count: 0
  conflict_count: 0
  dynamic_k_mean/min/max: 5.00/5/5
  nonfinite_cost_count: 0
[DEBUG] SimOTA train batch stats:
  images: 32
  empty_images: 5
  gt_count: 35
  candidate_count_mean/min/max: 174.77/70/733
  positives_total: 175
  positives_per_gt_mean/min/max: 5.00/5/5
  positives_stride8: 1
  positives_stride16: 95
  positives_stride32: 79
  unmatched_gt_count: 0
  fallback_count: 0
  conflict_count: 0
  dynamic_k_mean/min/max: 5.00/5/5
  nonfinite_cost_count: 0
[DEBUG] SimOTA train batch stats:
  images: 32
  empty_images: 1
  gt_count: 35
  candidate_count_mean/min/max: 170.46/50/430
  positives_total: 175
  positives_per_gt_mean/min/max: 5.00/5/5
  positives_stride8: 3
  positives_stride16: 100
  positives_stride32: 72
  unmatched_gt_count: 0
  fallback_count: 0
  conflict_count: 0
  dynamic_k_mean/min/max: 5.00/5/5
  nonfinite_cost_count: 0
[DEBUG] SimOTA train batch stats:
  images: 32
  empty_images: 5
  gt_count: 31
  candidate_count_mean/min/max: 208.48/60/697
  positives_total: 155
  positives_per_gt_mean/min/max: 5.00/5/5
  positives_stride8: 4
  positives_stride16: 88
  positives_stride32: 63
  unmatched_gt_count: 0
  fallback_count: 0
  conflict_count: 0
  dynamic_k_mean/min/max: 5.00/5/5
  nonfinite_cost_count: 0
[DEBUG] SimOTA val batch stats:
  images: 32
  empty_images: 6
  gt_count: 28
  candidate_count_mean/min/max: 181.21/75/576
  positives_total: 140
  positives_per_gt_mean/min/max: 5.00/5/5
  positives_stride8: 0
  positives_stride16: 84
  positives_stride32: 56
  unmatched_gt_count: 0
  fallback_count: 0
  conflict_count: 0
  dynamic_k_mean/min/max: 5.00/5/5
  nonfinite_cost_count: 0
[INFO] epoch summary | train loss=0.8214 obj=0.0005 box=0.1642 pos=172.00 | val loss=0.9243 map50=0.8676 map5095=0.6180 P=0.8917 R=0.7973 F1=0.8419
[INFO] val extras | mean_iou=0.8724 center_err_px(mean/med/p95)=2.57/2.01/7.02 center_err_norm_diag(mean/med/p95)=0.0032/0.0025/0.0088 fp/img=0.0962 small/med/large recall=0.6824/0.8475/0.8698 counts=233/223/215
[INFO] saved per-epoch checkpoint: /mnt/core/MLonMCU_proj/software/ball_detection/runs/20260522-133921-simota_diou_v2_pruned_30/checkpoints/017_epoch.pt
[INFO] early stopping status: bad_epochs=3/30
[INFO] epoch 18/150 start | lr=0.000968672
[DEBUG] SimOTA train batch stats:
  images: 32
  empty_images: 4
  gt_count: 36
  candidate_count_mean/min/max: 193.14/70/926
  positives_total: 173
  positives_per_gt_mean/min/max: 4.81/1/5
  positives_stride8: 5
  positives_stride16: 93
  positives_stride32: 75
  unmatched_gt_count: 0
  fallback_count: 0
  conflict_count: 6
  dynamic_k_mean/min/max: 4.97/4/5
  nonfinite_cost_count: 0
[DEBUG] SimOTA train batch stats:
  images: 32
  empty_images: 5
  gt_count: 38
  candidate_count_mean/min/max: 165.00/75/674
  positives_total: 190
  positives_per_gt_mean/min/max: 5.00/5/5
  positives_stride8: 0
  positives_stride16: 103
  positives_stride32: 87
  unmatched_gt_count: 0
  fallback_count: 0
  conflict_count: 0
  dynamic_k_mean/min/max: 5.00/5/5
  nonfinite_cost_count: 0
[DEBUG] SimOTA train batch stats:
  images: 32
  empty_images: 8
  gt_count: 28
  candidate_count_mean/min/max: 158.25/56/772
  positives_total: 140
  positives_per_gt_mean/min/max: 5.00/5/5
  positives_stride8: 5
  positives_stride16: 85
  positives_stride32: 50
  unmatched_gt_count: 0
  fallback_count: 0
  conflict_count: 0
  dynamic_k_mean/min/max: 5.00/5/5
  nonfinite_cost_count: 0
[DEBUG] SimOTA train batch stats:
  images: 32
  empty_images: 4
  gt_count: 35
  candidate_count_mean/min/max: 138.40/75/386
  positives_total: 175
  positives_per_gt_mean/min/max: 5.00/5/5
  positives_stride8: 1
  positives_stride16: 105
  positives_stride32: 69
  unmatched_gt_count: 0
  fallback_count: 0
  conflict_count: 0
  dynamic_k_mean/min/max: 5.00/5/5
  nonfinite_cost_count: 0
[DEBUG] SimOTA train batch stats:
  images: 32
  empty_images: 2
  gt_count: 36
  candidate_count_mean/min/max: 203.28/56/952
  positives_total: 180
  positives_per_gt_mean/min/max: 5.00/5/5
  positives_stride8: 5
  positives_stride16: 91
  positives_stride32: 84
  unmatched_gt_count: 0
  fallback_count: 0
  conflict_count: 0
  dynamic_k_mean/min/max: 5.00/5/5
  nonfinite_cost_count: 0
[DEBUG] SimOTA train batch stats:
  images: 32
  empty_images: 5
  gt_count: 34
  candidate_count_mean/min/max: 146.18/56/448
  positives_total: 170
  positives_per_gt_mean/min/max: 5.00/5/5
  positives_stride8: 3
  positives_stride16: 98
  positives_stride32: 69
  unmatched_gt_count: 0
  fallback_count: 0
  conflict_count: 0
  dynamic_k_mean/min/max: 5.00/5/5
  nonfinite_cost_count: 0
[DEBUG] SimOTA val batch stats:
  images: 32
  empty_images: 1
  gt_count: 34
  candidate_count_mean/min/max: 244.56/75/840
  positives_total: 166
  positives_per_gt_mean/min/max: 4.88/3/5
  positives_stride8: 1
  positives_stride16: 85
  positives_stride32: 80
  unmatched_gt_count: 0
  fallback_count: 0
  conflict_count: 2
  dynamic_k_mean/min/max: 4.94/4/5
  nonfinite_cost_count: 0
[INFO] epoch summary | train loss=0.8276 obj=0.0005 box=0.1654 pos=172.58 | val loss=0.9118 map50=0.8574 map5095=0.6239 P=0.8548 R=0.7899 F1=0.8211
[INFO] val extras | mean_iou=0.8795 center_err_px(mean/med/p95)=2.55/1.88/7.01 center_err_norm_diag(mean/med/p95)=0.0032/0.0023/0.0088 fp/img=0.1331 small/med/large recall=0.6567/0.8475/0.8744 counts=233/223/215
[INFO] saved per-epoch checkpoint: /mnt/core/MLonMCU_proj/software/ball_detection/runs/20260522-133921-simota_diou_v2_pruned_30/checkpoints/018_epoch.pt
[INFO] early stopping status: bad_epochs=4/30
[INFO] epoch 19/150 start | lr=0.000964923
[DEBUG] SimOTA train batch stats:
  images: 32
  empty_images: 3
  gt_count: 33
  candidate_count_mean/min/max: 174.58/75/808
  positives_total: 165
  positives_per_gt_mean/min/max: 5.00/5/5
  positives_stride8: 6
  positives_stride16: 91
  positives_stride32: 68
  unmatched_gt_count: 0
  fallback_count: 0
  conflict_count: 0
  dynamic_k_mean/min/max: 5.00/5/5
  nonfinite_cost_count: 0
[DEBUG] SimOTA train batch stats:
  images: 32
  empty_images: 6
  gt_count: 30
  candidate_count_mean/min/max: 186.40/70/587
  positives_total: 150
  positives_per_gt_mean/min/max: 5.00/5/5
  positives_stride8: 2
  positives_stride16: 81
  positives_stride32: 67
  unmatched_gt_count: 0
  fallback_count: 0
  conflict_count: 0
  dynamic_k_mean/min/max: 5.00/5/5
  nonfinite_cost_count: 0
[DEBUG] SimOTA train batch stats:
  images: 32
  empty_images: 5
  gt_count: 35
  candidate_count_mean/min/max: 152.54/60/476
  positives_total: 175
  positives_per_gt_mean/min/max: 5.00/5/5
  positives_stride8: 1
  positives_stride16: 101
  positives_stride32: 73
  unmatched_gt_count: 0
  fallback_count: 0
  conflict_count: 0
  dynamic_k_mean/min/max: 5.00/5/5
  nonfinite_cost_count: 0
[DEBUG] SimOTA train batch stats:
  images: 32
  empty_images: 7
  gt_count: 32
  candidate_count_mean/min/max: 154.62/60/505
  positives_total: 160
  positives_per_gt_mean/min/max: 5.00/5/5
  positives_stride8: 5
  positives_stride16: 88
  positives_stride32: 67
  unmatched_gt_count: 0
  fallback_count: 0
  conflict_count: 0
  dynamic_k_mean/min/max: 5.00/5/5
  nonfinite_cost_count: 0
[DEBUG] SimOTA train batch stats:
  images: 32
  empty_images: 6
  gt_count: 31
  candidate_count_mean/min/max: 166.42/50/758
  positives_total: 155
  positives_per_gt_mean/min/max: 5.00/5/5
  positives_stride8: 7
  positives_stride16: 85
  positives_stride32: 63
  unmatched_gt_count: 0
  fallback_count: 0
  conflict_count: 0
  dynamic_k_mean/min/max: 5.00/5/5
  nonfinite_cost_count: 0
[DEBUG] SimOTA val batch stats:
  images: 32
  empty_images: 4
  gt_count: 28
  candidate_count_mean/min/max: 341.71/60/448
  positives_total: 140
  positives_per_gt_mean/min/max: 5.00/5/5
  positives_stride8: 0
  positives_stride16: 78
  positives_stride32: 62
  unmatched_gt_count: 0
  fallback_count: 0
  conflict_count: 0
  dynamic_k_mean/min/max: 5.00/5/5
  nonfinite_cost_count: 0
[DEBUG] SimOTA val batch stats:
  images: 32
  empty_images: 2
  gt_count: 44
  candidate_count_mean/min/max: 294.34/60/983
  positives_total: 220
  positives_per_gt_mean/min/max: 5.00/5/5
  positives_stride8: 0
  positives_stride16: 105
  positives_stride32: 115
  unmatched_gt_count: 0
  fallback_count: 0
  conflict_count: 0
  dynamic_k_mean/min/max: 5.00/5/5
  nonfinite_cost_count: 0
[INFO] epoch summary | train loss=0.8316 obj=0.0005 box=0.1662 pos=172.01 | val loss=0.8808 map50=0.8792 map5095=0.6533 P=0.9099 R=0.7675 F1=0.8327
[INFO] val extras | mean_iou=0.8876 center_err_px(mean/med/p95)=2.51/1.96/6.05 center_err_norm_diag(mean/med/p95)=0.0031/0.0025/0.0076 fp/img=0.0754 small/med/large recall=0.5966/0.8430/0.8744 counts=233/223/215
[INFO] saved per-epoch checkpoint: /mnt/core/MLonMCU_proj/software/ball_detection/runs/20260522-133921-simota_diou_v2_pruned_30/checkpoints/019_epoch.pt
[INFO] new best checkpoint at epoch 19: /mnt/core/MLonMCU_proj/software/ball_detection/runs/20260522-133921-simota_diou_v2_pruned_30/checkpoints/best.pt
[INFO] epoch 20/150 start | lr=0.000960971
[DEBUG] SimOTA train batch stats:
  images: 32
  empty_images: 7
  gt_count: 30
  candidate_count_mean/min/max: 234.43/60/1580
  positives_total: 150
  positives_per_gt_mean/min/max: 5.00/5/5
  positives_stride8: 0
  positives_stride16: 79
  positives_stride32: 71
  unmatched_gt_count: 0
  fallback_count: 0
  conflict_count: 0
  dynamic_k_mean/min/max: 5.00/5/5
  nonfinite_cost_count: 0
[DEBUG] SimOTA train batch stats:
  images: 32
  empty_images: 3
  gt_count: 37
  candidate_count_mean/min/max: 152.54/50/403
  positives_total: 180
  positives_per_gt_mean/min/max: 4.86/0/5
  positives_stride8: 4
  positives_stride16: 99
  positives_stride32: 77
  unmatched_gt_count: 1
  fallback_count: 0
  conflict_count: 5
  dynamic_k_mean/min/max: 5.00/5/5
  nonfinite_cost_count: 0
[DEBUG] SimOTA train batch stats:
  images: 32
  empty_images: 8
  gt_count: 34
  candidate_count_mean/min/max: 129.00/41/395
  positives_total: 168
  positives_per_gt_mean/min/max: 4.94/3/5
  positives_stride8: 10
  positives_stride16: 99
  positives_stride32: 59
  unmatched_gt_count: 0
  fallback_count: 0
  conflict_count: 0
  dynamic_k_mean/min/max: 4.94/3/5
  nonfinite_cost_count: 0
[DEBUG] SimOTA train batch stats:
  images: 32
  empty_images: 6
  gt_count: 29
  candidate_count_mean/min/max: 210.69/60/646
  positives_total: 145
  positives_per_gt_mean/min/max: 5.00/5/5
  positives_stride8: 0
  positives_stride16: 78
  positives_stride32: 67
  unmatched_gt_count: 0
  fallback_count: 0
  conflict_count: 0
  dynamic_k_mean/min/max: 5.00/5/5
  nonfinite_cost_count: 0
[DEBUG] SimOTA train batch stats:
  images: 32
  empty_images: 4
  gt_count: 39
  candidate_count_mean/min/max: 136.21/56/611
  positives_total: 194
  positives_per_gt_mean/min/max: 4.97/4/5
  positives_stride8: 3
  positives_stride16: 116
  positives_stride32: 75
  unmatched_gt_count: 0
  fallback_count: 0
  conflict_count: 1
  dynamic_k_mean/min/max: 5.00/5/5
  nonfinite_cost_count: 0
[DEBUG] SimOTA val batch stats:
  images: 32
  empty_images: 11
  gt_count: 21
  candidate_count_mean/min/max: 108.24/75/176
  positives_total: 105
  positives_per_gt_mean/min/max: 5.00/5/5
  positives_stride8: 0
  positives_stride16: 63
  positives_stride32: 42
  unmatched_gt_count: 0
  fallback_count: 0
  conflict_count: 0
  dynamic_k_mean/min/max: 5.00/5/5
  nonfinite_cost_count: 0
[DEBUG] SimOTA val batch stats:
  images: 4
  empty_images: 2
  gt_count: 3
  candidate_count_mean/min/max: 120.00/86/182
  positives_total: 15
  positives_per_gt_mean/min/max: 5.00/5/5
  positives_stride8: 0
  positives_stride16: 9
  positives_stride32: 6
  unmatched_gt_count: 0
  fallback_count: 0
  conflict_count: 0
  dynamic_k_mean/min/max: 5.00/5/5
  nonfinite_cost_count: 0
[INFO] epoch summary | train loss=0.8265 obj=0.0005 box=0.1652 pos=171.27 | val loss=0.9362 map50=0.8828 map5095=0.6559 P=0.8758 R=0.7988 F1=0.8355
[INFO] val extras | mean_iou=0.8791 center_err_px(mean/med/p95)=2.52/1.89/7.24 center_err_norm_diag(mean/med/p95)=0.0032/0.0024/0.0090 fp/img=0.1124 small/med/large recall=0.6438/0.8700/0.8930 counts=233/223/215
[INFO] saved per-epoch checkpoint: /mnt/core/MLonMCU_proj/software/ball_detection/runs/20260522-133921-simota_diou_v2_pruned_30/checkpoints/020_epoch.pt
[INFO] new best checkpoint at epoch 20: /mnt/core/MLonMCU_proj/software/ball_detection/runs/20260522-133921-simota_diou_v2_pruned_30/checkpoints/best.pt
[INFO] epoch 21/150 start | lr=0.000956816
[DEBUG] SimOTA train batch stats:
  images: 32
  empty_images: 5
  gt_count: 33
  candidate_count_mean/min/max: 186.09/75/808
  positives_total: 163
  positives_per_gt_mean/min/max: 4.94/3/5
  positives_stride8: 1
  positives_stride16: 87
  positives_stride32: 75
  unmatched_gt_count: 0
  fallback_count: 0
  conflict_count: 1
  dynamic_k_mean/min/max: 4.97/4/5
  nonfinite_cost_count: 0
[DEBUG] SimOTA train batch stats:
  images: 32
  empty_images: 5
  gt_count: 34
  candidate_count_mean/min/max: 178.15/75/439
  positives_total: 170
  positives_per_gt_mean/min/max: 5.00/5/5
  positives_stride8: 2
  positives_stride16: 97
  positives_stride32: 71
  unmatched_gt_count: 0
  fallback_count: 0
  conflict_count: 0
  dynamic_k_mean/min/max: 5.00/5/5
  nonfinite_cost_count: 0
[DEBUG] SimOTA train batch stats:
  images: 32
  empty_images: 6
  gt_count: 35
  candidate_count_mean/min/max: 170.71/50/736
  positives_total: 175
  positives_per_gt_mean/min/max: 5.00/5/5
  positives_stride8: 6
  positives_stride16: 90
  positives_stride32: 79
  unmatched_gt_count: 0
  fallback_count: 0
  conflict_count: 0
  dynamic_k_mean/min/max: 5.00/5/5
  nonfinite_cost_count: 0
[DEBUG] SimOTA train batch stats:
  images: 32
  empty_images: 6
  gt_count: 31
  candidate_count_mean/min/max: 178.90/50/789
  positives_total: 155
  positives_per_gt_mean/min/max: 5.00/5/5
  positives_stride8: 0
  positives_stride16: 90
  positives_stride32: 65
  unmatched_gt_count: 0
  fallback_count: 0
  conflict_count: 0
  dynamic_k_mean/min/max: 5.00/5/5
  nonfinite_cost_count: 0
[DEBUG] SimOTA train batch stats:
  images: 32
  empty_images: 4
  gt_count: 33
  candidate_count_mean/min/max: 182.67/70/928
  positives_total: 165
  positives_per_gt_mean/min/max: 5.00/5/5
  positives_stride8: 3
  positives_stride16: 93
  positives_stride32: 69
  unmatched_gt_count: 0
  fallback_count: 0
  conflict_count: 0
  dynamic_k_mean/min/max: 5.00/5/5
  nonfinite_cost_count: 0
[DEBUG] SimOTA val batch stats:
  images: 32
  empty_images: 0
  gt_count: 32
  candidate_count_mean/min/max: 321.94/75/448
  positives_total: 160
  positives_per_gt_mean/min/max: 5.00/5/5
  positives_stride8: 0
  positives_stride16: 78
  positives_stride32: 82
  unmatched_gt_count: 0
  fallback_count: 0
  conflict_count: 0
  dynamic_k_mean/min/max: 5.00/5/5
  nonfinite_cost_count: 0
[INFO] epoch summary | train loss=0.8297 obj=0.0005 box=0.1659 pos=172.03 | val loss=0.9057 map50=0.8574 map5095=0.6269 P=0.8586 R=0.7332 F1=0.7910
[INFO] val extras | mean_iou=0.8824 center_err_px(mean/med/p95)=2.44/1.99/6.32 center_err_norm_diag(mean/med/p95)=0.0031/0.0025/0.0079 fp/img=0.1198 small/med/large recall=0.5708/0.8430/0.7953 counts=233/223/215
[INFO] saved per-epoch checkpoint: /mnt/core/MLonMCU_proj/software/ball_detection/runs/20260522-133921-simota_diou_v2_pruned_30/checkpoints/021_epoch.pt
[INFO] early stopping status: bad_epochs=1/30
[INFO] epoch 22/150 start | lr=0.000952461
[DEBUG] SimOTA train batch stats:
  images: 32
  empty_images: 3
  gt_count: 37
  candidate_count_mean/min/max: 181.97/50/768
  positives_total: 185
  positives_per_gt_mean/min/max: 5.00/5/5
  positives_stride8: 4
  positives_stride16: 97
  positives_stride32: 84
  unmatched_gt_count: 0
  fallback_count: 0
  conflict_count: 0
  dynamic_k_mean/min/max: 5.00/5/5
  nonfinite_cost_count: 0
[DEBUG] SimOTA train batch stats:
  images: 32
  empty_images: 5
  gt_count: 30
  candidate_count_mean/min/max: 198.77/50/789
  positives_total: 150
  positives_per_gt_mean/min/max: 5.00/5/5
  positives_stride8: 1
  positives_stride16: 84
  positives_stride32: 65
  unmatched_gt_count: 0
  fallback_count: 0
  conflict_count: 0
  dynamic_k_mean/min/max: 5.00/5/5
  nonfinite_cost_count: 0
[DEBUG] SimOTA train batch stats:
  images: 32
  empty_images: 7
  gt_count: 31
  candidate_count_mean/min/max: 173.65/70/502
  positives_total: 150
  positives_per_gt_mean/min/max: 4.84/0/5
  positives_stride8: 2
  positives_stride16: 85
  positives_stride32: 63
  unmatched_gt_count: 1
  fallback_count: 0
  conflict_count: 5
  dynamic_k_mean/min/max: 5.00/5/5
  nonfinite_cost_count: 0
[DEBUG] SimOTA train batch stats:
  images: 32
  empty_images: 7
  gt_count: 31
  candidate_count_mean/min/max: 180.58/70/618
  positives_total: 155
  positives_per_gt_mean/min/max: 5.00/5/5
  positives_stride8: 1
  positives_stride16: 82
  positives_stride32: 72
  unmatched_gt_count: 0
  fallback_count: 0
  conflict_count: 0
  dynamic_k_mean/min/max: 5.00/5/5
  nonfinite_cost_count: 0
[DEBUG] SimOTA train batch stats:
  images: 32
  empty_images: 0
  gt_count: 48
  candidate_count_mean/min/max: 171.69/50/926
  positives_total: 225
  positives_per_gt_mean/min/max: 4.69/0/5
  positives_stride8: 4
  positives_stride16: 117
  positives_stride32: 104
  unmatched_gt_count: 1
  fallback_count: 0
  conflict_count: 15
  dynamic_k_mean/min/max: 5.00/5/5
  nonfinite_cost_count: 0
[DEBUG] SimOTA train batch stats:
  images: 32
  empty_images: 7
  gt_count: 35
  candidate_count_mean/min/max: 199.80/75/772
  positives_total: 175
  positives_per_gt_mean/min/max: 5.00/5/5
  positives_stride8: 4
  positives_stride16: 89
  positives_stride32: 82
  unmatched_gt_count: 0
  fallback_count: 0
  conflict_count: 0
  dynamic_k_mean/min/max: 5.00/5/5
  nonfinite_cost_count: 0
[DEBUG] SimOTA val batch stats:
  images: 32
  empty_images: 0
  gt_count: 54
  candidate_count_mean/min/max: 108.57/70/430
  positives_total: 270
  positives_per_gt_mean/min/max: 5.00/5/5
  positives_stride8: 22
  positives_stride16: 141
  positives_stride32: 107
  unmatched_gt_count: 0
  fallback_count: 0
  conflict_count: 0
  dynamic_k_mean/min/max: 5.00/5/5
  nonfinite_cost_count: 0
[INFO] epoch summary | train loss=0.8392 obj=0.0005 box=0.1677 pos=172.31 | val loss=0.9576 map50=0.8755 map5095=0.6572 P=0.8953 R=0.7899 F1=0.8393
[INFO] val extras | mean_iou=0.8887 center_err_px(mean/med/p95)=2.33/1.87/5.39 center_err_norm_diag(mean/med/p95)=0.0029/0.0023/0.0067 fp/img=0.0917 small/med/large recall=0.6309/0.8744/0.8744 counts=233/223/215
[INFO] saved per-epoch checkpoint: /mnt/core/MLonMCU_proj/software/ball_detection/runs/20260522-133921-simota_diou_v2_pruned_30/checkpoints/022_epoch.pt
[INFO] new best checkpoint at epoch 22: /mnt/core/MLonMCU_proj/software/ball_detection/runs/20260522-133921-simota_diou_v2_pruned_30/checkpoints/best.pt
[INFO] epoch 23/150 start | lr=0.000947908
[DEBUG] SimOTA train batch stats:
  images: 32
  empty_images: 5
  gt_count: 31
  candidate_count_mean/min/max: 228.35/56/538
  positives_total: 155
  positives_per_gt_mean/min/max: 5.00/5/5
  positives_stride8: 2
  positives_stride16: 86
  positives_stride32: 67
  unmatched_gt_count: 0
  fallback_count: 0
  conflict_count: 0
  dynamic_k_mean/min/max: 5.00/5/5
  nonfinite_cost_count: 0
[DEBUG] SimOTA train batch stats:
  images: 32
  empty_images: 7
  gt_count: 34
  candidate_count_mean/min/max: 203.56/60/697
  positives_total: 170
  positives_per_gt_mean/min/max: 5.00/5/5
  positives_stride8: 3
  positives_stride16: 96
  positives_stride32: 71
  unmatched_gt_count: 0
  fallback_count: 0
  conflict_count: 0
  dynamic_k_mean/min/max: 5.00/5/5
  nonfinite_cost_count: 0
[DEBUG] SimOTA train batch stats:
  images: 32
  empty_images: 5
  gt_count: 34
  candidate_count_mean/min/max: 181.79/56/751
  positives_total: 170
  positives_per_gt_mean/min/max: 5.00/5/5
  positives_stride8: 1
  positives_stride16: 91
  positives_stride32: 78
  unmatched_gt_count: 0
  fallback_count: 0
  conflict_count: 0
  dynamic_k_mean/min/max: 5.00/5/5
  nonfinite_cost_count: 0
[DEBUG] SimOTA train batch stats:
  images: 32
  empty_images: 7
  gt_count: 27
  candidate_count_mean/min/max: 179.19/50/412
  positives_total: 135
  positives_per_gt_mean/min/max: 5.00/5/5
  positives_stride8: 1
  positives_stride16: 76
  positives_stride32: 58
  unmatched_gt_count: 0
  fallback_count: 0
  conflict_count: 0
  dynamic_k_mean/min/max: 5.00/5/5
  nonfinite_cost_count: 0
[DEBUG] SimOTA train batch stats:
  images: 32
  empty_images: 3
  gt_count: 37
  candidate_count_mean/min/max: 135.89/70/502
  positives_total: 179
  positives_per_gt_mean/min/max: 4.84/1/5
  positives_stride8: 9
  positives_stride16: 97
  positives_stride32: 73
  unmatched_gt_count: 0
  fallback_count: 0
  conflict_count: 5
  dynamic_k_mean/min/max: 4.97/4/5
  nonfinite_cost_count: 0
[DEBUG] SimOTA train batch stats:
  images: 32
  empty_images: 4
  gt_count: 39
  candidate_count_mean/min/max: 185.05/45/792
  positives_total: 195
  positives_per_gt_mean/min/max: 5.00/5/5
  positives_stride8: 9
  positives_stride16: 107
  positives_stride32: 79
  unmatched_gt_count: 0
  fallback_count: 0
  conflict_count: 0
  dynamic_k_mean/min/max: 5.00/5/5
  nonfinite_cost_count: 0
[DEBUG] SimOTA val batch stats:
  images: 32
  empty_images: 9
  gt_count: 35
  candidate_count_mean/min/max: 88.03/50/166
  positives_total: 175
  positives_per_gt_mean/min/max: 5.00/5/5
  positives_stride8: 14
  positives_stride16: 98
  positives_stride32: 63
  unmatched_gt_count: 0
  fallback_count: 0
  conflict_count: 0
  dynamic_k_mean/min/max: 5.00/5/5
  nonfinite_cost_count: 0
[INFO] epoch summary | train loss=0.8440 obj=0.0005 box=0.1687 pos=172.01 | val loss=0.9750 map50=0.8800 map5095=0.6527 P=0.9002 R=0.7660 F1=0.8277
[INFO] val extras | mean_iou=0.8826 center_err_px(mean/med/p95)=2.48/1.99/6.69 center_err_norm_diag(mean/med/p95)=0.0031/0.0025/0.0084 fp/img=0.0843 small/med/large recall=0.5966/0.8610/0.8512 counts=233/223/215
[INFO] saved per-epoch checkpoint: /mnt/core/MLonMCU_proj/software/ball_detection/runs/20260522-133921-simota_diou_v2_pruned_30/checkpoints/023_epoch.pt
[INFO] early stopping status: bad_epochs=1/30
[INFO] epoch 24/150 start | lr=0.000943159
[DEBUG] SimOTA train batch stats:
  images: 32
  empty_images: 4
  gt_count: 34
  candidate_count_mean/min/max: 173.18/75/652
  positives_total: 170
  positives_per_gt_mean/min/max: 5.00/5/5
  positives_stride8: 7
  positives_stride16: 84
  positives_stride32: 79
  unmatched_gt_count: 0
  fallback_count: 0
  conflict_count: 0
  dynamic_k_mean/min/max: 5.00/5/5
  nonfinite_cost_count: 0
[DEBUG] SimOTA train batch stats:
  images: 32
  empty_images: 5
  gt_count: 37
  candidate_count_mean/min/max: 196.14/45/1018
  positives_total: 183
  positives_per_gt_mean/min/max: 4.95/3/5
  positives_stride8: 9
  positives_stride16: 87
  positives_stride32: 87
  unmatched_gt_count: 0
  fallback_count: 0
  conflict_count: 0
  dynamic_k_mean/min/max: 4.95/3/5
  nonfinite_cost_count: 0
[DEBUG] SimOTA train batch stats:
  images: 32
  empty_images: 3
  gt_count: 37
  candidate_count_mean/min/max: 167.14/70/590
  positives_total: 185
  positives_per_gt_mean/min/max: 5.00/5/5
  positives_stride8: 3
  positives_stride16: 101
  positives_stride32: 81
  unmatched_gt_count: 0
  fallback_count: 0
  conflict_count: 0
  dynamic_k_mean/min/max: 5.00/5/5
  nonfinite_cost_count: 0
[DEBUG] SimOTA train batch stats:
  images: 32
  empty_images: 5
  gt_count: 32
  candidate_count_mean/min/max: 197.03/75/455
  positives_total: 159
  positives_per_gt_mean/min/max: 4.97/4/5
  positives_stride8: 4
  positives_stride16: 86
  positives_stride32: 69
  unmatched_gt_count: 0
  fallback_count: 0
  conflict_count: 0
  dynamic_k_mean/min/max: 4.97/4/5
  nonfinite_cost_count: 0
[DEBUG] SimOTA train batch stats:
  images: 32
  empty_images: 9
  gt_count: 31
  candidate_count_mean/min/max: 166.45/60/412
  positives_total: 155
  positives_per_gt_mean/min/max: 5.00/5/5
  positives_stride8: 2
  positives_stride16: 88
  positives_stride32: 65
  unmatched_gt_count: 0
  fallback_count: 0
  conflict_count: 0
  dynamic_k_mean/min/max: 5.00/5/5
  nonfinite_cost_count: 0
[DEBUG] SimOTA train batch stats:
  images: 32
  empty_images: 6
  gt_count: 31
  candidate_count_mean/min/max: 178.19/60/475
  positives_total: 155
  positives_per_gt_mean/min/max: 5.00/5/5
  positives_stride8: 2
  positives_stride16: 88
  positives_stride32: 65
  unmatched_gt_count: 0
  fallback_count: 0
  conflict_count: 0
  dynamic_k_mean/min/max: 5.00/5/5
  nonfinite_cost_count: 0
[DEBUG] SimOTA val batch stats:
  images: 32
  empty_images: 3
  gt_count: 29
  candidate_count_mean/min/max: 83.52/70/131
  positives_total: 145
  positives_per_gt_mean/min/max: 5.00/5/5
  positives_stride8: 2
  positives_stride16: 92
  positives_stride32: 51
  unmatched_gt_count: 0
  fallback_count: 0
  conflict_count: 0
  dynamic_k_mean/min/max: 5.00/5/5
  nonfinite_cost_count: 0
[INFO] epoch summary | train loss=0.8740 obj=0.0005 box=0.1747 pos=171.95 | val loss=0.9589 map50=0.8894 map5095=0.6470 P=0.8861 R=0.8003 F1=0.8410
[INFO] val extras | mean_iou=0.8745 center_err_px(mean/med/p95)=2.39/1.97/5.98 center_err_norm_diag(mean/med/p95)=0.0030/0.0025/0.0075 fp/img=0.1021 small/med/large recall=0.6609/0.8744/0.8744 counts=233/223/215
[INFO] saved per-epoch checkpoint: /mnt/core/MLonMCU_proj/software/ball_detection/runs/20260522-133921-simota_diou_v2_pruned_30/checkpoints/024_epoch.pt
[INFO] early stopping status: bad_epochs=2/30
[INFO] epoch 25/150 start | lr=0.000938215
[DEBUG] SimOTA train batch stats:
  images: 32
  empty_images: 5
  gt_count: 32
  candidate_count_mean/min/max: 172.25/70/521
  positives_total: 158
  positives_per_gt_mean/min/max: 4.94/3/5
  positives_stride8: 8
  positives_stride16: 86
  positives_stride32: 64
  unmatched_gt_count: 0
  fallback_count: 0
  conflict_count: 0
  dynamic_k_mean/min/max: 4.94/3/5
  nonfinite_cost_count: 0
[DEBUG] SimOTA train batch stats:
  images: 32
  empty_images: 6
  gt_count: 33
  candidate_count_mean/min/max: 194.12/45/999
  positives_total: 165
  positives_per_gt_mean/min/max: 5.00/5/5
  positives_stride8: 10
  positives_stride16: 80
  positives_stride32: 75
  unmatched_gt_count: 0
  fallback_count: 0
  conflict_count: 0
  dynamic_k_mean/min/max: 5.00/5/5
  nonfinite_cost_count: 0
[DEBUG] SimOTA train batch stats:
  images: 32
  empty_images: 2
  gt_count: 39
  candidate_count_mean/min/max: 168.69/70/502
  positives_total: 195
  positives_per_gt_mean/min/max: 5.00/5/5
  positives_stride8: 2
  positives_stride16: 105
  positives_stride32: 88
  unmatched_gt_count: 0
  fallback_count: 0
  conflict_count: 0
  dynamic_k_mean/min/max: 5.00/5/5
  nonfinite_cost_count: 0
[DEBUG] SimOTA train batch stats:
  images: 32
  empty_images: 8
  gt_count: 29
  candidate_count_mean/min/max: 215.17/75/697
  positives_total: 144
  positives_per_gt_mean/min/max: 4.97/4/5
  positives_stride8: 2
  positives_stride16: 81
  positives_stride32: 61
  unmatched_gt_count: 0
  fallback_count: 0
  conflict_count: 1
  dynamic_k_mean/min/max: 5.00/5/5
  nonfinite_cost_count: 0
[DEBUG] SimOTA train batch stats:
  images: 32
  empty_images: 3
  gt_count: 37
  candidate_count_mean/min/max: 160.95/70/560
  positives_total: 185
  positives_per_gt_mean/min/max: 5.00/5/5
  positives_stride8: 1
  positives_stride16: 107
  positives_stride32: 77
  unmatched_gt_count: 0
  fallback_count: 0
  conflict_count: 0
  dynamic_k_mean/min/max: 5.00/5/5
  nonfinite_cost_count: 0
[DEBUG] SimOTA train batch stats:
  images: 32
  empty_images: 6
  gt_count: 36
  candidate_count_mean/min/max: 173.00/45/999
  positives_total: 180
  positives_per_gt_mean/min/max: 5.00/5/5
  positives_stride8: 8
  positives_stride16: 89
  positives_stride32: 83
  unmatched_gt_count: 0
  fallback_count: 0
  conflict_count: 0
  dynamic_k_mean/min/max: 5.00/5/5
  nonfinite_cost_count: 0
[DEBUG] SimOTA val batch stats:
  images: 32
  empty_images: 3
  gt_count: 29
  candidate_count_mean/min/max: 291.59/62/476
  positives_total: 145
  positives_per_gt_mean/min/max: 5.00/5/5
  positives_stride8: 1
  positives_stride16: 81
  positives_stride32: 63
  unmatched_gt_count: 0
  fallback_count: 0
  conflict_count: 0
  dynamic_k_mean/min/max: 5.00/5/5
  nonfinite_cost_count: 0
[INFO] epoch summary | train loss=0.8275 obj=0.0005 box=0.1654 pos=172.20 | val loss=0.9370 map50=0.8753 map5095=0.6525 P=0.9002 R=0.7660 F1=0.8277
[INFO] val extras | mean_iou=0.8866 center_err_px(mean/med/p95)=2.40/1.94/6.18 center_err_norm_diag(mean/med/p95)=0.0030/0.0024/0.0077 fp/img=0.0843 small/med/large recall=0.5794/0.8565/0.8744 counts=233/223/215
[INFO] saved per-epoch checkpoint: /mnt/core/MLonMCU_proj/software/ball_detection/runs/20260522-133921-simota_diou_v2_pruned_30/checkpoints/025_epoch.pt
[INFO] early stopping status: bad_epochs=3/30
[INFO] epoch 26/150 start | lr=0.00093308
[DEBUG] SimOTA train batch stats:
  images: 32
  empty_images: 6
  gt_count: 31
  candidate_count_mean/min/max: 234.10/75/1575
  positives_total: 154
  positives_per_gt_mean/min/max: 4.97/4/5
  positives_stride8: 2
  positives_stride16: 81
  positives_stride32: 71
  unmatched_gt_count: 0
  fallback_count: 0
  conflict_count: 1
  dynamic_k_mean/min/max: 5.00/5/5
  nonfinite_cost_count: 0
[DEBUG] SimOTA train batch stats:
  images: 32
  empty_images: 4
  gt_count: 31
  candidate_count_mean/min/max: 265.81/70/1580
  positives_total: 155
  positives_per_gt_mean/min/max: 5.00/5/5
  positives_stride8: 2
  positives_stride16: 81
  positives_stride32: 72
  unmatched_gt_count: 0
  fallback_count: 0
  conflict_count: 0
  dynamic_k_mean/min/max: 5.00/5/5
  nonfinite_cost_count: 0
[DEBUG] SimOTA train batch stats:
  images: 32
  empty_images: 6
  gt_count: 33
  candidate_count_mean/min/max: 222.30/45/1071
  positives_total: 163
  positives_per_gt_mean/min/max: 4.94/3/5
  positives_stride8: 7
  positives_stride16: 75
  positives_stride32: 81
  unmatched_gt_count: 0
  fallback_count: 0
  conflict_count: 0
  dynamic_k_mean/min/max: 4.94/3/5
  nonfinite_cost_count: 0
[DEBUG] SimOTA train batch stats:
  images: 32
  empty_images: 4
  gt_count: 35
  candidate_count_mean/min/max: 153.40/70/608
  positives_total: 174
  positives_per_gt_mean/min/max: 4.97/4/5
  positives_stride8: 1
  positives_stride16: 106
  positives_stride32: 67
  unmatched_gt_count: 0
  fallback_count: 0
  conflict_count: 0
  dynamic_k_mean/min/max: 4.97/4/5
  nonfinite_cost_count: 0
[DEBUG] SimOTA train batch stats:
  images: 32
  empty_images: 8
  gt_count: 29
  candidate_count_mean/min/max: 174.76/70/458
  positives_total: 145
  positives_per_gt_mean/min/max: 5.00/5/5
  positives_stride8: 3
  positives_stride16: 79
  positives_stride32: 63
  unmatched_gt_count: 0
  fallback_count: 0
  conflict_count: 0
  dynamic_k_mean/min/max: 5.00/5/5
  nonfinite_cost_count: 0
[DEBUG] SimOTA train batch stats:
  images: 32
  empty_images: 6
  gt_count: 37
  candidate_count_mean/min/max: 147.11/57/691
  positives_total: 176
  positives_per_gt_mean/min/max: 4.76/0/5
  positives_stride8: 10
  positives_stride16: 99
  positives_stride32: 67
  unmatched_gt_count: 1
  fallback_count: 0
  conflict_count: 8
  dynamic_k_mean/min/max: 4.97/4/5
  nonfinite_cost_count: 0
[DEBUG] SimOTA val batch stats:
  images: 32
  empty_images: 4
  gt_count: 28
  candidate_count_mean/min/max: 280.43/75/448
  positives_total: 140
  positives_per_gt_mean/min/max: 5.00/5/5
  positives_stride8: 0
  positives_stride16: 83
  positives_stride32: 57
  unmatched_gt_count: 0
  fallback_count: 0
  conflict_count: 0
  dynamic_k_mean/min/max: 5.00/5/5
  nonfinite_cost_count: 0
[INFO] epoch summary | train loss=0.8388 obj=0.0005 box=0.1677 pos=172.03 | val loss=0.9825 map50=0.8878 map5095=0.6581 P=0.8971 R=0.7794 F1=0.8341
[INFO] val extras | mean_iou=0.8849 center_err_px(mean/med/p95)=2.32/1.89/5.69 center_err_norm_diag(mean/med/p95)=0.0029/0.0024/0.0071 fp/img=0.0888 small/med/large recall=0.6309/0.8655/0.8512 counts=233/223/215
[INFO] saved per-epoch checkpoint: /mnt/core/MLonMCU_proj/software/ball_detection/runs/20260522-133921-simota_diou_v2_pruned_30/checkpoints/026_epoch.pt
[INFO] new best checkpoint at epoch 26: /mnt/core/MLonMCU_proj/software/ball_detection/runs/20260522-133921-simota_diou_v2_pruned_30/checkpoints/best.pt
[INFO] epoch 27/150 start | lr=0.000927754
[DEBUG] SimOTA train batch stats:
  images: 32
  empty_images: 7
  gt_count: 28
  candidate_count_mean/min/max: 191.86/70/668
  positives_total: 140
  positives_per_gt_mean/min/max: 5.00/5/5
  positives_stride8: 1
  positives_stride16: 71
  positives_stride32: 68
  unmatched_gt_count: 0
  fallback_count: 0
  conflict_count: 0
  dynamic_k_mean/min/max: 5.00/5/5
  nonfinite_cost_count: 0
[DEBUG] SimOTA train batch stats:
  images: 32
  empty_images: 5
  gt_count: 35
  candidate_count_mean/min/max: 178.66/41/830
  positives_total: 175
  positives_per_gt_mean/min/max: 5.00/5/5
  positives_stride8: 8
  positives_stride16: 95
  positives_stride32: 72
  unmatched_gt_count: 0
  fallback_count: 0
  conflict_count: 0
  dynamic_k_mean/min/max: 5.00/5/5
  nonfinite_cost_count: 0
[DEBUG] SimOTA train batch stats:
  images: 32
  empty_images: 6
  gt_count: 30
  candidate_count_mean/min/max: 274.43/60/785
  positives_total: 150
  positives_per_gt_mean/min/max: 5.00/5/5
  positives_stride8: 1
  positives_stride16: 80
  positives_stride32: 69
  unmatched_gt_count: 0
  fallback_count: 0
  conflict_count: 0
  dynamic_k_mean/min/max: 5.00/5/5
  nonfinite_cost_count: 0
[DEBUG] SimOTA train batch stats:
  images: 32
  empty_images: 4
  gt_count: 36
  candidate_count_mean/min/max: 186.94/70/822
  positives_total: 180
  positives_per_gt_mean/min/max: 5.00/5/5
  positives_stride8: 1
  positives_stride16: 99
  positives_stride32: 80
  unmatched_gt_count: 0
  fallback_count: 0
  conflict_count: 0
  dynamic_k_mean/min/max: 5.00/5/5
  nonfinite_cost_count: 0
[DEBUG] SimOTA train batch stats:
  images: 32
  empty_images: 4
  gt_count: 35
  candidate_count_mean/min/max: 212.20/45/1164
  positives_total: 173
  positives_per_gt_mean/min/max: 4.94/3/5
  positives_stride8: 8
  positives_stride16: 93
  positives_stride32: 72
  unmatched_gt_count: 0
  fallback_count: 0
  conflict_count: 0
  dynamic_k_mean/min/max: 4.94/3/5
  nonfinite_cost_count: 0
[DEBUG] SimOTA train batch stats:
  images: 32
  empty_images: 2
  gt_count: 34
  candidate_count_mean/min/max: 158.53/70/409
  positives_total: 170
  positives_per_gt_mean/min/max: 5.00/5/5
  positives_stride8: 4
  positives_stride16: 102
  positives_stride32: 64
  unmatched_gt_count: 0
  fallback_count: 0
  conflict_count: 0
  dynamic_k_mean/min/max: 5.00/5/5
  nonfinite_cost_count: 0
[DEBUG] SimOTA val batch stats:
  images: 32
  empty_images: 8
  gt_count: 39
  candidate_count_mean/min/max: 88.92/45/135
  positives_total: 195
  positives_per_gt_mean/min/max: 5.00/5/5
  positives_stride8: 9
  positives_stride16: 118
  positives_stride32: 68
  unmatched_gt_count: 0
  fallback_count: 0
  conflict_count: 0
  dynamic_k_mean/min/max: 5.00/5/5
  nonfinite_cost_count: 0
[INFO] epoch summary | train loss=0.8524 obj=0.0005 box=0.1704 pos=171.95 | val loss=0.9452 map50=0.8858 map5095=0.6697 P=0.8833 R=0.7899 F1=0.8340
[INFO] val extras | mean_iou=0.8886 center_err_px(mean/med/p95)=2.19/1.82/5.17 center_err_norm_diag(mean/med/p95)=0.0027/0.0023/0.0065 fp/img=0.1036 small/med/large recall=0.6524/0.8700/0.8558 counts=233/223/215
[INFO] saved per-epoch checkpoint: /mnt/core/MLonMCU_proj/software/ball_detection/runs/20260522-133921-simota_diou_v2_pruned_30/checkpoints/027_epoch.pt
[INFO] new best checkpoint at epoch 27: /mnt/core/MLonMCU_proj/software/ball_detection/runs/20260522-133921-simota_diou_v2_pruned_30/checkpoints/best.pt
[INFO] epoch 28/150 start | lr=0.000922242
[DEBUG] SimOTA train batch stats:
  images: 32
  empty_images: 2
  gt_count: 39
  candidate_count_mean/min/max: 164.62/70/751
  positives_total: 192
  positives_per_gt_mean/min/max: 4.92/2/5
  positives_stride8: 5
  positives_stride16: 110
  positives_stride32: 77
  unmatched_gt_count: 0
  fallback_count: 0
  conflict_count: 3
  dynamic_k_mean/min/max: 5.00/5/5
  nonfinite_cost_count: 0
[DEBUG] SimOTA train batch stats:
  images: 32
  empty_images: 3
  gt_count: 31
  candidate_count_mean/min/max: 268.65/70/926
  positives_total: 155
  positives_per_gt_mean/min/max: 5.00/5/5
  positives_stride8: 2
  positives_stride16: 83
  positives_stride32: 70
  unmatched_gt_count: 0
  fallback_count: 0
  conflict_count: 0
  dynamic_k_mean/min/max: 5.00/5/5
  nonfinite_cost_count: 0
[DEBUG] SimOTA train batch stats:
  images: 32
  empty_images: 5
  gt_count: 38
  candidate_count_mean/min/max: 194.66/50/792
  positives_total: 189
  positives_per_gt_mean/min/max: 4.97/4/5
  positives_stride8: 4
  positives_stride16: 107
  positives_stride32: 78
  unmatched_gt_count: 0
  fallback_count: 0
  conflict_count: 0
  dynamic_k_mean/min/max: 4.97/4/5
  nonfinite_cost_count: 0
[DEBUG] SimOTA train batch stats:
  images: 32
  empty_images: 3
  gt_count: 38
  candidate_count_mean/min/max: 182.87/70/772
  positives_total: 190
  positives_per_gt_mean/min/max: 5.00/5/5
  positives_stride8: 5
  positives_stride16: 106
  positives_stride32: 79
  unmatched_gt_count: 0
  fallback_count: 0
  conflict_count: 0
  dynamic_k_mean/min/max: 5.00/5/5
  nonfinite_cost_count: 0
[DEBUG] SimOTA train batch stats:
  images: 32
  empty_images: 6
  gt_count: 31
  candidate_count_mean/min/max: 194.61/75/521
  positives_total: 155
  positives_per_gt_mean/min/max: 5.00/5/5
  positives_stride8: 4
  positives_stride16: 83
  positives_stride32: 68
  unmatched_gt_count: 0
  fallback_count: 0
  conflict_count: 0
  dynamic_k_mean/min/max: 5.00/5/5
  nonfinite_cost_count: 0
[DEBUG] SimOTA train batch stats:
  images: 32
  empty_images: 5
  gt_count: 33
  candidate_count_mean/min/max: 232.06/75/1195
  positives_total: 165
  positives_per_gt_mean/min/max: 5.00/5/5
  positives_stride8: 2
  positives_stride16: 85
  positives_stride32: 78
  unmatched_gt_count: 0
  fallback_count: 0
  conflict_count: 0
  dynamic_k_mean/min/max: 5.00/5/5
  nonfinite_cost_count: 0
[DEBUG] SimOTA val batch stats:
  images: 32
  empty_images: 15
  gt_count: 20
  candidate_count_mean/min/max: 157.40/62/430
  positives_total: 100
  positives_per_gt_mean/min/max: 5.00/5/5
  positives_stride8: 1
  positives_stride16: 57
  positives_stride32: 42
  unmatched_gt_count: 0
  fallback_count: 0
  conflict_count: 0
  dynamic_k_mean/min/max: 5.00/5/5
  nonfinite_cost_count: 0
[INFO] epoch summary | train loss=0.8590 obj=0.0005 box=0.1717 pos=172.19 | val loss=0.9810 map50=0.8919 map5095=0.6725 P=0.9029 R=0.7899 F1=0.8426
[INFO] val extras | mean_iou=0.8877 center_err_px(mean/med/p95)=2.22/1.79/5.63 center_err_norm_diag(mean/med/p95)=0.0028/0.0022/0.0070 fp/img=0.0843 small/med/large recall=0.6652/0.8655/0.8465 counts=233/223/215
[INFO] saved per-epoch checkpoint: /mnt/core/MLonMCU_proj/software/ball_detection/runs/20260522-133921-simota_diou_v2_pruned_30/checkpoints/028_epoch.pt
[INFO] new best checkpoint at epoch 28: /mnt/core/MLonMCU_proj/software/ball_detection/runs/20260522-133921-simota_diou_v2_pruned_30/checkpoints/best.pt
[INFO] epoch 29/150 start | lr=0.000916544
[DEBUG] SimOTA train batch stats:
  images: 32
  empty_images: 6
  gt_count: 29
  candidate_count_mean/min/max: 187.41/66/808
  positives_total: 145
  positives_per_gt_mean/min/max: 5.00/5/5
  positives_stride8: 1
  positives_stride16: 89
  positives_stride32: 55
  unmatched_gt_count: 0
  fallback_count: 0
  conflict_count: 0
  dynamic_k_mean/min/max: 5.00/5/5
  nonfinite_cost_count: 0
[DEBUG] SimOTA train batch stats:
  images: 32
  empty_images: 2
  gt_count: 37
  candidate_count_mean/min/max: 168.41/45/785
  positives_total: 185
  positives_per_gt_mean/min/max: 5.00/5/5
  positives_stride8: 8
  positives_stride16: 99
  positives_stride32: 78
  unmatched_gt_count: 0
  fallback_count: 0
  conflict_count: 0
  dynamic_k_mean/min/max: 5.00/5/5
  nonfinite_cost_count: 0
[DEBUG] SimOTA train batch stats:
  images: 32
  empty_images: 5
  gt_count: 28
  candidate_count_mean/min/max: 192.25/68/1018
  positives_total: 140
  positives_per_gt_mean/min/max: 5.00/5/5
  positives_stride8: 2
  positives_stride16: 75
  positives_stride32: 63
  unmatched_gt_count: 0
  fallback_count: 0
  conflict_count: 0
  dynamic_k_mean/min/max: 5.00/5/5
  nonfinite_cost_count: 0
[DEBUG] SimOTA train batch stats:
  images: 32
  empty_images: 4
  gt_count: 36
  candidate_count_mean/min/max: 180.25/70/928
  positives_total: 175
  positives_per_gt_mean/min/max: 4.86/2/5
  positives_stride8: 7
  positives_stride16: 98
  positives_stride32: 70
  unmatched_gt_count: 0
  fallback_count: 0
  conflict_count: 5
  dynamic_k_mean/min/max: 5.00/5/5
  nonfinite_cost_count: 0
[DEBUG] SimOTA train batch stats:
  images: 32
  empty_images: 1
  gt_count: 42
  candidate_count_mean/min/max: 167.57/60/758
  positives_total: 210
  positives_per_gt_mean/min/max: 5.00/5/5
  positives_stride8: 8
  positives_stride16: 118
  positives_stride32: 84
  unmatched_gt_count: 0
  fallback_count: 0
  conflict_count: 0
  dynamic_k_mean/min/max: 5.00/5/5
  nonfinite_cost_count: 0
[DEBUG] SimOTA train batch stats:
  images: 32
  empty_images: 6
  gt_count: 31
  candidate_count_mean/min/max: 135.29/50/329
  positives_total: 155
  positives_per_gt_mean/min/max: 5.00/5/5
  positives_stride8: 5
  positives_stride16: 90
  positives_stride32: 60
  unmatched_gt_count: 0
  fallback_count: 0
  conflict_count: 0
  dynamic_k_mean/min/max: 5.00/5/5
  nonfinite_cost_count: 0
[DEBUG] SimOTA val batch stats:
  images: 32
  empty_images: 0
  gt_count: 33
  candidate_count_mean/min/max: 306.42/80/433
  positives_total: 160
  positives_per_gt_mean/min/max: 4.85/0/5
  positives_stride8: 1
  positives_stride16: 70
  positives_stride32: 89
  unmatched_gt_count: 1
  fallback_count: 0
  conflict_count: 5
  dynamic_k_mean/min/max: 5.00/5/5
  nonfinite_cost_count: 0
[INFO] epoch summary | train loss=0.8547 obj=0.0004 box=0.1709 pos=172.02 | val loss=0.9755 map50=0.8817 map5095=0.6512 P=0.8711 R=0.7958 F1=0.8318
[INFO] val extras | mean_iou=0.8812 center_err_px(mean/med/p95)=2.33/1.86/5.52 center_err_norm_diag(mean/med/p95)=0.0029/0.0023/0.0069 fp/img=0.1169 small/med/large recall=0.6910/0.8655/0.8372 counts=233/223/215
[INFO] saved per-epoch checkpoint: /mnt/core/MLonMCU_proj/software/ball_detection/runs/20260522-133921-simota_diou_v2_pruned_30/checkpoints/029_epoch.pt
[INFO] early stopping status: bad_epochs=1/30
[INFO] epoch 30/150 start | lr=0.000910664
[DEBUG] SimOTA train batch stats:
  images: 32
  empty_images: 6
  gt_count: 32
  candidate_count_mean/min/max: 177.09/75/980
  positives_total: 160
  positives_per_gt_mean/min/max: 5.00/5/5
  positives_stride8: 6
  positives_stride16: 83
  positives_stride32: 71
  unmatched_gt_count: 0
  fallback_count: 0
  conflict_count: 0
  dynamic_k_mean/min/max: 5.00/5/5
  nonfinite_cost_count: 0
[DEBUG] SimOTA train batch stats:
  images: 32
  empty_images: 4
  gt_count: 33
  candidate_count_mean/min/max: 167.64/56/502
  positives_total: 165
  positives_per_gt_mean/min/max: 5.00/5/5
  positives_stride8: 4
  positives_stride16: 90
  positives_stride32: 71
  unmatched_gt_count: 0
  fallback_count: 0
  conflict_count: 0
  dynamic_k_mean/min/max: 5.00/5/5
  nonfinite_cost_count: 0
[DEBUG] SimOTA train batch stats:
  images: 32
  empty_images: 5
  gt_count: 30
  candidate_count_mean/min/max: 177.87/75/725
  positives_total: 150
  positives_per_gt_mean/min/max: 5.00/5/5
  positives_stride8: 3
  positives_stride16: 86
  positives_stride32: 61
  unmatched_gt_count: 0
  fallback_count: 0
  conflict_count: 0
  dynamic_k_mean/min/max: 5.00/5/5
  nonfinite_cost_count: 0
[DEBUG] SimOTA train batch stats:
  images: 32
  empty_images: 2
  gt_count: 37
  candidate_count_mean/min/max: 195.70/69/1077
  positives_total: 182
  positives_per_gt_mean/min/max: 4.92/2/5
  positives_stride8: 6
  positives_stride16: 98
  positives_stride32: 78
  unmatched_gt_count: 0
  fallback_count: 0
  conflict_count: 3
  dynamic_k_mean/min/max: 5.00/5/5
  nonfinite_cost_count: 0
[DEBUG] SimOTA train batch stats:
  images: 32
  empty_images: 4
  gt_count: 32
  candidate_count_mean/min/max: 213.88/53/789
  positives_total: 160
  positives_per_gt_mean/min/max: 5.00/5/5
  positives_stride8: 4
  positives_stride16: 84
  positives_stride32: 72
  unmatched_gt_count: 0
  fallback_count: 0
  conflict_count: 0
  dynamic_k_mean/min/max: 5.00/5/5
  nonfinite_cost_count: 0
[DEBUG] SimOTA train batch stats:
  images: 32
  empty_images: 3
  gt_count: 38
  candidate_count_mean/min/max: 190.16/70/590
  positives_total: 190
  positives_per_gt_mean/min/max: 5.00/5/5
  positives_stride8: 7
  positives_stride16: 100
  positives_stride32: 83
  unmatched_gt_count: 0
  fallback_count: 0
  conflict_count: 0
  dynamic_k_mean/min/max: 5.00/5/5
  nonfinite_cost_count: 0
[DEBUG] SimOTA val batch stats:
  images: 32
  empty_images: 13
  gt_count: 19
  candidate_count_mean/min/max: 79.00/60/109
  positives_total: 92
  positives_per_gt_mean/min/max: 4.84/3/5
  positives_stride8: 10
  positives_stride16: 50
  positives_stride32: 32
  unmatched_gt_count: 0
  fallback_count: 0
  conflict_count: 0
  dynamic_k_mean/min/max: 4.84/3/5
  nonfinite_cost_count: 0
[INFO] epoch summary | train loss=0.8913 obj=0.0004 box=0.1782 pos=171.97 | val loss=0.9746 map50=0.8977 map5095=0.6690 P=0.9501 R=0.7943 F1=0.8653
[INFO] val extras | mean_iou=0.8876 center_err_px(mean/med/p95)=2.30/1.82/5.64 center_err_norm_diag(mean/med/p95)=0.0029/0.0023/0.0071 fp/img=0.0414 small/med/large recall=0.6438/0.8700/0.8791 counts=233/223/215
[INFO] saved per-epoch checkpoint: /mnt/core/MLonMCU_proj/software/ball_detection/runs/20260522-133921-simota_diou_v2_pruned_30/checkpoints/030_epoch.pt
[INFO] early stopping status: bad_epochs=2/30
[INFO] epoch 31/150 start | lr=0.000904604
[DEBUG] SimOTA train batch stats:
  images: 32
  empty_images: 5
  gt_count: 37
  candidate_count_mean/min/max: 247.65/45/1071
  positives_total: 183
  positives_per_gt_mean/min/max: 4.95/3/5
  positives_stride8: 8
  positives_stride16: 87
  positives_stride32: 88
  unmatched_gt_count: 0
  fallback_count: 0
  conflict_count: 0
  dynamic_k_mean/min/max: 4.95/3/5
  nonfinite_cost_count: 0
[DEBUG] SimOTA train batch stats:
  images: 32
  empty_images: 4
  gt_count: 33
  candidate_count_mean/min/max: 144.91/60/412
  positives_total: 165
  positives_per_gt_mean/min/max: 5.00/5/5
  positives_stride8: 3
  positives_stride16: 99
  positives_stride32: 63
  unmatched_gt_count: 0
  fallback_count: 0
  conflict_count: 0
  dynamic_k_mean/min/max: 5.00/5/5
  nonfinite_cost_count: 0
[DEBUG] SimOTA train batch stats:
  images: 32
  empty_images: 6
  gt_count: 36
  candidate_count_mean/min/max: 172.36/50/691
  positives_total: 180
  positives_per_gt_mean/min/max: 5.00/5/5
  positives_stride8: 5
  positives_stride16: 107
  positives_stride32: 68
  unmatched_gt_count: 0
  fallback_count: 0
  conflict_count: 0
  dynamic_k_mean/min/max: 5.00/5/5
  nonfinite_cost_count: 0
[DEBUG] SimOTA train batch stats:
  images: 32
  empty_images: 0
  gt_count: 38
  candidate_count_mean/min/max: 151.68/60/495
  positives_total: 190
  positives_per_gt_mean/min/max: 5.00/5/5
  positives_stride8: 4
  positives_stride16: 107
  positives_stride32: 79
  unmatched_gt_count: 0
  fallback_count: 0
  conflict_count: 0
  dynamic_k_mean/min/max: 5.00/5/5
  nonfinite_cost_count: 0
[DEBUG] SimOTA train batch stats:
  images: 32
  empty_images: 5
  gt_count: 36
  candidate_count_mean/min/max: 216.67/70/732
  positives_total: 180
  positives_per_gt_mean/min/max: 5.00/5/5
  positives_stride8: 3
  positives_stride16: 98
  positives_stride32: 79
  unmatched_gt_count: 0
  fallback_count: 0
  conflict_count: 0
  dynamic_k_mean/min/max: 5.00/5/5
  nonfinite_cost_count: 0
[DEBUG] SimOTA train batch stats:
  images: 32
  empty_images: 5
  gt_count: 33
  candidate_count_mean/min/max: 190.24/66/768
  positives_total: 165
  positives_per_gt_mean/min/max: 5.00/5/5
  positives_stride8: 3
  positives_stride16: 88
  positives_stride32: 74
  unmatched_gt_count: 0
  fallback_count: 0
  conflict_count: 0
  dynamic_k_mean/min/max: 5.00/5/5
  nonfinite_cost_count: 0
[DEBUG] SimOTA val batch stats:
  images: 32
  empty_images: 6
  gt_count: 26
  candidate_count_mean/min/max: 85.81/70/211
  positives_total: 130
  positives_per_gt_mean/min/max: 5.00/5/5
  positives_stride8: 14
  positives_stride16: 68
  positives_stride32: 48
  unmatched_gt_count: 0
  fallback_count: 0
  conflict_count: 0
  dynamic_k_mean/min/max: 5.00/5/5
  nonfinite_cost_count: 0
[INFO] epoch summary | train loss=0.8860 obj=0.0004 box=0.1771 pos=172.32 | val loss=0.9658 map50=0.8963 map5095=0.6806 P=0.9354 R=0.7988 F1=0.8617
[INFO] val extras | mean_iou=0.8888 center_err_px(mean/med/p95)=2.21/1.75/5.50 center_err_norm_diag(mean/med/p95)=0.0028/0.0022/0.0069 fp/img=0.0547 small/med/large recall=0.6609/0.8789/0.8651 counts=233/223/215
[INFO] saved per-epoch checkpoint: /mnt/core/MLonMCU_proj/software/ball_detection/runs/20260522-133921-simota_diou_v2_pruned_30/checkpoints/031_epoch.pt
[INFO] new best checkpoint at epoch 31: /mnt/core/MLonMCU_proj/software/ball_detection/runs/20260522-133921-simota_diou_v2_pruned_30/checkpoints/best.pt
[INFO] epoch 32/150 start | lr=0.000898367
[DEBUG] SimOTA train batch stats:
  images: 32
  empty_images: 2
  gt_count: 36
  candidate_count_mean/min/max: 183.86/60/751
  positives_total: 180
  positives_per_gt_mean/min/max: 5.00/5/5
  positives_stride8: 7
  positives_stride16: 96
  positives_stride32: 77
  unmatched_gt_count: 0
  fallback_count: 0
  conflict_count: 0
  dynamic_k_mean/min/max: 5.00/5/5
  nonfinite_cost_count: 0
[DEBUG] SimOTA train batch stats:
  images: 32
  empty_images: 2
  gt_count: 34
  candidate_count_mean/min/max: 193.15/70/830
  positives_total: 170
  positives_per_gt_mean/min/max: 5.00/5/5
  positives_stride8: 4
  positives_stride16: 92
  positives_stride32: 74
  unmatched_gt_count: 0
  fallback_count: 0
  conflict_count: 0
  dynamic_k_mean/min/max: 5.00/5/5
  nonfinite_cost_count: 0
[DEBUG] SimOTA train batch stats:
  images: 32
  empty_images: 5
  gt_count: 29
  candidate_count_mean/min/max: 207.03/75/687
  positives_total: 145
  positives_per_gt_mean/min/max: 5.00/5/5
  positives_stride8: 3
  positives_stride16: 72
  positives_stride32: 70
  unmatched_gt_count: 0
  fallback_count: 0
  conflict_count: 0
  dynamic_k_mean/min/max: 5.00/5/5
  nonfinite_cost_count: 0
[DEBUG] SimOTA train batch stats:
  images: 32
  empty_images: 4
  gt_count: 36
  candidate_count_mean/min/max: 204.78/75/545
  positives_total: 180
  positives_per_gt_mean/min/max: 5.00/5/5
  positives_stride8: 7
  positives_stride16: 98
  positives_stride32: 75
  unmatched_gt_count: 0
  fallback_count: 0
  conflict_count: 0
  dynamic_k_mean/min/max: 5.00/5/5
  nonfinite_cost_count: 0
[DEBUG] SimOTA train batch stats:
  images: 32
  empty_images: 3
  gt_count: 35
  candidate_count_mean/min/max: 186.66/75/646
  positives_total: 175
  positives_per_gt_mean/min/max: 5.00/5/5
  positives_stride8: 4
  positives_stride16: 103
  positives_stride32: 68
  unmatched_gt_count: 0
  fallback_count: 0
  conflict_count: 0
  dynamic_k_mean/min/max: 5.00/5/5
  nonfinite_cost_count: 0
[DEBUG] SimOTA train batch stats:
  images: 32
  empty_images: 3
  gt_count: 37
  candidate_count_mean/min/max: 172.81/75/952
  positives_total: 185
  positives_per_gt_mean/min/max: 5.00/5/5
  positives_stride8: 13
  positives_stride16: 97
  positives_stride32: 75
  unmatched_gt_count: 0
  fallback_count: 0
  conflict_count: 0
  dynamic_k_mean/min/max: 5.00/5/5
  nonfinite_cost_count: 0
[DEBUG] SimOTA val batch stats:
  images: 32
  empty_images: 5
  gt_count: 27
  candidate_count_mean/min/max: 201.30/70/467
  positives_total: 135
  positives_per_gt_mean/min/max: 5.00/5/5
  positives_stride8: 12
  positives_stride16: 76
  positives_stride32: 47
  unmatched_gt_count: 0
  fallback_count: 0
  conflict_count: 0
  dynamic_k_mean/min/max: 5.00/5/5
  nonfinite_cost_count: 0
[INFO] epoch summary | train loss=0.8631 obj=0.0004 box=0.1725 pos=172.52 | val loss=0.9527 map50=0.8869 map5095=0.6623 P=0.9102 R=0.7854 F1=0.8432
[INFO] val extras | mean_iou=0.8862 center_err_px(mean/med/p95)=2.06/1.71/5.01 center_err_norm_diag(mean/med/p95)=0.0026/0.0021/0.0063 fp/img=0.0769 small/med/large recall=0.7039/0.8610/0.7953 counts=233/223/215
[INFO] saved per-epoch checkpoint: /mnt/core/MLonMCU_proj/software/ball_detection/runs/20260522-133921-simota_diou_v2_pruned_30/checkpoints/032_epoch.pt
[INFO] early stopping status: bad_epochs=1/30
[INFO] epoch 33/150 start | lr=0.000891955
[DEBUG] SimOTA train batch stats:
  images: 32
  empty_images: 2
  gt_count: 38
  candidate_count_mean/min/max: 181.82/70/608
  positives_total: 186
  positives_per_gt_mean/min/max: 4.89/3/5
  positives_stride8: 4
  positives_stride16: 106
  positives_stride32: 76
  unmatched_gt_count: 0
  fallback_count: 0
  conflict_count: 4
  dynamic_k_mean/min/max: 5.00/5/5
  nonfinite_cost_count: 0
[DEBUG] SimOTA train batch stats:
  images: 32
  empty_images: 3
  gt_count: 35
  candidate_count_mean/min/max: 161.03/70/661
  positives_total: 175
  positives_per_gt_mean/min/max: 5.00/5/5
  positives_stride8: 6
  positives_stride16: 94
  positives_stride32: 75
  unmatched_gt_count: 0
  fallback_count: 0
  conflict_count: 0
  dynamic_k_mean/min/max: 5.00/5/5
  nonfinite_cost_count: 0
[DEBUG] SimOTA train batch stats:
  images: 32
  empty_images: 3
  gt_count: 37
  candidate_count_mean/min/max: 181.86/70/733
  positives_total: 185
  positives_per_gt_mean/min/max: 5.00/5/5
  positives_stride8: 4
  positives_stride16: 98
  positives_stride32: 83
  unmatched_gt_count: 0
  fallback_count: 0
  conflict_count: 0
  dynamic_k_mean/min/max: 5.00/5/5
  nonfinite_cost_count: 0
[DEBUG] SimOTA train batch stats:
  images: 32
  empty_images: 3
  gt_count: 33
  candidate_count_mean/min/max: 198.36/75/733
  positives_total: 165
  positives_per_gt_mean/min/max: 5.00/5/5
  positives_stride8: 8
  positives_stride16: 84
  positives_stride32: 73
  unmatched_gt_count: 0
  fallback_count: 0
  conflict_count: 0
  dynamic_k_mean/min/max: 5.00/5/5
  nonfinite_cost_count: 0
[DEBUG] SimOTA train batch stats:
  images: 32
  empty_images: 1
  gt_count: 39
  candidate_count_mean/min/max: 260.69/75/1261
  positives_total: 195
  positives_per_gt_mean/min/max: 5.00/5/5
  positives_stride8: 4
  positives_stride16: 102
  positives_stride32: 89
  unmatched_gt_count: 0
  fallback_count: 0
  conflict_count: 0
  dynamic_k_mean/min/max: 5.00/5/5
  nonfinite_cost_count: 0
[DEBUG] SimOTA train batch stats:
  images: 32
  empty_images: 3
  gt_count: 35
  candidate_count_mean/min/max: 189.46/60/680
  positives_total: 175
  positives_per_gt_mean/min/max: 5.00/5/5
  positives_stride8: 1
  positives_stride16: 98
  positives_stride32: 76
  unmatched_gt_count: 0
  fallback_count: 0
  conflict_count: 0
  dynamic_k_mean/min/max: 5.00/5/5
  nonfinite_cost_count: 0
[DEBUG] SimOTA val batch stats:
  images: 32
  empty_images: 4
  gt_count: 32
  candidate_count_mean/min/max: 91.31/57/301
  positives_total: 156
  positives_per_gt_mean/min/max: 4.88/4/5
  positives_stride8: 20
  positives_stride16: 87
  positives_stride32: 49
  unmatched_gt_count: 0
  fallback_count: 0
  conflict_count: 0
  dynamic_k_mean/min/max: 4.88/4/5
  nonfinite_cost_count: 0
[INFO] epoch summary | train loss=0.8605 obj=0.0004 box=0.1720 pos=171.94 | val loss=1.0123 map50=0.8958 map5095=0.6836 P=0.9175 R=0.7958 F1=0.8524
[INFO] val extras | mean_iou=0.8889 center_err_px(mean/med/p95)=2.31/1.83/6.09 center_err_norm_diag(mean/med/p95)=0.0029/0.0023/0.0076 fp/img=0.0710 small/med/large recall=0.6438/0.8655/0.8884 counts=233/223/215
[INFO] saved per-epoch checkpoint: /mnt/core/MLonMCU_proj/software/ball_detection/runs/20260522-133921-simota_diou_v2_pruned_30/checkpoints/033_epoch.pt
[INFO] new best checkpoint at epoch 33: /mnt/core/MLonMCU_proj/software/ball_detection/runs/20260522-133921-simota_diou_v2_pruned_30/checkpoints/best.pt
[INFO] epoch 34/150 start | lr=0.000885371
[DEBUG] SimOTA train batch stats:
  images: 32
  empty_images: 6
  gt_count: 32
  candidate_count_mean/min/max: 155.25/70/495
  positives_total: 160
  positives_per_gt_mean/min/max: 5.00/5/5
  positives_stride8: 4
  positives_stride16: 90
  positives_stride32: 66
  unmatched_gt_count: 0
  fallback_count: 0
  conflict_count: 0
  dynamic_k_mean/min/max: 5.00/5/5
  nonfinite_cost_count: 0
[DEBUG] SimOTA train batch stats:
  images: 32
  empty_images: 5
  gt_count: 35
  candidate_count_mean/min/max: 153.29/50/611
  positives_total: 175
  positives_per_gt_mean/min/max: 5.00/5/5
  positives_stride8: 6
  positives_stride16: 99
  positives_stride32: 70
  unmatched_gt_count: 0
  fallback_count: 0
  conflict_count: 0
  dynamic_k_mean/min/max: 5.00/5/5
  nonfinite_cost_count: 0
[DEBUG] SimOTA train batch stats:
  images: 32
  empty_images: 9
  gt_count: 28
  candidate_count_mean/min/max: 231.00/75/743
  positives_total: 140
  positives_per_gt_mean/min/max: 5.00/5/5
  positives_stride8: 5
  positives_stride16: 75
  positives_stride32: 60
  unmatched_gt_count: 0
  fallback_count: 0
  conflict_count: 0
  dynamic_k_mean/min/max: 5.00/5/5
  nonfinite_cost_count: 0
[DEBUG] SimOTA train batch stats:
  images: 32
  empty_images: 5
  gt_count: 34
  candidate_count_mean/min/max: 214.88/75/733
  positives_total: 170
  positives_per_gt_mean/min/max: 5.00/5/5
  positives_stride8: 5
  positives_stride16: 87
  positives_stride32: 78
  unmatched_gt_count: 0
  fallback_count: 0
  conflict_count: 0
  dynamic_k_mean/min/max: 5.00/5/5
  nonfinite_cost_count: 0
[DEBUG] SimOTA train batch stats:
  images: 32
  empty_images: 4
  gt_count: 34
  candidate_count_mean/min/max: 183.38/70/430
  positives_total: 170
  positives_per_gt_mean/min/max: 5.00/5/5
  positives_stride8: 1
  positives_stride16: 95
  positives_stride32: 74
  unmatched_gt_count: 0
  fallback_count: 0
  conflict_count: 0
  dynamic_k_mean/min/max: 5.00/5/5
  nonfinite_cost_count: 0
[DEBUG] SimOTA train batch stats:
  images: 32
  empty_images: 5
  gt_count: 35
  candidate_count_mean/min/max: 177.71/56/618
  positives_total: 174
  positives_per_gt_mean/min/max: 4.97/4/5
  positives_stride8: 11
  positives_stride16: 96
  positives_stride32: 67
  unmatched_gt_count: 0
  fallback_count: 0
  conflict_count: 0
  dynamic_k_mean/min/max: 4.97/4/5
  nonfinite_cost_count: 0
[DEBUG] SimOTA val batch stats:
  images: 32
  empty_images: 4
  gt_count: 36
  candidate_count_mean/min/max: 208.00/70/855
  positives_total: 176
  positives_per_gt_mean/min/max: 4.89/3/5
  positives_stride8: 5
  positives_stride16: 95
  positives_stride32: 76
  unmatched_gt_count: 0
  fallback_count: 0
  conflict_count: 0
  dynamic_k_mean/min/max: 4.89/3/5
  nonfinite_cost_count: 0
[INFO] epoch summary | train loss=0.8633 obj=0.0004 box=0.1726 pos=172.12 | val loss=1.0409 map50=0.8957 map5095=0.6892 P=0.9221 R=0.7765 F1=0.8430
[INFO] val extras | mean_iou=0.8943 center_err_px(mean/med/p95)=2.15/1.80/5.03 center_err_norm_diag(mean/med/p95)=0.0027/0.0022/0.0063 fp/img=0.0651 small/med/large recall=0.5880/0.8789/0.8744 counts=233/223/215
[INFO] saved per-epoch checkpoint: /mnt/core/MLonMCU_proj/software/ball_detection/runs/20260522-133921-simota_diou_v2_pruned_30/checkpoints/034_epoch.pt
[INFO] new best checkpoint at epoch 34: /mnt/core/MLonMCU_proj/software/ball_detection/runs/20260522-133921-simota_diou_v2_pruned_30/checkpoints/best.pt
[INFO] epoch 35/150 start | lr=0.000878619
[DEBUG] SimOTA train batch stats:
  images: 32
  empty_images: 9
  gt_count: 32
  candidate_count_mean/min/max: 195.78/60/597
  positives_total: 160
  positives_per_gt_mean/min/max: 5.00/5/5
  positives_stride8: 6
  positives_stride16: 88
  positives_stride32: 66
  unmatched_gt_count: 0
  fallback_count: 0
  conflict_count: 0
  dynamic_k_mean/min/max: 5.00/5/5
  nonfinite_cost_count: 0
[DEBUG] SimOTA train batch stats:
  images: 32
  empty_images: 7
  gt_count: 31
  candidate_count_mean/min/max: 230.77/60/999
  positives_total: 155
  positives_per_gt_mean/min/max: 5.00/5/5
  positives_stride8: 7
  positives_stride16: 74
  positives_stride32: 74
  unmatched_gt_count: 0
  fallback_count: 0
  conflict_count: 0
  dynamic_k_mean/min/max: 5.00/5/5
  nonfinite_cost_count: 0
[DEBUG] SimOTA train batch stats:
  images: 32
  empty_images: 4
  gt_count: 33
  candidate_count_mean/min/max: 225.76/60/1018
  positives_total: 165
  positives_per_gt_mean/min/max: 5.00/5/5
  positives_stride8: 5
  positives_stride16: 88
  positives_stride32: 72
  unmatched_gt_count: 0
  fallback_count: 0
  conflict_count: 0
  dynamic_k_mean/min/max: 5.00/5/5
  nonfinite_cost_count: 0
[DEBUG] SimOTA train batch stats:
  images: 32
  empty_images: 6
  gt_count: 34
  candidate_count_mean/min/max: 124.50/70/495
  positives_total: 170
  positives_per_gt_mean/min/max: 5.00/5/5
  positives_stride8: 4
  positives_stride16: 95
  positives_stride32: 71
  unmatched_gt_count: 0
  fallback_count: 0
  conflict_count: 0
  dynamic_k_mean/min/max: 5.00/5/5
  nonfinite_cost_count: 0
[DEBUG] SimOTA train batch stats:
  images: 32
  empty_images: 3
  gt_count: 37
  candidate_count_mean/min/max: 204.62/53/822
  positives_total: 185
  positives_per_gt_mean/min/max: 5.00/5/5
  positives_stride8: 6
  positives_stride16: 90
  positives_stride32: 89
  unmatched_gt_count: 0
  fallback_count: 0
  conflict_count: 0
  dynamic_k_mean/min/max: 5.00/5/5
  nonfinite_cost_count: 0
[DEBUG] SimOTA train batch stats:
  images: 32
  empty_images: 3
  gt_count: 39
  candidate_count_mean/min/max: 148.79/75/686
  positives_total: 185
  positives_per_gt_mean/min/max: 4.74/1/5
  positives_stride8: 6
  positives_stride16: 99
  positives_stride32: 80
  unmatched_gt_count: 0
  fallback_count: 0
  conflict_count: 10
  dynamic_k_mean/min/max: 5.00/5/5
  nonfinite_cost_count: 0
[DEBUG] SimOTA val batch stats:
  images: 32
  empty_images: 2
  gt_count: 40
  candidate_count_mean/min/max: 168.12/56/693
  positives_total: 193
  positives_per_gt_mean/min/max: 4.83/0/5
  positives_stride8: 1
  positives_stride16: 114
  positives_stride32: 78
  unmatched_gt_count: 1
  fallback_count: 0
  conflict_count: 4
  dynamic_k_mean/min/max: 4.92/3/5
  nonfinite_cost_count: 0
[INFO] epoch summary | train loss=0.8678 obj=0.0004 box=0.1735 pos=171.99 | val loss=1.0141 map50=0.9022 map5095=0.6794 P=0.9212 R=0.7839 F1=0.8470
[INFO] val extras | mean_iou=0.8888 center_err_px(mean/med/p95)=2.26/1.81/5.38 center_err_norm_diag(mean/med/p95)=0.0028/0.0023/0.0067 fp/img=0.0666 small/med/large recall=0.6052/0.8744/0.8837 counts=233/223/215
[INFO] saved per-epoch checkpoint: /mnt/core/MLonMCU_proj/software/ball_detection/runs/20260522-133921-simota_diou_v2_pruned_30/checkpoints/035_epoch.pt
[INFO] early stopping status: bad_epochs=1/30
[INFO] epoch 36/150 start | lr=0.000871701
[DEBUG] SimOTA train batch stats:
  images: 32
  empty_images: 5
  gt_count: 34
  candidate_count_mean/min/max: 164.91/45/576
  positives_total: 170
  positives_per_gt_mean/min/max: 5.00/5/5
  positives_stride8: 11
  positives_stride16: 89
  positives_stride32: 70
  unmatched_gt_count: 0
  fallback_count: 0
  conflict_count: 0
  dynamic_k_mean/min/max: 5.00/5/5
  nonfinite_cost_count: 0
[DEBUG] SimOTA train batch stats:
  images: 32
  empty_images: 3
  gt_count: 35
  candidate_count_mean/min/max: 208.86/53/775
  positives_total: 175
  positives_per_gt_mean/min/max: 5.00/5/5
  positives_stride8: 6
  positives_stride16: 92
  positives_stride32: 77
  unmatched_gt_count: 0
  fallback_count: 0
  conflict_count: 0
  dynamic_k_mean/min/max: 5.00/5/5
  nonfinite_cost_count: 0
[DEBUG] SimOTA train batch stats:
  images: 32
  empty_images: 3
  gt_count: 34
  candidate_count_mean/min/max: 233.00/57/1261
  positives_total: 170
  positives_per_gt_mean/min/max: 5.00/5/5
  positives_stride8: 4
  positives_stride16: 91
  positives_stride32: 75
  unmatched_gt_count: 0
  fallback_count: 0
  conflict_count: 0
  dynamic_k_mean/min/max: 5.00/5/5
  nonfinite_cost_count: 0
[DEBUG] SimOTA train batch stats:
  images: 32
  empty_images: 5
  gt_count: 33
  candidate_count_mean/min/max: 184.21/65/1018
  positives_total: 165
  positives_per_gt_mean/min/max: 5.00/5/5
  positives_stride8: 8
  positives_stride16: 86
  positives_stride32: 71
  unmatched_gt_count: 0
  fallback_count: 0
  conflict_count: 0
  dynamic_k_mean/min/max: 5.00/5/5
  nonfinite_cost_count: 0
[DEBUG] SimOTA train batch stats:
  images: 32
  empty_images: 4
  gt_count: 40
  candidate_count_mean/min/max: 157.60/69/545
  positives_total: 194
  positives_per_gt_mean/min/max: 4.85/2/5
  positives_stride8: 13
  positives_stride16: 106
  positives_stride32: 75
  unmatched_gt_count: 0
  fallback_count: 0
  conflict_count: 6
  dynamic_k_mean/min/max: 5.00/5/5
  nonfinite_cost_count: 0
[DEBUG] SimOTA train batch stats:
  images: 32
  empty_images: 6
  gt_count: 33
  candidate_count_mean/min/max: 176.67/45/1135
  positives_total: 165
  positives_per_gt_mean/min/max: 5.00/5/5
  positives_stride8: 12
  positives_stride16: 84
  positives_stride32: 69
  unmatched_gt_count: 0
  fallback_count: 0
  conflict_count: 0
  dynamic_k_mean/min/max: 5.00/5/5
  nonfinite_cost_count: 0
[DEBUG] SimOTA val batch stats:
  images: 32
  empty_images: 4
  gt_count: 34
  candidate_count_mean/min/max: 194.94/62/780
  positives_total: 166
  positives_per_gt_mean/min/max: 4.88/3/5
  positives_stride8: 9
  positives_stride16: 87
  positives_stride32: 70
  unmatched_gt_count: 0
  fallback_count: 0
  conflict_count: 0
  dynamic_k_mean/min/max: 4.88/3/5
  nonfinite_cost_count: 0
[INFO] epoch summary | train loss=0.8628 obj=0.0004 box=0.1725 pos=172.15 | val loss=1.0196 map50=0.9037 map5095=0.6737 P=0.8950 R=0.8256 F1=0.8589
[INFO] val extras | mean_iou=0.8837 center_err_px(mean/med/p95)=2.30/1.83/5.52 center_err_norm_diag(mean/med/p95)=0.0029/0.0023/0.0069 fp/img=0.0962 small/med/large recall=0.7082/0.8924/0.8837 counts=233/223/215
[INFO] saved per-epoch checkpoint: /mnt/core/MLonMCU_proj/software/ball_detection/runs/20260522-133921-simota_diou_v2_pruned_30/checkpoints/036_epoch.pt
[INFO] early stopping status: bad_epochs=2/30
[INFO] epoch 37/150 start | lr=0.00086462
[DEBUG] SimOTA train batch stats:
  images: 32
  empty_images: 6
  gt_count: 36
  candidate_count_mean/min/max: 166.31/60/792
  positives_total: 177
  positives_per_gt_mean/min/max: 4.92/2/5
  positives_stride8: 10
  positives_stride16: 92
  positives_stride32: 75
  unmatched_gt_count: 0
  fallback_count: 0
  conflict_count: 3
  dynamic_k_mean/min/max: 5.00/5/5
  nonfinite_cost_count: 0
[DEBUG] SimOTA train batch stats:
  images: 32
  empty_images: 6
  gt_count: 30
  candidate_count_mean/min/max: 252.37/75/980
  positives_total: 150
  positives_per_gt_mean/min/max: 5.00/5/5
  positives_stride8: 5
  positives_stride16: 76
  positives_stride32: 69
  unmatched_gt_count: 0
  fallback_count: 0
  conflict_count: 0
  dynamic_k_mean/min/max: 5.00/5/5
  nonfinite_cost_count: 0
[DEBUG] SimOTA train batch stats:
  images: 32
  empty_images: 2
  gt_count: 39
  candidate_count_mean/min/max: 156.72/45/785
  positives_total: 191
  positives_per_gt_mean/min/max: 4.90/1/5
  positives_stride8: 9
  positives_stride16: 108
  positives_stride32: 74
  unmatched_gt_count: 0
  fallback_count: 0
  conflict_count: 0
  dynamic_k_mean/min/max: 4.90/1/5
  nonfinite_cost_count: 0
[DEBUG] SimOTA train batch stats:
  images: 32
  empty_images: 1
  gt_count: 36
  candidate_count_mean/min/max: 235.50/56/1077
  positives_total: 180
  positives_per_gt_mean/min/max: 5.00/5/5
  positives_stride8: 1
  positives_stride16: 99
  positives_stride32: 80
  unmatched_gt_count: 0
  fallback_count: 0
  conflict_count: 0
  dynamic_k_mean/min/max: 5.00/5/5
  nonfinite_cost_count: 0
[DEBUG] SimOTA train batch stats:
  images: 32
  empty_images: 5
  gt_count: 33
  candidate_count_mean/min/max: 201.82/54/772
  positives_total: 165
  positives_per_gt_mean/min/max: 5.00/5/5
  positives_stride8: 8
  positives_stride16: 84
  positives_stride32: 73
  unmatched_gt_count: 0
  fallback_count: 0
  conflict_count: 0
  dynamic_k_mean/min/max: 5.00/5/5
  nonfinite_cost_count: 0
[DEBUG] SimOTA train batch stats:
  images: 32
  empty_images: 2
  gt_count: 38
  candidate_count_mean/min/max: 180.97/70/614
  positives_total: 190
  positives_per_gt_mean/min/max: 5.00/5/5
  positives_stride8: 5
  positives_stride16: 102
  positives_stride32: 83
  unmatched_gt_count: 0
  fallback_count: 0
  conflict_count: 0
  dynamic_k_mean/min/max: 5.00/5/5
  nonfinite_cost_count: 0
[DEBUG] SimOTA val batch stats:
  images: 32
  empty_images: 6
  gt_count: 28
  candidate_count_mean/min/max: 181.21/75/576
  positives_total: 140
  positives_per_gt_mean/min/max: 5.00/5/5
  positives_stride8: 1
  positives_stride16: 82
  positives_stride32: 57
  unmatched_gt_count: 0
  fallback_count: 0
  conflict_count: 0
  dynamic_k_mean/min/max: 5.00/5/5
  nonfinite_cost_count: 0
[INFO] epoch summary | train loss=0.8632 obj=0.0004 box=0.1726 pos=172.16 | val loss=0.9588 map50=0.8985 map5095=0.6852 P=0.9562 R=0.7809 F1=0.8597
[INFO] val extras | mean_iou=0.8926 center_err_px(mean/med/p95)=2.14/1.70/5.17 center_err_norm_diag(mean/med/p95)=0.0027/0.0021/0.0065 fp/img=0.0355 small/med/large recall=0.6137/0.8744/0.8651 counts=233/223/215
[INFO] saved per-epoch checkpoint: /mnt/core/MLonMCU_proj/software/ball_detection/runs/20260522-133921-simota_diou_v2_pruned_30/checkpoints/037_epoch.pt
[INFO] early stopping status: bad_epochs=3/30
[INFO] epoch 38/150 start | lr=0.000857379
[DEBUG] SimOTA train batch stats:
  images: 32
  empty_images: 6
  gt_count: 35
  candidate_count_mean/min/max: 195.29/50/751
  positives_total: 175
  positives_per_gt_mean/min/max: 5.00/5/5
  positives_stride8: 7
  positives_stride16: 99
  positives_stride32: 69
  unmatched_gt_count: 0
  fallback_count: 0
  conflict_count: 0
  dynamic_k_mean/min/max: 5.00/5/5
  nonfinite_cost_count: 0
[DEBUG] SimOTA train batch stats:
  images: 32
  empty_images: 3
  gt_count: 38
  candidate_count_mean/min/max: 191.92/75/1035
  positives_total: 188
  positives_per_gt_mean/min/max: 4.95/3/5
  positives_stride8: 11
  positives_stride16: 101
  positives_stride32: 76
  unmatched_gt_count: 0
  fallback_count: 0
  conflict_count: 2
  dynamic_k_mean/min/max: 5.00/5/5
  nonfinite_cost_count: 0
[DEBUG] SimOTA train batch stats:
  images: 32
  empty_images: 3
  gt_count: 37
  candidate_count_mean/min/max: 201.54/75/789
  positives_total: 185
  positives_per_gt_mean/min/max: 5.00/5/5
  positives_stride8: 9
  positives_stride16: 95
  positives_stride32: 81
  unmatched_gt_count: 0
  fallback_count: 0
  conflict_count: 0
  dynamic_k_mean/min/max: 5.00/5/5
  nonfinite_cost_count: 0
[DEBUG] SimOTA train batch stats:
  images: 32
  empty_images: 3
  gt_count: 37
  candidate_count_mean/min/max: 156.16/75/980
  positives_total: 185
  positives_per_gt_mean/min/max: 5.00/5/5
  positives_stride8: 8
  positives_stride16: 98
  positives_stride32: 79
  unmatched_gt_count: 0
  fallback_count: 0
  conflict_count: 0
  dynamic_k_mean/min/max: 5.00/5/5
  nonfinite_cost_count: 0
[DEBUG] SimOTA train batch stats:
  images: 32
  empty_images: 1
  gt_count: 36
  candidate_count_mean/min/max: 243.92/70/1135
  positives_total: 180
  positives_per_gt_mean/min/max: 5.00/5/5
  positives_stride8: 6
  positives_stride16: 90
  positives_stride32: 84
  unmatched_gt_count: 0
  fallback_count: 0
  conflict_count: 0
  dynamic_k_mean/min/max: 5.00/5/5
  nonfinite_cost_count: 0
[DEBUG] SimOTA train batch stats:
  images: 32
  empty_images: 6
  gt_count: 33
  candidate_count_mean/min/max: 125.36/41/449
  positives_total: 165
  positives_per_gt_mean/min/max: 5.00/5/5
  positives_stride8: 10
  positives_stride16: 83
  positives_stride32: 72
  unmatched_gt_count: 0
  fallback_count: 0
  conflict_count: 0
  dynamic_k_mean/min/max: 5.00/5/5
  nonfinite_cost_count: 0
[DEBUG] SimOTA val batch stats:
  images: 32
  empty_images: 1
  gt_count: 34
  candidate_count_mean/min/max: 244.56/75/840
  positives_total: 168
  positives_per_gt_mean/min/max: 4.94/4/5
  positives_stride8: 7
  positives_stride16: 76
  positives_stride32: 85
  unmatched_gt_count: 0
  fallback_count: 0
  conflict_count: 1
  dynamic_k_mean/min/max: 4.97/4/5
  nonfinite_cost_count: 0
[INFO] epoch summary | train loss=0.8714 obj=0.0004 box=0.1742 pos=172.09 | val loss=1.0281 map50=0.9008 map5095=0.6756 P=0.9368 R=0.7958 F1=0.8606
[INFO] val extras | mean_iou=0.8870 center_err_px(mean/med/p95)=2.17/1.72/5.08 center_err_norm_diag(mean/med/p95)=0.0027/0.0021/0.0064 fp/img=0.0533 small/med/large recall=0.6738/0.8834/0.8372 counts=233/223/215
[INFO] saved per-epoch checkpoint: /mnt/core/MLonMCU_proj/software/ball_detection/runs/20260522-133921-simota_diou_v2_pruned_30/checkpoints/038_epoch.pt
[INFO] early stopping status: bad_epochs=4/30
[INFO] epoch 39/150 start | lr=0.000849982
[DEBUG] SimOTA train batch stats:
  images: 32
  empty_images: 2
  gt_count: 39
  candidate_count_mean/min/max: 192.97/75/632
  positives_total: 195
  positives_per_gt_mean/min/max: 5.00/5/5
  positives_stride8: 3
  positives_stride16: 104
  positives_stride32: 88
  unmatched_gt_count: 0
  fallback_count: 0
  conflict_count: 0
  dynamic_k_mean/min/max: 5.00/5/5
  nonfinite_cost_count: 0
[DEBUG] SimOTA train batch stats:
  images: 32
  empty_images: 6
  gt_count: 31
  candidate_count_mean/min/max: 169.84/75/545
  positives_total: 155
  positives_per_gt_mean/min/max: 5.00/5/5
  positives_stride8: 5
  positives_stride16: 89
  positives_stride32: 61
  unmatched_gt_count: 0
  fallback_count: 0
  conflict_count: 0
  dynamic_k_mean/min/max: 5.00/5/5
  nonfinite_cost_count: 0
[DEBUG] SimOTA train batch stats:
  images: 32
  empty_images: 6
  gt_count: 30
  candidate_count_mean/min/max: 230.97/75/665
  positives_total: 150
  positives_per_gt_mean/min/max: 5.00/5/5
  positives_stride8: 5
  positives_stride16: 73
  positives_stride32: 72
  unmatched_gt_count: 0
  fallback_count: 0
  conflict_count: 0
  dynamic_k_mean/min/max: 5.00/5/5
  nonfinite_cost_count: 0
[DEBUG] SimOTA train batch stats:
  images: 32
  empty_images: 6
  gt_count: 36
  candidate_count_mean/min/max: 193.83/66/1135
  positives_total: 180
  positives_per_gt_mean/min/max: 5.00/5/5
  positives_stride8: 9
  positives_stride16: 94
  positives_stride32: 77
  unmatched_gt_count: 0
  fallback_count: 0
  conflict_count: 0
  dynamic_k_mean/min/max: 5.00/5/5
  nonfinite_cost_count: 0
[DEBUG] SimOTA train batch stats:
  images: 32
  empty_images: 3
  gt_count: 33
  candidate_count_mean/min/max: 183.15/75/535
  positives_total: 165
  positives_per_gt_mean/min/max: 5.00/5/5
  positives_stride8: 3
  positives_stride16: 92
  positives_stride32: 70
  unmatched_gt_count: 0
  fallback_count: 0
  conflict_count: 0
  dynamic_k_mean/min/max: 5.00/5/5
  nonfinite_cost_count: 0
[DEBUG] SimOTA val batch stats:
  images: 32
  empty_images: 4
  gt_count: 28
  candidate_count_mean/min/max: 341.71/60/448
  positives_total: 140
  positives_per_gt_mean/min/max: 5.00/5/5
  positives_stride8: 3
  positives_stride16: 72
  positives_stride32: 65
  unmatched_gt_count: 0
  fallback_count: 0
  conflict_count: 0
  dynamic_k_mean/min/max: 5.00/5/5
  nonfinite_cost_count: 0
[DEBUG] SimOTA val batch stats:
  images: 32
  empty_images: 2
  gt_count: 44
  candidate_count_mean/min/max: 294.34/60/983
  positives_total: 220
  positives_per_gt_mean/min/max: 5.00/5/5
  positives_stride8: 3
  positives_stride16: 99
  positives_stride32: 118
  unmatched_gt_count: 0
  fallback_count: 0
  conflict_count: 0
  dynamic_k_mean/min/max: 5.00/5/5
  nonfinite_cost_count: 0
[INFO] epoch summary | train loss=0.8563 obj=0.0004 box=0.1712 pos=172.15 | val loss=1.0188 map50=0.9050 map5095=0.6925 P=0.9330 R=0.8092 F1=0.8667
[INFO] val extras | mean_iou=0.8909 center_err_px(mean/med/p95)=2.10/1.68/5.09 center_err_norm_diag(mean/med/p95)=0.0026/0.0021/0.0064 fp/img=0.0577 small/med/large recall=0.6910/0.8789/0.8651 counts=233/223/215
[INFO] saved per-epoch checkpoint: /mnt/core/MLonMCU_proj/software/ball_detection/runs/20260522-133921-simota_diou_v2_pruned_30/checkpoints/039_epoch.pt
[INFO] new best checkpoint at epoch 39: /mnt/core/MLonMCU_proj/software/ball_detection/runs/20260522-133921-simota_diou_v2_pruned_30/checkpoints/best.pt
[INFO] epoch 40/150 start | lr=0.000842431
[DEBUG] SimOTA train batch stats:
  images: 32
  empty_images: 3
  gt_count: 34
  candidate_count_mean/min/max: 279.82/50/999
  positives_total: 170
  positives_per_gt_mean/min/max: 5.00/5/5
  positives_stride8: 7
  positives_stride16: 79
  positives_stride32: 84
  unmatched_gt_count: 0
  fallback_count: 0
  conflict_count: 0
  dynamic_k_mean/min/max: 5.00/5/5
  nonfinite_cost_count: 0
[DEBUG] SimOTA train batch stats:
  images: 32
  empty_images: 5
  gt_count: 31
  candidate_count_mean/min/max: 252.74/60/1195
  positives_total: 155
  positives_per_gt_mean/min/max: 5.00/5/5
  positives_stride8: 2
  positives_stride16: 77
  positives_stride32: 76
  unmatched_gt_count: 0
  fallback_count: 0
  conflict_count: 0
  dynamic_k_mean/min/max: 5.00/5/5
  nonfinite_cost_count: 0
[DEBUG] SimOTA train batch stats:
  images: 32
  empty_images: 2
  gt_count: 38
  candidate_count_mean/min/max: 197.50/60/1261
  positives_total: 190
  positives_per_gt_mean/min/max: 5.00/5/5
  positives_stride8: 6
  positives_stride16: 100
  positives_stride32: 84
  unmatched_gt_count: 0
  fallback_count: 0
  conflict_count: 0
  dynamic_k_mean/min/max: 5.00/5/5
  nonfinite_cost_count: 0
[DEBUG] SimOTA train batch stats:
  images: 32
  empty_images: 2
  gt_count: 42
  candidate_count_mean/min/max: 229.12/50/789
  positives_total: 210
  positives_per_gt_mean/min/max: 5.00/5/5
  positives_stride8: 7
  positives_stride16: 105
  positives_stride32: 98
  unmatched_gt_count: 0
  fallback_count: 0
  conflict_count: 0
  dynamic_k_mean/min/max: 5.00/5/5
  nonfinite_cost_count: 0
[DEBUG] SimOTA train batch stats:
  images: 32
  empty_images: 7
  gt_count: 30
  candidate_count_mean/min/max: 197.20/70/525
  positives_total: 150
  positives_per_gt_mean/min/max: 5.00/5/5
  positives_stride8: 6
  positives_stride16: 78
  positives_stride32: 66
  unmatched_gt_count: 0
  fallback_count: 0
  conflict_count: 0
  dynamic_k_mean/min/max: 5.00/5/5
  nonfinite_cost_count: 0
[DEBUG] SimOTA val batch stats:
  images: 32
  empty_images: 11
  gt_count: 21
  candidate_count_mean/min/max: 108.24/75/176
  positives_total: 105
  positives_per_gt_mean/min/max: 5.00/5/5
  positives_stride8: 0
  positives_stride16: 64
  positives_stride32: 41
  unmatched_gt_count: 0
  fallback_count: 0
  conflict_count: 0
  dynamic_k_mean/min/max: 5.00/5/5
  nonfinite_cost_count: 0
[DEBUG] SimOTA val batch stats:
  images: 4
  empty_images: 2
  gt_count: 3
  candidate_count_mean/min/max: 120.00/86/182
  positives_total: 15
  positives_per_gt_mean/min/max: 5.00/5/5
  positives_stride8: 0
  positives_stride16: 9
  positives_stride32: 6
  unmatched_gt_count: 0
  fallback_count: 0
  conflict_count: 0
  dynamic_k_mean/min/max: 5.00/5/5
  nonfinite_cost_count: 0
[INFO] epoch summary | train loss=0.8447 obj=0.0004 box=0.1689 pos=172.13 | val loss=0.9883 map50=0.9065 map5095=0.6910 P=0.9402 R=0.8197 F1=0.8758
[INFO] val extras | mean_iou=0.8909 center_err_px(mean/med/p95)=2.17/1.69/4.86 center_err_norm_diag(mean/med/p95)=0.0027/0.0021/0.0061 fp/img=0.0518 small/med/large recall=0.7039/0.8834/0.8791 counts=233/223/215
[INFO] saved per-epoch checkpoint: /mnt/core/MLonMCU_proj/software/ball_detection/runs/20260522-133921-simota_diou_v2_pruned_30/checkpoints/040_epoch.pt
[INFO] early stopping status: bad_epochs=1/30
[INFO] epoch 41/150 start | lr=0.000834731
[DEBUG] SimOTA train batch stats:
  images: 32
  empty_images: 5
  gt_count: 37
  candidate_count_mean/min/max: 178.95/45/737
  positives_total: 179
  positives_per_gt_mean/min/max: 4.84/1/5
  positives_stride8: 14
  positives_stride16: 86
  positives_stride32: 79
  unmatched_gt_count: 0
  fallback_count: 0
  conflict_count: 0
  dynamic_k_mean/min/max: 4.84/1/5
  nonfinite_cost_count: 0
[DEBUG] SimOTA train batch stats:
  images: 32
  empty_images: 6
  gt_count: 29
  candidate_count_mean/min/max: 287.83/70/980
  positives_total: 145
  positives_per_gt_mean/min/max: 5.00/5/5
  positives_stride8: 5
  positives_stride16: 74
  positives_stride32: 66
  unmatched_gt_count: 0
  fallback_count: 0
  conflict_count: 0
  dynamic_k_mean/min/max: 5.00/5/5
  nonfinite_cost_count: 0
[DEBUG] SimOTA train batch stats:
  images: 32
  empty_images: 7
  gt_count: 37
  candidate_count_mean/min/max: 173.08/75/686
  positives_total: 171
  positives_per_gt_mean/min/max: 4.62/0/5
  positives_stride8: 14
  positives_stride16: 86
  positives_stride32: 71
  unmatched_gt_count: 2
  fallback_count: 0
  conflict_count: 13
  dynamic_k_mean/min/max: 4.97/4/5
  nonfinite_cost_count: 0
[DEBUG] SimOTA train batch stats:
  images: 32
  empty_images: 4
  gt_count: 35
  candidate_count_mean/min/max: 197.97/54/737
  positives_total: 175
  positives_per_gt_mean/min/max: 5.00/5/5
  positives_stride8: 8
  positives_stride16: 89
  positives_stride32: 78
  unmatched_gt_count: 0
  fallback_count: 0
  conflict_count: 0
  dynamic_k_mean/min/max: 5.00/5/5
  nonfinite_cost_count: 0
[DEBUG] SimOTA train batch stats:
  images: 32
  empty_images: 3
  gt_count: 39
  candidate_count_mean/min/max: 169.08/45/1263
  positives_total: 193
  positives_per_gt_mean/min/max: 4.95/3/5
  positives_stride8: 13
  positives_stride16: 97
  positives_stride32: 83
  unmatched_gt_count: 0
  fallback_count: 0
  conflict_count: 0
  dynamic_k_mean/min/max: 4.95/3/5
  nonfinite_cost_count: 0
[DEBUG] SimOTA val batch stats:
  images: 32
  empty_images: 0
  gt_count: 32
  candidate_count_mean/min/max: 321.94/75/448
  positives_total: 160
  positives_per_gt_mean/min/max: 5.00/5/5
  positives_stride8: 0
  positives_stride16: 95
  positives_stride32: 65
  unmatched_gt_count: 0
  fallback_count: 0
  conflict_count: 0
  dynamic_k_mean/min/max: 5.00/5/5
  nonfinite_cost_count: 0
[INFO] epoch summary | train loss=0.8613 obj=0.0004 box=0.1722 pos=172.15 | val loss=1.0160 map50=0.9017 map5095=0.6959 P=0.9333 R=0.8137 F1=0.8694
[INFO] val extras | mean_iou=0.8937 center_err_px(mean/med/p95)=2.09/1.70/5.02 center_err_norm_diag(mean/med/p95)=0.0026/0.0021/0.0063 fp/img=0.0577 small/med/large recall=0.6781/0.8834/0.8884 counts=233/223/215
[INFO] saved per-epoch checkpoint: /mnt/core/MLonMCU_proj/software/ball_detection/runs/20260522-133921-simota_diou_v2_pruned_30/checkpoints/041_epoch.pt
[INFO] new best checkpoint at epoch 41: /mnt/core/MLonMCU_proj/software/ball_detection/runs/20260522-133921-simota_diou_v2_pruned_30/checkpoints/best.pt
[INFO] epoch 42/150 start | lr=0.000826884
[DEBUG] SimOTA train batch stats:
  images: 32
  empty_images: 3
  gt_count: 31
  candidate_count_mean/min/max: 198.55/70/952
  positives_total: 155
  positives_per_gt_mean/min/max: 5.00/5/5
  positives_stride8: 11
  positives_stride16: 79
  positives_stride32: 65
  unmatched_gt_count: 0
  fallback_count: 0
  conflict_count: 0
  dynamic_k_mean/min/max: 5.00/5/5
  nonfinite_cost_count: 0
[DEBUG] SimOTA train batch stats:
  images: 32
  empty_images: 2
  gt_count: 40
  candidate_count_mean/min/max: 184.07/75/831
  positives_total: 190
  positives_per_gt_mean/min/max: 4.75/2/5
  positives_stride8: 6
  positives_stride16: 103
  positives_stride32: 81
  unmatched_gt_count: 0
  fallback_count: 0
  conflict_count: 10
  dynamic_k_mean/min/max: 5.00/5/5
  nonfinite_cost_count: 0
[DEBUG] SimOTA train batch stats:
  images: 32
  empty_images: 3
  gt_count: 33
  candidate_count_mean/min/max: 224.91/50/789
  positives_total: 165
  positives_per_gt_mean/min/max: 5.00/5/5
  positives_stride8: 9
  positives_stride16: 85
  positives_stride32: 71
  unmatched_gt_count: 0
  fallback_count: 0
  conflict_count: 0
  dynamic_k_mean/min/max: 5.00/5/5
  nonfinite_cost_count: 0
[DEBUG] SimOTA train batch stats:
  images: 32
  empty_images: 3
  gt_count: 36
  candidate_count_mean/min/max: 179.61/70/822
  positives_total: 180
  positives_per_gt_mean/min/max: 5.00/5/5
  positives_stride8: 10
  positives_stride16: 96
  positives_stride32: 74
  unmatched_gt_count: 0
  fallback_count: 0
  conflict_count: 0
  dynamic_k_mean/min/max: 5.00/5/5
  nonfinite_cost_count: 0
[DEBUG] SimOTA train batch stats:
  images: 32
  empty_images: 5
  gt_count: 37
  candidate_count_mean/min/max: 204.30/70/999
  positives_total: 185
  positives_per_gt_mean/min/max: 5.00/5/5
  positives_stride8: 6
  positives_stride16: 100
  positives_stride32: 79
  unmatched_gt_count: 0
  fallback_count: 0
  conflict_count: 0
  dynamic_k_mean/min/max: 5.00/5/5
  nonfinite_cost_count: 0
[DEBUG] SimOTA train batch stats:
  images: 32
  empty_images: 6
  gt_count: 31
  candidate_count_mean/min/max: 190.52/60/792
  positives_total: 155
  positives_per_gt_mean/min/max: 5.00/5/5
  positives_stride8: 6
  positives_stride16: 84
  positives_stride32: 65
  unmatched_gt_count: 0
  fallback_count: 0
  conflict_count: 0
  dynamic_k_mean/min/max: 5.00/5/5
  nonfinite_cost_count: 0
[DEBUG] SimOTA val batch stats:
  images: 32
  empty_images: 0
  gt_count: 54
  candidate_count_mean/min/max: 108.57/70/430
  positives_total: 270
  positives_per_gt_mean/min/max: 5.00/5/5
  positives_stride8: 40
  positives_stride16: 128
  positives_stride32: 102
  unmatched_gt_count: 0
  fallback_count: 0
  conflict_count: 0
  dynamic_k_mean/min/max: 5.00/5/5
  nonfinite_cost_count: 0
[INFO] epoch summary | train loss=0.8565 obj=0.0004 box=0.1712 pos=172.11 | val loss=0.9910 map50=0.9076 map5095=0.6943 P=0.9444 R=0.8107 F1=0.8725
[INFO] val extras | mean_iou=0.8883 center_err_px(mean/med/p95)=2.12/1.76/5.01 center_err_norm_diag(mean/med/p95)=0.0026/0.0022/0.0063 fp/img=0.0473 small/med/large recall=0.6996/0.8789/0.8605 counts=233/223/215
[INFO] saved per-epoch checkpoint: /mnt/core/MLonMCU_proj/software/ball_detection/runs/20260522-133921-simota_diou_v2_pruned_30/checkpoints/042_epoch.pt
[INFO] early stopping status: bad_epochs=1/30
[INFO] epoch 43/150 start | lr=0.000818893
[DEBUG] SimOTA train batch stats:
  images: 32
  empty_images: 8
  gt_count: 27
  candidate_count_mean/min/max: 205.19/75/505
  positives_total: 135
  positives_per_gt_mean/min/max: 5.00/5/5
  positives_stride8: 2
  positives_stride16: 72
  positives_stride32: 61
  unmatched_gt_count: 0
  fallback_count: 0
  conflict_count: 0
  dynamic_k_mean/min/max: 5.00/5/5
  nonfinite_cost_count: 0
[DEBUG] SimOTA train batch stats:
  images: 32
  empty_images: 4
  gt_count: 35
  candidate_count_mean/min/max: 190.63/75/560
  positives_total: 175
  positives_per_gt_mean/min/max: 5.00/5/5
  positives_stride8: 6
  positives_stride16: 96
  positives_stride32: 73
  unmatched_gt_count: 0
  fallback_count: 0
  conflict_count: 0
  dynamic_k_mean/min/max: 5.00/5/5
  nonfinite_cost_count: 0
[DEBUG] SimOTA train batch stats:
  images: 32
  empty_images: 3
  gt_count: 37
  candidate_count_mean/min/max: 210.30/45/1135
  positives_total: 185
  positives_per_gt_mean/min/max: 5.00/5/5
  positives_stride8: 10
  positives_stride16: 93
  positives_stride32: 82
  unmatched_gt_count: 0
  fallback_count: 0
  conflict_count: 0
  dynamic_k_mean/min/max: 5.00/5/5
  nonfinite_cost_count: 0
[DEBUG] SimOTA train batch stats:
  images: 32
  empty_images: 6
  gt_count: 29
  candidate_count_mean/min/max: 192.45/70/597
  positives_total: 145
  positives_per_gt_mean/min/max: 5.00/5/5
  positives_stride8: 13
  positives_stride16: 74
  positives_stride32: 58
  unmatched_gt_count: 0
  fallback_count: 0
  conflict_count: 0
  dynamic_k_mean/min/max: 5.00/5/5
  nonfinite_cost_count: 0
[DEBUG] SimOTA train batch stats:
  images: 32
  empty_images: 7
  gt_count: 30
  candidate_count_mean/min/max: 151.80/50/743
  positives_total: 150
  positives_per_gt_mean/min/max: 5.00/5/5
  positives_stride8: 14
  positives_stride16: 77
  positives_stride32: 59
  unmatched_gt_count: 0
  fallback_count: 0
  conflict_count: 0
  dynamic_k_mean/min/max: 5.00/5/5
  nonfinite_cost_count: 0
[DEBUG] SimOTA train batch stats:
  images: 32
  empty_images: 2
  gt_count: 38
  candidate_count_mean/min/max: 157.63/70/733
  positives_total: 190
  positives_per_gt_mean/min/max: 5.00/5/5
  positives_stride8: 9
  positives_stride16: 104
  positives_stride32: 77
  unmatched_gt_count: 0
  fallback_count: 0
  conflict_count: 0
  dynamic_k_mean/min/max: 5.00/5/5
  nonfinite_cost_count: 0
[DEBUG] SimOTA val batch stats:
  images: 32
  empty_images: 9
  gt_count: 35
  candidate_count_mean/min/max: 88.03/50/166
  positives_total: 175
  positives_per_gt_mean/min/max: 5.00/5/5
  positives_stride8: 21
  positives_stride16: 92
  positives_stride32: 62
  unmatched_gt_count: 0
  fallback_count: 0
  conflict_count: 0
  dynamic_k_mean/min/max: 5.00/5/5
  nonfinite_cost_count: 0
[INFO] epoch summary | train loss=0.8423 obj=0.0004 box=0.1684 pos=172.91 | val loss=1.0000 map50=0.9070 map5095=0.6982 P=0.9463 R=0.8137 F1=0.8750
[INFO] val extras | mean_iou=0.8924 center_err_px(mean/med/p95)=2.17/1.69/5.21 center_err_norm_diag(mean/med/p95)=0.0027/0.0021/0.0065 fp/img=0.0459 small/med/large recall=0.6953/0.8700/0.8837 counts=233/223/215
[INFO] saved per-epoch checkpoint: /mnt/core/MLonMCU_proj/software/ball_detection/runs/20260522-133921-simota_diou_v2_pruned_30/checkpoints/043_epoch.pt
[INFO] new best checkpoint at epoch 43: /mnt/core/MLonMCU_proj/software/ball_detection/runs/20260522-133921-simota_diou_v2_pruned_30/checkpoints/best.pt
[INFO] epoch 44/150 start | lr=0.000810763
[DEBUG] SimOTA train batch stats:
  images: 32
  empty_images: 4
  gt_count: 36
  candidate_count_mean/min/max: 156.78/50/505
  positives_total: 180
  positives_per_gt_mean/min/max: 5.00/5/5
  positives_stride8: 7
  positives_stride16: 100
  positives_stride32: 73
  unmatched_gt_count: 0
  fallback_count: 0
  conflict_count: 0
  dynamic_k_mean/min/max: 5.00/5/5
  nonfinite_cost_count: 0
[DEBUG] SimOTA train batch stats:
  images: 32
  empty_images: 4
  gt_count: 32
  candidate_count_mean/min/max: 141.34/75/674
  positives_total: 160
  positives_per_gt_mean/min/max: 5.00/5/5
  positives_stride8: 10
  positives_stride16: 87
  positives_stride32: 63
  unmatched_gt_count: 0
  fallback_count: 0
  conflict_count: 0
  dynamic_k_mean/min/max: 5.00/5/5
  nonfinite_cost_count: 0
[DEBUG] SimOTA train batch stats:
  images: 32
  empty_images: 3
  gt_count: 34
  candidate_count_mean/min/max: 256.62/75/1164
  positives_total: 170
  positives_per_gt_mean/min/max: 5.00/5/5
  positives_stride8: 2
  positives_stride16: 90
  positives_stride32: 78
  unmatched_gt_count: 0
  fallback_count: 0
  conflict_count: 0
  dynamic_k_mean/min/max: 5.00/5/5
  nonfinite_cost_count: 0
[DEBUG] SimOTA train batch stats:
  images: 32
  empty_images: 9
  gt_count: 27
  candidate_count_mean/min/max: 218.33/70/697
  positives_total: 135
  positives_per_gt_mean/min/max: 5.00/5/5
  positives_stride8: 6
  positives_stride16: 66
  positives_stride32: 63
  unmatched_gt_count: 0
  fallback_count: 0
  conflict_count: 0
  dynamic_k_mean/min/max: 5.00/5/5
  nonfinite_cost_count: 0
[DEBUG] SimOTA train batch stats:
  images: 32
  empty_images: 2
  gt_count: 36
  candidate_count_mean/min/max: 146.53/70/486
  positives_total: 180
  positives_per_gt_mean/min/max: 5.00/5/5
  positives_stride8: 14
  positives_stride16: 92
  positives_stride32: 74
  unmatched_gt_count: 0
  fallback_count: 0
  conflict_count: 0
  dynamic_k_mean/min/max: 5.00/5/5
  nonfinite_cost_count: 0
[DEBUG] SimOTA train batch stats:
  images: 32
  empty_images: 5
  gt_count: 35
  candidate_count_mean/min/max: 136.54/50/668
  positives_total: 175
  positives_per_gt_mean/min/max: 5.00/5/5
  positives_stride8: 11
  positives_stride16: 97
  positives_stride32: 67
  unmatched_gt_count: 0
  fallback_count: 0
  conflict_count: 0
  dynamic_k_mean/min/max: 5.00/5/5
  nonfinite_cost_count: 0
[DEBUG] SimOTA val batch stats:
  images: 32
  empty_images: 3
  gt_count: 29
  candidate_count_mean/min/max: 83.52/70/131
  positives_total: 145
  positives_per_gt_mean/min/max: 5.00/5/5
  positives_stride8: 6
  positives_stride16: 85
  positives_stride32: 54
  unmatched_gt_count: 0
  fallback_count: 0
  conflict_count: 0
  dynamic_k_mean/min/max: 5.00/5/5
  nonfinite_cost_count: 0
[INFO] epoch summary | train loss=0.8472 obj=0.0004 box=0.1694 pos=172.27 | val loss=0.9810 map50=0.9067 map5095=0.6908 P=0.9497 R=0.8167 F1=0.8782
[INFO] val extras | mean_iou=0.8903 center_err_px(mean/med/p95)=2.13/1.70/5.13 center_err_norm_diag(mean/med/p95)=0.0027/0.0021/0.0064 fp/img=0.0429 small/med/large recall=0.6824/0.8789/0.8977 counts=233/223/215
[INFO] saved per-epoch checkpoint: /mnt/core/MLonMCU_proj/software/ball_detection/runs/20260522-133921-simota_diou_v2_pruned_30/checkpoints/044_epoch.pt
[INFO] early stopping status: bad_epochs=1/30
[INFO] epoch 45/150 start | lr=0.000802497
[DEBUG] SimOTA train batch stats:
  images: 32
  empty_images: 6
  gt_count: 32
  candidate_count_mean/min/max: 160.53/73/495
  positives_total: 160
  positives_per_gt_mean/min/max: 5.00/5/5
  positives_stride8: 8
  positives_stride16: 89
  positives_stride32: 63
  unmatched_gt_count: 0
  fallback_count: 0
  conflict_count: 0
  dynamic_k_mean/min/max: 5.00/5/5
  nonfinite_cost_count: 0
[DEBUG] SimOTA train batch stats:
  images: 32
  empty_images: 1
  gt_count: 37
  candidate_count_mean/min/max: 199.30/50/652
  positives_total: 182
  positives_per_gt_mean/min/max: 4.92/2/5
  positives_stride8: 8
  positives_stride16: 91
  positives_stride32: 83
  unmatched_gt_count: 0
  fallback_count: 0
  conflict_count: 3
  dynamic_k_mean/min/max: 5.00/5/5
  nonfinite_cost_count: 0
[DEBUG] SimOTA train batch stats:
  images: 32
  empty_images: 6
  gt_count: 28
  candidate_count_mean/min/max: 205.54/75/696
  positives_total: 140
  positives_per_gt_mean/min/max: 5.00/5/5
  positives_stride8: 8
  positives_stride16: 74
  positives_stride32: 58
  unmatched_gt_count: 0
  fallback_count: 0
  conflict_count: 0
  dynamic_k_mean/min/max: 5.00/5/5
  nonfinite_cost_count: 0
[DEBUG] SimOTA train batch stats:
  images: 32
  empty_images: 2
  gt_count: 33
  candidate_count_mean/min/max: 255.94/70/1575
  positives_total: 165
  positives_per_gt_mean/min/max: 5.00/5/5
  positives_stride8: 5
  positives_stride16: 79
  positives_stride32: 81
  unmatched_gt_count: 0
  fallback_count: 0
  conflict_count: 0
  dynamic_k_mean/min/max: 5.00/5/5
  nonfinite_cost_count: 0
[DEBUG] SimOTA train batch stats:
  images: 32
  empty_images: 4
  gt_count: 35
  candidate_count_mean/min/max: 185.66/75/926
  positives_total: 175
  positives_per_gt_mean/min/max: 5.00/5/5
  positives_stride8: 7
  positives_stride16: 98
  positives_stride32: 70
  unmatched_gt_count: 0
  fallback_count: 0
  conflict_count: 0
  dynamic_k_mean/min/max: 5.00/5/5
  nonfinite_cost_count: 0
[DEBUG] SimOTA train batch stats:
  images: 32
  empty_images: 7
  gt_count: 32
  candidate_count_mean/min/max: 209.22/75/831
  positives_total: 160
  positives_per_gt_mean/min/max: 5.00/5/5
  positives_stride8: 1
  positives_stride16: 92
  positives_stride32: 67
  unmatched_gt_count: 0
  fallback_count: 0
  conflict_count: 0
  dynamic_k_mean/min/max: 5.00/5/5
  nonfinite_cost_count: 0
[DEBUG] SimOTA val batch stats:
  images: 32
  empty_images: 3
  gt_count: 29
  candidate_count_mean/min/max: 291.59/62/476
  positives_total: 145
  positives_per_gt_mean/min/max: 5.00/5/5
  positives_stride8: 3
  positives_stride16: 87
  positives_stride32: 55
  unmatched_gt_count: 0
  fallback_count: 0
  conflict_count: 0
  dynamic_k_mean/min/max: 5.00/5/5
  nonfinite_cost_count: 0
[INFO] epoch summary | train loss=0.8285 obj=0.0004 box=0.1656 pos=172.02 | val loss=0.9876 map50=0.9150 map5095=0.7002 P=0.9482 R=0.8182 F1=0.8784
[INFO] val extras | mean_iou=0.8894 center_err_px(mean/med/p95)=2.21/1.73/5.06 center_err_norm_diag(mean/med/p95)=0.0028/0.0022/0.0063 fp/img=0.0444 small/med/large recall=0.6781/0.8879/0.8977 counts=233/223/215
[INFO] saved per-epoch checkpoint: /mnt/core/MLonMCU_proj/software/ball_detection/runs/20260522-133921-simota_diou_v2_pruned_30/checkpoints/045_epoch.pt
[INFO] new best checkpoint at epoch 45: /mnt/core/MLonMCU_proj/software/ball_detection/runs/20260522-133921-simota_diou_v2_pruned_30/checkpoints/best.pt
[INFO] epoch 46/150 start | lr=0.000794099
[DEBUG] SimOTA train batch stats:
  images: 32
  empty_images: 5
  gt_count: 36
  candidate_count_mean/min/max: 180.81/70/597
  positives_total: 180
  positives_per_gt_mean/min/max: 5.00/5/5
  positives_stride8: 17
  positives_stride16: 89
  positives_stride32: 74
  unmatched_gt_count: 0
  fallback_count: 0
  conflict_count: 0
  dynamic_k_mean/min/max: 5.00/5/5
  nonfinite_cost_count: 0
[DEBUG] SimOTA train batch stats:
  images: 32
  empty_images: 3
  gt_count: 36
  candidate_count_mean/min/max: 201.11/60/1077
  positives_total: 178
  positives_per_gt_mean/min/max: 4.94/3/5
  positives_stride8: 14
  positives_stride16: 88
  positives_stride32: 76
  unmatched_gt_count: 0
  fallback_count: 0
  conflict_count: 2
  dynamic_k_mean/min/max: 5.00/5/5
  nonfinite_cost_count: 0
[DEBUG] SimOTA train batch stats:
  images: 32
  empty_images: 6
  gt_count: 31
  candidate_count_mean/min/max: 208.35/75/661
  positives_total: 155
  positives_per_gt_mean/min/max: 5.00/5/5
  positives_stride8: 9
  positives_stride16: 80
  positives_stride32: 66
  unmatched_gt_count: 0
  fallback_count: 0
  conflict_count: 0
  dynamic_k_mean/min/max: 5.00/5/5
  nonfinite_cost_count: 0
[DEBUG] SimOTA train batch stats:
  images: 32
  empty_images: 4
  gt_count: 32
  candidate_count_mean/min/max: 177.69/70/1003
  positives_total: 160
  positives_per_gt_mean/min/max: 5.00/5/5
  positives_stride8: 5
  positives_stride16: 84
  positives_stride32: 71
  unmatched_gt_count: 0
  fallback_count: 0
  conflict_count: 0
  dynamic_k_mean/min/max: 5.00/5/5
  nonfinite_cost_count: 0
[DEBUG] SimOTA train batch stats:
  images: 32
  empty_images: 7
  gt_count: 33
  candidate_count_mean/min/max: 163.03/50/737
  positives_total: 165
  positives_per_gt_mean/min/max: 5.00/5/5
  positives_stride8: 12
  positives_stride16: 87
  positives_stride32: 66
  unmatched_gt_count: 0
  fallback_count: 0
  conflict_count: 0
  dynamic_k_mean/min/max: 5.00/5/5
  nonfinite_cost_count: 0
[DEBUG] SimOTA train batch stats:
  images: 32
  empty_images: 6
  gt_count: 31
  candidate_count_mean/min/max: 183.94/57/476
  positives_total: 155
  positives_per_gt_mean/min/max: 5.00/5/5
  positives_stride8: 8
  positives_stride16: 89
  positives_stride32: 58
  unmatched_gt_count: 0
  fallback_count: 0
  conflict_count: 0
  dynamic_k_mean/min/max: 5.00/5/5
  nonfinite_cost_count: 0
[DEBUG] SimOTA val batch stats:
  images: 32
  empty_images: 4
  gt_count: 28
  candidate_count_mean/min/max: 280.43/75/448
  positives_total: 140
  positives_per_gt_mean/min/max: 5.00/5/5
  positives_stride8: 2
  positives_stride16: 75
  positives_stride32: 63
  unmatched_gt_count: 0
  fallback_count: 0
  conflict_count: 0
  dynamic_k_mean/min/max: 5.00/5/5
  nonfinite_cost_count: 0
[INFO] epoch summary | train loss=0.8348 obj=0.0004 box=0.1669 pos=172.47 | val loss=0.9718 map50=0.9070 map5095=0.6947 P=0.9572 R=0.8003 F1=0.8718
[INFO] val extras | mean_iou=0.8948 center_err_px(mean/med/p95)=2.02/1.67/4.66 center_err_norm_diag(mean/med/p95)=0.0025/0.0021/0.0058 fp/img=0.0355 small/med/large recall=0.6738/0.8834/0.8512 counts=233/223/215
[INFO] saved per-epoch checkpoint: /mnt/core/MLonMCU_proj/software/ball_detection/runs/20260522-133921-simota_diou_v2_pruned_30/checkpoints/046_epoch.pt
[INFO] early stopping status: bad_epochs=1/30
[INFO] epoch 47/150 start | lr=0.000785571
[DEBUG] SimOTA train batch stats:
  images: 32
  empty_images: 3
  gt_count: 34
  candidate_count_mean/min/max: 172.15/75/538
  positives_total: 170
  positives_per_gt_mean/min/max: 5.00/5/5
  positives_stride8: 6
  positives_stride16: 87
  positives_stride32: 77
  unmatched_gt_count: 0
  fallback_count: 0
  conflict_count: 0
  dynamic_k_mean/min/max: 5.00/5/5
  nonfinite_cost_count: 0
[DEBUG] SimOTA train batch stats:
  images: 32
  empty_images: 6
  gt_count: 33
  candidate_count_mean/min/max: 237.76/60/1003
  positives_total: 165
  positives_per_gt_mean/min/max: 5.00/5/5
  positives_stride8: 8
  positives_stride16: 84
  positives_stride32: 73
  unmatched_gt_count: 0
  fallback_count: 0
  conflict_count: 0
  dynamic_k_mean/min/max: 5.00/5/5
  nonfinite_cost_count: 0
[DEBUG] SimOTA train batch stats:
  images: 32
  empty_images: 5
  gt_count: 33
  candidate_count_mean/min/max: 201.52/75/775
  positives_total: 165
  positives_per_gt_mean/min/max: 5.00/5/5
  positives_stride8: 8
  positives_stride16: 82
  positives_stride32: 75
  unmatched_gt_count: 0
  fallback_count: 0
  conflict_count: 0
  dynamic_k_mean/min/max: 5.00/5/5
  nonfinite_cost_count: 0
[DEBUG] SimOTA train batch stats:
  images: 32
  empty_images: 3
  gt_count: 35
  candidate_count_mean/min/max: 144.94/75/449
  positives_total: 173
  positives_per_gt_mean/min/max: 4.94/3/5
  positives_stride8: 9
  positives_stride16: 93
  positives_stride32: 71
  unmatched_gt_count: 0
  fallback_count: 0
  conflict_count: 2
  dynamic_k_mean/min/max: 5.00/5/5
  nonfinite_cost_count: 0
[DEBUG] SimOTA train batch stats:
  images: 32
  empty_images: 3
  gt_count: 40
  candidate_count_mean/min/max: 152.47/45/495
  positives_total: 197
  positives_per_gt_mean/min/max: 4.92/3/5
  positives_stride8: 26
  positives_stride16: 100
  positives_stride32: 71
  unmatched_gt_count: 0
  fallback_count: 0
  conflict_count: 0
  dynamic_k_mean/min/max: 4.92/3/5
  nonfinite_cost_count: 0
[DEBUG] SimOTA train batch stats:
  images: 32
  empty_images: 3
  gt_count: 38
  candidate_count_mean/min/max: 171.16/50/1263
  positives_total: 188
  positives_per_gt_mean/min/max: 4.95/3/5
  positives_stride8: 13
  positives_stride16: 90
  positives_stride32: 85
  unmatched_gt_count: 0
  fallback_count: 0
  conflict_count: 0
  dynamic_k_mean/min/max: 4.95/3/5
  nonfinite_cost_count: 0
[DEBUG] SimOTA val batch stats:
  images: 32
  empty_images: 8
  gt_count: 39
  candidate_count_mean/min/max: 88.92/45/135
  positives_total: 195
  positives_per_gt_mean/min/max: 5.00/5/5
  positives_stride8: 29
  positives_stride16: 98
  positives_stride32: 68
  unmatched_gt_count: 0
  fallback_count: 0
  conflict_count: 0
  dynamic_k_mean/min/max: 5.00/5/5
  nonfinite_cost_count: 0
[INFO] epoch summary | train loss=0.8313 obj=0.0004 box=0.1662 pos=172.39 | val loss=0.9862 map50=0.8987 map5095=0.6795 P=0.9506 R=0.7750 F1=0.8539
[INFO] val extras | mean_iou=0.8906 center_err_px(mean/med/p95)=2.01/1.72/5.03 center_err_norm_diag(mean/med/p95)=0.0025/0.0022/0.0063 fp/img=0.0399 small/med/large recall=0.6652/0.8430/0.8233 counts=233/223/215
[INFO] saved per-epoch checkpoint: /mnt/core/MLonMCU_proj/software/ball_detection/runs/20260522-133921-simota_diou_v2_pruned_30/checkpoints/047_epoch.pt
[INFO] early stopping status: bad_epochs=2/30
[INFO] epoch 48/150 start | lr=0.000776919
[DEBUG] SimOTA train batch stats:
  images: 32
  empty_images: 6
  gt_count: 34
  candidate_count_mean/min/max: 198.06/60/697
  positives_total: 169
  positives_per_gt_mean/min/max: 4.97/4/5
  positives_stride8: 6
  positives_stride16: 92
  positives_stride32: 71
  unmatched_gt_count: 0
  fallback_count: 0
  conflict_count: 1
  dynamic_k_mean/min/max: 5.00/5/5
  nonfinite_cost_count: 0
[DEBUG] SimOTA train batch stats:
  images: 32
  empty_images: 3
  gt_count: 39
  candidate_count_mean/min/max: 158.31/70/697
  positives_total: 183
  positives_per_gt_mean/min/max: 4.69/0/5
  positives_stride8: 9
  positives_stride16: 97
  positives_stride32: 77
  unmatched_gt_count: 2
  fallback_count: 0
  conflict_count: 8
  dynamic_k_mean/min/max: 4.90/3/5
  nonfinite_cost_count: 0
[DEBUG] SimOTA train batch stats:
  images: 32
  empty_images: 5
  gt_count: 34
  candidate_count_mean/min/max: 187.12/70/737
  positives_total: 170
  positives_per_gt_mean/min/max: 5.00/5/5
  positives_stride8: 5
  positives_stride16: 90
  positives_stride32: 75
  unmatched_gt_count: 0
  fallback_count: 0
  conflict_count: 0
  dynamic_k_mean/min/max: 5.00/5/5
  nonfinite_cost_count: 0
[DEBUG] SimOTA train batch stats:
  images: 32
  empty_images: 6
  gt_count: 29
  candidate_count_mean/min/max: 178.31/65/668
  positives_total: 145
  positives_per_gt_mean/min/max: 5.00/5/5
  positives_stride8: 6
  positives_stride16: 75
  positives_stride32: 64
  unmatched_gt_count: 0
  fallback_count: 0
  conflict_count: 0
  dynamic_k_mean/min/max: 5.00/5/5
  nonfinite_cost_count: 0
[DEBUG] SimOTA train batch stats:
  images: 32
  empty_images: 3
  gt_count: 35
  candidate_count_mean/min/max: 145.29/70/611
  positives_total: 175
  positives_per_gt_mean/min/max: 5.00/5/5
  positives_stride8: 9
  positives_stride16: 97
  positives_stride32: 69
  unmatched_gt_count: 0
  fallback_count: 0
  conflict_count: 0
  dynamic_k_mean/min/max: 5.00/5/5
  nonfinite_cost_count: 0
[DEBUG] SimOTA train batch stats:
  images: 32
  empty_images: 4
  gt_count: 37
  candidate_count_mean/min/max: 176.84/65/758
  positives_total: 183
  positives_per_gt_mean/min/max: 4.95/3/5
  positives_stride8: 11
  positives_stride16: 92
  positives_stride32: 80
  unmatched_gt_count: 0
  fallback_count: 0
  conflict_count: 0
  dynamic_k_mean/min/max: 4.95/3/5
  nonfinite_cost_count: 0
[DEBUG] SimOTA val batch stats:
  images: 32
  empty_images: 15
  gt_count: 20
  candidate_count_mean/min/max: 157.40/62/430
  positives_total: 100
  positives_per_gt_mean/min/max: 5.00/5/5
  positives_stride8: 2
  positives_stride16: 57
  positives_stride32: 41
  unmatched_gt_count: 0
  fallback_count: 0
  conflict_count: 0
  dynamic_k_mean/min/max: 5.00/5/5
  nonfinite_cost_count: 0
[INFO] epoch summary | train loss=0.8215 obj=0.0004 box=0.1642 pos=171.68 | val loss=0.9673 map50=0.8990 map5095=0.6847 P=0.9297 R=0.8077 F1=0.8644
[INFO] val extras | mean_iou=0.8919 center_err_px(mean/med/p95)=2.07/1.70/5.10 center_err_norm_diag(mean/med/p95)=0.0026/0.0021/0.0064 fp/img=0.0607 small/med/large recall=0.6996/0.8744/0.8558 counts=233/223/215
[INFO] saved per-epoch checkpoint: /mnt/core/MLonMCU_proj/software/ball_detection/runs/20260522-133921-simota_diou_v2_pruned_30/checkpoints/048_epoch.pt
[INFO] early stopping status: bad_epochs=3/30
[INFO] epoch 49/150 start | lr=0.000768145
[DEBUG] SimOTA train batch stats:
  images: 32
  empty_images: 6
  gt_count: 34
  candidate_count_mean/min/max: 125.12/53/403
  positives_total: 168
  positives_per_gt_mean/min/max: 4.94/3/5
  positives_stride8: 14
  positives_stride16: 94
  positives_stride32: 60
  unmatched_gt_count: 0
  fallback_count: 0
  conflict_count: 0
  dynamic_k_mean/min/max: 4.94/3/5
  nonfinite_cost_count: 0
[DEBUG] SimOTA train batch stats:
  images: 32
  empty_images: 5
  gt_count: 33
  candidate_count_mean/min/max: 164.76/70/510
  positives_total: 158
  positives_per_gt_mean/min/max: 4.79/1/5
  positives_stride8: 10
  positives_stride16: 89
  positives_stride32: 59
  unmatched_gt_count: 0
  fallback_count: 0
  conflict_count: 7
  dynamic_k_mean/min/max: 5.00/5/5
  nonfinite_cost_count: 0
[DEBUG] SimOTA train batch stats:
  images: 32
  empty_images: 4
  gt_count: 32
  candidate_count_mean/min/max: 237.19/60/1018
  positives_total: 160
  positives_per_gt_mean/min/max: 5.00/5/5
  positives_stride8: 8
  positives_stride16: 79
  positives_stride32: 73
  unmatched_gt_count: 0
  fallback_count: 0
  conflict_count: 0
  dynamic_k_mean/min/max: 5.00/5/5
  nonfinite_cost_count: 0
[DEBUG] SimOTA train batch stats:
  images: 32
  empty_images: 3
  gt_count: 34
  candidate_count_mean/min/max: 205.21/75/533
  positives_total: 170
  positives_per_gt_mean/min/max: 5.00/5/5
  positives_stride8: 4
  positives_stride16: 100
  positives_stride32: 66
  unmatched_gt_count: 0
  fallback_count: 0
  conflict_count: 0
  dynamic_k_mean/min/max: 5.00/5/5
  nonfinite_cost_count: 0
[DEBUG] SimOTA train batch stats:
  images: 32
  empty_images: 5
  gt_count: 34
  candidate_count_mean/min/max: 141.97/50/386
  positives_total: 170
  positives_per_gt_mean/min/max: 5.00/5/5
  positives_stride8: 8
  positives_stride16: 88
  positives_stride32: 74
  unmatched_gt_count: 0
  fallback_count: 0
  conflict_count: 0
  dynamic_k_mean/min/max: 5.00/5/5
  nonfinite_cost_count: 0
[DEBUG] SimOTA train batch stats:
  images: 32
  empty_images: 3
  gt_count: 35
  candidate_count_mean/min/max: 196.66/70/485
  positives_total: 175
  positives_per_gt_mean/min/max: 5.00/5/5
  positives_stride8: 6
  positives_stride16: 91
  positives_stride32: 78
  unmatched_gt_count: 0
  fallback_count: 0
  conflict_count: 0
  dynamic_k_mean/min/max: 5.00/5/5
  nonfinite_cost_count: 0
[DEBUG] SimOTA val batch stats:
  images: 32
  empty_images: 0
  gt_count: 33
  candidate_count_mean/min/max: 306.42/80/433
  positives_total: 160
  positives_per_gt_mean/min/max: 4.85/0/5
  positives_stride8: 2
  positives_stride16: 72
  positives_stride32: 86
  unmatched_gt_count: 1
  fallback_count: 0
  conflict_count: 5
  dynamic_k_mean/min/max: 5.00/5/5
  nonfinite_cost_count: 0
[INFO] epoch summary | train loss=0.8088 obj=0.0004 box=0.1617 pos=171.97 | val loss=0.9519 map50=0.9046 map5095=0.6904 P=0.9310 R=0.8241 F1=0.8743
[INFO] val extras | mean_iou=0.8893 center_err_px(mean/med/p95)=2.12/1.69/5.22 center_err_norm_diag(mean/med/p95)=0.0026/0.0021/0.0065 fp/img=0.0607 small/med/large recall=0.7167/0.8924/0.8698 counts=233/223/215
[INFO] saved per-epoch checkpoint: /mnt/core/MLonMCU_proj/software/ball_detection/runs/20260522-133921-simota_diou_v2_pruned_30/checkpoints/049_epoch.pt
[INFO] early stopping status: bad_epochs=4/30
[INFO] epoch 50/150 start | lr=0.000759254
[DEBUG] SimOTA train batch stats:
  images: 32
  empty_images: 8
  gt_count: 30
  candidate_count_mean/min/max: 146.33/70/576
  positives_total: 150
  positives_per_gt_mean/min/max: 5.00/5/5
  positives_stride8: 13
  positives_stride16: 85
  positives_stride32: 52
  unmatched_gt_count: 0
  fallback_count: 0
  conflict_count: 0
  dynamic_k_mean/min/max: 5.00/5/5
  nonfinite_cost_count: 0
[DEBUG] SimOTA train batch stats:
  images: 32
  empty_images: 4
  gt_count: 31
  candidate_count_mean/min/max: 175.90/56/455
  positives_total: 155
  positives_per_gt_mean/min/max: 5.00/5/5
  positives_stride8: 11
  positives_stride16: 82
  positives_stride32: 62
  unmatched_gt_count: 0
  fallback_count: 0
  conflict_count: 0
  dynamic_k_mean/min/max: 5.00/5/5
  nonfinite_cost_count: 0
[DEBUG] SimOTA train batch stats:
  images: 32
  empty_images: 4
  gt_count: 33
  candidate_count_mean/min/max: 227.33/70/830
  positives_total: 165
  positives_per_gt_mean/min/max: 5.00/5/5
  positives_stride8: 10
  positives_stride16: 79
  positives_stride32: 76
  unmatched_gt_count: 0
  fallback_count: 0
  conflict_count: 0
  dynamic_k_mean/min/max: 5.00/5/5
  nonfinite_cost_count: 0
[DEBUG] SimOTA train batch stats:
  images: 32
  empty_images: 2
  gt_count: 34
  candidate_count_mean/min/max: 177.06/70/521
  positives_total: 170
  positives_per_gt_mean/min/max: 5.00/5/5
  positives_stride8: 10
  positives_stride16: 87
  positives_stride32: 73
  unmatched_gt_count: 0
  fallback_count: 0
  conflict_count: 0
  dynamic_k_mean/min/max: 5.00/5/5
  nonfinite_cost_count: 0
[DEBUG] SimOTA train batch stats:
  images: 32
  empty_images: 2
  gt_count: 41
  candidate_count_mean/min/max: 147.15/50/505
  positives_total: 205
  positives_per_gt_mean/min/max: 5.00/5/5
  positives_stride8: 17
  positives_stride16: 113
  positives_stride32: 75
  unmatched_gt_count: 0
  fallback_count: 0
  conflict_count: 0
  dynamic_k_mean/min/max: 5.00/5/5
  nonfinite_cost_count: 0
[DEBUG] SimOTA train batch stats:
  images: 32
  empty_images: 5
  gt_count: 33
  candidate_count_mean/min/max: 178.09/60/576
  positives_total: 165
  positives_per_gt_mean/min/max: 5.00/5/5
  positives_stride8: 11
  positives_stride16: 87
  positives_stride32: 67
  unmatched_gt_count: 0
  fallback_count: 0
  conflict_count: 0
  dynamic_k_mean/min/max: 5.00/5/5
  nonfinite_cost_count: 0
[DEBUG] SimOTA val batch stats:
  images: 32
  empty_images: 13
  gt_count: 19
  candidate_count_mean/min/max: 79.00/60/109
  positives_total: 91
  positives_per_gt_mean/min/max: 4.79/3/5
  positives_stride8: 18
  positives_stride16: 42
  positives_stride32: 31
  unmatched_gt_count: 0
  fallback_count: 0
  conflict_count: 0
  dynamic_k_mean/min/max: 4.79/3/5
  nonfinite_cost_count: 0
[INFO] epoch summary | train loss=0.8108 obj=0.0004 box=0.1621 pos=172.39 | val loss=0.9835 map50=0.9099 map5095=0.7000 P=0.9445 R=0.8122 F1=0.8734
[INFO] val extras | mean_iou=0.8909 center_err_px(mean/med/p95)=2.14/1.68/5.16 center_err_norm_diag(mean/med/p95)=0.0027/0.0021/0.0064 fp/img=0.0473 small/med/large recall=0.6781/0.8924/0.8744 counts=233/223/215
[INFO] saved per-epoch checkpoint: /mnt/core/MLonMCU_proj/software/ball_detection/runs/20260522-133921-simota_diou_v2_pruned_30/checkpoints/050_epoch.pt
[INFO] early stopping status: bad_epochs=5/30
[INFO] epoch 51/150 start | lr=0.00075025
[DEBUG] SimOTA train batch stats:
  images: 32
  empty_images: 6
  gt_count: 36
  candidate_count_mean/min/max: 153.58/70/665
  positives_total: 180
  positives_per_gt_mean/min/max: 5.00/5/5
  positives_stride8: 9
  positives_stride16: 101
  positives_stride32: 70
  unmatched_gt_count: 0
  fallback_count: 0
  conflict_count: 0
  dynamic_k_mean/min/max: 5.00/5/5
  nonfinite_cost_count: 0
[DEBUG] SimOTA train batch stats:
  images: 32
  empty_images: 5
  gt_count: 36
  candidate_count_mean/min/max: 212.06/45/941
  positives_total: 180
  positives_per_gt_mean/min/max: 5.00/5/5
  positives_stride8: 14
  positives_stride16: 92
  positives_stride32: 74
  unmatched_gt_count: 0
  fallback_count: 0
  conflict_count: 0
  dynamic_k_mean/min/max: 5.00/5/5
  nonfinite_cost_count: 0
[DEBUG] SimOTA train batch stats:
  images: 32
  empty_images: 6
  gt_count: 30
  candidate_count_mean/min/max: 166.03/56/560
  positives_total: 150
  positives_per_gt_mean/min/max: 5.00/5/5
  positives_stride8: 15
  positives_stride16: 69
  positives_stride32: 66
  unmatched_gt_count: 0
  fallback_count: 0
  conflict_count: 0
  dynamic_k_mean/min/max: 5.00/5/5
  nonfinite_cost_count: 0
[DEBUG] SimOTA train batch stats:
  images: 32
  empty_images: 6
  gt_count: 33
  candidate_count_mean/min/max: 221.30/70/1261
  positives_total: 165
  positives_per_gt_mean/min/max: 5.00/5/5
  positives_stride8: 9
  positives_stride16: 84
  positives_stride32: 72
  unmatched_gt_count: 0
  fallback_count: 0
  conflict_count: 0
  dynamic_k_mean/min/max: 5.00/5/5
  nonfinite_cost_count: 0
[DEBUG] SimOTA train batch stats:
  images: 32
  empty_images: 5
  gt_count: 32
  candidate_count_mean/min/max: 147.25/70/614
  positives_total: 160
  positives_per_gt_mean/min/max: 5.00/5/5
  positives_stride8: 12
  positives_stride16: 80
  positives_stride32: 68
  unmatched_gt_count: 0
  fallback_count: 0
  conflict_count: 0
  dynamic_k_mean/min/max: 5.00/5/5
  nonfinite_cost_count: 0
[DEBUG] SimOTA train batch stats:
  images: 32
  empty_images: 3
  gt_count: 37
  candidate_count_mean/min/max: 196.86/65/831
  positives_total: 185
  positives_per_gt_mean/min/max: 5.00/5/5
  positives_stride8: 12
  positives_stride16: 100
  positives_stride32: 73
  unmatched_gt_count: 0
  fallback_count: 0
  conflict_count: 0
  dynamic_k_mean/min/max: 5.00/5/5
  nonfinite_cost_count: 0
[DEBUG] SimOTA val batch stats:
  images: 32
  empty_images: 6
  gt_count: 26
  candidate_count_mean/min/max: 85.81/70/211
  positives_total: 130
  positives_per_gt_mean/min/max: 5.00/5/5
  positives_stride8: 30
  positives_stride16: 56
  positives_stride32: 44
  unmatched_gt_count: 0
  fallback_count: 0
  conflict_count: 0
  dynamic_k_mean/min/max: 5.00/5/5
  nonfinite_cost_count: 0
[INFO] epoch summary | train loss=0.7949 obj=0.0004 box=0.1589 pos=172.65 | val loss=0.9825 map50=0.9087 map5095=0.7025 P=0.9334 R=0.8152 F1=0.8703
[INFO] val extras | mean_iou=0.8937 center_err_px(mean/med/p95)=2.09/1.78/5.01 center_err_norm_diag(mean/med/p95)=0.0026/0.0022/0.0063 fp/img=0.0577 small/med/large recall=0.6695/0.8924/0.8930 counts=233/223/215
[INFO] saved per-epoch checkpoint: /mnt/core/MLonMCU_proj/software/ball_detection/runs/20260522-133921-simota_diou_v2_pruned_30/checkpoints/051_epoch.pt
[INFO] new best checkpoint at epoch 51: /mnt/core/MLonMCU_proj/software/ball_detection/runs/20260522-133921-simota_diou_v2_pruned_30/checkpoints/best.pt
[INFO] epoch 52/150 start | lr=0.000741136
[DEBUG] SimOTA train batch stats:
  images: 32
  empty_images: 5
  gt_count: 35
  candidate_count_mean/min/max: 196.51/70/430
  positives_total: 170
  positives_per_gt_mean/min/max: 4.86/0/5
  positives_stride8: 7
  positives_stride16: 90
  positives_stride32: 73
  unmatched_gt_count: 1
  fallback_count: 0
  conflict_count: 5
  dynamic_k_mean/min/max: 5.00/5/5
  nonfinite_cost_count: 0
[DEBUG] SimOTA train batch stats:
  images: 32
  empty_images: 4
  gt_count: 34
  candidate_count_mean/min/max: 235.50/75/686
  positives_total: 165
  positives_per_gt_mean/min/max: 4.85/0/5
  positives_stride8: 7
  positives_stride16: 82
  positives_stride32: 76
  unmatched_gt_count: 1
  fallback_count: 0
  conflict_count: 5
  dynamic_k_mean/min/max: 5.00/5/5
  nonfinite_cost_count: 0
[DEBUG] SimOTA train batch stats:
  images: 32
  empty_images: 6
  gt_count: 34
  candidate_count_mean/min/max: 146.59/70/455
  positives_total: 170
  positives_per_gt_mean/min/max: 5.00/5/5
  positives_stride8: 13
  positives_stride16: 86
  positives_stride32: 71
  unmatched_gt_count: 0
  fallback_count: 0
  conflict_count: 0
  dynamic_k_mean/min/max: 5.00/5/5
  nonfinite_cost_count: 0
[DEBUG] SimOTA train batch stats:
  images: 32
  empty_images: 4
  gt_count: 31
  candidate_count_mean/min/max: 182.29/53/751
  positives_total: 155
  positives_per_gt_mean/min/max: 5.00/5/5
  positives_stride8: 13
  positives_stride16: 74
  positives_stride32: 68
  unmatched_gt_count: 0
  fallback_count: 0
  conflict_count: 0
  dynamic_k_mean/min/max: 5.00/5/5
  nonfinite_cost_count: 0
[DEBUG] SimOTA train batch stats:
  images: 32
  empty_images: 4
  gt_count: 31
  candidate_count_mean/min/max: 182.00/70/808
  positives_total: 155
  positives_per_gt_mean/min/max: 5.00/5/5
  positives_stride8: 6
  positives_stride16: 83
  positives_stride32: 66
  unmatched_gt_count: 0
  fallback_count: 0
  conflict_count: 0
  dynamic_k_mean/min/max: 5.00/5/5
  nonfinite_cost_count: 0
[DEBUG] SimOTA train batch stats:
  images: 32
  empty_images: 1
  gt_count: 37
  candidate_count_mean/min/max: 190.76/50/560
  positives_total: 185
  positives_per_gt_mean/min/max: 5.00/5/5
  positives_stride8: 11
  positives_stride16: 95
  positives_stride32: 79
  unmatched_gt_count: 0
  fallback_count: 0
  conflict_count: 0
  dynamic_k_mean/min/max: 5.00/5/5
  nonfinite_cost_count: 0
[DEBUG] SimOTA val batch stats:
  images: 32
  empty_images: 5
  gt_count: 27
  candidate_count_mean/min/max: 201.30/70/467
  positives_total: 135
  positives_per_gt_mean/min/max: 5.00/5/5
  positives_stride8: 14
  positives_stride16: 77
  positives_stride32: 44
  unmatched_gt_count: 0
  fallback_count: 0
  conflict_count: 0
  dynamic_k_mean/min/max: 5.00/5/5
  nonfinite_cost_count: 0
[INFO] epoch summary | train loss=0.7892 obj=0.0004 box=0.1578 pos=173.02 | val loss=0.9701 map50=0.9132 map5095=0.7038 P=0.9477 R=0.8107 F1=0.8739
[INFO] val extras | mean_iou=0.8941 center_err_px(mean/med/p95)=2.06/1.72/4.86 center_err_norm_diag(mean/med/p95)=0.0026/0.0021/0.0061 fp/img=0.0444 small/med/large recall=0.6695/0.8789/0.8930 counts=233/223/215
[INFO] saved per-epoch checkpoint: /mnt/core/MLonMCU_proj/software/ball_detection/runs/20260522-133921-simota_diou_v2_pruned_30/checkpoints/052_epoch.pt
[INFO] new best checkpoint at epoch 52: /mnt/core/MLonMCU_proj/software/ball_detection/runs/20260522-133921-simota_diou_v2_pruned_30/checkpoints/best.pt
[INFO] epoch 53/150 start | lr=0.000731916
[DEBUG] SimOTA train batch stats:
  images: 32
  empty_images: 7
  gt_count: 32
  candidate_count_mean/min/max: 152.41/75/538
  positives_total: 160
  positives_per_gt_mean/min/max: 5.00/5/5
  positives_stride8: 9
  positives_stride16: 88
  positives_stride32: 63
  unmatched_gt_count: 0
  fallback_count: 0
  conflict_count: 0
  dynamic_k_mean/min/max: 5.00/5/5
  nonfinite_cost_count: 0
[DEBUG] SimOTA train batch stats:
  images: 32
  empty_images: 6
  gt_count: 36
  candidate_count_mean/min/max: 212.72/75/980
  positives_total: 180
  positives_per_gt_mean/min/max: 5.00/5/5
  positives_stride8: 7
  positives_stride16: 92
  positives_stride32: 81
  unmatched_gt_count: 0
  fallback_count: 0
  conflict_count: 0
  dynamic_k_mean/min/max: 5.00/5/5
  nonfinite_cost_count: 0
[DEBUG] SimOTA train batch stats:
  images: 32
  empty_images: 6
  gt_count: 33
  candidate_count_mean/min/max: 196.30/75/926
  positives_total: 159
  positives_per_gt_mean/min/max: 4.82/2/5
  positives_stride8: 14
  positives_stride16: 85
  positives_stride32: 60
  unmatched_gt_count: 0
  fallback_count: 0
  conflict_count: 5
  dynamic_k_mean/min/max: 4.97/4/5
  nonfinite_cost_count: 0
[DEBUG] SimOTA train batch stats:
  images: 32
  empty_images: 4
  gt_count: 36
  candidate_count_mean/min/max: 189.89/70/1575
  positives_total: 175
  positives_per_gt_mean/min/max: 4.86/0/5
  positives_stride8: 13
  positives_stride16: 85
  positives_stride32: 77
  unmatched_gt_count: 1
  fallback_count: 0
  conflict_count: 5
  dynamic_k_mean/min/max: 5.00/5/5
  nonfinite_cost_count: 0
[DEBUG] SimOTA train batch stats:
  images: 32
  empty_images: 4
  gt_count: 30
  candidate_count_mean/min/max: 192.90/75/560
  positives_total: 150
  positives_per_gt_mean/min/max: 5.00/5/5
  positives_stride8: 7
  positives_stride16: 79
  positives_stride32: 64
  unmatched_gt_count: 0
  fallback_count: 0
  conflict_count: 0
  dynamic_k_mean/min/max: 5.00/5/5
  nonfinite_cost_count: 0
[DEBUG] SimOTA train batch stats:
  images: 32
  empty_images: 5
  gt_count: 32
  candidate_count_mean/min/max: 183.09/70/668
  positives_total: 160
  positives_per_gt_mean/min/max: 5.00/5/5
  positives_stride8: 13
  positives_stride16: 83
  positives_stride32: 64
  unmatched_gt_count: 0
  fallback_count: 0
  conflict_count: 0
  dynamic_k_mean/min/max: 5.00/5/5
  nonfinite_cost_count: 0
[DEBUG] SimOTA val batch stats:
  images: 32
  empty_images: 4
  gt_count: 32
  candidate_count_mean/min/max: 91.31/57/301
  positives_total: 158
  positives_per_gt_mean/min/max: 4.94/4/5
  positives_stride8: 31
  positives_stride16: 82
  positives_stride32: 45
  unmatched_gt_count: 0
  fallback_count: 0
  conflict_count: 0
  dynamic_k_mean/min/max: 4.94/4/5
  nonfinite_cost_count: 0
[INFO] epoch summary | train loss=0.7853 obj=0.0004 box=0.1570 pos=172.36 | val loss=0.9504 map50=0.9132 map5095=0.7050 P=0.9365 R=0.8346 F1=0.8826
[INFO] val extras | mean_iou=0.8923 center_err_px(mean/med/p95)=2.17/1.75/5.34 center_err_norm_diag(mean/med/p95)=0.0027/0.0022/0.0067 fp/img=0.0562 small/med/large recall=0.7039/0.8879/0.9209 counts=233/223/215
[INFO] saved per-epoch checkpoint: /mnt/core/MLonMCU_proj/software/ball_detection/runs/20260522-133921-simota_diou_v2_pruned_30/checkpoints/053_epoch.pt
[INFO] new best checkpoint at epoch 53: /mnt/core/MLonMCU_proj/software/ball_detection/runs/20260522-133921-simota_diou_v2_pruned_30/checkpoints/best.pt
[INFO] epoch 54/150 start | lr=0.000722595
[DEBUG] SimOTA train batch stats:
  images: 32
  empty_images: 5
  gt_count: 36
  candidate_count_mean/min/max: 152.42/70/772
  positives_total: 179
  positives_per_gt_mean/min/max: 4.97/4/5
  positives_stride8: 12
  positives_stride16: 90
  positives_stride32: 77
  unmatched_gt_count: 0
  fallback_count: 0
  conflict_count: 0
  dynamic_k_mean/min/max: 4.97/4/5
  nonfinite_cost_count: 0
[DEBUG] SimOTA train batch stats:
  images: 32
  empty_images: 3
  gt_count: 36
  candidate_count_mean/min/max: 191.06/56/1580
  positives_total: 180
  positives_per_gt_mean/min/max: 5.00/5/5
  positives_stride8: 19
  positives_stride16: 91
  positives_stride32: 70
  unmatched_gt_count: 0
  fallback_count: 0
  conflict_count: 0
  dynamic_k_mean/min/max: 5.00/5/5
  nonfinite_cost_count: 0
[DEBUG] SimOTA train batch stats:
  images: 32
  empty_images: 4
  gt_count: 39
  candidate_count_mean/min/max: 182.36/60/736
  positives_total: 195
  positives_per_gt_mean/min/max: 5.00/5/5
  positives_stride8: 6
  positives_stride16: 116
  positives_stride32: 73
  unmatched_gt_count: 0
  fallback_count: 0
  conflict_count: 0
  dynamic_k_mean/min/max: 5.00/5/5
  nonfinite_cost_count: 0
[DEBUG] SimOTA train batch stats:
  images: 32
  empty_images: 6
  gt_count: 31
  candidate_count_mean/min/max: 186.74/70/999
  positives_total: 155
  positives_per_gt_mean/min/max: 5.00/5/5
  positives_stride8: 16
  positives_stride16: 69
  positives_stride32: 70
  unmatched_gt_count: 0
  fallback_count: 0
  conflict_count: 0
  dynamic_k_mean/min/max: 5.00/5/5
  nonfinite_cost_count: 0
[DEBUG] SimOTA train batch stats:
  images: 32
  empty_images: 7
  gt_count: 30
  candidate_count_mean/min/max: 212.30/57/614
  positives_total: 150
  positives_per_gt_mean/min/max: 5.00/5/5
  positives_stride8: 3
  positives_stride16: 85
  positives_stride32: 62
  unmatched_gt_count: 0
  fallback_count: 0
  conflict_count: 0
  dynamic_k_mean/min/max: 5.00/5/5
  nonfinite_cost_count: 0
[DEBUG] SimOTA train batch stats:
  images: 32
  empty_images: 4
  gt_count: 35
  candidate_count_mean/min/max: 159.71/65/412
  positives_total: 175
  positives_per_gt_mean/min/max: 5.00/5/5
  positives_stride8: 4
  positives_stride16: 106
  positives_stride32: 65
  unmatched_gt_count: 0
  fallback_count: 0
  conflict_count: 0
  dynamic_k_mean/min/max: 5.00/5/5
  nonfinite_cost_count: 0
[DEBUG] SimOTA val batch stats:
  images: 32
  empty_images: 4
  gt_count: 36
  candidate_count_mean/min/max: 208.00/70/855
  positives_total: 176
  positives_per_gt_mean/min/max: 4.89/3/5
  positives_stride8: 17
  positives_stride16: 88
  positives_stride32: 71
  unmatched_gt_count: 0
  fallback_count: 0
  conflict_count: 0
  dynamic_k_mean/min/max: 4.89/3/5
  nonfinite_cost_count: 0
[INFO] epoch summary | train loss=0.7802 obj=0.0004 box=0.1560 pos=172.02 | val loss=0.9675 map50=0.9069 map5095=0.6985 P=0.9397 R=0.8122 F1=0.8713
[INFO] val extras | mean_iou=0.8926 center_err_px(mean/med/p95)=2.14/1.81/5.23 center_err_norm_diag(mean/med/p95)=0.0027/0.0023/0.0065 fp/img=0.0518 small/med/large recall=0.6781/0.8834/0.8837 counts=233/223/215
[INFO] saved per-epoch checkpoint: /mnt/core/MLonMCU_proj/software/ball_detection/runs/20260522-133921-simota_diou_v2_pruned_30/checkpoints/054_epoch.pt
[INFO] early stopping status: bad_epochs=1/30
[INFO] epoch 55/150 start | lr=0.000713177
[DEBUG] SimOTA train batch stats:
  images: 32
  empty_images: 3
  gt_count: 34
  candidate_count_mean/min/max: 218.56/75/733
  positives_total: 170
  positives_per_gt_mean/min/max: 5.00/5/5
  positives_stride8: 8
  positives_stride16: 94
  positives_stride32: 68
  unmatched_gt_count: 0
  fallback_count: 0
  conflict_count: 0
  dynamic_k_mean/min/max: 5.00/5/5
  nonfinite_cost_count: 0
[DEBUG] SimOTA train batch stats:
  images: 32
  empty_images: 4
  gt_count: 35
  candidate_count_mean/min/max: 154.69/75/535
  positives_total: 175
  positives_per_gt_mean/min/max: 5.00/5/5
  positives_stride8: 13
  positives_stride16: 94
  positives_stride32: 68
  unmatched_gt_count: 0
  fallback_count: 0
  conflict_count: 0
  dynamic_k_mean/min/max: 5.00/5/5
  nonfinite_cost_count: 0
[DEBUG] SimOTA train batch stats:
  images: 32
  empty_images: 7
  gt_count: 34
  candidate_count_mean/min/max: 186.18/70/1018
  positives_total: 170
  positives_per_gt_mean/min/max: 5.00/5/5
  positives_stride8: 14
  positives_stride16: 78
  positives_stride32: 78
  unmatched_gt_count: 0
  fallback_count: 0
  conflict_count: 0
  dynamic_k_mean/min/max: 5.00/5/5
  nonfinite_cost_count: 0
[DEBUG] SimOTA train batch stats:
  images: 32
  empty_images: 3
  gt_count: 35
  candidate_count_mean/min/max: 209.40/75/737
  positives_total: 173
  positives_per_gt_mean/min/max: 4.94/3/5
  positives_stride8: 8
  positives_stride16: 91
  positives_stride32: 74
  unmatched_gt_count: 0
  fallback_count: 0
  conflict_count: 2
  dynamic_k_mean/min/max: 5.00/5/5
  nonfinite_cost_count: 0
[DEBUG] SimOTA train batch stats:
  images: 32
  empty_images: 5
  gt_count: 33
  candidate_count_mean/min/max: 199.24/60/792
  positives_total: 165
  positives_per_gt_mean/min/max: 5.00/5/5
  positives_stride8: 9
  positives_stride16: 92
  positives_stride32: 64
  unmatched_gt_count: 0
  fallback_count: 0
  conflict_count: 0
  dynamic_k_mean/min/max: 5.00/5/5
  nonfinite_cost_count: 0
[DEBUG] SimOTA train batch stats:
  images: 32
  empty_images: 6
  gt_count: 33
  candidate_count_mean/min/max: 214.06/53/792
  positives_total: 165
  positives_per_gt_mean/min/max: 5.00/5/5
  positives_stride8: 10
  positives_stride16: 88
  positives_stride32: 67
  unmatched_gt_count: 0
  fallback_count: 0
  conflict_count: 0
  dynamic_k_mean/min/max: 5.00/5/5
  nonfinite_cost_count: 0
[DEBUG] SimOTA val batch stats:
  images: 32
  empty_images: 2
  gt_count: 40
  candidate_count_mean/min/max: 168.12/56/693
  positives_total: 194
  positives_per_gt_mean/min/max: 4.85/0/5
  positives_stride8: 2
  positives_stride16: 113
  positives_stride32: 79
  unmatched_gt_count: 1
  fallback_count: 0
  conflict_count: 3
  dynamic_k_mean/min/max: 4.92/3/5
  nonfinite_cost_count: 0
[INFO] epoch summary | train loss=0.7839 obj=0.0004 box=0.1567 pos=172.12 | val loss=0.9720 map50=0.9058 map5095=0.6991 P=0.9537 R=0.7973 F1=0.8685
[INFO] val extras | mean_iou=0.8937 center_err_px(mean/med/p95)=2.02/1.65/5.04 center_err_norm_diag(mean/med/p95)=0.0025/0.0021/0.0063 fp/img=0.0385 small/med/large recall=0.6695/0.8700/0.8605 counts=233/223/215
[INFO] saved per-epoch checkpoint: /mnt/core/MLonMCU_proj/software/ball_detection/runs/20260522-133921-simota_diou_v2_pruned_30/checkpoints/055_epoch.pt
[INFO] early stopping status: bad_epochs=2/30
[INFO] epoch 56/150 start | lr=0.000703665
[DEBUG] SimOTA train batch stats:
  images: 32
  empty_images: 4
  gt_count: 35
  candidate_count_mean/min/max: 178.49/75/608
  positives_total: 175
  positives_per_gt_mean/min/max: 5.00/5/5
  positives_stride8: 11
  positives_stride16: 91
  positives_stride32: 73
  unmatched_gt_count: 0
  fallback_count: 0
  conflict_count: 0
  dynamic_k_mean/min/max: 5.00/5/5
  nonfinite_cost_count: 0
[DEBUG] SimOTA train batch stats:
  images: 32
  empty_images: 4
  gt_count: 39
  candidate_count_mean/min/max: 139.10/50/609
  positives_total: 186
  positives_per_gt_mean/min/max: 4.77/2/5
  positives_stride8: 21
  positives_stride16: 94
  positives_stride32: 71
  unmatched_gt_count: 0
  fallback_count: 0
  conflict_count: 7
  dynamic_k_mean/min/max: 4.95/4/5
  nonfinite_cost_count: 0
[DEBUG] SimOTA train batch stats:
  images: 32
  empty_images: 4
  gt_count: 40
  candidate_count_mean/min/max: 206.90/50/743
  positives_total: 185
  positives_per_gt_mean/min/max: 4.62/1/5
  positives_stride8: 17
  positives_stride16: 86
  positives_stride32: 82
  unmatched_gt_count: 0
  fallback_count: 0
  conflict_count: 15
  dynamic_k_mean/min/max: 5.00/5/5
  nonfinite_cost_count: 0
[DEBUG] SimOTA train batch stats:
  images: 32
  empty_images: 4
  gt_count: 33
  candidate_count_mean/min/max: 192.27/70/455
  positives_total: 165
  positives_per_gt_mean/min/max: 5.00/5/5
  positives_stride8: 7
  positives_stride16: 89
  positives_stride32: 69
  unmatched_gt_count: 0
  fallback_count: 0
  conflict_count: 0
  dynamic_k_mean/min/max: 5.00/5/5
  nonfinite_cost_count: 0
[DEBUG] SimOTA train batch stats:
  images: 32
  empty_images: 4
  gt_count: 36
  candidate_count_mean/min/max: 173.81/60/618
  positives_total: 179
  positives_per_gt_mean/min/max: 4.97/4/5
  positives_stride8: 10
  positives_stride16: 95
  positives_stride32: 74
  unmatched_gt_count: 0
  fallback_count: 0
  conflict_count: 0
  dynamic_k_mean/min/max: 4.97/4/5
  nonfinite_cost_count: 0
[DEBUG] SimOTA train batch stats:
  images: 32
  empty_images: 2
  gt_count: 36
  candidate_count_mean/min/max: 178.92/75/680
  positives_total: 180
  positives_per_gt_mean/min/max: 5.00/5/5
  positives_stride8: 11
  positives_stride16: 88
  positives_stride32: 81
  unmatched_gt_count: 0
  fallback_count: 0
  conflict_count: 0
  dynamic_k_mean/min/max: 5.00/5/5
  nonfinite_cost_count: 0
[DEBUG] SimOTA val batch stats:
  images: 32
  empty_images: 4
  gt_count: 34
  candidate_count_mean/min/max: 194.94/62/780
  positives_total: 167
  positives_per_gt_mean/min/max: 4.91/3/5
  positives_stride8: 11
  positives_stride16: 87
  positives_stride32: 69
  unmatched_gt_count: 0
  fallback_count: 0
  conflict_count: 0
  dynamic_k_mean/min/max: 4.91/3/5
  nonfinite_cost_count: 0
[INFO] epoch summary | train loss=0.7711 obj=0.0004 box=0.1541 pos=172.30 | val loss=0.9829 map50=0.9101 map5095=0.6965 P=0.9483 R=0.8197 F1=0.8793
[INFO] val extras | mean_iou=0.8910 center_err_px(mean/med/p95)=2.07/1.74/5.07 center_err_norm_diag(mean/med/p95)=0.0026/0.0022/0.0063 fp/img=0.0444 small/med/large recall=0.6996/0.8834/0.8837 counts=233/223/215
[INFO] saved per-epoch checkpoint: /mnt/core/MLonMCU_proj/software/ball_detection/runs/20260522-133921-simota_diou_v2_pruned_30/checkpoints/056_epoch.pt
[INFO] early stopping status: bad_epochs=3/30
[INFO] epoch 57/150 start | lr=0.000694064
[DEBUG] SimOTA train batch stats:
  images: 32
  empty_images: 3
  gt_count: 35
  candidate_count_mean/min/max: 232.06/75/928
  positives_total: 175
  positives_per_gt_mean/min/max: 5.00/5/5
  positives_stride8: 8
  positives_stride16: 87
  positives_stride32: 80
  unmatched_gt_count: 0
  fallback_count: 0
  conflict_count: 0
  dynamic_k_mean/min/max: 5.00/5/5
  nonfinite_cost_count: 0
[DEBUG] SimOTA train batch stats:
  images: 32
  empty_images: 4
  gt_count: 36
  candidate_count_mean/min/max: 233.11/75/1575
  positives_total: 180
  positives_per_gt_mean/min/max: 5.00/5/5
  positives_stride8: 13
  positives_stride16: 93
  positives_stride32: 74
  unmatched_gt_count: 0
  fallback_count: 0
  conflict_count: 0
  dynamic_k_mean/min/max: 5.00/5/5
  nonfinite_cost_count: 0
[DEBUG] SimOTA train batch stats:
  images: 32
  empty_images: 4
  gt_count: 33
  candidate_count_mean/min/max: 180.94/50/733
  positives_total: 165
  positives_per_gt_mean/min/max: 5.00/5/5
  positives_stride8: 14
  positives_stride16: 82
  positives_stride32: 69
  unmatched_gt_count: 0
  fallback_count: 0
  conflict_count: 0
  dynamic_k_mean/min/max: 5.00/5/5
  nonfinite_cost_count: 0
[DEBUG] SimOTA train batch stats:
  images: 32
  empty_images: 3
  gt_count: 39
  candidate_count_mean/min/max: 170.00/70/822
  positives_total: 195
  positives_per_gt_mean/min/max: 5.00/5/5
  positives_stride8: 17
  positives_stride16: 101
  positives_stride32: 77
  unmatched_gt_count: 0
  fallback_count: 0
  conflict_count: 0
  dynamic_k_mean/min/max: 5.00/5/5
  nonfinite_cost_count: 0
[DEBUG] SimOTA train batch stats:
  images: 32
  empty_images: 9
  gt_count: 24
  candidate_count_mean/min/max: 235.17/75/830
  positives_total: 120
  positives_per_gt_mean/min/max: 5.00/5/5
  positives_stride8: 5
  positives_stride16: 55
  positives_stride32: 60
  unmatched_gt_count: 0
  fallback_count: 0
  conflict_count: 0
  dynamic_k_mean/min/max: 5.00/5/5
  nonfinite_cost_count: 0
[DEBUG] SimOTA train batch stats:
  images: 32
  empty_images: 3
  gt_count: 36
  candidate_count_mean/min/max: 186.33/50/608
  positives_total: 180
  positives_per_gt_mean/min/max: 5.00/5/5
  positives_stride8: 4
  positives_stride16: 105
  positives_stride32: 71
  unmatched_gt_count: 0
  fallback_count: 0
  conflict_count: 0
  dynamic_k_mean/min/max: 5.00/5/5
  nonfinite_cost_count: 0
[DEBUG] SimOTA val batch stats:
  images: 32
  empty_images: 6
  gt_count: 28
  candidate_count_mean/min/max: 181.21/75/576
  positives_total: 140
  positives_per_gt_mean/min/max: 5.00/5/5
  positives_stride8: 1
  positives_stride16: 80
  positives_stride32: 59
  unmatched_gt_count: 0
  fallback_count: 0
  conflict_count: 0
  dynamic_k_mean/min/max: 5.00/5/5
  nonfinite_cost_count: 0
[INFO] epoch summary | train loss=0.7770 obj=0.0004 box=0.1553 pos=172.32 | val loss=0.9444 map50=0.9080 map5095=0.6935 P=0.9210 R=0.7988 F1=0.8555
[INFO] val extras | mean_iou=0.8942 center_err_px(mean/med/p95)=2.07/1.67/5.11 center_err_norm_diag(mean/med/p95)=0.0026/0.0021/0.0064 fp/img=0.0680 small/med/large recall=0.6609/0.8834/0.8605 counts=233/223/215
[INFO] saved per-epoch checkpoint: /mnt/core/MLonMCU_proj/software/ball_detection/runs/20260522-133921-simota_diou_v2_pruned_30/checkpoints/057_epoch.pt
[INFO] early stopping status: bad_epochs=4/30
[INFO] epoch 58/150 start | lr=0.000684378
[DEBUG] SimOTA train batch stats:
  images: 32
  empty_images: 4
  gt_count: 36
  candidate_count_mean/min/max: 206.06/50/1164
  positives_total: 175
  positives_per_gt_mean/min/max: 4.86/2/5
  positives_stride8: 8
  positives_stride16: 89
  positives_stride32: 78
  unmatched_gt_count: 0
  fallback_count: 0
  conflict_count: 5
  dynamic_k_mean/min/max: 5.00/5/5
  nonfinite_cost_count: 0
[DEBUG] SimOTA train batch stats:
  images: 32
  empty_images: 4
  gt_count: 37
  candidate_count_mean/min/max: 198.62/70/732
  positives_total: 183
  positives_per_gt_mean/min/max: 4.95/3/5
  positives_stride8: 16
  positives_stride16: 85
  positives_stride32: 82
  unmatched_gt_count: 0
  fallback_count: 0
  conflict_count: 2
  dynamic_k_mean/min/max: 5.00/5/5
  nonfinite_cost_count: 0
[DEBUG] SimOTA train batch stats:
  images: 32
  empty_images: 3
  gt_count: 42
  candidate_count_mean/min/max: 129.43/70/535
  positives_total: 210
  positives_per_gt_mean/min/max: 5.00/5/5
  positives_stride8: 20
  positives_stride16: 113
  positives_stride32: 77
  unmatched_gt_count: 0
  fallback_count: 0
  conflict_count: 0
  dynamic_k_mean/min/max: 5.00/5/5
  nonfinite_cost_count: 0
[DEBUG] SimOTA train batch stats:
  images: 32
  empty_images: 4
  gt_count: 32
  candidate_count_mean/min/max: 202.00/75/430
  positives_total: 160
  positives_per_gt_mean/min/max: 5.00/5/5
  positives_stride8: 5
  positives_stride16: 92
  positives_stride32: 63
  unmatched_gt_count: 0
  fallback_count: 0
  conflict_count: 0
  dynamic_k_mean/min/max: 5.00/5/5
  nonfinite_cost_count: 0
[DEBUG] SimOTA train batch stats:
  images: 32
  empty_images: 6
  gt_count: 36
  candidate_count_mean/min/max: 208.06/65/952
  positives_total: 165
  positives_per_gt_mean/min/max: 4.58/1/5
  positives_stride8: 10
  positives_stride16: 86
  positives_stride32: 69
  unmatched_gt_count: 0
  fallback_count: 0
  conflict_count: 15
  dynamic_k_mean/min/max: 5.00/5/5
  nonfinite_cost_count: 0
[DEBUG] SimOTA train batch stats:
  images: 32
  empty_images: 5
  gt_count: 33
  candidate_count_mean/min/max: 192.12/50/758
  positives_total: 165
  positives_per_gt_mean/min/max: 5.00/5/5
  positives_stride8: 10
  positives_stride16: 89
  positives_stride32: 66
  unmatched_gt_count: 0
  fallback_count: 0
  conflict_count: 0
  dynamic_k_mean/min/max: 5.00/5/5
  nonfinite_cost_count: 0
[DEBUG] SimOTA val batch stats:
  images: 32
  empty_images: 1
  gt_count: 34
  candidate_count_mean/min/max: 244.56/75/840
  positives_total: 169
  positives_per_gt_mean/min/max: 4.97/4/5
  positives_stride8: 9
  positives_stride16: 82
  positives_stride32: 78
  unmatched_gt_count: 0
  fallback_count: 0
  conflict_count: 0
  dynamic_k_mean/min/max: 4.97/4/5
  nonfinite_cost_count: 0
[INFO] epoch summary | train loss=0.7701 obj=0.0004 box=0.1539 pos=172.05 | val loss=0.9586 map50=0.9114 map5095=0.6967 P=0.9221 R=0.8286 F1=0.8728
[INFO] val extras | mean_iou=0.8910 center_err_px(mean/med/p95)=2.11/1.78/5.02 center_err_norm_diag(mean/med/p95)=0.0026/0.0022/0.0063 fp/img=0.0695 small/med/large recall=0.7039/0.8969/0.8930 counts=233/223/215
[INFO] saved per-epoch checkpoint: /mnt/core/MLonMCU_proj/software/ball_detection/runs/20260522-133921-simota_diou_v2_pruned_30/checkpoints/058_epoch.pt
[INFO] early stopping status: bad_epochs=5/30
[INFO] epoch 59/150 start | lr=0.000674612
[DEBUG] SimOTA train batch stats:
  images: 32
  empty_images: 2
  gt_count: 39
  candidate_count_mean/min/max: 210.95/70/952
  positives_total: 195
  positives_per_gt_mean/min/max: 5.00/5/5
  positives_stride8: 16
  positives_stride16: 94
  positives_stride32: 85
  unmatched_gt_count: 0
  fallback_count: 0
  conflict_count: 0
  dynamic_k_mean/min/max: 5.00/5/5
  nonfinite_cost_count: 0
[DEBUG] SimOTA train batch stats:
  images: 32
  empty_images: 6
  gt_count: 31
  candidate_count_mean/min/max: 153.68/50/665
  positives_total: 155
  positives_per_gt_mean/min/max: 5.00/5/5
  positives_stride8: 13
  positives_stride16: 78
  positives_stride32: 64
  unmatched_gt_count: 0
  fallback_count: 0
  conflict_count: 0
  dynamic_k_mean/min/max: 5.00/5/5
  nonfinite_cost_count: 0
[DEBUG] SimOTA train batch stats:
  images: 32
  empty_images: 7
  gt_count: 32
  candidate_count_mean/min/max: 166.75/70/467
  positives_total: 160
  positives_per_gt_mean/min/max: 5.00/5/5
  positives_stride8: 14
  positives_stride16: 83
  positives_stride32: 63
  unmatched_gt_count: 0
  fallback_count: 0
  conflict_count: 0
  dynamic_k_mean/min/max: 5.00/5/5
  nonfinite_cost_count: 0
[DEBUG] SimOTA train batch stats:
  images: 32
  empty_images: 2
  gt_count: 44
  candidate_count_mean/min/max: 135.25/56/449
  positives_total: 220
  positives_per_gt_mean/min/max: 5.00/5/5
  positives_stride8: 26
  positives_stride16: 111
  positives_stride32: 83
  unmatched_gt_count: 0
  fallback_count: 0
  conflict_count: 0
  dynamic_k_mean/min/max: 5.00/5/5
  nonfinite_cost_count: 0
[DEBUG] SimOTA train batch stats:
  images: 32
  empty_images: 9
  gt_count: 26
  candidate_count_mean/min/max: 226.69/69/652
  positives_total: 130
  positives_per_gt_mean/min/max: 5.00/5/5
  positives_stride8: 5
  positives_stride16: 68
  positives_stride32: 57
  unmatched_gt_count: 0
  fallback_count: 0
  conflict_count: 0
  dynamic_k_mean/min/max: 5.00/5/5
  nonfinite_cost_count: 0
[DEBUG] SimOTA val batch stats:
  images: 32
  empty_images: 4
  gt_count: 28
  candidate_count_mean/min/max: 341.71/60/448
  positives_total: 140
  positives_per_gt_mean/min/max: 5.00/5/5
  positives_stride8: 3
  positives_stride16: 83
  positives_stride32: 54
  unmatched_gt_count: 0
  fallback_count: 0
  conflict_count: 0
  dynamic_k_mean/min/max: 5.00/5/5
  nonfinite_cost_count: 0
[DEBUG] SimOTA val batch stats:
  images: 32
  empty_images: 2
  gt_count: 44
  candidate_count_mean/min/max: 294.34/60/983
  positives_total: 220
  positives_per_gt_mean/min/max: 5.00/5/5
  positives_stride8: 4
  positives_stride16: 103
  positives_stride32: 113
  unmatched_gt_count: 0
  fallback_count: 0
  conflict_count: 0
  dynamic_k_mean/min/max: 5.00/5/5
  nonfinite_cost_count: 0
[INFO] epoch summary | train loss=0.7583 obj=0.0004 box=0.1516 pos=172.58 | val loss=0.9436 map50=0.9148 map5095=0.6952 P=0.9595 R=0.8122 F1=0.8797
[INFO] val extras | mean_iou=0.8915 center_err_px(mean/med/p95)=2.01/1.65/4.93 center_err_norm_diag(mean/med/p95)=0.0025/0.0021/0.0062 fp/img=0.0340 small/med/large recall=0.7124/0.8834/0.8465 counts=233/223/215
[INFO] saved per-epoch checkpoint: /mnt/core/MLonMCU_proj/software/ball_detection/runs/20260522-133921-simota_diou_v2_pruned_30/checkpoints/059_epoch.pt
[INFO] early stopping status: bad_epochs=6/30
[INFO] epoch 60/150 start | lr=0.000664769
[DEBUG] SimOTA train batch stats:
  images: 32
  empty_images: 3
  gt_count: 36
  candidate_count_mean/min/max: 214.47/70/1035
  positives_total: 180
  positives_per_gt_mean/min/max: 5.00/5/5
  positives_stride8: 11
  positives_stride16: 101
  positives_stride32: 68
  unmatched_gt_count: 0
  fallback_count: 0
  conflict_count: 0
  dynamic_k_mean/min/max: 5.00/5/5
  nonfinite_cost_count: 0
[DEBUG] SimOTA train batch stats:
  images: 32
  empty_images: 5
  gt_count: 34
  candidate_count_mean/min/max: 137.06/50/486
  positives_total: 170
  positives_per_gt_mean/min/max: 5.00/5/5
  positives_stride8: 19
  positives_stride16: 89
  positives_stride32: 62
  unmatched_gt_count: 0
  fallback_count: 0
  conflict_count: 0
  dynamic_k_mean/min/max: 5.00/5/5
  nonfinite_cost_count: 0
[DEBUG] SimOTA train batch stats:
  images: 32
  empty_images: 4
  gt_count: 33
  candidate_count_mean/min/max: 198.85/65/687
  positives_total: 165
  positives_per_gt_mean/min/max: 5.00/5/5
  positives_stride8: 7
  positives_stride16: 89
  positives_stride32: 69
  unmatched_gt_count: 0
  fallback_count: 0
  conflict_count: 0
  dynamic_k_mean/min/max: 5.00/5/5
  nonfinite_cost_count: 0
[DEBUG] SimOTA train batch stats:
  images: 32
  empty_images: 6
  gt_count: 34
  candidate_count_mean/min/max: 167.59/50/493
  positives_total: 170
  positives_per_gt_mean/min/max: 5.00/5/5
  positives_stride8: 12
  positives_stride16: 83
  positives_stride32: 75
  unmatched_gt_count: 0
  fallback_count: 0
  conflict_count: 0
  dynamic_k_mean/min/max: 5.00/5/5
  nonfinite_cost_count: 0
[DEBUG] SimOTA train batch stats:
  images: 32
  empty_images: 3
  gt_count: 38
  candidate_count_mean/min/max: 146.92/45/789
  positives_total: 189
  positives_per_gt_mean/min/max: 4.97/4/5
  positives_stride8: 17
  positives_stride16: 103
  positives_stride32: 69
  unmatched_gt_count: 0
  fallback_count: 0
  conflict_count: 0
  dynamic_k_mean/min/max: 4.97/4/5
  nonfinite_cost_count: 0
[DEBUG] SimOTA val batch stats:
  images: 32
  empty_images: 11
  gt_count: 21
  candidate_count_mean/min/max: 108.24/75/176
  positives_total: 105
  positives_per_gt_mean/min/max: 5.00/5/5
  positives_stride8: 2
  positives_stride16: 63
  positives_stride32: 40
  unmatched_gt_count: 0
  fallback_count: 0
  conflict_count: 0
  dynamic_k_mean/min/max: 5.00/5/5
  nonfinite_cost_count: 0
[DEBUG] SimOTA val batch stats:
  images: 4
  empty_images: 2
  gt_count: 3
  candidate_count_mean/min/max: 120.00/86/182
  positives_total: 15
  positives_per_gt_mean/min/max: 5.00/5/5
  positives_stride8: 0
  positives_stride16: 9
  positives_stride32: 6
  unmatched_gt_count: 0
  fallback_count: 0
  conflict_count: 0
  dynamic_k_mean/min/max: 5.00/5/5
  nonfinite_cost_count: 0
[INFO] epoch summary | train loss=0.7604 obj=0.0004 box=0.1520 pos=171.50 | val loss=0.9287 map50=0.9147 map5095=0.7044 P=0.9485 R=0.8227 F1=0.8811
[INFO] val extras | mean_iou=0.8929 center_err_px(mean/med/p95)=2.10/1.79/5.01 center_err_norm_diag(mean/med/p95)=0.0026/0.0022/0.0063 fp/img=0.0444 small/med/large recall=0.6953/0.8969/0.8837 counts=233/223/215
[INFO] saved per-epoch checkpoint: /mnt/core/MLonMCU_proj/software/ball_detection/runs/20260522-133921-simota_diou_v2_pruned_30/checkpoints/060_epoch.pt
[INFO] early stopping status: bad_epochs=7/30
[INFO] epoch 61/150 start | lr=0.000654854
[DEBUG] SimOTA train batch stats:
  images: 32
  empty_images: 5
  gt_count: 32
  candidate_count_mean/min/max: 217.66/75/668
  positives_total: 160
  positives_per_gt_mean/min/max: 5.00/5/5
  positives_stride8: 9
  positives_stride16: 85
  positives_stride32: 66
  unmatched_gt_count: 0
  fallback_count: 0
  conflict_count: 0
  dynamic_k_mean/min/max: 5.00/5/5
  nonfinite_cost_count: 0
[DEBUG] SimOTA train batch stats:
  images: 32
  empty_images: 5
  gt_count: 35
  candidate_count_mean/min/max: 209.23/75/999
  positives_total: 175
  positives_per_gt_mean/min/max: 5.00/5/5
  positives_stride8: 10
  positives_stride16: 88
  positives_stride32: 77
  unmatched_gt_count: 0
  fallback_count: 0
  conflict_count: 0
  dynamic_k_mean/min/max: 5.00/5/5
  nonfinite_cost_count: 0
[DEBUG] SimOTA train batch stats:
  images: 32
  empty_images: 3
  gt_count: 35
  candidate_count_mean/min/max: 218.09/53/1077
  positives_total: 175
  positives_per_gt_mean/min/max: 5.00/5/5
  positives_stride8: 15
  positives_stride16: 85
  positives_stride32: 75
  unmatched_gt_count: 0
  fallback_count: 0
  conflict_count: 0
  dynamic_k_mean/min/max: 5.00/5/5
  nonfinite_cost_count: 0
[DEBUG] SimOTA train batch stats:
  images: 32
  empty_images: 6
  gt_count: 35
  candidate_count_mean/min/max: 198.77/60/743
  positives_total: 175
  positives_per_gt_mean/min/max: 5.00/5/5
  positives_stride8: 10
  positives_stride16: 86
  positives_stride32: 79
  unmatched_gt_count: 0
  fallback_count: 0
  conflict_count: 0
  dynamic_k_mean/min/max: 5.00/5/5
  nonfinite_cost_count: 0
[DEBUG] SimOTA train batch stats:
  images: 32
  empty_images: 3
  gt_count: 32
  candidate_count_mean/min/max: 226.47/70/733
  positives_total: 155
  positives_per_gt_mean/min/max: 4.84/1/5
  positives_stride8: 4
  positives_stride16: 80
  positives_stride32: 71
  unmatched_gt_count: 0
  fallback_count: 0
  conflict_count: 5
  dynamic_k_mean/min/max: 5.00/5/5
  nonfinite_cost_count: 0
[DEBUG] SimOTA val batch stats:
  images: 32
  empty_images: 0
  gt_count: 32
  candidate_count_mean/min/max: 321.94/75/448
  positives_total: 160
  positives_per_gt_mean/min/max: 5.00/5/5
  positives_stride8: 0
  positives_stride16: 97
  positives_stride32: 63
  unmatched_gt_count: 0
  fallback_count: 0
  conflict_count: 0
  dynamic_k_mean/min/max: 5.00/5/5
  nonfinite_cost_count: 0
[INFO] epoch summary | train loss=0.7475 obj=0.0004 box=0.1494 pos=172.26 | val loss=0.9350 map50=0.9128 map5095=0.7096 P=0.9462 R=0.8122 F1=0.8741
[INFO] val extras | mean_iou=0.8953 center_err_px(mean/med/p95)=2.09/1.73/5.02 center_err_norm_diag(mean/med/p95)=0.0026/0.0022/0.0063 fp/img=0.0459 small/med/large recall=0.6609/0.8879/0.8977 counts=233/223/215
[INFO] saved per-epoch checkpoint: /mnt/core/MLonMCU_proj/software/ball_detection/runs/20260522-133921-simota_diou_v2_pruned_30/checkpoints/061_epoch.pt
[INFO] new best checkpoint at epoch 61: /mnt/core/MLonMCU_proj/software/ball_detection/runs/20260522-133921-simota_diou_v2_pruned_30/checkpoints/best.pt
[INFO] epoch 62/150 start | lr=0.000644871
[DEBUG] SimOTA train batch stats:
  images: 32
  empty_images: 3
  gt_count: 34
  candidate_count_mean/min/max: 209.71/53/789
  positives_total: 170
  positives_per_gt_mean/min/max: 5.00/5/5
  positives_stride8: 9
  positives_stride16: 87
  positives_stride32: 74
  unmatched_gt_count: 0
  fallback_count: 0
  conflict_count: 0
  dynamic_k_mean/min/max: 5.00/5/5
  nonfinite_cost_count: 0
[DEBUG] SimOTA train batch stats:
  images: 32
  empty_images: 5
  gt_count: 33
  candidate_count_mean/min/max: 197.27/75/1575
  positives_total: 165
  positives_per_gt_mean/min/max: 5.00/5/5
  positives_stride8: 15
  positives_stride16: 84
  positives_stride32: 66
  unmatched_gt_count: 0
  fallback_count: 0
  conflict_count: 0
  dynamic_k_mean/min/max: 5.00/5/5
  nonfinite_cost_count: 0
[DEBUG] SimOTA train batch stats:
  images: 32
  empty_images: 5
  gt_count: 37
  candidate_count_mean/min/max: 237.86/70/1261
  positives_total: 181
  positives_per_gt_mean/min/max: 4.89/1/5
  positives_stride8: 8
  positives_stride16: 92
  positives_stride32: 81
  unmatched_gt_count: 0
  fallback_count: 0
  conflict_count: 4
  dynamic_k_mean/min/max: 5.00/5/5
  nonfinite_cost_count: 0
[DEBUG] SimOTA train batch stats:
  images: 32
  empty_images: 5
  gt_count: 35
  candidate_count_mean/min/max: 194.46/70/476
  positives_total: 160
  positives_per_gt_mean/min/max: 4.57/0/5
  positives_stride8: 8
  positives_stride16: 87
  positives_stride32: 65
  unmatched_gt_count: 1
  fallback_count: 0
  conflict_count: 15
  dynamic_k_mean/min/max: 5.00/5/5
  nonfinite_cost_count: 0
[DEBUG] SimOTA train batch stats:
  images: 32
  empty_images: 5
  gt_count: 32
  candidate_count_mean/min/max: 199.09/45/737
  positives_total: 159
  positives_per_gt_mean/min/max: 4.97/4/5
  positives_stride8: 9
  positives_stride16: 77
  positives_stride32: 73
  unmatched_gt_count: 0
  fallback_count: 0
  conflict_count: 0
  dynamic_k_mean/min/max: 4.97/4/5
  nonfinite_cost_count: 0
[DEBUG] SimOTA train batch stats:
  images: 32
  empty_images: 4
  gt_count: 35
  candidate_count_mean/min/max: 166.20/50/524
  positives_total: 174
  positives_per_gt_mean/min/max: 4.97/4/5
  positives_stride8: 11
  positives_stride16: 94
  positives_stride32: 69
  unmatched_gt_count: 0
  fallback_count: 0
  conflict_count: 0
  dynamic_k_mean/min/max: 4.97/4/5
  nonfinite_cost_count: 0
[DEBUG] SimOTA val batch stats:
  images: 32
  empty_images: 0
  gt_count: 54
  candidate_count_mean/min/max: 108.57/70/430
  positives_total: 270
  positives_per_gt_mean/min/max: 5.00/5/5
  positives_stride8: 61
  positives_stride16: 112
  positives_stride32: 97
  unmatched_gt_count: 0
  fallback_count: 0
  conflict_count: 0
  dynamic_k_mean/min/max: 5.00/5/5
  nonfinite_cost_count: 0
[INFO] epoch summary | train loss=0.7514 obj=0.0004 box=0.1502 pos=172.52 | val loss=0.9389 map50=0.9120 map5095=0.7009 P=0.9345 R=0.8286 F1=0.8784
[INFO] val extras | mean_iou=0.8925 center_err_px(mean/med/p95)=2.11/1.68/5.09 center_err_norm_diag(mean/med/p95)=0.0026/0.0021/0.0064 fp/img=0.0577 small/med/large recall=0.7124/0.8789/0.9023 counts=233/223/215
[INFO] saved per-epoch checkpoint: /mnt/core/MLonMCU_proj/software/ball_detection/runs/20260522-133921-simota_diou_v2_pruned_30/checkpoints/062_epoch.pt
[INFO] early stopping status: bad_epochs=1/30
[INFO] epoch 63/150 start | lr=0.000634825
[DEBUG] SimOTA train batch stats:
  images: 32
  empty_images: 5
  gt_count: 32
  candidate_count_mean/min/max: 200.53/70/1261
  positives_total: 160
  positives_per_gt_mean/min/max: 5.00/5/5
  positives_stride8: 8
  positives_stride16: 83
  positives_stride32: 69
  unmatched_gt_count: 0
  fallback_count: 0
  conflict_count: 0
  dynamic_k_mean/min/max: 5.00/5/5
  nonfinite_cost_count: 0
[DEBUG] SimOTA train batch stats:
  images: 32
  empty_images: 3
  gt_count: 39
  candidate_count_mean/min/max: 168.59/45/980
  positives_total: 194
  positives_per_gt_mean/min/max: 4.97/4/5
  positives_stride8: 14
  positives_stride16: 96
  positives_stride32: 84
  unmatched_gt_count: 0
  fallback_count: 0
  conflict_count: 0
  dynamic_k_mean/min/max: 4.97/4/5
  nonfinite_cost_count: 0
[DEBUG] SimOTA train batch stats:
  images: 32
  empty_images: 5
  gt_count: 32
  candidate_count_mean/min/max: 202.56/75/733
  positives_total: 160
  positives_per_gt_mean/min/max: 5.00/5/5
  positives_stride8: 11
  positives_stride16: 84
  positives_stride32: 65
  unmatched_gt_count: 0
  fallback_count: 0
  conflict_count: 0
  dynamic_k_mean/min/max: 5.00/5/5
  nonfinite_cost_count: 0
[DEBUG] SimOTA train batch stats:
  images: 32
  empty_images: 3
  gt_count: 35
  candidate_count_mean/min/max: 120.43/50/370
  positives_total: 175
  positives_per_gt_mean/min/max: 5.00/5/5
  positives_stride8: 18
  positives_stride16: 92
  positives_stride32: 65
  unmatched_gt_count: 0
  fallback_count: 0
  conflict_count: 0
  dynamic_k_mean/min/max: 5.00/5/5
  nonfinite_cost_count: 0
[DEBUG] SimOTA train batch stats:
  images: 32
  empty_images: 0
  gt_count: 40
  candidate_count_mean/min/max: 144.70/50/768
  positives_total: 200
  positives_per_gt_mean/min/max: 5.00/5/5
  positives_stride8: 20
  positives_stride16: 108
  positives_stride32: 72
  unmatched_gt_count: 0
  fallback_count: 0
  conflict_count: 0
  dynamic_k_mean/min/max: 5.00/5/5
  nonfinite_cost_count: 0
[DEBUG] SimOTA train batch stats:
  images: 32
  empty_images: 1
  gt_count: 38
  candidate_count_mean/min/max: 188.74/65/733
  positives_total: 190
  positives_per_gt_mean/min/max: 5.00/5/5
  positives_stride8: 10
  positives_stride16: 97
  positives_stride32: 83
  unmatched_gt_count: 0
  fallback_count: 0
  conflict_count: 0
  dynamic_k_mean/min/max: 5.00/5/5
  nonfinite_cost_count: 0
[DEBUG] SimOTA val batch stats:
  images: 32
  empty_images: 9
  gt_count: 35
  candidate_count_mean/min/max: 88.03/50/166
  positives_total: 175
  positives_per_gt_mean/min/max: 5.00/5/5
  positives_stride8: 30
  positives_stride16: 87
  positives_stride32: 58
  unmatched_gt_count: 0
  fallback_count: 0
  conflict_count: 0
  dynamic_k_mean/min/max: 5.00/5/5
  nonfinite_cost_count: 0
[INFO] epoch summary | train loss=0.7518 obj=0.0004 box=0.1503 pos=171.87 | val loss=0.9479 map50=0.9153 map5095=0.6976 P=0.9439 R=0.8271 F1=0.8817
[INFO] val extras | mean_iou=0.8923 center_err_px(mean/med/p95)=2.06/1.70/5.05 center_err_norm_diag(mean/med/p95)=0.0026/0.0021/0.0063 fp/img=0.0488 small/med/large recall=0.7167/0.8924/0.8791 counts=233/223/215
[INFO] saved per-epoch checkpoint: /mnt/core/MLonMCU_proj/software/ball_detection/runs/20260522-133921-simota_diou_v2_pruned_30/checkpoints/063_epoch.pt
[INFO] early stopping status: bad_epochs=2/30
[INFO] epoch 64/150 start | lr=0.000624721
[DEBUG] SimOTA train batch stats:
  images: 32
  empty_images: 3
  gt_count: 39
  candidate_count_mean/min/max: 177.51/60/1018
  positives_total: 189
  positives_per_gt_mean/min/max: 4.85/0/5
  positives_stride8: 9
  positives_stride16: 98
  positives_stride32: 82
  unmatched_gt_count: 1
  fallback_count: 0
  conflict_count: 3
  dynamic_k_mean/min/max: 4.92/3/5
  nonfinite_cost_count: 0
[DEBUG] SimOTA train batch stats:
  images: 32
  empty_images: 6
  gt_count: 37
  candidate_count_mean/min/max: 140.43/60/665
  positives_total: 182
  positives_per_gt_mean/min/max: 4.92/2/5
  positives_stride8: 17
  positives_stride16: 101
  positives_stride32: 64
  unmatched_gt_count: 0
  fallback_count: 0
  conflict_count: 3
  dynamic_k_mean/min/max: 5.00/5/5
  nonfinite_cost_count: 0
[DEBUG] SimOTA train batch stats:
  images: 32
  empty_images: 4
  gt_count: 37
  candidate_count_mean/min/max: 165.11/50/697
  positives_total: 185
  positives_per_gt_mean/min/max: 5.00/5/5
  positives_stride8: 14
  positives_stride16: 98
  positives_stride32: 73
  unmatched_gt_count: 0
  fallback_count: 0
  conflict_count: 0
  dynamic_k_mean/min/max: 5.00/5/5
  nonfinite_cost_count: 0
[DEBUG] SimOTA train batch stats:
  images: 32
  empty_images: 5
  gt_count: 38
  candidate_count_mean/min/max: 166.71/70/697
  positives_total: 190
  positives_per_gt_mean/min/max: 5.00/5/5
  positives_stride8: 8
  positives_stride16: 106
  positives_stride32: 76
  unmatched_gt_count: 0
  fallback_count: 0
  conflict_count: 0
  dynamic_k_mean/min/max: 5.00/5/5
  nonfinite_cost_count: 0
[DEBUG] SimOTA train batch stats:
  images: 32
  empty_images: 5
  gt_count: 34
  candidate_count_mean/min/max: 209.03/54/808
  positives_total: 170
  positives_per_gt_mean/min/max: 5.00/5/5
  positives_stride8: 14
  positives_stride16: 87
  positives_stride32: 69
  unmatched_gt_count: 0
  fallback_count: 0
  conflict_count: 0
  dynamic_k_mean/min/max: 5.00/5/5
  nonfinite_cost_count: 0
[DEBUG] SimOTA train batch stats:
  images: 32
  empty_images: 3
  gt_count: 34
  candidate_count_mean/min/max: 190.06/50/697
  positives_total: 170
  positives_per_gt_mean/min/max: 5.00/5/5
  positives_stride8: 9
  positives_stride16: 88
  positives_stride32: 73
  unmatched_gt_count: 0
  fallback_count: 0
  conflict_count: 0
  dynamic_k_mean/min/max: 5.00/5/5
  nonfinite_cost_count: 0
[DEBUG] SimOTA val batch stats:
  images: 32
  empty_images: 3
  gt_count: 29
  candidate_count_mean/min/max: 83.52/70/131
  positives_total: 145
  positives_per_gt_mean/min/max: 5.00/5/5
  positives_stride8: 7
  positives_stride16: 84
  positives_stride32: 54
  unmatched_gt_count: 0
  fallback_count: 0
  conflict_count: 0
  dynamic_k_mean/min/max: 5.00/5/5
  nonfinite_cost_count: 0
[INFO] epoch summary | train loss=0.7488 obj=0.0004 box=0.1497 pos=172.32 | val loss=0.9271 map50=0.9152 map5095=0.7036 P=0.9251 R=0.8286 F1=0.8742
[INFO] val extras | mean_iou=0.8921 center_err_px(mean/med/p95)=2.08/1.69/5.20 center_err_norm_diag(mean/med/p95)=0.0026/0.0021/0.0065 fp/img=0.0666 small/med/large recall=0.6996/0.8924/0.9023 counts=233/223/215
[INFO] saved per-epoch checkpoint: /mnt/core/MLonMCU_proj/software/ball_detection/runs/20260522-133921-simota_diou_v2_pruned_30/checkpoints/064_epoch.pt
[INFO] early stopping status: bad_epochs=3/30
[INFO] epoch 65/150 start | lr=0.000614561
[DEBUG] SimOTA train batch stats:
  images: 32
  empty_images: 4
  gt_count: 40
  candidate_count_mean/min/max: 174.43/70/1077
  positives_total: 200
  positives_per_gt_mean/min/max: 5.00/5/5
  positives_stride8: 12
  positives_stride16: 105
  positives_stride32: 83
  unmatched_gt_count: 0
  fallback_count: 0
  conflict_count: 0
  dynamic_k_mean/min/max: 5.00/5/5
  nonfinite_cost_count: 0
[DEBUG] SimOTA train batch stats:
  images: 32
  empty_images: 4
  gt_count: 34
  candidate_count_mean/min/max: 183.32/60/725
  positives_total: 170
  positives_per_gt_mean/min/max: 5.00/5/5
  positives_stride8: 8
  positives_stride16: 91
  positives_stride32: 71
  unmatched_gt_count: 0
  fallback_count: 0
  conflict_count: 0
  dynamic_k_mean/min/max: 5.00/5/5
  nonfinite_cost_count: 0
[DEBUG] SimOTA train batch stats:
  images: 32
  empty_images: 3
  gt_count: 34
  candidate_count_mean/min/max: 200.15/60/980
  positives_total: 170
  positives_per_gt_mean/min/max: 5.00/5/5
  positives_stride8: 8
  positives_stride16: 96
  positives_stride32: 66
  unmatched_gt_count: 0
  fallback_count: 0
  conflict_count: 0
  dynamic_k_mean/min/max: 5.00/5/5
  nonfinite_cost_count: 0
[DEBUG] SimOTA train batch stats:
  images: 32
  empty_images: 8
  gt_count: 29
  candidate_count_mean/min/max: 137.93/50/486
  positives_total: 145
  positives_per_gt_mean/min/max: 5.00/5/5
  positives_stride8: 14
  positives_stride16: 78
  positives_stride32: 53
  unmatched_gt_count: 0
  fallback_count: 0
  conflict_count: 0
  dynamic_k_mean/min/max: 5.00/5/5
  nonfinite_cost_count: 0
[DEBUG] SimOTA train batch stats:
  images: 32
  empty_images: 8
  gt_count: 26
  candidate_count_mean/min/max: 153.81/75/505
  positives_total: 130
  positives_per_gt_mean/min/max: 5.00/5/5
  positives_stride8: 13
  positives_stride16: 71
  positives_stride32: 46
  unmatched_gt_count: 0
  fallback_count: 0
  conflict_count: 0
  dynamic_k_mean/min/max: 5.00/5/5
  nonfinite_cost_count: 0
[DEBUG] SimOTA train batch stats:
  images: 32
  empty_images: 3
  gt_count: 35
  candidate_count_mean/min/max: 150.83/50/560
  positives_total: 173
  positives_per_gt_mean/min/max: 4.94/3/5
  positives_stride8: 14
  positives_stride16: 94
  positives_stride32: 65
  unmatched_gt_count: 0
  fallback_count: 0
  conflict_count: 2
  dynamic_k_mean/min/max: 5.00/5/5
  nonfinite_cost_count: 0
[DEBUG] SimOTA val batch stats:
  images: 32
  empty_images: 3
  gt_count: 29
  candidate_count_mean/min/max: 291.59/62/476
  positives_total: 145
  positives_per_gt_mean/min/max: 5.00/5/5
  positives_stride8: 4
  positives_stride16: 85
  positives_stride32: 56
  unmatched_gt_count: 0
  fallback_count: 0
  conflict_count: 0
  dynamic_k_mean/min/max: 5.00/5/5
  nonfinite_cost_count: 0
[INFO] epoch summary | train loss=0.7407 obj=0.0004 box=0.1481 pos=172.11 | val loss=0.9318 map50=0.9134 map5095=0.6950 P=0.9386 R=0.8197 F1=0.8751
[INFO] val extras | mean_iou=0.8911 center_err_px(mean/med/p95)=2.04/1.74/5.03 center_err_norm_diag(mean/med/p95)=0.0025/0.0022/0.0063 fp/img=0.0533 small/med/large recall=0.7082/0.8879/0.8698 counts=233/223/215
[INFO] saved per-epoch checkpoint: /mnt/core/MLonMCU_proj/software/ball_detection/runs/20260522-133921-simota_diou_v2_pruned_30/checkpoints/065_epoch.pt
[INFO] early stopping status: bad_epochs=4/30
[INFO] epoch 66/150 start | lr=0.000604352
[DEBUG] SimOTA train batch stats:
  images: 32
  empty_images: 2
  gt_count: 37
  candidate_count_mean/min/max: 226.97/75/1164
  positives_total: 185
  positives_per_gt_mean/min/max: 5.00/5/5
  positives_stride8: 11
  positives_stride16: 89
  positives_stride32: 85
  unmatched_gt_count: 0
  fallback_count: 0
  conflict_count: 0
  dynamic_k_mean/min/max: 5.00/5/5
  nonfinite_cost_count: 0
[DEBUG] SimOTA train batch stats:
  images: 32
  empty_images: 3
  gt_count: 37
  candidate_count_mean/min/max: 150.11/54/775
  positives_total: 185
  positives_per_gt_mean/min/max: 5.00/5/5
  positives_stride8: 14
  positives_stride16: 95
  positives_stride32: 76
  unmatched_gt_count: 0
  fallback_count: 0
  conflict_count: 0
  dynamic_k_mean/min/max: 5.00/5/5
  nonfinite_cost_count: 0
[DEBUG] SimOTA train batch stats:
  images: 32
  empty_images: 3
  gt_count: 34
  candidate_count_mean/min/max: 171.26/60/952
  positives_total: 170
  positives_per_gt_mean/min/max: 5.00/5/5
  positives_stride8: 16
  positives_stride16: 85
  positives_stride32: 69
  unmatched_gt_count: 0
  fallback_count: 0
  conflict_count: 0
  dynamic_k_mean/min/max: 5.00/5/5
  nonfinite_cost_count: 0
[DEBUG] SimOTA train batch stats:
  images: 32
  empty_images: 6
  gt_count: 31
  candidate_count_mean/min/max: 165.16/75/538
  positives_total: 153
  positives_per_gt_mean/min/max: 4.94/3/5
  positives_stride8: 12
  positives_stride16: 79
  positives_stride32: 62
  unmatched_gt_count: 0
  fallback_count: 0
  conflict_count: 1
  dynamic_k_mean/min/max: 4.97/4/5
  nonfinite_cost_count: 0
[DEBUG] SimOTA train batch stats:
  images: 32
  empty_images: 2
  gt_count: 41
  candidate_count_mean/min/max: 197.54/69/928
  positives_total: 205
  positives_per_gt_mean/min/max: 5.00/5/5
  positives_stride8: 16
  positives_stride16: 104
  positives_stride32: 85
  unmatched_gt_count: 0
  fallback_count: 0
  conflict_count: 0
  dynamic_k_mean/min/max: 5.00/5/5
  nonfinite_cost_count: 0
[DEBUG] SimOTA train batch stats:
  images: 32
  empty_images: 2
  gt_count: 34
  candidate_count_mean/min/max: 194.68/75/529
  positives_total: 170
  positives_per_gt_mean/min/max: 5.00/5/5
  positives_stride8: 6
  positives_stride16: 88
  positives_stride32: 76
  unmatched_gt_count: 0
  fallback_count: 0
  conflict_count: 0
  dynamic_k_mean/min/max: 5.00/5/5
  nonfinite_cost_count: 0
[DEBUG] SimOTA val batch stats:
  images: 32
  empty_images: 4
  gt_count: 28
  candidate_count_mean/min/max: 280.43/75/448
  positives_total: 140
  positives_per_gt_mean/min/max: 5.00/5/5
  positives_stride8: 3
  positives_stride16: 73
  positives_stride32: 64
  unmatched_gt_count: 0
  fallback_count: 0
  conflict_count: 0
  dynamic_k_mean/min/max: 5.00/5/5
  nonfinite_cost_count: 0
[INFO] epoch summary | train loss=0.7340 obj=0.0004 box=0.1467 pos=171.82 | val loss=0.9258 map50=0.9160 map5095=0.7050 P=0.9355 R=0.8212 F1=0.8746
[INFO] val extras | mean_iou=0.8948 center_err_px(mean/med/p95)=1.98/1.66/4.93 center_err_norm_diag(mean/med/p95)=0.0025/0.0021/0.0062 fp/img=0.0562 small/med/large recall=0.6953/0.8969/0.8791 counts=233/223/215
[INFO] saved per-epoch checkpoint: /mnt/core/MLonMCU_proj/software/ball_detection/runs/20260522-133921-simota_diou_v2_pruned_30/checkpoints/066_epoch.pt
[INFO] early stopping status: bad_epochs=5/30
[INFO] epoch 67/150 start | lr=0.000594097
[DEBUG] SimOTA train batch stats:
  images: 32
  empty_images: 7
  gt_count: 31
  candidate_count_mean/min/max: 199.48/50/830
  positives_total: 150
  positives_per_gt_mean/min/max: 4.84/1/5
  positives_stride8: 11
  positives_stride16: 76
  positives_stride32: 63
  unmatched_gt_count: 0
  fallback_count: 0
  conflict_count: 5
  dynamic_k_mean/min/max: 5.00/5/5
  nonfinite_cost_count: 0
[DEBUG] SimOTA train batch stats:
  images: 32
  empty_images: 3
  gt_count: 35
  candidate_count_mean/min/max: 223.11/75/1077
  positives_total: 170
  positives_per_gt_mean/min/max: 4.86/2/5
  positives_stride8: 9
  positives_stride16: 80
  positives_stride32: 81
  unmatched_gt_count: 0
  fallback_count: 0
  conflict_count: 5
  dynamic_k_mean/min/max: 5.00/5/5
  nonfinite_cost_count: 0
[DEBUG] SimOTA train batch stats:
  images: 32
  empty_images: 5
  gt_count: 37
  candidate_count_mean/min/max: 183.41/60/822
  positives_total: 181
  positives_per_gt_mean/min/max: 4.89/1/5
  positives_stride8: 19
  positives_stride16: 87
  positives_stride32: 75
  unmatched_gt_count: 0
  fallback_count: 0
  conflict_count: 4
  dynamic_k_mean/min/max: 5.00/5/5
  nonfinite_cost_count: 0
[DEBUG] SimOTA train batch stats:
  images: 32
  empty_images: 8
  gt_count: 29
  candidate_count_mean/min/max: 178.03/50/733
  positives_total: 143
  positives_per_gt_mean/min/max: 4.93/3/5
  positives_stride8: 14
  positives_stride16: 74
  positives_stride32: 55
  unmatched_gt_count: 0
  fallback_count: 0
  conflict_count: 2
  dynamic_k_mean/min/max: 5.00/5/5
  nonfinite_cost_count: 0
[DEBUG] SimOTA train batch stats:
  images: 32
  empty_images: 5
  gt_count: 41
  candidate_count_mean/min/max: 194.46/57/691
  positives_total: 204
  positives_per_gt_mean/min/max: 4.98/4/5
  positives_stride8: 18
  positives_stride16: 99
  positives_stride32: 87
  unmatched_gt_count: 0
  fallback_count: 0
  conflict_count: 1
  dynamic_k_mean/min/max: 5.00/5/5
  nonfinite_cost_count: 0
[DEBUG] SimOTA train batch stats:
  images: 32
  empty_images: 2
  gt_count: 39
  candidate_count_mean/min/max: 159.05/53/697
  positives_total: 195
  positives_per_gt_mean/min/max: 5.00/5/5
  positives_stride8: 18
  positives_stride16: 101
  positives_stride32: 76
  unmatched_gt_count: 0
  fallback_count: 0
  conflict_count: 0
  dynamic_k_mean/min/max: 5.00/5/5
  nonfinite_cost_count: 0
[DEBUG] SimOTA val batch stats:
  images: 32
  empty_images: 8
  gt_count: 39
  candidate_count_mean/min/max: 88.92/45/135
  positives_total: 195
  positives_per_gt_mean/min/max: 5.00/5/5
  positives_stride8: 35
  positives_stride16: 97
  positives_stride32: 63
  unmatched_gt_count: 0
  fallback_count: 0
  conflict_count: 0
  dynamic_k_mean/min/max: 5.00/5/5
  nonfinite_cost_count: 0
[INFO] epoch summary | train loss=0.7239 obj=0.0004 box=0.1447 pos=172.70 | val loss=0.9199 map50=0.9143 map5095=0.7116 P=0.9484 R=0.8212 F1=0.8802
[INFO] val extras | mean_iou=0.8960 center_err_px(mean/med/p95)=2.09/1.71/5.06 center_err_norm_diag(mean/med/p95)=0.0026/0.0021/0.0063 fp/img=0.0444 small/med/large recall=0.6695/0.8969/0.9070 counts=233/223/215
[INFO] saved per-epoch checkpoint: /mnt/core/MLonMCU_proj/software/ball_detection/runs/20260522-133921-simota_diou_v2_pruned_30/checkpoints/067_epoch.pt
[INFO] new best checkpoint at epoch 67: /mnt/core/MLonMCU_proj/software/ball_detection/runs/20260522-133921-simota_diou_v2_pruned_30/checkpoints/best.pt
[INFO] epoch 68/150 start | lr=0.000583801
[DEBUG] SimOTA train batch stats:
  images: 32
  empty_images: 3
  gt_count: 36
  candidate_count_mean/min/max: 157.06/56/579
  positives_total: 180
  positives_per_gt_mean/min/max: 5.00/5/5
  positives_stride8: 10
  positives_stride16: 102
  positives_stride32: 68
  unmatched_gt_count: 0
  fallback_count: 0
  conflict_count: 0
  dynamic_k_mean/min/max: 5.00/5/5
  nonfinite_cost_count: 0
[DEBUG] SimOTA train batch stats:
  images: 32
  empty_images: 4
  gt_count: 34
  candidate_count_mean/min/max: 251.06/60/1195
  positives_total: 170
  positives_per_gt_mean/min/max: 5.00/5/5
  positives_stride8: 15
  positives_stride16: 83
  positives_stride32: 72
  unmatched_gt_count: 0
  fallback_count: 0
  conflict_count: 0
  dynamic_k_mean/min/max: 5.00/5/5
  nonfinite_cost_count: 0
[DEBUG] SimOTA train batch stats:
  images: 32
  empty_images: 2
  gt_count: 35
  candidate_count_mean/min/max: 179.00/75/691
  positives_total: 175
  positives_per_gt_mean/min/max: 5.00/5/5
  positives_stride8: 12
  positives_stride16: 83
  positives_stride32: 80
  unmatched_gt_count: 0
  fallback_count: 0
  conflict_count: 0
  dynamic_k_mean/min/max: 5.00/5/5
  nonfinite_cost_count: 0
[DEBUG] SimOTA train batch stats:
  images: 32
  empty_images: 3
  gt_count: 40
  candidate_count_mean/min/max: 146.25/75/576
  positives_total: 199
  positives_per_gt_mean/min/max: 4.97/4/5
  positives_stride8: 16
  positives_stride16: 109
  positives_stride32: 74
  unmatched_gt_count: 0
  fallback_count: 0
  conflict_count: 0
  dynamic_k_mean/min/max: 4.97/4/5
  nonfinite_cost_count: 0
[DEBUG] SimOTA train batch stats:
  images: 32
  empty_images: 8
  gt_count: 34
  candidate_count_mean/min/max: 99.44/53/430
  positives_total: 154
  positives_per_gt_mean/min/max: 4.53/1/5
  positives_stride8: 27
  positives_stride16: 79
  positives_stride32: 48
  unmatched_gt_count: 0
  fallback_count: 0
  conflict_count: 14
  dynamic_k_mean/min/max: 4.94/4/5
  nonfinite_cost_count: 0
[DEBUG] SimOTA train batch stats:
  images: 32
  empty_images: 3
  gt_count: 36
  candidate_count_mean/min/max: 182.03/50/743
  positives_total: 180
  positives_per_gt_mean/min/max: 5.00/5/5
  positives_stride8: 16
  positives_stride16: 88
  positives_stride32: 76
  unmatched_gt_count: 0
  fallback_count: 0
  conflict_count: 0
  dynamic_k_mean/min/max: 5.00/5/5
  nonfinite_cost_count: 0
[DEBUG] SimOTA val batch stats:
  images: 32
  empty_images: 15
  gt_count: 20
  candidate_count_mean/min/max: 157.40/62/430
  positives_total: 100
  positives_per_gt_mean/min/max: 5.00/5/5
  positives_stride8: 3
  positives_stride16: 60
  positives_stride32: 37
  unmatched_gt_count: 0
  fallback_count: 0
  conflict_count: 0
  dynamic_k_mean/min/max: 5.00/5/5
  nonfinite_cost_count: 0
[INFO] epoch summary | train loss=0.7219 obj=0.0004 box=0.1443 pos=172.10 | val loss=0.9277 map50=0.9166 map5095=0.6983 P=0.9436 R=0.8227 F1=0.8790
[INFO] val extras | mean_iou=0.8898 center_err_px(mean/med/p95)=2.15/1.82/5.05 center_err_norm_diag(mean/med/p95)=0.0027/0.0023/0.0063 fp/img=0.0488 small/med/large recall=0.6781/0.8969/0.9023 counts=233/223/215
[INFO] saved per-epoch checkpoint: /mnt/core/MLonMCU_proj/software/ball_detection/runs/20260522-133921-simota_diou_v2_pruned_30/checkpoints/068_epoch.pt
[INFO] early stopping status: bad_epochs=1/30
[INFO] epoch 69/150 start | lr=0.000573468
[DEBUG] SimOTA train batch stats:
  images: 32
  empty_images: 5
  gt_count: 34
  candidate_count_mean/min/max: 177.09/50/768
  positives_total: 170
  positives_per_gt_mean/min/max: 5.00/5/5
  positives_stride8: 15
  positives_stride16: 86
  positives_stride32: 69
  unmatched_gt_count: 0
  fallback_count: 0
  conflict_count: 0
  dynamic_k_mean/min/max: 5.00/5/5
  nonfinite_cost_count: 0
[DEBUG] SimOTA train batch stats:
  images: 32
  empty_images: 4
  gt_count: 33
  candidate_count_mean/min/max: 179.15/75/535
  positives_total: 165
  positives_per_gt_mean/min/max: 5.00/5/5
  positives_stride8: 17
  positives_stride16: 81
  positives_stride32: 67
  unmatched_gt_count: 0
  fallback_count: 0
  conflict_count: 0
  dynamic_k_mean/min/max: 5.00/5/5
  nonfinite_cost_count: 0
[DEBUG] SimOTA train batch stats:
  images: 32
  empty_images: 7
  gt_count: 33
  candidate_count_mean/min/max: 173.21/75/560
  positives_total: 164
  positives_per_gt_mean/min/max: 4.97/4/5
  positives_stride8: 13
  positives_stride16: 85
  positives_stride32: 66
  unmatched_gt_count: 0
  fallback_count: 0
  conflict_count: 0
  dynamic_k_mean/min/max: 4.97/4/5
  nonfinite_cost_count: 0
[DEBUG] SimOTA train batch stats:
  images: 32
  empty_images: 5
  gt_count: 32
  candidate_count_mean/min/max: 181.81/75/789
  positives_total: 160
  positives_per_gt_mean/min/max: 5.00/5/5
  positives_stride8: 14
  positives_stride16: 80
  positives_stride32: 66
  unmatched_gt_count: 0
  fallback_count: 0
  conflict_count: 0
  dynamic_k_mean/min/max: 5.00/5/5
  nonfinite_cost_count: 0
[DEBUG] SimOTA train batch stats:
  images: 32
  empty_images: 4
  gt_count: 38
  candidate_count_mean/min/max: 137.53/57/1195
  positives_total: 189
  positives_per_gt_mean/min/max: 4.97/4/5
  positives_stride8: 29
  positives_stride16: 91
  positives_stride32: 69
  unmatched_gt_count: 0
  fallback_count: 0
  conflict_count: 1
  dynamic_k_mean/min/max: 5.00/5/5
  nonfinite_cost_count: 0
[DEBUG] SimOTA train batch stats:
  images: 32
  empty_images: 3
  gt_count: 32
  candidate_count_mean/min/max: 141.25/70/439
  positives_total: 160
  positives_per_gt_mean/min/max: 5.00/5/5
  positives_stride8: 12
  positives_stride16: 81
  positives_stride32: 67
  unmatched_gt_count: 0
  fallback_count: 0
  conflict_count: 0
  dynamic_k_mean/min/max: 5.00/5/5
  nonfinite_cost_count: 0
[DEBUG] SimOTA val batch stats:
  images: 32
  empty_images: 0
  gt_count: 33
  candidate_count_mean/min/max: 306.42/80/433
  positives_total: 160
  positives_per_gt_mean/min/max: 4.85/0/5
  positives_stride8: 2
  positives_stride16: 72
  positives_stride32: 86
  unmatched_gt_count: 1
  fallback_count: 0
  conflict_count: 5
  dynamic_k_mean/min/max: 5.00/5/5
  nonfinite_cost_count: 0
[INFO] epoch summary | train loss=0.7242 obj=0.0004 box=0.1448 pos=172.57 | val loss=0.9285 map50=0.9130 map5095=0.7064 P=0.9300 R=0.8316 F1=0.8780
[INFO] val extras | mean_iou=0.8932 center_err_px(mean/med/p95)=2.11/1.65/5.32 center_err_norm_diag(mean/med/p95)=0.0026/0.0021/0.0067 fp/img=0.0621 small/med/large recall=0.6953/0.8924/0.9163 counts=233/223/215
[INFO] saved per-epoch checkpoint: /mnt/core/MLonMCU_proj/software/ball_detection/runs/20260522-133921-simota_diou_v2_pruned_30/checkpoints/069_epoch.pt
[INFO] early stopping status: bad_epochs=2/30
[INFO] epoch 70/150 start | lr=0.000563104
[DEBUG] SimOTA train batch stats:
  images: 32
  empty_images: 4
  gt_count: 34
  candidate_count_mean/min/max: 191.88/75/822
  positives_total: 170
  positives_per_gt_mean/min/max: 5.00/5/5
  positives_stride8: 15
  positives_stride16: 81
  positives_stride32: 74
  unmatched_gt_count: 0
  fallback_count: 0
  conflict_count: 0
  dynamic_k_mean/min/max: 5.00/5/5
  nonfinite_cost_count: 0
[DEBUG] SimOTA train batch stats:
  images: 32
  empty_images: 6
  gt_count: 30
  candidate_count_mean/min/max: 178.57/50/521
  positives_total: 150
  positives_per_gt_mean/min/max: 5.00/5/5
  positives_stride8: 8
  positives_stride16: 79
  positives_stride32: 63
  unmatched_gt_count: 0
  fallback_count: 0
  conflict_count: 0
  dynamic_k_mean/min/max: 5.00/5/5
  nonfinite_cost_count: 0
[DEBUG] SimOTA train batch stats:
  images: 32
  empty_images: 7
  gt_count: 31
  candidate_count_mean/min/max: 200.26/54/830
  positives_total: 155
  positives_per_gt_mean/min/max: 5.00/5/5
  positives_stride8: 13
  positives_stride16: 72
  positives_stride32: 70
  unmatched_gt_count: 0
  fallback_count: 0
  conflict_count: 0
  dynamic_k_mean/min/max: 5.00/5/5
  nonfinite_cost_count: 0
[DEBUG] SimOTA train batch stats:
  images: 32
  empty_images: 2
  gt_count: 38
  candidate_count_mean/min/max: 189.47/75/622
  positives_total: 190
  positives_per_gt_mean/min/max: 5.00/5/5
  positives_stride8: 16
  positives_stride16: 99
  positives_stride32: 75
  unmatched_gt_count: 0
  fallback_count: 0
  conflict_count: 0
  dynamic_k_mean/min/max: 5.00/5/5
  nonfinite_cost_count: 0
[DEBUG] SimOTA train batch stats:
  images: 32
  empty_images: 3
  gt_count: 35
  candidate_count_mean/min/max: 215.34/75/980
  positives_total: 175
  positives_per_gt_mean/min/max: 5.00/5/5
  positives_stride8: 7
  positives_stride16: 95
  positives_stride32: 73
  unmatched_gt_count: 0
  fallback_count: 0
  conflict_count: 0
  dynamic_k_mean/min/max: 5.00/5/5
  nonfinite_cost_count: 0
[DEBUG] SimOTA train batch stats:
  images: 32
  empty_images: 5
  gt_count: 30
  candidate_count_mean/min/max: 208.00/53/613
  positives_total: 150
  positives_per_gt_mean/min/max: 5.00/5/5
  positives_stride8: 7
  positives_stride16: 80
  positives_stride32: 63
  unmatched_gt_count: 0
  fallback_count: 0
  conflict_count: 0
  dynamic_k_mean/min/max: 5.00/5/5
  nonfinite_cost_count: 0
[DEBUG] SimOTA val batch stats:
  images: 32
  empty_images: 13
  gt_count: 19
  candidate_count_mean/min/max: 79.00/60/109
  positives_total: 91
  positives_per_gt_mean/min/max: 4.79/3/5
  positives_stride8: 18
  positives_stride16: 45
  positives_stride32: 28
  unmatched_gt_count: 0
  fallback_count: 0
  conflict_count: 0
  dynamic_k_mean/min/max: 4.79/3/5
  nonfinite_cost_count: 0
[INFO] epoch summary | train loss=0.7222 obj=0.0004 box=0.1444 pos=172.19 | val loss=0.9176 map50=0.9174 map5095=0.7122 P=0.9257 R=0.8361 F1=0.8786
[INFO] val extras | mean_iou=0.8929 center_err_px(mean/med/p95)=2.00/1.68/4.92 center_err_norm_diag(mean/med/p95)=0.0025/0.0021/0.0061 fp/img=0.0666 small/med/large recall=0.7296/0.8744/0.9116 counts=233/223/215
[INFO] saved per-epoch checkpoint: /mnt/core/MLonMCU_proj/software/ball_detection/runs/20260522-133921-simota_diou_v2_pruned_30/checkpoints/070_epoch.pt
[INFO] new best checkpoint at epoch 70: /mnt/core/MLonMCU_proj/software/ball_detection/runs/20260522-133921-simota_diou_v2_pruned_30/checkpoints/best.pt
[INFO] epoch 71/150 start | lr=0.000552712
[DEBUG] SimOTA train batch stats:
  images: 32
  empty_images: 5
  gt_count: 33
  candidate_count_mean/min/max: 158.55/56/680
  positives_total: 165
  positives_per_gt_mean/min/max: 5.00/5/5
  positives_stride8: 12
  positives_stride16: 89
  positives_stride32: 64
  unmatched_gt_count: 0
  fallback_count: 0
  conflict_count: 0
  dynamic_k_mean/min/max: 5.00/5/5
  nonfinite_cost_count: 0
[DEBUG] SimOTA train batch stats:
  images: 32
  empty_images: 1
  gt_count: 35
  candidate_count_mean/min/max: 286.06/60/1580
  positives_total: 170
  positives_per_gt_mean/min/max: 4.86/1/5
  positives_stride8: 16
  positives_stride16: 73
  positives_stride32: 81
  unmatched_gt_count: 0
  fallback_count: 0
  conflict_count: 5
  dynamic_k_mean/min/max: 5.00/5/5
  nonfinite_cost_count: 0
[DEBUG] SimOTA train batch stats:
  images: 32
  empty_images: 7
  gt_count: 31
  candidate_count_mean/min/max: 179.29/60/632
  positives_total: 155
  positives_per_gt_mean/min/max: 5.00/5/5
  positives_stride8: 8
  positives_stride16: 88
  positives_stride32: 59
  unmatched_gt_count: 0
  fallback_count: 0
  conflict_count: 0
  dynamic_k_mean/min/max: 5.00/5/5
  nonfinite_cost_count: 0
[DEBUG] SimOTA train batch stats:
  images: 32
  empty_images: 3
  gt_count: 37
  candidate_count_mean/min/max: 189.35/70/1263
  positives_total: 185
  positives_per_gt_mean/min/max: 5.00/5/5
  positives_stride8: 17
  positives_stride16: 89
  positives_stride32: 79
  unmatched_gt_count: 0
  fallback_count: 0
  conflict_count: 0
  dynamic_k_mean/min/max: 5.00/5/5
  nonfinite_cost_count: 0
[DEBUG] SimOTA train batch stats:
  images: 32
  empty_images: 5
  gt_count: 33
  candidate_count_mean/min/max: 165.36/45/545
  positives_total: 164
  positives_per_gt_mean/min/max: 4.97/4/5
  positives_stride8: 18
  positives_stride16: 82
  positives_stride32: 64
  unmatched_gt_count: 0
  fallback_count: 0
  conflict_count: 0
  dynamic_k_mean/min/max: 4.97/4/5
  nonfinite_cost_count: 0
[DEBUG] SimOTA train batch stats:
  images: 32
  empty_images: 2
  gt_count: 37
  candidate_count_mean/min/max: 149.51/56/680
  positives_total: 185
  positives_per_gt_mean/min/max: 5.00/5/5
  positives_stride8: 14
  positives_stride16: 98
  positives_stride32: 73
  unmatched_gt_count: 0
  fallback_count: 0
  conflict_count: 0
  dynamic_k_mean/min/max: 5.00/5/5
  nonfinite_cost_count: 0
[DEBUG] SimOTA val batch stats:
  images: 32
  empty_images: 6
  gt_count: 26
  candidate_count_mean/min/max: 85.81/70/211
  positives_total: 130
  positives_per_gt_mean/min/max: 5.00/5/5
  positives_stride8: 34
  positives_stride16: 55
  positives_stride32: 41
  unmatched_gt_count: 0
  fallback_count: 0
  conflict_count: 0
  dynamic_k_mean/min/max: 5.00/5/5
  nonfinite_cost_count: 0
[INFO] epoch summary | train loss=0.7156 obj=0.0004 box=0.1431 pos=171.82 | val loss=0.9282 map50=0.9161 map5095=0.7106 P=0.9488 R=0.8286 F1=0.8846
[INFO] val extras | mean_iou=0.8938 center_err_px(mean/med/p95)=2.05/1.69/5.06 center_err_norm_diag(mean/med/p95)=0.0026/0.0021/0.0063 fp/img=0.0444 small/med/large recall=0.7082/0.8834/0.9023 counts=233/223/215
[INFO] saved per-epoch checkpoint: /mnt/core/MLonMCU_proj/software/ball_detection/runs/20260522-133921-simota_diou_v2_pruned_30/checkpoints/071_epoch.pt
[INFO] early stopping status: bad_epochs=1/30
[INFO] epoch 72/150 start | lr=0.000542297
[DEBUG] SimOTA train batch stats:
  images: 32
  empty_images: 3
  gt_count: 40
  candidate_count_mean/min/max: 206.65/45/1077
  positives_total: 199
  positives_per_gt_mean/min/max: 4.97/4/5
  positives_stride8: 17
  positives_stride16: 98
  positives_stride32: 84
  unmatched_gt_count: 0
  fallback_count: 0
  conflict_count: 0
  dynamic_k_mean/min/max: 4.97/4/5
  nonfinite_cost_count: 0
[DEBUG] SimOTA train batch stats:
  images: 32
  empty_images: 6
  gt_count: 34
  candidate_count_mean/min/max: 215.65/70/941
  positives_total: 168
  positives_per_gt_mean/min/max: 4.94/3/5
  positives_stride8: 11
  positives_stride16: 76
  positives_stride32: 81
  unmatched_gt_count: 0
  fallback_count: 0
  conflict_count: 1
  dynamic_k_mean/min/max: 4.97/4/5
  nonfinite_cost_count: 0
[DEBUG] SimOTA train batch stats:
  images: 32
  empty_images: 7
  gt_count: 37
  candidate_count_mean/min/max: 143.22/60/495
  positives_total: 185
  positives_per_gt_mean/min/max: 5.00/5/5
  positives_stride8: 24
  positives_stride16: 100
  positives_stride32: 61
  unmatched_gt_count: 0
  fallback_count: 0
  conflict_count: 0
  dynamic_k_mean/min/max: 5.00/5/5
  nonfinite_cost_count: 0
[DEBUG] SimOTA train batch stats:
  images: 32
  empty_images: 5
  gt_count: 33
  candidate_count_mean/min/max: 277.97/50/1575
  positives_total: 165
  positives_per_gt_mean/min/max: 5.00/5/5
  positives_stride8: 7
  positives_stride16: 82
  positives_stride32: 76
  unmatched_gt_count: 0
  fallback_count: 0
  conflict_count: 0
  dynamic_k_mean/min/max: 5.00/5/5
  nonfinite_cost_count: 0
[DEBUG] SimOTA train batch stats:
  images: 32
  empty_images: 4
  gt_count: 40
  candidate_count_mean/min/max: 120.70/70/467
  positives_total: 200
  positives_per_gt_mean/min/max: 5.00/5/5
  positives_stride8: 21
  positives_stride16: 104
  positives_stride32: 75
  unmatched_gt_count: 0
  fallback_count: 0
  conflict_count: 0
  dynamic_k_mean/min/max: 5.00/5/5
  nonfinite_cost_count: 0
[DEBUG] SimOTA train batch stats:
  images: 32
  empty_images: 7
  gt_count: 30
  candidate_count_mean/min/max: 245.33/75/792
  positives_total: 150
  positives_per_gt_mean/min/max: 5.00/5/5
  positives_stride8: 8
  positives_stride16: 76
  positives_stride32: 66
  unmatched_gt_count: 0
  fallback_count: 0
  conflict_count: 0
  dynamic_k_mean/min/max: 5.00/5/5
  nonfinite_cost_count: 0
[DEBUG] SimOTA val batch stats:
  images: 32
  empty_images: 5
  gt_count: 27
  candidate_count_mean/min/max: 201.30/70/467
  positives_total: 135
  positives_per_gt_mean/min/max: 5.00/5/5
  positives_stride8: 16
  positives_stride16: 72
  positives_stride32: 47
  unmatched_gt_count: 0
  fallback_count: 0
  conflict_count: 0
  dynamic_k_mean/min/max: 5.00/5/5
  nonfinite_cost_count: 0
[INFO] epoch summary | train loss=0.7170 obj=0.0004 box=0.1433 pos=171.76 | val loss=0.9181 map50=0.9193 map5095=0.7164 P=0.9490 R=0.8316 F1=0.8864
[INFO] val extras | mean_iou=0.8959 center_err_px(mean/med/p95)=1.96/1.61/5.00 center_err_norm_diag(mean/med/p95)=0.0025/0.0020/0.0063 fp/img=0.0444 small/med/large recall=0.7082/0.8969/0.8977 counts=233/223/215
[INFO] saved per-epoch checkpoint: /mnt/core/MLonMCU_proj/software/ball_detection/runs/20260522-133921-simota_diou_v2_pruned_30/checkpoints/072_epoch.pt
[INFO] new best checkpoint at epoch 72: /mnt/core/MLonMCU_proj/software/ball_detection/runs/20260522-133921-simota_diou_v2_pruned_30/checkpoints/best.pt
[INFO] epoch 73/150 start | lr=0.000531864
[DEBUG] SimOTA train batch stats:
  images: 32
  empty_images: 2
  gt_count: 36
  candidate_count_mean/min/max: 205.28/70/1580
  positives_total: 180
  positives_per_gt_mean/min/max: 5.00/5/5
  positives_stride8: 12
  positives_stride16: 90
  positives_stride32: 78
  unmatched_gt_count: 0
  fallback_count: 0
  conflict_count: 0
  dynamic_k_mean/min/max: 5.00/5/5
  nonfinite_cost_count: 0
[DEBUG] SimOTA train batch stats:
  images: 32
  empty_images: 4
  gt_count: 34
  candidate_count_mean/min/max: 152.85/75/510
  positives_total: 170
  positives_per_gt_mean/min/max: 5.00/5/5
  positives_stride8: 11
  positives_stride16: 88
  positives_stride32: 71
  unmatched_gt_count: 0
  fallback_count: 0
  conflict_count: 0
  dynamic_k_mean/min/max: 5.00/5/5
  nonfinite_cost_count: 0
[DEBUG] SimOTA train batch stats:
  images: 32
  empty_images: 2
  gt_count: 39
  candidate_count_mean/min/max: 178.74/41/743
  positives_total: 195
  positives_per_gt_mean/min/max: 5.00/5/5
  positives_stride8: 22
  positives_stride16: 92
  positives_stride32: 81
  unmatched_gt_count: 0
  fallback_count: 0
  conflict_count: 0
  dynamic_k_mean/min/max: 5.00/5/5
  nonfinite_cost_count: 0
[DEBUG] SimOTA train batch stats:
  images: 32
  empty_images: 10
  gt_count: 26
  candidate_count_mean/min/max: 198.62/70/733
  positives_total: 130
  positives_per_gt_mean/min/max: 5.00/5/5
  positives_stride8: 10
  positives_stride16: 59
  positives_stride32: 61
  unmatched_gt_count: 0
  fallback_count: 0
  conflict_count: 0
  dynamic_k_mean/min/max: 5.00/5/5
  nonfinite_cost_count: 0
[DEBUG] SimOTA train batch stats:
  images: 32
  empty_images: 6
  gt_count: 35
  candidate_count_mean/min/max: 198.74/70/751
  positives_total: 175
  positives_per_gt_mean/min/max: 5.00/5/5
  positives_stride8: 15
  positives_stride16: 90
  positives_stride32: 70
  unmatched_gt_count: 0
  fallback_count: 0
  conflict_count: 0
  dynamic_k_mean/min/max: 5.00/5/5
  nonfinite_cost_count: 0
[DEBUG] SimOTA train batch stats:
  images: 32
  empty_images: 4
  gt_count: 38
  candidate_count_mean/min/max: 184.29/56/1164
  positives_total: 190
  positives_per_gt_mean/min/max: 5.00/5/5
  positives_stride8: 20
  positives_stride16: 93
  positives_stride32: 77
  unmatched_gt_count: 0
  fallback_count: 0
  conflict_count: 0
  dynamic_k_mean/min/max: 5.00/5/5
  nonfinite_cost_count: 0
[DEBUG] SimOTA val batch stats:
  images: 32
  empty_images: 4
  gt_count: 32
  candidate_count_mean/min/max: 91.31/57/301
  positives_total: 158
  positives_per_gt_mean/min/max: 4.94/4/5
  positives_stride8: 29
  positives_stride16: 80
  positives_stride32: 49
  unmatched_gt_count: 0
  fallback_count: 0
  conflict_count: 0
  dynamic_k_mean/min/max: 4.94/4/5
  nonfinite_cost_count: 0
[INFO] epoch summary | train loss=0.7146 obj=0.0004 box=0.1428 pos=172.26 | val loss=0.9303 map50=0.9110 map5095=0.7095 P=0.9562 R=0.8137 F1=0.8792
[INFO] val extras | mean_iou=0.8956 center_err_px(mean/med/p95)=1.94/1.58/5.02 center_err_norm_diag(mean/med/p95)=0.0024/0.0020/0.0063 fp/img=0.0370 small/med/large recall=0.6824/0.8879/0.8791 counts=233/223/215
[INFO] saved per-epoch checkpoint: /mnt/core/MLonMCU_proj/software/ball_detection/runs/20260522-133921-simota_diou_v2_pruned_30/checkpoints/073_epoch.pt
[INFO] early stopping status: bad_epochs=1/30
[INFO] epoch 74/150 start | lr=0.000521417
[DEBUG] SimOTA train batch stats:
  images: 32
  empty_images: 5
  gt_count: 35
  candidate_count_mean/min/max: 169.03/70/1003
  positives_total: 175
  positives_per_gt_mean/min/max: 5.00/5/5
  positives_stride8: 15
  positives_stride16: 86
  positives_stride32: 74
  unmatched_gt_count: 0
  fallback_count: 0
  conflict_count: 0
  dynamic_k_mean/min/max: 5.00/5/5
  nonfinite_cost_count: 0
[DEBUG] SimOTA train batch stats:
  images: 32
  empty_images: 3
  gt_count: 34
  candidate_count_mean/min/max: 220.06/70/1195
  positives_total: 170
  positives_per_gt_mean/min/max: 5.00/5/5
  positives_stride8: 14
  positives_stride16: 84
  positives_stride32: 72
  unmatched_gt_count: 0
  fallback_count: 0
  conflict_count: 0
  dynamic_k_mean/min/max: 5.00/5/5
  nonfinite_cost_count: 0
[DEBUG] SimOTA train batch stats:
  images: 32
  empty_images: 3
  gt_count: 35
  candidate_count_mean/min/max: 189.66/56/758
  positives_total: 175
  positives_per_gt_mean/min/max: 5.00/5/5
  positives_stride8: 21
  positives_stride16: 85
  positives_stride32: 69
  unmatched_gt_count: 0
  fallback_count: 0
  conflict_count: 0
  dynamic_k_mean/min/max: 5.00/5/5
  nonfinite_cost_count: 0
[DEBUG] SimOTA train batch stats:
  images: 32
  empty_images: 4
  gt_count: 35
  candidate_count_mean/min/max: 133.20/75/439
  positives_total: 164
  positives_per_gt_mean/min/max: 4.69/0/5
  positives_stride8: 18
  positives_stride16: 83
  positives_stride32: 63
  unmatched_gt_count: 1
  fallback_count: 0
  conflict_count: 9
  dynamic_k_mean/min/max: 4.94/4/5
  nonfinite_cost_count: 0
[DEBUG] SimOTA train batch stats:
  images: 32
  empty_images: 3
  gt_count: 36
  candidate_count_mean/min/max: 149.03/50/680
  positives_total: 180
  positives_per_gt_mean/min/max: 5.00/5/5
  positives_stride8: 20
  positives_stride16: 88
  positives_stride32: 72
  unmatched_gt_count: 0
  fallback_count: 0
  conflict_count: 0
  dynamic_k_mean/min/max: 5.00/5/5
  nonfinite_cost_count: 0
[DEBUG] SimOTA train batch stats:
  images: 32
  empty_images: 6
  gt_count: 38
  candidate_count_mean/min/max: 154.45/45/952
  positives_total: 189
  positives_per_gt_mean/min/max: 4.97/4/5
  positives_stride8: 21
  positives_stride16: 88
  positives_stride32: 80
  unmatched_gt_count: 0
  fallback_count: 0
  conflict_count: 0
  dynamic_k_mean/min/max: 4.97/4/5
  nonfinite_cost_count: 0
[DEBUG] SimOTA val batch stats:
  images: 32
  empty_images: 4
  gt_count: 36
  candidate_count_mean/min/max: 208.00/70/855
  positives_total: 178
  positives_per_gt_mean/min/max: 4.94/3/5
  positives_stride8: 18
  positives_stride16: 91
  positives_stride32: 69
  unmatched_gt_count: 0
  fallback_count: 0
  conflict_count: 0
  dynamic_k_mean/min/max: 4.94/3/5
  nonfinite_cost_count: 0
[INFO] epoch summary | train loss=0.7171 obj=0.0004 box=0.1433 pos=172.79 | val loss=0.9110 map50=0.9162 map5095=0.7118 P=0.9370 R=0.8420 F1=0.8870
[INFO] val extras | mean_iou=0.8939 center_err_px(mean/med/p95)=2.03/1.58/5.03 center_err_norm_diag(mean/med/p95)=0.0025/0.0020/0.0063 fp/img=0.0562 small/med/large recall=0.7339/0.8969/0.9023 counts=233/223/215
[INFO] saved per-epoch checkpoint: /mnt/core/MLonMCU_proj/software/ball_detection/runs/20260522-133921-simota_diou_v2_pruned_30/checkpoints/074_epoch.pt
[INFO] early stopping status: bad_epochs=2/30
[INFO] epoch 75/150 start | lr=0.000510961
[DEBUG] SimOTA train batch stats:
  images: 32
  empty_images: 5
  gt_count: 35
  candidate_count_mean/min/max: 193.11/50/785
  positives_total: 175
  positives_per_gt_mean/min/max: 5.00/5/5
  positives_stride8: 15
  positives_stride16: 89
  positives_stride32: 71
  unmatched_gt_count: 0
  fallback_count: 0
  conflict_count: 0
  dynamic_k_mean/min/max: 5.00/5/5
  nonfinite_cost_count: 0
[DEBUG] SimOTA train batch stats:
  images: 32
  empty_images: 5
  gt_count: 33
  candidate_count_mean/min/max: 182.82/70/1071
  positives_total: 165
  positives_per_gt_mean/min/max: 5.00/5/5
  positives_stride8: 14
  positives_stride16: 85
  positives_stride32: 66
  unmatched_gt_count: 0
  fallback_count: 0
  conflict_count: 0
  dynamic_k_mean/min/max: 5.00/5/5
  nonfinite_cost_count: 0
[DEBUG] SimOTA train batch stats:
  images: 32
  empty_images: 8
  gt_count: 28
  candidate_count_mean/min/max: 216.89/75/1263
  positives_total: 140
  positives_per_gt_mean/min/max: 5.00/5/5
  positives_stride8: 6
  positives_stride16: 70
  positives_stride32: 64
  unmatched_gt_count: 0
  fallback_count: 0
  conflict_count: 0
  dynamic_k_mean/min/max: 5.00/5/5
  nonfinite_cost_count: 0
[DEBUG] SimOTA train batch stats:
  images: 32
  empty_images: 1
  gt_count: 39
  candidate_count_mean/min/max: 196.03/57/792
  positives_total: 195
  positives_per_gt_mean/min/max: 5.00/5/5
  positives_stride8: 17
  positives_stride16: 99
  positives_stride32: 79
  unmatched_gt_count: 0
  fallback_count: 0
  conflict_count: 0
  dynamic_k_mean/min/max: 5.00/5/5
  nonfinite_cost_count: 0
[DEBUG] SimOTA train batch stats:
  images: 32
  empty_images: 5
  gt_count: 37
  candidate_count_mean/min/max: 121.70/70/613
  positives_total: 182
  positives_per_gt_mean/min/max: 4.92/2/5
  positives_stride8: 19
  positives_stride16: 89
  positives_stride32: 74
  unmatched_gt_count: 0
  fallback_count: 0
  conflict_count: 3
  dynamic_k_mean/min/max: 5.00/5/5
  nonfinite_cost_count: 0
[DEBUG] SimOTA train batch stats:
  images: 32
  empty_images: 10
  gt_count: 29
  candidate_count_mean/min/max: 204.03/60/733
  positives_total: 145
  positives_per_gt_mean/min/max: 5.00/5/5
  positives_stride8: 13
  positives_stride16: 72
  positives_stride32: 60
  unmatched_gt_count: 0
  fallback_count: 0
  conflict_count: 0
  dynamic_k_mean/min/max: 5.00/5/5
  nonfinite_cost_count: 0
[DEBUG] SimOTA val batch stats:
  images: 32
  empty_images: 2
  gt_count: 40
  candidate_count_mean/min/max: 168.12/56/693
  positives_total: 193
  positives_per_gt_mean/min/max: 4.83/0/5
  positives_stride8: 3
  positives_stride16: 114
  positives_stride32: 76
  unmatched_gt_count: 1
  fallback_count: 0
  conflict_count: 4
  dynamic_k_mean/min/max: 4.92/3/5
  nonfinite_cost_count: 0
[INFO] epoch summary | train loss=0.7085 obj=0.0004 box=0.1416 pos=171.89 | val loss=0.9148 map50=0.9169 map5095=0.7123 P=0.9310 R=0.8450 F1=0.8859
[INFO] val extras | mean_iou=0.8922 center_err_px(mean/med/p95)=2.00/1.56/4.98 center_err_norm_diag(mean/med/p95)=0.0025/0.0020/0.0062 fp/img=0.0621 small/med/large recall=0.7382/0.8969/0.9070 counts=233/223/215
[INFO] saved per-epoch checkpoint: /mnt/core/MLonMCU_proj/software/ball_detection/runs/20260522-133921-simota_diou_v2_pruned_30/checkpoints/075_epoch.pt
[INFO] early stopping status: bad_epochs=3/30
[INFO] epoch 76/150 start | lr=0.0005005
[DEBUG] SimOTA train batch stats:
  images: 32
  empty_images: 3
  gt_count: 43
  candidate_count_mean/min/max: 134.60/50/646
  positives_total: 209
  positives_per_gt_mean/min/max: 4.86/1/5
  positives_stride8: 25
  positives_stride16: 106
  positives_stride32: 78
  unmatched_gt_count: 0
  fallback_count: 0
  conflict_count: 6
  dynamic_k_mean/min/max: 5.00/5/5
  nonfinite_cost_count: 0
[DEBUG] SimOTA train batch stats:
  images: 32
  empty_images: 7
  gt_count: 31
  candidate_count_mean/min/max: 164.00/69/535
  positives_total: 155
  positives_per_gt_mean/min/max: 5.00/5/5
  positives_stride8: 17
  positives_stride16: 82
  positives_stride32: 56
  unmatched_gt_count: 0
  fallback_count: 0
  conflict_count: 0
  dynamic_k_mean/min/max: 5.00/5/5
  nonfinite_cost_count: 0
[DEBUG] SimOTA train batch stats:
  images: 32
  empty_images: 8
  gt_count: 35
  candidate_count_mean/min/max: 194.71/75/980
  positives_total: 160
  positives_per_gt_mean/min/max: 4.57/0/5
  positives_stride8: 16
  positives_stride16: 81
  positives_stride32: 63
  unmatched_gt_count: 1
  fallback_count: 0
  conflict_count: 15
  dynamic_k_mean/min/max: 5.00/5/5
  nonfinite_cost_count: 0
[DEBUG] SimOTA train batch stats:
  images: 32
  empty_images: 6
  gt_count: 31
  candidate_count_mean/min/max: 168.32/60/772
  positives_total: 155
  positives_per_gt_mean/min/max: 5.00/5/5
  positives_stride8: 16
  positives_stride16: 79
  positives_stride32: 60
  unmatched_gt_count: 0
  fallback_count: 0
  conflict_count: 0
  dynamic_k_mean/min/max: 5.00/5/5
  nonfinite_cost_count: 0
[DEBUG] SimOTA train batch stats:
  images: 32
  empty_images: 7
  gt_count: 32
  candidate_count_mean/min/max: 189.19/70/1035
  positives_total: 160
  positives_per_gt_mean/min/max: 5.00/5/5
  positives_stride8: 10
  positives_stride16: 83
  positives_stride32: 67
  unmatched_gt_count: 0
  fallback_count: 0
  conflict_count: 0
  dynamic_k_mean/min/max: 5.00/5/5
  nonfinite_cost_count: 0
[DEBUG] SimOTA train batch stats:
  images: 32
  empty_images: 2
  gt_count: 38
  candidate_count_mean/min/max: 177.50/70/926
  positives_total: 190
  positives_per_gt_mean/min/max: 5.00/5/5
  positives_stride8: 13
  positives_stride16: 100
  positives_stride32: 77
  unmatched_gt_count: 0
  fallback_count: 0
  conflict_count: 0
  dynamic_k_mean/min/max: 5.00/5/5
  nonfinite_cost_count: 0
[DEBUG] SimOTA val batch stats:
  images: 32
  empty_images: 4
  gt_count: 34
  candidate_count_mean/min/max: 194.94/62/780
  positives_total: 168
  positives_per_gt_mean/min/max: 4.94/3/5
  positives_stride8: 10
  positives_stride16: 91
  positives_stride32: 67
  unmatched_gt_count: 0
  fallback_count: 0
  conflict_count: 0
  dynamic_k_mean/min/max: 4.94/3/5
  nonfinite_cost_count: 0
[INFO] epoch summary | train loss=0.7037 obj=0.0004 box=0.1407 pos=172.17 | val loss=0.9121 map50=0.9199 map5095=0.7162 P=0.9459 R=0.8331 F1=0.8859
[INFO] val extras | mean_iou=0.8967 center_err_px(mean/med/p95)=1.94/1.55/4.77 center_err_norm_diag(mean/med/p95)=0.0024/0.0019/0.0060 fp/img=0.0473 small/med/large recall=0.7210/0.8879/0.8977 counts=233/223/215
[INFO] saved per-epoch checkpoint: /mnt/core/MLonMCU_proj/software/ball_detection/runs/20260522-133921-simota_diou_v2_pruned_30/checkpoints/076_epoch.pt
[INFO] early stopping status: bad_epochs=4/30
[INFO] epoch 77/150 start | lr=0.000490039
[DEBUG] SimOTA train batch stats:
  images: 32
  empty_images: 3
  gt_count: 36
  candidate_count_mean/min/max: 141.00/70/455
  positives_total: 180
  positives_per_gt_mean/min/max: 5.00/5/5
  positives_stride8: 19
  positives_stride16: 96
  positives_stride32: 65
  unmatched_gt_count: 0
  fallback_count: 0
  conflict_count: 0
  dynamic_k_mean/min/max: 5.00/5/5
  nonfinite_cost_count: 0
[DEBUG] SimOTA train batch stats:
  images: 32
  empty_images: 1
  gt_count: 38
  candidate_count_mean/min/max: 142.26/65/560
  positives_total: 190
  positives_per_gt_mean/min/max: 5.00/5/5
  positives_stride8: 12
  positives_stride16: 109
  positives_stride32: 69
  unmatched_gt_count: 0
  fallback_count: 0
  conflict_count: 0
  dynamic_k_mean/min/max: 5.00/5/5
  nonfinite_cost_count: 0
[DEBUG] SimOTA train batch stats:
  images: 32
  empty_images: 4
  gt_count: 33
  candidate_count_mean/min/max: 169.61/60/733
  positives_total: 165
  positives_per_gt_mean/min/max: 5.00/5/5
  positives_stride8: 16
  positives_stride16: 87
  positives_stride32: 62
  unmatched_gt_count: 0
  fallback_count: 0
  conflict_count: 0
  dynamic_k_mean/min/max: 5.00/5/5
  nonfinite_cost_count: 0
[DEBUG] SimOTA train batch stats:
  images: 32
  empty_images: 2
  gt_count: 36
  candidate_count_mean/min/max: 187.78/50/941
  positives_total: 180
  positives_per_gt_mean/min/max: 5.00/5/5
  positives_stride8: 9
  positives_stride16: 93
  positives_stride32: 78
  unmatched_gt_count: 0
  fallback_count: 0
  conflict_count: 0
  dynamic_k_mean/min/max: 5.00/5/5
  nonfinite_cost_count: 0
[DEBUG] SimOTA train batch stats:
  images: 32
  empty_images: 3
  gt_count: 36
  candidate_count_mean/min/max: 155.19/70/594
  positives_total: 180
  positives_per_gt_mean/min/max: 5.00/5/5
  positives_stride8: 11
  positives_stride16: 99
  positives_stride32: 70
  unmatched_gt_count: 0
  fallback_count: 0
  conflict_count: 0
  dynamic_k_mean/min/max: 5.00/5/5
  nonfinite_cost_count: 0
[DEBUG] SimOTA train batch stats:
  images: 32
  empty_images: 3
  gt_count: 37
  candidate_count_mean/min/max: 191.59/70/661
  positives_total: 185
  positives_per_gt_mean/min/max: 5.00/5/5
  positives_stride8: 15
  positives_stride16: 91
  positives_stride32: 79
  unmatched_gt_count: 0
  fallback_count: 0
  conflict_count: 0
  dynamic_k_mean/min/max: 5.00/5/5
  nonfinite_cost_count: 0
[DEBUG] SimOTA val batch stats:
  images: 32
  empty_images: 6
  gt_count: 28
  candidate_count_mean/min/max: 181.21/75/576
  positives_total: 140
  positives_per_gt_mean/min/max: 5.00/5/5
  positives_stride8: 2
  positives_stride16: 79
  positives_stride32: 59
  unmatched_gt_count: 0
  fallback_count: 0
  conflict_count: 0
  dynamic_k_mean/min/max: 5.00/5/5
  nonfinite_cost_count: 0
[INFO] epoch summary | train loss=0.6987 obj=0.0004 box=0.1397 pos=172.56 | val loss=0.9113 map50=0.9218 map5095=0.7141 P=0.9393 R=0.8301 F1=0.8813
[INFO] val extras | mean_iou=0.8956 center_err_px(mean/med/p95)=2.04/1.60/5.02 center_err_norm_diag(mean/med/p95)=0.0025/0.0020/0.0063 fp/img=0.0533 small/med/large recall=0.6996/0.8924/0.9070 counts=233/223/215
[INFO] saved per-epoch checkpoint: /mnt/core/MLonMCU_proj/software/ball_detection/runs/20260522-133921-simota_diou_v2_pruned_30/checkpoints/077_epoch.pt
[INFO] early stopping status: bad_epochs=5/30
[INFO] epoch 78/150 start | lr=0.000479583
[DEBUG] SimOTA train batch stats:
  images: 32
  empty_images: 3
  gt_count: 34
  candidate_count_mean/min/max: 270.26/70/1575
  positives_total: 170
  positives_per_gt_mean/min/max: 5.00/5/5
  positives_stride8: 10
  positives_stride16: 84
  positives_stride32: 76
  unmatched_gt_count: 0
  fallback_count: 0
  conflict_count: 0
  dynamic_k_mean/min/max: 5.00/5/5
  nonfinite_cost_count: 0
[DEBUG] SimOTA train batch stats:
  images: 32
  empty_images: 1
  gt_count: 39
  candidate_count_mean/min/max: 209.64/70/855
  positives_total: 195
  positives_per_gt_mean/min/max: 5.00/5/5
  positives_stride8: 10
  positives_stride16: 91
  positives_stride32: 94
  unmatched_gt_count: 0
  fallback_count: 0
  conflict_count: 0
  dynamic_k_mean/min/max: 5.00/5/5
  nonfinite_cost_count: 0
[DEBUG] SimOTA train batch stats:
  images: 32
  empty_images: 4
  gt_count: 35
  candidate_count_mean/min/max: 223.66/60/1164
  positives_total: 175
  positives_per_gt_mean/min/max: 5.00/5/5
  positives_stride8: 9
  positives_stride16: 87
  positives_stride32: 79
  unmatched_gt_count: 0
  fallback_count: 0
  conflict_count: 0
  dynamic_k_mean/min/max: 5.00/5/5
  nonfinite_cost_count: 0
[DEBUG] SimOTA train batch stats:
  images: 32
  empty_images: 5
  gt_count: 29
  candidate_count_mean/min/max: 217.48/60/789
  positives_total: 145
  positives_per_gt_mean/min/max: 5.00/5/5
  positives_stride8: 13
  positives_stride16: 75
  positives_stride32: 57
  unmatched_gt_count: 0
  fallback_count: 0
  conflict_count: 0
  dynamic_k_mean/min/max: 5.00/5/5
  nonfinite_cost_count: 0
[DEBUG] SimOTA train batch stats:
  images: 32
  empty_images: 4
  gt_count: 38
  candidate_count_mean/min/max: 149.29/50/476
  positives_total: 190
  positives_per_gt_mean/min/max: 5.00/5/5
  positives_stride8: 21
  positives_stride16: 100
  positives_stride32: 69
  unmatched_gt_count: 0
  fallback_count: 0
  conflict_count: 0
  dynamic_k_mean/min/max: 5.00/5/5
  nonfinite_cost_count: 0
[DEBUG] SimOTA train batch stats:
  images: 32
  empty_images: 6
  gt_count: 29
  candidate_count_mean/min/max: 206.52/56/661
  positives_total: 145
  positives_per_gt_mean/min/max: 5.00/5/5
  positives_stride8: 8
  positives_stride16: 81
  positives_stride32: 56
  unmatched_gt_count: 0
  fallback_count: 0
  conflict_count: 0
  dynamic_k_mean/min/max: 5.00/5/5
  nonfinite_cost_count: 0
[DEBUG] SimOTA val batch stats:
  images: 32
  empty_images: 1
  gt_count: 34
  candidate_count_mean/min/max: 244.56/75/840
  positives_total: 169
  positives_per_gt_mean/min/max: 4.97/4/5
  positives_stride8: 8
  positives_stride16: 84
  positives_stride32: 77
  unmatched_gt_count: 0
  fallback_count: 0
  conflict_count: 0
  dynamic_k_mean/min/max: 4.97/4/5
  nonfinite_cost_count: 0
[INFO] epoch summary | train loss=0.6957 obj=0.0004 box=0.1391 pos=172.03 | val loss=0.9155 map50=0.9195 map5095=0.7102 P=0.9350 R=0.8361 F1=0.8828
[INFO] val extras | mean_iou=0.8944 center_err_px(mean/med/p95)=2.00/1.59/5.03 center_err_norm_diag(mean/med/p95)=0.0025/0.0020/0.0063 fp/img=0.0577 small/med/large recall=0.7210/0.8879/0.9070 counts=233/223/215
[INFO] saved per-epoch checkpoint: /mnt/core/MLonMCU_proj/software/ball_detection/runs/20260522-133921-simota_diou_v2_pruned_30/checkpoints/078_epoch.pt
[INFO] early stopping status: bad_epochs=6/30
[INFO] epoch 79/150 start | lr=0.000469136
[DEBUG] SimOTA train batch stats:
  images: 32
  empty_images: 7
  gt_count: 32
  candidate_count_mean/min/max: 231.75/57/808
  positives_total: 160
  positives_per_gt_mean/min/max: 5.00/5/5
  positives_stride8: 13
  positives_stride16: 77
  positives_stride32: 70
  unmatched_gt_count: 0
  fallback_count: 0
  conflict_count: 0
  dynamic_k_mean/min/max: 5.00/5/5
  nonfinite_cost_count: 0
[DEBUG] SimOTA train batch stats:
  images: 32
  empty_images: 4
  gt_count: 37
  candidate_count_mean/min/max: 161.08/75/613
  positives_total: 185
  positives_per_gt_mean/min/max: 5.00/5/5
  positives_stride8: 18
  positives_stride16: 93
  positives_stride32: 74
  unmatched_gt_count: 0
  fallback_count: 0
  conflict_count: 0
  dynamic_k_mean/min/max: 5.00/5/5
  nonfinite_cost_count: 0
[DEBUG] SimOTA train batch stats:
  images: 32
  empty_images: 4
  gt_count: 36
  candidate_count_mean/min/max: 215.94/45/941
  positives_total: 179
  positives_per_gt_mean/min/max: 4.97/4/5
  positives_stride8: 16
  positives_stride16: 89
  positives_stride32: 74
  unmatched_gt_count: 0
  fallback_count: 0
  conflict_count: 0
  dynamic_k_mean/min/max: 4.97/4/5
  nonfinite_cost_count: 0
[DEBUG] SimOTA train batch stats:
  images: 32
  empty_images: 2
  gt_count: 32
  candidate_count_mean/min/max: 314.25/60/1580
  positives_total: 160
  positives_per_gt_mean/min/max: 5.00/5/5
  positives_stride8: 11
  positives_stride16: 69
  positives_stride32: 80
  unmatched_gt_count: 0
  fallback_count: 0
  conflict_count: 0
  dynamic_k_mean/min/max: 5.00/5/5
  nonfinite_cost_count: 0
[DEBUG] SimOTA train batch stats:
  images: 32
  empty_images: 2
  gt_count: 39
  candidate_count_mean/min/max: 139.13/70/472
  positives_total: 195
  positives_per_gt_mean/min/max: 5.00/5/5
  positives_stride8: 19
  positives_stride16: 109
  positives_stride32: 67
  unmatched_gt_count: 0
  fallback_count: 0
  conflict_count: 0
  dynamic_k_mean/min/max: 5.00/5/5
  nonfinite_cost_count: 0
[DEBUG] SimOTA val batch stats:
  images: 32
  empty_images: 4
  gt_count: 28
  candidate_count_mean/min/max: 341.71/60/448
  positives_total: 140
  positives_per_gt_mean/min/max: 5.00/5/5
  positives_stride8: 3
  positives_stride16: 76
  positives_stride32: 61
  unmatched_gt_count: 0
  fallback_count: 0
  conflict_count: 0
  dynamic_k_mean/min/max: 5.00/5/5
  nonfinite_cost_count: 0
[DEBUG] SimOTA val batch stats:
  images: 32
  empty_images: 2
  gt_count: 44
  candidate_count_mean/min/max: 294.34/60/983
  positives_total: 220
  positives_per_gt_mean/min/max: 5.00/5/5
  positives_stride8: 6
  positives_stride16: 101
  positives_stride32: 113
  unmatched_gt_count: 0
  fallback_count: 0
  conflict_count: 0
  dynamic_k_mean/min/max: 5.00/5/5
  nonfinite_cost_count: 0
[INFO] epoch summary | train loss=0.6910 obj=0.0004 box=0.1381 pos=172.18 | val loss=0.9012 map50=0.9208 map5095=0.7164 P=0.9355 R=0.8435 F1=0.8871
[INFO] val extras | mean_iou=0.8953 center_err_px(mean/med/p95)=2.01/1.57/5.06 center_err_norm_diag(mean/med/p95)=0.0025/0.0020/0.0063 fp/img=0.0577 small/med/large recall=0.7167/0.8969/0.9256 counts=233/223/215
[INFO] saved per-epoch checkpoint: /mnt/core/MLonMCU_proj/software/ball_detection/runs/20260522-133921-simota_diou_v2_pruned_30/checkpoints/079_epoch.pt
[INFO] early stopping status: bad_epochs=7/30
[INFO] epoch 80/150 start | lr=0.000458703
[DEBUG] SimOTA train batch stats:
  images: 32
  empty_images: 2
  gt_count: 36
  candidate_count_mean/min/max: 202.25/60/775
  positives_total: 180
  positives_per_gt_mean/min/max: 5.00/5/5
  positives_stride8: 16
  positives_stride16: 91
  positives_stride32: 73
  unmatched_gt_count: 0
  fallback_count: 0
  conflict_count: 0
  dynamic_k_mean/min/max: 5.00/5/5
  nonfinite_cost_count: 0
[DEBUG] SimOTA train batch stats:
  images: 32
  empty_images: 2
  gt_count: 39
  candidate_count_mean/min/max: 166.36/70/928
  positives_total: 193
  positives_per_gt_mean/min/max: 4.95/3/5
  positives_stride8: 22
  positives_stride16: 95
  positives_stride32: 76
  unmatched_gt_count: 0
  fallback_count: 0
  conflict_count: 1
  dynamic_k_mean/min/max: 4.97/4/5
  nonfinite_cost_count: 0
[DEBUG] SimOTA train batch stats:
  images: 32
  empty_images: 5
  gt_count: 35
  candidate_count_mean/min/max: 145.89/70/822
  positives_total: 175
  positives_per_gt_mean/min/max: 5.00/5/5
  positives_stride8: 12
  positives_stride16: 86
  positives_stride32: 77
  unmatched_gt_count: 0
  fallback_count: 0
  conflict_count: 0
  dynamic_k_mean/min/max: 5.00/5/5
  nonfinite_cost_count: 0
[DEBUG] SimOTA train batch stats:
  images: 32
  empty_images: 5
  gt_count: 35
  candidate_count_mean/min/max: 199.43/50/697
  positives_total: 175
  positives_per_gt_mean/min/max: 5.00/5/5
  positives_stride8: 19
  positives_stride16: 90
  positives_stride32: 66
  unmatched_gt_count: 0
  fallback_count: 0
  conflict_count: 0
  dynamic_k_mean/min/max: 5.00/5/5
  nonfinite_cost_count: 0
[DEBUG] SimOTA train batch stats:
  images: 32
  empty_images: 1
  gt_count: 39
  candidate_count_mean/min/max: 162.31/60/413
  positives_total: 195
  positives_per_gt_mean/min/max: 5.00/5/5
  positives_stride8: 16
  positives_stride16: 109
  positives_stride32: 70
  unmatched_gt_count: 0
  fallback_count: 0
  conflict_count: 0
  dynamic_k_mean/min/max: 5.00/5/5
  nonfinite_cost_count: 0
[DEBUG] SimOTA val batch stats:
  images: 32
  empty_images: 11
  gt_count: 21
  candidate_count_mean/min/max: 108.24/75/176
  positives_total: 105
  positives_per_gt_mean/min/max: 5.00/5/5
  positives_stride8: 3
  positives_stride16: 61
  positives_stride32: 41
  unmatched_gt_count: 0
  fallback_count: 0
  conflict_count: 0
  dynamic_k_mean/min/max: 5.00/5/5
  nonfinite_cost_count: 0
[DEBUG] SimOTA val batch stats:
  images: 4
  empty_images: 2
  gt_count: 3
  candidate_count_mean/min/max: 120.00/86/182
  positives_total: 15
  positives_per_gt_mean/min/max: 5.00/5/5
  positives_stride8: 0
  positives_stride16: 9
  positives_stride32: 6
  unmatched_gt_count: 0
  fallback_count: 0
  conflict_count: 0
  dynamic_k_mean/min/max: 5.00/5/5
  nonfinite_cost_count: 0
[INFO] epoch summary | train loss=0.6859 obj=0.0003 box=0.1371 pos=172.28 | val loss=0.9124 map50=0.9182 map5095=0.7145 P=0.9382 R=0.8376 F1=0.8850
[INFO] val extras | mean_iou=0.8950 center_err_px(mean/med/p95)=2.00/1.66/5.06 center_err_norm_diag(mean/med/p95)=0.0025/0.0021/0.0063 fp/img=0.0547 small/med/large recall=0.7210/0.8879/0.9116 counts=233/223/215
[INFO] saved per-epoch checkpoint: /mnt/core/MLonMCU_proj/software/ball_detection/runs/20260522-133921-simota_diou_v2_pruned_30/checkpoints/080_epoch.pt
[INFO] early stopping status: bad_epochs=8/30
[INFO] epoch 81/150 start | lr=0.000448288
[DEBUG] SimOTA train batch stats:
  images: 32
  empty_images: 7
  gt_count: 28
  candidate_count_mean/min/max: 249.82/60/1261
  positives_total: 140
  positives_per_gt_mean/min/max: 5.00/5/5
  positives_stride8: 8
  positives_stride16: 68
  positives_stride32: 64
  unmatched_gt_count: 0
  fallback_count: 0
  conflict_count: 0
  dynamic_k_mean/min/max: 5.00/5/5
  nonfinite_cost_count: 0
[DEBUG] SimOTA train batch stats:
  images: 32
  empty_images: 7
  gt_count: 30
  candidate_count_mean/min/max: 206.33/75/808
  positives_total: 150
  positives_per_gt_mean/min/max: 5.00/5/5
  positives_stride8: 13
  positives_stride16: 74
  positives_stride32: 63
  unmatched_gt_count: 0
  fallback_count: 0
  conflict_count: 0
  dynamic_k_mean/min/max: 5.00/5/5
  nonfinite_cost_count: 0
[DEBUG] SimOTA train batch stats:
  images: 32
  empty_images: 6
  gt_count: 32
  candidate_count_mean/min/max: 173.44/60/495
  positives_total: 160
  positives_per_gt_mean/min/max: 5.00/5/5
  positives_stride8: 13
  positives_stride16: 84
  positives_stride32: 63
  unmatched_gt_count: 0
  fallback_count: 0
  conflict_count: 0
  dynamic_k_mean/min/max: 5.00/5/5
  nonfinite_cost_count: 0
[DEBUG] SimOTA train batch stats:
  images: 32
  empty_images: 5
  gt_count: 38
  candidate_count_mean/min/max: 223.63/70/737
  positives_total: 188
  positives_per_gt_mean/min/max: 4.95/3/5
  positives_stride8: 15
  positives_stride16: 84
  positives_stride32: 89
  unmatched_gt_count: 0
  fallback_count: 0
  conflict_count: 2
  dynamic_k_mean/min/max: 5.00/5/5
  nonfinite_cost_count: 0
[DEBUG] SimOTA train batch stats:
  images: 32
  empty_images: 2
  gt_count: 37
  candidate_count_mean/min/max: 177.65/70/560
  positives_total: 185
  positives_per_gt_mean/min/max: 5.00/5/5
  positives_stride8: 14
  positives_stride16: 99
  positives_stride32: 72
  unmatched_gt_count: 0
  fallback_count: 0
  conflict_count: 0
  dynamic_k_mean/min/max: 5.00/5/5
  nonfinite_cost_count: 0
[DEBUG] SimOTA val batch stats:
  images: 32
  empty_images: 0
  gt_count: 32
  candidate_count_mean/min/max: 321.94/75/448
  positives_total: 160
  positives_per_gt_mean/min/max: 5.00/5/5
  positives_stride8: 0
  positives_stride16: 93
  positives_stride32: 67
  unmatched_gt_count: 0
  fallback_count: 0
  conflict_count: 0
  dynamic_k_mean/min/max: 5.00/5/5
  nonfinite_cost_count: 0
[INFO] epoch summary | train loss=0.6882 obj=0.0004 box=0.1376 pos=171.93 | val loss=0.9013 map50=0.9186 map5095=0.7199 P=0.9278 R=0.8420 F1=0.8828
[INFO] val extras | mean_iou=0.8957 center_err_px(mean/med/p95)=2.01/1.60/5.07 center_err_norm_diag(mean/med/p95)=0.0025/0.0020/0.0063 fp/img=0.0651 small/med/large recall=0.7124/0.9013/0.9209 counts=233/223/215
[INFO] saved per-epoch checkpoint: /mnt/core/MLonMCU_proj/software/ball_detection/runs/20260522-133921-simota_diou_v2_pruned_30/checkpoints/081_epoch.pt
[INFO] new best checkpoint at epoch 81: /mnt/core/MLonMCU_proj/software/ball_detection/runs/20260522-133921-simota_diou_v2_pruned_30/checkpoints/best.pt
[INFO] epoch 82/150 start | lr=0.000437896
[DEBUG] SimOTA train batch stats:
  images: 32
  empty_images: 5
  gt_count: 38
  candidate_count_mean/min/max: 147.24/70/475
  positives_total: 190
  positives_per_gt_mean/min/max: 5.00/5/5
  positives_stride8: 21
  positives_stride16: 94
  positives_stride32: 75
  unmatched_gt_count: 0
  fallback_count: 0
  conflict_count: 0
  dynamic_k_mean/min/max: 5.00/5/5
  nonfinite_cost_count: 0
[DEBUG] SimOTA train batch stats:
  images: 32
  empty_images: 4
  gt_count: 37
  candidate_count_mean/min/max: 224.49/75/1003
  positives_total: 176
  positives_per_gt_mean/min/max: 4.76/2/5
  positives_stride8: 14
  positives_stride16: 78
  positives_stride32: 84
  unmatched_gt_count: 0
  fallback_count: 0
  conflict_count: 9
  dynamic_k_mean/min/max: 5.00/5/5
  nonfinite_cost_count: 0
[DEBUG] SimOTA train batch stats:
  images: 32
  empty_images: 4
  gt_count: 37
  candidate_count_mean/min/max: 141.30/70/665
  positives_total: 185
  positives_per_gt_mean/min/max: 5.00/5/5
  positives_stride8: 24
  positives_stride16: 92
  positives_stride32: 69
  unmatched_gt_count: 0
  fallback_count: 0
  conflict_count: 0
  dynamic_k_mean/min/max: 5.00/5/5
  nonfinite_cost_count: 0
[DEBUG] SimOTA train batch stats:
  images: 32
  empty_images: 1
  gt_count: 38
  candidate_count_mean/min/max: 175.74/70/668
  positives_total: 190
  positives_per_gt_mean/min/max: 5.00/5/5
  positives_stride8: 11
  positives_stride16: 96
  positives_stride32: 83
  unmatched_gt_count: 0
  fallback_count: 0
  conflict_count: 0
  dynamic_k_mean/min/max: 5.00/5/5
  nonfinite_cost_count: 0
[DEBUG] SimOTA train batch stats:
  images: 32
  empty_images: 5
  gt_count: 36
  candidate_count_mean/min/max: 203.08/45/775
  positives_total: 179
  positives_per_gt_mean/min/max: 4.97/4/5
  positives_stride8: 20
  positives_stride16: 85
  positives_stride32: 74
  unmatched_gt_count: 0
  fallback_count: 0
  conflict_count: 0
  dynamic_k_mean/min/max: 4.97/4/5
  nonfinite_cost_count: 0
[DEBUG] SimOTA train batch stats:
  images: 32
  empty_images: 7
  gt_count: 34
  candidate_count_mean/min/max: 212.82/45/768
  positives_total: 170
  positives_per_gt_mean/min/max: 5.00/5/5
  positives_stride8: 20
  positives_stride16: 81
  positives_stride32: 69
  unmatched_gt_count: 0
  fallback_count: 0
  conflict_count: 0
  dynamic_k_mean/min/max: 5.00/5/5
  nonfinite_cost_count: 0
[DEBUG] SimOTA val batch stats:
  images: 32
  empty_images: 0
  gt_count: 54
  candidate_count_mean/min/max: 108.57/70/430
  positives_total: 270
  positives_per_gt_mean/min/max: 5.00/5/5
  positives_stride8: 69
  positives_stride16: 112
  positives_stride32: 89
  unmatched_gt_count: 0
  fallback_count: 0
  conflict_count: 0
  dynamic_k_mean/min/max: 5.00/5/5
  nonfinite_cost_count: 0
[INFO] epoch summary | train loss=0.6802 obj=0.0004 box=0.1360 pos=172.44 | val loss=0.9052 map50=0.9188 map5095=0.7202 P=0.9395 R=0.8331 F1=0.8831
[INFO] val extras | mean_iou=0.8975 center_err_px(mean/med/p95)=2.01/1.59/5.07 center_err_norm_diag(mean/med/p95)=0.0025/0.0020/0.0063 fp/img=0.0533 small/med/large recall=0.6996/0.8924/0.9163 counts=233/223/215
[INFO] saved per-epoch checkpoint: /mnt/core/MLonMCU_proj/software/ball_detection/runs/20260522-133921-simota_diou_v2_pruned_30/checkpoints/082_epoch.pt
[INFO] early stopping status: bad_epochs=1/30
[INFO] epoch 83/150 start | lr=0.000427532
[DEBUG] SimOTA train batch stats:
  images: 32
  empty_images: 5
  gt_count: 35
  candidate_count_mean/min/max: 146.89/53/378
  positives_total: 175
  positives_per_gt_mean/min/max: 5.00/5/5
  positives_stride8: 17
  positives_stride16: 88
  positives_stride32: 70
  unmatched_gt_count: 0
  fallback_count: 0
  conflict_count: 0
  dynamic_k_mean/min/max: 5.00/5/5
  nonfinite_cost_count: 0
[DEBUG] SimOTA train batch stats:
  images: 32
  empty_images: 3
  gt_count: 36
  candidate_count_mean/min/max: 154.89/70/448
  positives_total: 178
  positives_per_gt_mean/min/max: 4.94/3/5
  positives_stride8: 24
  positives_stride16: 87
  positives_stride32: 67
  unmatched_gt_count: 0
  fallback_count: 0
  conflict_count: 1
  dynamic_k_mean/min/max: 4.97/4/5
  nonfinite_cost_count: 0
[DEBUG] SimOTA train batch stats:
  images: 32
  empty_images: 4
  gt_count: 37
  candidate_count_mean/min/max: 194.35/41/614
  positives_total: 185
  positives_per_gt_mean/min/max: 5.00/5/5
  positives_stride8: 16
  positives_stride16: 94
  positives_stride32: 75
  unmatched_gt_count: 0
  fallback_count: 0
  conflict_count: 0
  dynamic_k_mean/min/max: 5.00/5/5
  nonfinite_cost_count: 0
[DEBUG] SimOTA train batch stats:
  images: 32
  empty_images: 4
  gt_count: 34
  candidate_count_mean/min/max: 171.24/50/758
  positives_total: 170
  positives_per_gt_mean/min/max: 5.00/5/5
  positives_stride8: 22
  positives_stride16: 85
  positives_stride32: 63
  unmatched_gt_count: 0
  fallback_count: 0
  conflict_count: 0
  dynamic_k_mean/min/max: 5.00/5/5
  nonfinite_cost_count: 0
[DEBUG] SimOTA train batch stats:
  images: 32
  empty_images: 4
  gt_count: 35
  candidate_count_mean/min/max: 150.20/75/502
  positives_total: 175
  positives_per_gt_mean/min/max: 5.00/5/5
  positives_stride8: 16
  positives_stride16: 92
  positives_stride32: 67
  unmatched_gt_count: 0
  fallback_count: 0
  conflict_count: 0
  dynamic_k_mean/min/max: 5.00/5/5
  nonfinite_cost_count: 0
[DEBUG] SimOTA train batch stats:
  images: 32
  empty_images: 5
  gt_count: 32
  candidate_count_mean/min/max: 175.06/75/560
  positives_total: 160
  positives_per_gt_mean/min/max: 5.00/5/5
  positives_stride8: 12
  positives_stride16: 77
  positives_stride32: 71
  unmatched_gt_count: 0
  fallback_count: 0
  conflict_count: 0
  dynamic_k_mean/min/max: 5.00/5/5
  nonfinite_cost_count: 0
[DEBUG] SimOTA val batch stats:
  images: 32
  empty_images: 9
  gt_count: 35
  candidate_count_mean/min/max: 88.03/50/166
  positives_total: 175
  positives_per_gt_mean/min/max: 5.00/5/5
  positives_stride8: 30
  positives_stride16: 87
  positives_stride32: 58
  unmatched_gt_count: 0
  fallback_count: 0
  conflict_count: 0
  dynamic_k_mean/min/max: 5.00/5/5
  nonfinite_cost_count: 0
[INFO] epoch summary | train loss=0.6802 obj=0.0003 box=0.1360 pos=172.19 | val loss=0.9066 map50=0.9209 map5095=0.7131 P=0.9385 R=0.8182 F1=0.8742
[INFO] val extras | mean_iou=0.8966 center_err_px(mean/med/p95)=1.91/1.56/4.77 center_err_norm_diag(mean/med/p95)=0.0024/0.0020/0.0060 fp/img=0.0533 small/med/large recall=0.6910/0.8834/0.8884 counts=233/223/215
[INFO] saved per-epoch checkpoint: /mnt/core/MLonMCU_proj/software/ball_detection/runs/20260522-133921-simota_diou_v2_pruned_30/checkpoints/083_epoch.pt
[INFO] early stopping status: bad_epochs=2/30
[INFO] epoch 84/150 start | lr=0.000417199
[DEBUG] SimOTA train batch stats:
  images: 32
  empty_images: 4
  gt_count: 37
  candidate_count_mean/min/max: 177.32/75/646
  positives_total: 183
  positives_per_gt_mean/min/max: 4.95/3/5
  positives_stride8: 17
  positives_stride16: 90
  positives_stride32: 76
  unmatched_gt_count: 0
  fallback_count: 0
  conflict_count: 2
  dynamic_k_mean/min/max: 5.00/5/5
  nonfinite_cost_count: 0
[DEBUG] SimOTA train batch stats:
  images: 32
  empty_images: 5
  gt_count: 33
  candidate_count_mean/min/max: 164.91/60/560
  positives_total: 165
  positives_per_gt_mean/min/max: 5.00/5/5
  positives_stride8: 14
  positives_stride16: 86
  positives_stride32: 65
  unmatched_gt_count: 0
  fallback_count: 0
  conflict_count: 0
  dynamic_k_mean/min/max: 5.00/5/5
  nonfinite_cost_count: 0
[DEBUG] SimOTA train batch stats:
  images: 32
  empty_images: 3
  gt_count: 36
  candidate_count_mean/min/max: 165.67/70/486
  positives_total: 180
  positives_per_gt_mean/min/max: 5.00/5/5
  positives_stride8: 17
  positives_stride16: 93
  positives_stride32: 70
  unmatched_gt_count: 0
  fallback_count: 0
  conflict_count: 0
  dynamic_k_mean/min/max: 5.00/5/5
  nonfinite_cost_count: 0
[DEBUG] SimOTA train batch stats:
  images: 32
  empty_images: 7
  gt_count: 32
  candidate_count_mean/min/max: 186.59/70/980
  positives_total: 158
  positives_per_gt_mean/min/max: 4.94/3/5
  positives_stride8: 13
  positives_stride16: 79
  positives_stride32: 66
  unmatched_gt_count: 0
  fallback_count: 0
  conflict_count: 0
  dynamic_k_mean/min/max: 4.94/3/5
  nonfinite_cost_count: 0
[DEBUG] SimOTA train batch stats:
  images: 32
  empty_images: 4
  gt_count: 35
  candidate_count_mean/min/max: 219.89/50/1018
  positives_total: 175
  positives_per_gt_mean/min/max: 5.00/5/5
  positives_stride8: 13
  positives_stride16: 87
  positives_stride32: 75
  unmatched_gt_count: 0
  fallback_count: 0
  conflict_count: 0
  dynamic_k_mean/min/max: 5.00/5/5
  nonfinite_cost_count: 0
[DEBUG] SimOTA train batch stats:
  images: 32
  empty_images: 4
  gt_count: 34
  candidate_count_mean/min/max: 202.65/75/1035
  positives_total: 170
  positives_per_gt_mean/min/max: 5.00/5/5
  positives_stride8: 9
  positives_stride16: 90
  positives_stride32: 71
  unmatched_gt_count: 0
  fallback_count: 0
  conflict_count: 0
  dynamic_k_mean/min/max: 5.00/5/5
  nonfinite_cost_count: 0
[DEBUG] SimOTA val batch stats:
  images: 32
  empty_images: 3
  gt_count: 29
  candidate_count_mean/min/max: 83.52/70/131
  positives_total: 145
  positives_per_gt_mean/min/max: 5.00/5/5
  positives_stride8: 10
  positives_stride16: 85
  positives_stride32: 50
  unmatched_gt_count: 0
  fallback_count: 0
  conflict_count: 0
  dynamic_k_mean/min/max: 5.00/5/5
  nonfinite_cost_count: 0
[INFO] epoch summary | train loss=0.6785 obj=0.0003 box=0.1356 pos=172.48 | val loss=0.9048 map50=0.9192 map5095=0.7125 P=0.9282 R=0.8286 F1=0.8756
[INFO] val extras | mean_iou=0.8965 center_err_px(mean/med/p95)=1.95/1.64/4.88 center_err_norm_diag(mean/med/p95)=0.0024/0.0021/0.0061 fp/img=0.0636 small/med/large recall=0.7082/0.8879/0.8977 counts=233/223/215
[INFO] saved per-epoch checkpoint: /mnt/core/MLonMCU_proj/software/ball_detection/runs/20260522-133921-simota_diou_v2_pruned_30/checkpoints/084_epoch.pt
[INFO] early stopping status: bad_epochs=3/30
[INFO] epoch 85/150 start | lr=0.000406903
[DEBUG] SimOTA train batch stats:
  images: 32
  empty_images: 3
  gt_count: 37
  candidate_count_mean/min/max: 239.89/70/941
  positives_total: 179
  positives_per_gt_mean/min/max: 4.84/0/5
  positives_stride8: 18
  positives_stride16: 78
  positives_stride32: 83
  unmatched_gt_count: 1
  fallback_count: 0
  conflict_count: 3
  dynamic_k_mean/min/max: 4.92/3/5
  nonfinite_cost_count: 0
[DEBUG] SimOTA train batch stats:
  images: 32
  empty_images: 5
  gt_count: 32
  candidate_count_mean/min/max: 220.50/75/780
  positives_total: 160
  positives_per_gt_mean/min/max: 5.00/5/5
  positives_stride8: 10
  positives_stride16: 79
  positives_stride32: 71
  unmatched_gt_count: 0
  fallback_count: 0
  conflict_count: 0
  dynamic_k_mean/min/max: 5.00/5/5
  nonfinite_cost_count: 0
[DEBUG] SimOTA train batch stats:
  images: 32
  empty_images: 5
  gt_count: 30
  candidate_count_mean/min/max: 211.47/75/680
  positives_total: 150
  positives_per_gt_mean/min/max: 5.00/5/5
  positives_stride8: 12
  positives_stride16: 76
  positives_stride32: 62
  unmatched_gt_count: 0
  fallback_count: 0
  conflict_count: 0
  dynamic_k_mean/min/max: 5.00/5/5
  nonfinite_cost_count: 0
[DEBUG] SimOTA train batch stats:
  images: 32
  empty_images: 5
  gt_count: 32
  candidate_count_mean/min/max: 191.84/70/632
  positives_total: 160
  positives_per_gt_mean/min/max: 5.00/5/5
  positives_stride8: 9
  positives_stride16: 86
  positives_stride32: 65
  unmatched_gt_count: 0
  fallback_count: 0
  conflict_count: 0
  dynamic_k_mean/min/max: 5.00/5/5
  nonfinite_cost_count: 0
[DEBUG] SimOTA train batch stats:
  images: 32
  empty_images: 4
  gt_count: 35
  candidate_count_mean/min/max: 238.94/70/1077
  positives_total: 175
  positives_per_gt_mean/min/max: 5.00/5/5
  positives_stride8: 16
  positives_stride16: 84
  positives_stride32: 75
  unmatched_gt_count: 0
  fallback_count: 0
  conflict_count: 0
  dynamic_k_mean/min/max: 5.00/5/5
  nonfinite_cost_count: 0
[DEBUG] SimOTA train batch stats:
  images: 32
  empty_images: 4
  gt_count: 31
  candidate_count_mean/min/max: 210.03/75/952
  positives_total: 155
  positives_per_gt_mean/min/max: 5.00/5/5
  positives_stride8: 9
  positives_stride16: 84
  positives_stride32: 62
  unmatched_gt_count: 0
  fallback_count: 0
  conflict_count: 0
  dynamic_k_mean/min/max: 5.00/5/5
  nonfinite_cost_count: 0
[DEBUG] SimOTA val batch stats:
  images: 32
  empty_images: 3
  gt_count: 29
  candidate_count_mean/min/max: 291.59/62/476
  positives_total: 145
  positives_per_gt_mean/min/max: 5.00/5/5
  positives_stride8: 5
  positives_stride16: 84
  positives_stride32: 56
  unmatched_gt_count: 0
  fallback_count: 0
  conflict_count: 0
  dynamic_k_mean/min/max: 5.00/5/5
  nonfinite_cost_count: 0
[INFO] epoch summary | train loss=0.6803 obj=0.0003 box=0.1360 pos=172.30 | val loss=0.9051 map50=0.9196 map5095=0.7154 P=0.9305 R=0.8376 F1=0.8816
[INFO] val extras | mean_iou=0.8950 center_err_px(mean/med/p95)=1.94/1.57/5.05 center_err_norm_diag(mean/med/p95)=0.0024/0.0020/0.0063 fp/img=0.0621 small/med/large recall=0.7296/0.8834/0.9070 counts=233/223/215
[INFO] saved per-epoch checkpoint: /mnt/core/MLonMCU_proj/software/ball_detection/runs/20260522-133921-simota_diou_v2_pruned_30/checkpoints/085_epoch.pt
[INFO] early stopping status: bad_epochs=4/30
[INFO] epoch 86/150 start | lr=0.000396648
[DEBUG] SimOTA train batch stats:
  images: 32
  empty_images: 3
  gt_count: 35
  candidate_count_mean/min/max: 205.29/57/697
  positives_total: 175
  positives_per_gt_mean/min/max: 5.00/5/5
  positives_stride8: 21
  positives_stride16: 85
  positives_stride32: 69
  unmatched_gt_count: 0
  fallback_count: 0
  conflict_count: 0
  dynamic_k_mean/min/max: 5.00/5/5
  nonfinite_cost_count: 0
[DEBUG] SimOTA train batch stats:
  images: 32
  empty_images: 5
  gt_count: 35
  candidate_count_mean/min/max: 150.69/60/535
  positives_total: 175
  positives_per_gt_mean/min/max: 5.00/5/5
  positives_stride8: 21
  positives_stride16: 91
  positives_stride32: 63
  unmatched_gt_count: 0
  fallback_count: 0
  conflict_count: 0
  dynamic_k_mean/min/max: 5.00/5/5
  nonfinite_cost_count: 0
[DEBUG] SimOTA train batch stats:
  images: 32
  empty_images: 3
  gt_count: 38
  candidate_count_mean/min/max: 188.95/75/941
  positives_total: 190
  positives_per_gt_mean/min/max: 5.00/5/5
  positives_stride8: 23
  positives_stride16: 93
  positives_stride32: 74
  unmatched_gt_count: 0
  fallback_count: 0
  conflict_count: 0
  dynamic_k_mean/min/max: 5.00/5/5
  nonfinite_cost_count: 0
[DEBUG] SimOTA train batch stats:
  images: 32
  empty_images: 7
  gt_count: 29
  candidate_count_mean/min/max: 223.79/70/999
  positives_total: 145
  positives_per_gt_mean/min/max: 5.00/5/5
  positives_stride8: 12
  positives_stride16: 69
  positives_stride32: 64
  unmatched_gt_count: 0
  fallback_count: 0
  conflict_count: 0
  dynamic_k_mean/min/max: 5.00/5/5
  nonfinite_cost_count: 0
[DEBUG] SimOTA train batch stats:
  images: 32
  empty_images: 3
  gt_count: 35
  candidate_count_mean/min/max: 186.91/65/696
  positives_total: 175
  positives_per_gt_mean/min/max: 5.00/5/5
  positives_stride8: 13
  positives_stride16: 83
  positives_stride32: 79
  unmatched_gt_count: 0
  fallback_count: 0
  conflict_count: 0
  dynamic_k_mean/min/max: 5.00/5/5
  nonfinite_cost_count: 0
[DEBUG] SimOTA train batch stats:
  images: 32
  empty_images: 2
  gt_count: 38
  candidate_count_mean/min/max: 192.16/70/980
  positives_total: 190
  positives_per_gt_mean/min/max: 5.00/5/5
  positives_stride8: 25
  positives_stride16: 88
  positives_stride32: 77
  unmatched_gt_count: 0
  fallback_count: 0
  conflict_count: 0
  dynamic_k_mean/min/max: 5.00/5/5
  nonfinite_cost_count: 0
[DEBUG] SimOTA val batch stats:
  images: 32
  empty_images: 4
  gt_count: 28
  candidate_count_mean/min/max: 280.43/75/448
  positives_total: 140
  positives_per_gt_mean/min/max: 5.00/5/5
  positives_stride8: 5
  positives_stride16: 78
  positives_stride32: 57
  unmatched_gt_count: 0
  fallback_count: 0
  conflict_count: 0
  dynamic_k_mean/min/max: 5.00/5/5
  nonfinite_cost_count: 0
[INFO] epoch summary | train loss=0.6793 obj=0.0003 box=0.1358 pos=172.14 | val loss=0.8985 map50=0.9193 map5095=0.7187 P=0.9265 R=0.8450 F1=0.8839
[INFO] val extras | mean_iou=0.8950 center_err_px(mean/med/p95)=1.97/1.58/4.86 center_err_norm_diag(mean/med/p95)=0.0025/0.0020/0.0061 fp/img=0.0666 small/med/large recall=0.7339/0.9013/0.9070 counts=233/223/215
[INFO] saved per-epoch checkpoint: /mnt/core/MLonMCU_proj/software/ball_detection/runs/20260522-133921-simota_diou_v2_pruned_30/checkpoints/086_epoch.pt
[INFO] early stopping status: bad_epochs=5/30
[INFO] epoch 87/150 start | lr=0.000386439
[DEBUG] SimOTA train batch stats:
  images: 32
  empty_images: 0
  gt_count: 42
  candidate_count_mean/min/max: 193.69/50/758
  positives_total: 210
  positives_per_gt_mean/min/max: 5.00/5/5
  positives_stride8: 19
  positives_stride16: 106
  positives_stride32: 85
  unmatched_gt_count: 0
  fallback_count: 0
  conflict_count: 0
  dynamic_k_mean/min/max: 5.00/5/5
  nonfinite_cost_count: 0
[DEBUG] SimOTA train batch stats:
  images: 32
  empty_images: 5
  gt_count: 40
  candidate_count_mean/min/max: 149.25/50/498
  positives_total: 200
  positives_per_gt_mean/min/max: 5.00/5/5
  positives_stride8: 27
  positives_stride16: 103
  positives_stride32: 70
  unmatched_gt_count: 0
  fallback_count: 0
  conflict_count: 0
  dynamic_k_mean/min/max: 5.00/5/5
  nonfinite_cost_count: 0
[DEBUG] SimOTA train batch stats:
  images: 32
  empty_images: 6
  gt_count: 35
  candidate_count_mean/min/max: 189.74/70/1003
  positives_total: 175
  positives_per_gt_mean/min/max: 5.00/5/5
  positives_stride8: 14
  positives_stride16: 89
  positives_stride32: 72
  unmatched_gt_count: 0
  fallback_count: 0
  conflict_count: 0
  dynamic_k_mean/min/max: 5.00/5/5
  nonfinite_cost_count: 0
[DEBUG] SimOTA train batch stats:
  images: 32
  empty_images: 7
  gt_count: 30
  candidate_count_mean/min/max: 141.30/65/421
  positives_total: 150
  positives_per_gt_mean/min/max: 5.00/5/5
  positives_stride8: 7
  positives_stride16: 78
  positives_stride32: 65
  unmatched_gt_count: 0
  fallback_count: 0
  conflict_count: 0
  dynamic_k_mean/min/max: 5.00/5/5
  nonfinite_cost_count: 0
[DEBUG] SimOTA train batch stats:
  images: 32
  empty_images: 6
  gt_count: 37
  candidate_count_mean/min/max: 143.73/69/613
  positives_total: 182
  positives_per_gt_mean/min/max: 4.92/2/5
  positives_stride8: 16
  positives_stride16: 96
  positives_stride32: 70
  unmatched_gt_count: 0
  fallback_count: 0
  conflict_count: 3
  dynamic_k_mean/min/max: 5.00/5/5
  nonfinite_cost_count: 0
[DEBUG] SimOTA train batch stats:
  images: 32
  empty_images: 7
  gt_count: 28
  candidate_count_mean/min/max: 153.29/75/608
  positives_total: 140
  positives_per_gt_mean/min/max: 5.00/5/5
  positives_stride8: 16
  positives_stride16: 76
  positives_stride32: 48
  unmatched_gt_count: 0
  fallback_count: 0
  conflict_count: 0
  dynamic_k_mean/min/max: 5.00/5/5
  nonfinite_cost_count: 0
[DEBUG] SimOTA val batch stats:
  images: 32
  empty_images: 8
  gt_count: 39
  candidate_count_mean/min/max: 88.92/45/135
  positives_total: 195
  positives_per_gt_mean/min/max: 5.00/5/5
  positives_stride8: 35
  positives_stride16: 97
  positives_stride32: 63
  unmatched_gt_count: 0
  fallback_count: 0
  conflict_count: 0
  dynamic_k_mean/min/max: 5.00/5/5
  nonfinite_cost_count: 0
[INFO] epoch summary | train loss=0.6663 obj=0.0003 box=0.1332 pos=171.89 | val loss=0.9003 map50=0.9178 map5095=0.7179 P=0.9323 R=0.8420 F1=0.8849
[INFO] val extras | mean_iou=0.8968 center_err_px(mean/med/p95)=1.98/1.58/4.99 center_err_norm_diag(mean/med/p95)=0.0025/0.0020/0.0062 fp/img=0.0607 small/med/large recall=0.7167/0.8969/0.9209 counts=233/223/215
[INFO] saved per-epoch checkpoint: /mnt/core/MLonMCU_proj/software/ball_detection/runs/20260522-133921-simota_diou_v2_pruned_30/checkpoints/087_epoch.pt
[INFO] early stopping status: bad_epochs=6/30
[INFO] epoch 88/150 start | lr=0.000376279
[DEBUG] SimOTA train batch stats:
  images: 32
  empty_images: 3
  gt_count: 38
  candidate_count_mean/min/max: 196.76/56/1580
  positives_total: 185
  positives_per_gt_mean/min/max: 4.87/2/5
  positives_stride8: 19
  positives_stride16: 97
  positives_stride32: 69
  unmatched_gt_count: 0
  fallback_count: 0
  conflict_count: 4
  dynamic_k_mean/min/max: 4.97/4/5
  nonfinite_cost_count: 0
[DEBUG] SimOTA train batch stats:
  images: 32
  empty_images: 4
  gt_count: 33
  candidate_count_mean/min/max: 163.70/75/455
  positives_total: 165
  positives_per_gt_mean/min/max: 5.00/5/5
  positives_stride8: 15
  positives_stride16: 79
  positives_stride32: 71
  unmatched_gt_count: 0
  fallback_count: 0
  conflict_count: 0
  dynamic_k_mean/min/max: 5.00/5/5
  nonfinite_cost_count: 0
[DEBUG] SimOTA train batch stats:
  images: 32
  empty_images: 3
  gt_count: 33
  candidate_count_mean/min/max: 193.52/75/696
  positives_total: 165
  positives_per_gt_mean/min/max: 5.00/5/5
  positives_stride8: 18
  positives_stride16: 84
  positives_stride32: 63
  unmatched_gt_count: 0
  fallback_count: 0
  conflict_count: 0
  dynamic_k_mean/min/max: 5.00/5/5
  nonfinite_cost_count: 0
[DEBUG] SimOTA train batch stats:
  images: 32
  empty_images: 6
  gt_count: 29
  candidate_count_mean/min/max: 271.03/75/926
  positives_total: 145
  positives_per_gt_mean/min/max: 5.00/5/5
  positives_stride8: 12
  positives_stride16: 68
  positives_stride32: 65
  unmatched_gt_count: 0
  fallback_count: 0
  conflict_count: 0
  dynamic_k_mean/min/max: 5.00/5/5
  nonfinite_cost_count: 0
[DEBUG] SimOTA train batch stats:
  images: 32
  empty_images: 6
  gt_count: 33
  candidate_count_mean/min/max: 245.39/75/1580
  positives_total: 164
  positives_per_gt_mean/min/max: 4.97/4/5
  positives_stride8: 4
  positives_stride16: 88
  positives_stride32: 72
  unmatched_gt_count: 0
  fallback_count: 0
  conflict_count: 1
  dynamic_k_mean/min/max: 5.00/5/5
  nonfinite_cost_count: 0
[DEBUG] SimOTA train batch stats:
  images: 32
  empty_images: 3
  gt_count: 40
  candidate_count_mean/min/max: 176.18/50/495
  positives_total: 200
  positives_per_gt_mean/min/max: 5.00/5/5
  positives_stride8: 19
  positives_stride16: 107
  positives_stride32: 74
  unmatched_gt_count: 0
  fallback_count: 0
  conflict_count: 0
  dynamic_k_mean/min/max: 5.00/5/5
  nonfinite_cost_count: 0
[DEBUG] SimOTA val batch stats:
  images: 32
  empty_images: 15
  gt_count: 20
  candidate_count_mean/min/max: 157.40/62/430
  positives_total: 100
  positives_per_gt_mean/min/max: 5.00/5/5
  positives_stride8: 3
  positives_stride16: 57
  positives_stride32: 40
  unmatched_gt_count: 0
  fallback_count: 0
  conflict_count: 0
  dynamic_k_mean/min/max: 5.00/5/5
  nonfinite_cost_count: 0
[INFO] epoch summary | train loss=0.6706 obj=0.0003 box=0.1340 pos=172.06 | val loss=0.8882 map50=0.9178 map5095=0.7202 P=0.9231 R=0.8405 F1=0.8799
[INFO] val extras | mean_iou=0.8969 center_err_px(mean/med/p95)=1.97/1.55/4.89 center_err_norm_diag(mean/med/p95)=0.0025/0.0019/0.0061 fp/img=0.0695 small/med/large recall=0.7082/0.9013/0.9209 counts=233/223/215
[INFO] saved per-epoch checkpoint: /mnt/core/MLonMCU_proj/software/ball_detection/runs/20260522-133921-simota_diou_v2_pruned_30/checkpoints/088_epoch.pt
[INFO] early stopping status: bad_epochs=7/30
[INFO] epoch 89/150 start | lr=0.000366175
[DEBUG] SimOTA train batch stats:
  images: 32
  empty_images: 4
  gt_count: 42
  candidate_count_mean/min/max: 189.05/75/665
  positives_total: 210
  positives_per_gt_mean/min/max: 5.00/5/5
  positives_stride8: 22
  positives_stride16: 100
  positives_stride32: 88
  unmatched_gt_count: 0
  fallback_count: 0
  conflict_count: 0
  dynamic_k_mean/min/max: 5.00/5/5
  nonfinite_cost_count: 0
[DEBUG] SimOTA train batch stats:
  images: 32
  empty_images: 2
  gt_count: 45
  candidate_count_mean/min/max: 150.11/45/789
  positives_total: 225
  positives_per_gt_mean/min/max: 5.00/5/5
  positives_stride8: 29
  positives_stride16: 111
  positives_stride32: 85
  unmatched_gt_count: 0
  fallback_count: 0
  conflict_count: 0
  dynamic_k_mean/min/max: 5.00/5/5
  nonfinite_cost_count: 0
[DEBUG] SimOTA train batch stats:
  images: 32
  empty_images: 3
  gt_count: 36
  candidate_count_mean/min/max: 183.44/57/1035
  positives_total: 174
  positives_per_gt_mean/min/max: 4.83/2/5
  positives_stride8: 20
  positives_stride16: 88
  positives_stride32: 66
  unmatched_gt_count: 0
  fallback_count: 0
  conflict_count: 5
  dynamic_k_mean/min/max: 4.97/4/5
  nonfinite_cost_count: 0
[DEBUG] SimOTA train batch stats:
  images: 32
  empty_images: 3
  gt_count: 34
  candidate_count_mean/min/max: 193.50/70/614
  positives_total: 170
  positives_per_gt_mean/min/max: 5.00/5/5
  positives_stride8: 16
  positives_stride16: 86
  positives_stride32: 68
  unmatched_gt_count: 0
  fallback_count: 0
  conflict_count: 0
  dynamic_k_mean/min/max: 5.00/5/5
  nonfinite_cost_count: 0
[DEBUG] SimOTA train batch stats:
  images: 32
  empty_images: 7
  gt_count: 35
  candidate_count_mean/min/max: 169.26/70/686
  positives_total: 175
  positives_per_gt_mean/min/max: 5.00/5/5
  positives_stride8: 17
  positives_stride16: 94
  positives_stride32: 64
  unmatched_gt_count: 0
  fallback_count: 0
  conflict_count: 0
  dynamic_k_mean/min/max: 5.00/5/5
  nonfinite_cost_count: 0
[DEBUG] SimOTA train batch stats:
  images: 32
  empty_images: 4
  gt_count: 35
  candidate_count_mean/min/max: 132.26/70/395
  positives_total: 175
  positives_per_gt_mean/min/max: 5.00/5/5
  positives_stride8: 14
  positives_stride16: 92
  positives_stride32: 69
  unmatched_gt_count: 0
  fallback_count: 0
  conflict_count: 0
  dynamic_k_mean/min/max: 5.00/5/5
  nonfinite_cost_count: 0
[DEBUG] SimOTA val batch stats:
  images: 32
  empty_images: 0
  gt_count: 33
  candidate_count_mean/min/max: 306.42/80/433
  positives_total: 160
  positives_per_gt_mean/min/max: 4.85/0/5
  positives_stride8: 3
  positives_stride16: 77
  positives_stride32: 80
  unmatched_gt_count: 1
  fallback_count: 0
  conflict_count: 5
  dynamic_k_mean/min/max: 5.00/5/5
  nonfinite_cost_count: 0
[INFO] epoch summary | train loss=0.6629 obj=0.0003 box=0.1325 pos=172.23 | val loss=0.8826 map50=0.9229 map5095=0.7217 P=0.9318 R=0.8346 F1=0.8805
[INFO] val extras | mean_iou=0.8970 center_err_px(mean/med/p95)=1.94/1.56/4.73 center_err_norm_diag(mean/med/p95)=0.0024/0.0019/0.0059 fp/img=0.0607 small/med/large recall=0.7124/0.8924/0.9070 counts=233/223/215
[INFO] saved per-epoch checkpoint: /mnt/core/MLonMCU_proj/software/ball_detection/runs/20260522-133921-simota_diou_v2_pruned_30/checkpoints/089_epoch.pt
[INFO] new best checkpoint at epoch 89: /mnt/core/MLonMCU_proj/software/ball_detection/runs/20260522-133921-simota_diou_v2_pruned_30/checkpoints/best.pt
[INFO] epoch 90/150 start | lr=0.000356129
[DEBUG] SimOTA train batch stats:
  images: 32
  empty_images: 6
  gt_count: 33
  candidate_count_mean/min/max: 193.67/45/579
  positives_total: 164
  positives_per_gt_mean/min/max: 4.97/4/5
  positives_stride8: 17
  positives_stride16: 72
  positives_stride32: 75
  unmatched_gt_count: 0
  fallback_count: 0
  conflict_count: 0
  dynamic_k_mean/min/max: 4.97/4/5
  nonfinite_cost_count: 0
[DEBUG] SimOTA train batch stats:
  images: 32
  empty_images: 1
  gt_count: 36
  candidate_count_mean/min/max: 174.19/53/457
  positives_total: 180
  positives_per_gt_mean/min/max: 5.00/5/5
  positives_stride8: 17
  positives_stride16: 96
  positives_stride32: 67
  unmatched_gt_count: 0
  fallback_count: 0
  conflict_count: 0
  dynamic_k_mean/min/max: 5.00/5/5
  nonfinite_cost_count: 0
[DEBUG] SimOTA train batch stats:
  images: 32
  empty_images: 1
  gt_count: 36
  candidate_count_mean/min/max: 216.44/50/1071
  positives_total: 180
  positives_per_gt_mean/min/max: 5.00/5/5
  positives_stride8: 11
  positives_stride16: 83
  positives_stride32: 86
  unmatched_gt_count: 0
  fallback_count: 0
  conflict_count: 0
  dynamic_k_mean/min/max: 5.00/5/5
  nonfinite_cost_count: 0
[DEBUG] SimOTA train batch stats:
  images: 32
  empty_images: 6
  gt_count: 32
  candidate_count_mean/min/max: 152.84/70/611
  positives_total: 160
  positives_per_gt_mean/min/max: 5.00/5/5
  positives_stride8: 16
  positives_stride16: 81
  positives_stride32: 63
  unmatched_gt_count: 0
  fallback_count: 0
  conflict_count: 0
  dynamic_k_mean/min/max: 5.00/5/5
  nonfinite_cost_count: 0
[DEBUG] SimOTA train batch stats:
  images: 32
  empty_images: 2
  gt_count: 37
  candidate_count_mean/min/max: 250.57/45/1135
  positives_total: 175
  positives_per_gt_mean/min/max: 4.73/0/5
  positives_stride8: 14
  positives_stride16: 82
  positives_stride32: 79
  unmatched_gt_count: 2
  fallback_count: 0
  conflict_count: 10
  dynamic_k_mean/min/max: 5.00/5/5
  nonfinite_cost_count: 0
[DEBUG] SimOTA train batch stats:
  images: 32
  empty_images: 4
  gt_count: 31
  candidate_count_mean/min/max: 233.74/75/1263
  positives_total: 155
  positives_per_gt_mean/min/max: 5.00/5/5
  positives_stride8: 13
  positives_stride16: 70
  positives_stride32: 72
  unmatched_gt_count: 0
  fallback_count: 0
  conflict_count: 0
  dynamic_k_mean/min/max: 5.00/5/5
  nonfinite_cost_count: 0
[DEBUG] SimOTA val batch stats:
  images: 32
  empty_images: 13
  gt_count: 19
  candidate_count_mean/min/max: 79.00/60/109
  positives_total: 93
  positives_per_gt_mean/min/max: 4.89/4/5
  positives_stride8: 18
  positives_stride16: 44
  positives_stride32: 31
  unmatched_gt_count: 0
  fallback_count: 0
  conflict_count: 0
  dynamic_k_mean/min/max: 4.89/4/5
  nonfinite_cost_count: 0
[INFO] epoch summary | train loss=0.6698 obj=0.0003 box=0.1339 pos=172.50 | val loss=0.8881 map50=0.9218 map5095=0.7205 P=0.9303 R=0.8361 F1=0.8807
[INFO] val extras | mean_iou=0.8960 center_err_px(mean/med/p95)=1.98/1.56/5.05 center_err_norm_diag(mean/med/p95)=0.0025/0.0020/0.0063 fp/img=0.0621 small/med/large recall=0.7082/0.8969/0.9116 counts=233/223/215
[INFO] saved per-epoch checkpoint: /mnt/core/MLonMCU_proj/software/ball_detection/runs/20260522-133921-simota_diou_v2_pruned_30/checkpoints/090_epoch.pt
[INFO] early stopping status: bad_epochs=1/30
[INFO] epoch 91/150 start | lr=0.000346146
[DEBUG] SimOTA train batch stats:
  images: 32
  empty_images: 6
  gt_count: 31
  candidate_count_mean/min/max: 214.61/70/686
  positives_total: 155
  positives_per_gt_mean/min/max: 5.00/5/5
  positives_stride8: 11
  positives_stride16: 81
  positives_stride32: 63
  unmatched_gt_count: 0
  fallback_count: 0
  conflict_count: 0
  dynamic_k_mean/min/max: 5.00/5/5
  nonfinite_cost_count: 0
[DEBUG] SimOTA train batch stats:
  images: 32
  empty_images: 5
  gt_count: 32
  candidate_count_mean/min/max: 224.38/75/789
  positives_total: 160
  positives_per_gt_mean/min/max: 5.00/5/5
  positives_stride8: 14
  positives_stride16: 76
  positives_stride32: 70
  unmatched_gt_count: 0
  fallback_count: 0
  conflict_count: 0
  dynamic_k_mean/min/max: 5.00/5/5
  nonfinite_cost_count: 0
[DEBUG] SimOTA train batch stats:
  images: 32
  empty_images: 5
  gt_count: 31
  candidate_count_mean/min/max: 208.87/70/1018
  positives_total: 155
  positives_per_gt_mean/min/max: 5.00/5/5
  positives_stride8: 13
  positives_stride16: 76
  positives_stride32: 66
  unmatched_gt_count: 0
  fallback_count: 0
  conflict_count: 0
  dynamic_k_mean/min/max: 5.00/5/5
  nonfinite_cost_count: 0
[DEBUG] SimOTA train batch stats:
  images: 32
  empty_images: 4
  gt_count: 34
  candidate_count_mean/min/max: 193.76/60/1164
  positives_total: 168
  positives_per_gt_mean/min/max: 4.94/3/5
  positives_stride8: 20
  positives_stride16: 82
  positives_stride32: 66
  unmatched_gt_count: 0
  fallback_count: 0
  conflict_count: 2
  dynamic_k_mean/min/max: 5.00/5/5
  nonfinite_cost_count: 0
[DEBUG] SimOTA train batch stats:
  images: 32
  empty_images: 2
  gt_count: 37
  candidate_count_mean/min/max: 173.35/75/928
  positives_total: 185
  positives_per_gt_mean/min/max: 5.00/5/5
  positives_stride8: 23
  positives_stride16: 96
  positives_stride32: 66
  unmatched_gt_count: 0
  fallback_count: 0
  conflict_count: 0
  dynamic_k_mean/min/max: 5.00/5/5
  nonfinite_cost_count: 0
[DEBUG] SimOTA train batch stats:
  images: 32
  empty_images: 5
  gt_count: 34
  candidate_count_mean/min/max: 212.59/73/941
  positives_total: 169
  positives_per_gt_mean/min/max: 4.97/4/5
  positives_stride8: 17
  positives_stride16: 77
  positives_stride32: 75
  unmatched_gt_count: 0
  fallback_count: 0
  conflict_count: 1
  dynamic_k_mean/min/max: 5.00/5/5
  nonfinite_cost_count: 0
[DEBUG] SimOTA val batch stats:
  images: 32
  empty_images: 6
  gt_count: 26
  candidate_count_mean/min/max: 85.81/70/211
  positives_total: 130
  positives_per_gt_mean/min/max: 5.00/5/5
  positives_stride8: 40
  positives_stride16: 53
  positives_stride32: 37
  unmatched_gt_count: 0
  fallback_count: 0
  conflict_count: 0
  dynamic_k_mean/min/max: 5.00/5/5
  nonfinite_cost_count: 0
[INFO] epoch summary | train loss=0.6675 obj=0.0003 box=0.1334 pos=172.08 | val loss=0.8881 map50=0.9210 map5095=0.7198 P=0.9220 R=0.8450 F1=0.8818
[INFO] val extras | mean_iou=0.8979 center_err_px(mean/med/p95)=1.91/1.53/4.92 center_err_norm_diag(mean/med/p95)=0.0024/0.0019/0.0062 fp/img=0.0710 small/med/large recall=0.7339/0.8924/0.9163 counts=233/223/215
[INFO] saved per-epoch checkpoint: /mnt/core/MLonMCU_proj/software/ball_detection/runs/20260522-133921-simota_diou_v2_pruned_30/checkpoints/091_epoch.pt
[INFO] early stopping status: bad_epochs=2/30
[INFO] epoch 92/150 start | lr=0.000336231
[DEBUG] SimOTA train batch stats:
  images: 32
  empty_images: 9
  gt_count: 30
  candidate_count_mean/min/max: 168.50/75/665
  positives_total: 141
  positives_per_gt_mean/min/max: 4.70/0/5
  positives_stride8: 10
  positives_stride16: 74
  positives_stride32: 57
  unmatched_gt_count: 1
  fallback_count: 0
  conflict_count: 7
  dynamic_k_mean/min/max: 4.93/4/5
  nonfinite_cost_count: 0
[DEBUG] SimOTA train batch stats:
  images: 32
  empty_images: 4
  gt_count: 33
  candidate_count_mean/min/max: 174.18/75/430
  positives_total: 163
  positives_per_gt_mean/min/max: 4.94/3/5
  positives_stride8: 22
  positives_stride16: 83
  positives_stride32: 58
  unmatched_gt_count: 0
  fallback_count: 0
  conflict_count: 1
  dynamic_k_mean/min/max: 4.97/4/5
  nonfinite_cost_count: 0
[DEBUG] SimOTA train batch stats:
  images: 32
  empty_images: 4
  gt_count: 38
  candidate_count_mean/min/max: 209.42/75/696
  positives_total: 190
  positives_per_gt_mean/min/max: 5.00/5/5
  positives_stride8: 15
  positives_stride16: 98
  positives_stride32: 77
  unmatched_gt_count: 0
  fallback_count: 0
  conflict_count: 0
  dynamic_k_mean/min/max: 5.00/5/5
  nonfinite_cost_count: 0
[DEBUG] SimOTA train batch stats:
  images: 32
  empty_images: 3
  gt_count: 35
  candidate_count_mean/min/max: 262.06/70/1003
  positives_total: 170
  positives_per_gt_mean/min/max: 4.86/1/5
  positives_stride8: 14
  positives_stride16: 78
  positives_stride32: 78
  unmatched_gt_count: 0
  fallback_count: 0
  conflict_count: 5
  dynamic_k_mean/min/max: 5.00/5/5
  nonfinite_cost_count: 0
[DEBUG] SimOTA train batch stats:
  images: 32
  empty_images: 4
  gt_count: 34
  candidate_count_mean/min/max: 193.09/41/789
  positives_total: 170
  positives_per_gt_mean/min/max: 5.00/5/5
  positives_stride8: 19
  positives_stride16: 85
  positives_stride32: 66
  unmatched_gt_count: 0
  fallback_count: 0
  conflict_count: 0
  dynamic_k_mean/min/max: 5.00/5/5
  nonfinite_cost_count: 0
[DEBUG] SimOTA train batch stats:
  images: 32
  empty_images: 5
  gt_count: 36
  candidate_count_mean/min/max: 170.50/65/668
  positives_total: 177
  positives_per_gt_mean/min/max: 4.92/2/5
  positives_stride8: 12
  positives_stride16: 98
  positives_stride32: 67
  unmatched_gt_count: 0
  fallback_count: 0
  conflict_count: 3
  dynamic_k_mean/min/max: 5.00/5/5
  nonfinite_cost_count: 0
[DEBUG] SimOTA val batch stats:
  images: 32
  empty_images: 5
  gt_count: 27
  candidate_count_mean/min/max: 201.30/70/467
  positives_total: 135
  positives_per_gt_mean/min/max: 5.00/5/5
  positives_stride8: 18
  positives_stride16: 72
  positives_stride32: 45
  unmatched_gt_count: 0
  fallback_count: 0
  conflict_count: 0
  dynamic_k_mean/min/max: 5.00/5/5
  nonfinite_cost_count: 0
[INFO] epoch summary | train loss=0.6637 obj=0.0003 box=0.1327 pos=172.07 | val loss=0.8923 map50=0.9246 map5095=0.7240 P=0.9325 R=0.8435 F1=0.8858
[INFO] val extras | mean_iou=0.8976 center_err_px(mean/med/p95)=1.92/1.57/4.70 center_err_norm_diag(mean/med/p95)=0.0024/0.0020/0.0059 fp/img=0.0607 small/med/large recall=0.7253/0.8924/0.9209 counts=233/223/215
[INFO] saved per-epoch checkpoint: /mnt/core/MLonMCU_proj/software/ball_detection/runs/20260522-133921-simota_diou_v2_pruned_30/checkpoints/092_epoch.pt
[INFO] new best checkpoint at epoch 92: /mnt/core/MLonMCU_proj/software/ball_detection/runs/20260522-133921-simota_diou_v2_pruned_30/checkpoints/best.pt
[INFO] epoch 93/150 start | lr=0.000326388
[DEBUG] SimOTA train batch stats:
  images: 32
  empty_images: 6
  gt_count: 32
  candidate_count_mean/min/max: 215.47/75/789
  positives_total: 150
  positives_per_gt_mean/min/max: 4.69/0/5
  positives_stride8: 12
  positives_stride16: 66
  positives_stride32: 72
  unmatched_gt_count: 1
  fallback_count: 0
  conflict_count: 10
  dynamic_k_mean/min/max: 5.00/5/5
  nonfinite_cost_count: 0
[DEBUG] SimOTA train batch stats:
  images: 32
  empty_images: 3
  gt_count: 36
  candidate_count_mean/min/max: 176.42/75/768
  positives_total: 180
  positives_per_gt_mean/min/max: 5.00/5/5
  positives_stride8: 22
  positives_stride16: 87
  positives_stride32: 71
  unmatched_gt_count: 0
  fallback_count: 0
  conflict_count: 0
  dynamic_k_mean/min/max: 5.00/5/5
  nonfinite_cost_count: 0
[DEBUG] SimOTA train batch stats:
  images: 32
  empty_images: 2
  gt_count: 37
  candidate_count_mean/min/max: 177.32/57/545
  positives_total: 185
  positives_per_gt_mean/min/max: 5.00/5/5
  positives_stride8: 19
  positives_stride16: 102
  positives_stride32: 64
  unmatched_gt_count: 0
  fallback_count: 0
  conflict_count: 0
  dynamic_k_mean/min/max: 5.00/5/5
  nonfinite_cost_count: 0
[DEBUG] SimOTA train batch stats:
  images: 32
  empty_images: 6
  gt_count: 33
  candidate_count_mean/min/max: 190.48/50/652
  positives_total: 160
  positives_per_gt_mean/min/max: 4.85/0/5
  positives_stride8: 13
  positives_stride16: 83
  positives_stride32: 64
  unmatched_gt_count: 1
  fallback_count: 0
  conflict_count: 5
  dynamic_k_mean/min/max: 5.00/5/5
  nonfinite_cost_count: 0
[DEBUG] SimOTA train batch stats:
  images: 32
  empty_images: 6
  gt_count: 29
  candidate_count_mean/min/max: 162.72/60/505
  positives_total: 145
  positives_per_gt_mean/min/max: 5.00/5/5
  positives_stride8: 15
  positives_stride16: 75
  positives_stride32: 55
  unmatched_gt_count: 0
  fallback_count: 0
  conflict_count: 0
  dynamic_k_mean/min/max: 5.00/5/5
  nonfinite_cost_count: 0
[DEBUG] SimOTA train batch stats:
  images: 32
  empty_images: 2
  gt_count: 42
  candidate_count_mean/min/max: 184.88/50/855
  positives_total: 210
  positives_per_gt_mean/min/max: 5.00/5/5
  positives_stride8: 17
  positives_stride16: 104
  positives_stride32: 89
  unmatched_gt_count: 0
  fallback_count: 0
  conflict_count: 0
  dynamic_k_mean/min/max: 5.00/5/5
  nonfinite_cost_count: 0
[DEBUG] SimOTA val batch stats:
  images: 32
  empty_images: 4
  gt_count: 32
  candidate_count_mean/min/max: 91.31/57/301
  positives_total: 158
  positives_per_gt_mean/min/max: 4.94/4/5
  positives_stride8: 34
  positives_stride16: 78
  positives_stride32: 46
  unmatched_gt_count: 0
  fallback_count: 0
  conflict_count: 0
  dynamic_k_mean/min/max: 4.94/4/5
  nonfinite_cost_count: 0
[INFO] epoch summary | train loss=0.6586 obj=0.0003 box=0.1317 pos=172.20 | val loss=0.8780 map50=0.9249 map5095=0.7224 P=0.9308 R=0.8420 F1=0.8842
[INFO] val extras | mean_iou=0.8986 center_err_px(mean/med/p95)=1.96/1.56/4.99 center_err_norm_diag(mean/med/p95)=0.0025/0.0019/0.0062 fp/img=0.0621 small/med/large recall=0.7167/0.9013/0.9163 counts=233/223/215
[INFO] saved per-epoch checkpoint: /mnt/core/MLonMCU_proj/software/ball_detection/runs/20260522-133921-simota_diou_v2_pruned_30/checkpoints/093_epoch.pt
[INFO] early stopping status: bad_epochs=1/30
[INFO] epoch 94/150 start | lr=0.000316622
[DEBUG] SimOTA train batch stats:
  images: 32
  empty_images: 3
  gt_count: 34
  candidate_count_mean/min/max: 173.82/50/1077
  positives_total: 168
  positives_per_gt_mean/min/max: 4.94/3/5
  positives_stride8: 21
  positives_stride16: 77
  positives_stride32: 70
  unmatched_gt_count: 0
  fallback_count: 0
  conflict_count: 0
  dynamic_k_mean/min/max: 4.94/3/5
  nonfinite_cost_count: 0
[DEBUG] SimOTA train batch stats:
  images: 32
  empty_images: 4
  gt_count: 40
  candidate_count_mean/min/max: 213.32/45/733
  positives_total: 194
  positives_per_gt_mean/min/max: 4.85/2/5
  positives_stride8: 14
  positives_stride16: 100
  positives_stride32: 80
  unmatched_gt_count: 0
  fallback_count: 0
  conflict_count: 4
  dynamic_k_mean/min/max: 4.95/4/5
  nonfinite_cost_count: 0
[DEBUG] SimOTA train batch stats:
  images: 32
  empty_images: 4
  gt_count: 31
  candidate_count_mean/min/max: 221.32/50/613
  positives_total: 155
  positives_per_gt_mean/min/max: 5.00/5/5
  positives_stride8: 9
  positives_stride16: 77
  positives_stride32: 69
  unmatched_gt_count: 0
  fallback_count: 0
  conflict_count: 0
  dynamic_k_mean/min/max: 5.00/5/5
  nonfinite_cost_count: 0
[DEBUG] SimOTA train batch stats:
  images: 32
  empty_images: 3
  gt_count: 38
  candidate_count_mean/min/max: 159.16/50/1035
  positives_total: 190
  positives_per_gt_mean/min/max: 5.00/5/5
  positives_stride8: 30
  positives_stride16: 92
  positives_stride32: 68
  unmatched_gt_count: 0
  fallback_count: 0
  conflict_count: 0
  dynamic_k_mean/min/max: 5.00/5/5
  nonfinite_cost_count: 0
[DEBUG] SimOTA train batch stats:
  images: 32
  empty_images: 4
  gt_count: 35
  candidate_count_mean/min/max: 179.09/70/476
  positives_total: 175
  positives_per_gt_mean/min/max: 5.00/5/5
  positives_stride8: 15
  positives_stride16: 89
  positives_stride32: 71
  unmatched_gt_count: 0
  fallback_count: 0
  conflict_count: 0
  dynamic_k_mean/min/max: 5.00/5/5
  nonfinite_cost_count: 0
[DEBUG] SimOTA train batch stats:
  images: 32
  empty_images: 7
  gt_count: 28
  candidate_count_mean/min/max: 230.64/70/668
  positives_total: 140
  positives_per_gt_mean/min/max: 5.00/5/5
  positives_stride8: 11
  positives_stride16: 75
  positives_stride32: 54
  unmatched_gt_count: 0
  fallback_count: 0
  conflict_count: 0
  dynamic_k_mean/min/max: 5.00/5/5
  nonfinite_cost_count: 0
[DEBUG] SimOTA val batch stats:
  images: 32
  empty_images: 4
  gt_count: 36
  candidate_count_mean/min/max: 208.00/70/855
  positives_total: 178
  positives_per_gt_mean/min/max: 4.94/3/5
  positives_stride8: 21
  positives_stride16: 90
  positives_stride32: 67
  unmatched_gt_count: 0
  fallback_count: 0
  conflict_count: 0
  dynamic_k_mean/min/max: 4.94/3/5
  nonfinite_cost_count: 0
[INFO] epoch summary | train loss=0.6640 obj=0.0003 box=0.1327 pos=172.13 | val loss=0.8932 map50=0.9210 map5095=0.7203 P=0.9365 R=0.8346 F1=0.8826
[INFO] val extras | mean_iou=0.8981 center_err_px(mean/med/p95)=1.93/1.56/4.95 center_err_norm_diag(mean/med/p95)=0.0024/0.0020/0.0062 fp/img=0.0562 small/med/large recall=0.7210/0.8834/0.9070 counts=233/223/215
[INFO] saved per-epoch checkpoint: /mnt/core/MLonMCU_proj/software/ball_detection/runs/20260522-133921-simota_diou_v2_pruned_30/checkpoints/094_epoch.pt
[INFO] early stopping status: bad_epochs=2/30
[INFO] epoch 95/150 start | lr=0.000306936
[DEBUG] SimOTA train batch stats:
  images: 32
  empty_images: 4
  gt_count: 39
  candidate_count_mean/min/max: 225.90/50/1261
  positives_total: 195
  positives_per_gt_mean/min/max: 5.00/5/5
  positives_stride8: 21
  positives_stride16: 92
  positives_stride32: 82
  unmatched_gt_count: 0
  fallback_count: 0
  conflict_count: 0
  dynamic_k_mean/min/max: 5.00/5/5
  nonfinite_cost_count: 0
[DEBUG] SimOTA train batch stats:
  images: 32
  empty_images: 2
  gt_count: 32
  candidate_count_mean/min/max: 219.16/75/697
  positives_total: 160
  positives_per_gt_mean/min/max: 5.00/5/5
  positives_stride8: 12
  positives_stride16: 80
  positives_stride32: 68
  unmatched_gt_count: 0
  fallback_count: 0
  conflict_count: 0
  dynamic_k_mean/min/max: 5.00/5/5
  nonfinite_cost_count: 0
[DEBUG] SimOTA train batch stats:
  images: 32
  empty_images: 4
  gt_count: 39
  candidate_count_mean/min/max: 172.95/60/646
  positives_total: 195
  positives_per_gt_mean/min/max: 5.00/5/5
  positives_stride8: 13
  positives_stride16: 100
  positives_stride32: 82
  unmatched_gt_count: 0
  fallback_count: 0
  conflict_count: 0
  dynamic_k_mean/min/max: 5.00/5/5
  nonfinite_cost_count: 0
[DEBUG] SimOTA train batch stats:
  images: 32
  empty_images: 5
  gt_count: 30
  candidate_count_mean/min/max: 180.10/70/505
  positives_total: 150
  positives_per_gt_mean/min/max: 5.00/5/5
  positives_stride8: 11
  positives_stride16: 84
  positives_stride32: 55
  unmatched_gt_count: 0
  fallback_count: 0
  conflict_count: 0
  dynamic_k_mean/min/max: 5.00/5/5
  nonfinite_cost_count: 0
[DEBUG] SimOTA train batch stats:
  images: 32
  empty_images: 3
  gt_count: 38
  candidate_count_mean/min/max: 194.68/70/1261
  positives_total: 190
  positives_per_gt_mean/min/max: 5.00/5/5
  positives_stride8: 15
  positives_stride16: 94
  positives_stride32: 81
  unmatched_gt_count: 0
  fallback_count: 0
  conflict_count: 0
  dynamic_k_mean/min/max: 5.00/5/5
  nonfinite_cost_count: 0
[DEBUG] SimOTA train batch stats:
  images: 32
  empty_images: 5
  gt_count: 29
  candidate_count_mean/min/max: 228.72/75/789
  positives_total: 145
  positives_per_gt_mean/min/max: 5.00/5/5
  positives_stride8: 15
  positives_stride16: 73
  positives_stride32: 57
  unmatched_gt_count: 0
  fallback_count: 0
  conflict_count: 0
  dynamic_k_mean/min/max: 5.00/5/5
  nonfinite_cost_count: 0
[DEBUG] SimOTA val batch stats:
  images: 32
  empty_images: 2
  gt_count: 40
  candidate_count_mean/min/max: 168.12/56/693
  positives_total: 194
  positives_per_gt_mean/min/max: 4.85/0/5
  positives_stride8: 5
  positives_stride16: 109
  positives_stride32: 80
  unmatched_gt_count: 1
  fallback_count: 0
  conflict_count: 4
  dynamic_k_mean/min/max: 4.95/4/5
  nonfinite_cost_count: 0
[INFO] epoch summary | train loss=0.6500 obj=0.0003 box=0.1299 pos=171.97 | val loss=0.8937 map50=0.9225 map5095=0.7194 P=0.9398 R=0.8376 F1=0.8857
[INFO] val extras | mean_iou=0.8969 center_err_px(mean/med/p95)=1.96/1.55/4.93 center_err_norm_diag(mean/med/p95)=0.0024/0.0019/0.0062 fp/img=0.0533 small/med/large recall=0.7253/0.8789/0.9163 counts=233/223/215
[INFO] saved per-epoch checkpoint: /mnt/core/MLonMCU_proj/software/ball_detection/runs/20260522-133921-simota_diou_v2_pruned_30/checkpoints/095_epoch.pt
[INFO] early stopping status: bad_epochs=3/30
[INFO] epoch 96/150 start | lr=0.000297335
[DEBUG] SimOTA train batch stats:
  images: 32
  empty_images: 3
  gt_count: 37
  candidate_count_mean/min/max: 188.92/70/622
  positives_total: 185
  positives_per_gt_mean/min/max: 5.00/5/5
  positives_stride8: 15
  positives_stride16: 97
  positives_stride32: 73
  unmatched_gt_count: 0
  fallback_count: 0
  conflict_count: 0
  dynamic_k_mean/min/max: 5.00/5/5
  nonfinite_cost_count: 0
[DEBUG] SimOTA train batch stats:
  images: 32
  empty_images: 3
  gt_count: 38
  candidate_count_mean/min/max: 165.08/75/448
  positives_total: 190
  positives_per_gt_mean/min/max: 5.00/5/5
  positives_stride8: 13
  positives_stride16: 101
  positives_stride32: 76
  unmatched_gt_count: 0
  fallback_count: 0
  conflict_count: 0
  dynamic_k_mean/min/max: 5.00/5/5
  nonfinite_cost_count: 0
[DEBUG] SimOTA train batch stats:
  images: 32
  empty_images: 6
  gt_count: 32
  candidate_count_mean/min/max: 246.44/75/831
  positives_total: 160
  positives_per_gt_mean/min/max: 5.00/5/5
  positives_stride8: 5
  positives_stride16: 85
  positives_stride32: 70
  unmatched_gt_count: 0
  fallback_count: 0
  conflict_count: 0
  dynamic_k_mean/min/max: 5.00/5/5
  nonfinite_cost_count: 0
[DEBUG] SimOTA train batch stats:
  images: 32
  empty_images: 10
  gt_count: 29
  candidate_count_mean/min/max: 175.62/50/622
  positives_total: 145
  positives_per_gt_mean/min/max: 5.00/5/5
  positives_stride8: 17
  positives_stride16: 73
  positives_stride32: 55
  unmatched_gt_count: 0
  fallback_count: 0
  conflict_count: 0
  dynamic_k_mean/min/max: 5.00/5/5
  nonfinite_cost_count: 0
[DEBUG] SimOTA train batch stats:
  images: 32
  empty_images: 1
  gt_count: 39
  candidate_count_mean/min/max: 178.95/50/785
  positives_total: 193
  positives_per_gt_mean/min/max: 4.95/3/5
  positives_stride8: 18
  positives_stride16: 93
  positives_stride32: 82
  unmatched_gt_count: 0
  fallback_count: 0
  conflict_count: 2
  dynamic_k_mean/min/max: 5.00/5/5
  nonfinite_cost_count: 0
[DEBUG] SimOTA train batch stats:
  images: 32
  empty_images: 8
  gt_count: 30
  candidate_count_mean/min/max: 207.43/75/831
  positives_total: 150
  positives_per_gt_mean/min/max: 5.00/5/5
  positives_stride8: 5
  positives_stride16: 80
  positives_stride32: 65
  unmatched_gt_count: 0
  fallback_count: 0
  conflict_count: 0
  dynamic_k_mean/min/max: 5.00/5/5
  nonfinite_cost_count: 0
[DEBUG] SimOTA val batch stats:
  images: 32
  empty_images: 4
  gt_count: 34
  candidate_count_mean/min/max: 194.94/62/780
  positives_total: 167
  positives_per_gt_mean/min/max: 4.91/3/5
  positives_stride8: 11
  positives_stride16: 90
  positives_stride32: 66
  unmatched_gt_count: 0
  fallback_count: 0
  conflict_count: 0
  dynamic_k_mean/min/max: 4.91/3/5
  nonfinite_cost_count: 0
[INFO] epoch summary | train loss=0.6534 obj=0.0003 box=0.1306 pos=172.55 | val loss=0.9040 map50=0.9213 map5095=0.7255 P=0.9332 R=0.8331 F1=0.8803
[INFO] val extras | mean_iou=0.8992 center_err_px(mean/med/p95)=1.93/1.56/4.82 center_err_norm_diag(mean/med/p95)=0.0024/0.0019/0.0060 fp/img=0.0592 small/med/large recall=0.7039/0.8879/0.9163 counts=233/223/215
[INFO] saved per-epoch checkpoint: /mnt/core/MLonMCU_proj/software/ball_detection/runs/20260522-133921-simota_diou_v2_pruned_30/checkpoints/096_epoch.pt
[INFO] new best checkpoint at epoch 96: /mnt/core/MLonMCU_proj/software/ball_detection/runs/20260522-133921-simota_diou_v2_pruned_30/checkpoints/best.pt
[INFO] epoch 97/150 start | lr=0.000287823
[DEBUG] SimOTA train batch stats:
  images: 32
  empty_images: 5
  gt_count: 36
  candidate_count_mean/min/max: 129.92/45/594
  positives_total: 179
  positives_per_gt_mean/min/max: 4.97/4/5
  positives_stride8: 26
  positives_stride16: 87
  positives_stride32: 66
  unmatched_gt_count: 0
  fallback_count: 0
  conflict_count: 0
  dynamic_k_mean/min/max: 4.97/4/5
  nonfinite_cost_count: 0
[DEBUG] SimOTA train batch stats:
  images: 32
  empty_images: 2
  gt_count: 38
  candidate_count_mean/min/max: 194.45/70/822
  positives_total: 190
  positives_per_gt_mean/min/max: 5.00/5/5
  positives_stride8: 20
  positives_stride16: 90
  positives_stride32: 80
  unmatched_gt_count: 0
  fallback_count: 0
  conflict_count: 0
  dynamic_k_mean/min/max: 5.00/5/5
  nonfinite_cost_count: 0
[DEBUG] SimOTA train batch stats:
  images: 32
  empty_images: 1
  gt_count: 37
  candidate_count_mean/min/max: 177.08/75/980
  positives_total: 185
  positives_per_gt_mean/min/max: 5.00/5/5
  positives_stride8: 14
  positives_stride16: 94
  positives_stride32: 77
  unmatched_gt_count: 0
  fallback_count: 0
  conflict_count: 0
  dynamic_k_mean/min/max: 5.00/5/5
  nonfinite_cost_count: 0
[DEBUG] SimOTA train batch stats:
  images: 32
  empty_images: 4
  gt_count: 35
  candidate_count_mean/min/max: 273.63/70/1575
  positives_total: 174
  positives_per_gt_mean/min/max: 4.97/4/5
  positives_stride8: 17
  positives_stride16: 85
  positives_stride32: 72
  unmatched_gt_count: 0
  fallback_count: 0
  conflict_count: 0
  dynamic_k_mean/min/max: 4.97/4/5
  nonfinite_cost_count: 0
[DEBUG] SimOTA train batch stats:
  images: 32
  empty_images: 4
  gt_count: 41
  candidate_count_mean/min/max: 150.15/45/500
  positives_total: 204
  positives_per_gt_mean/min/max: 4.98/4/5
  positives_stride8: 25
  positives_stride16: 105
  positives_stride32: 74
  unmatched_gt_count: 0
  fallback_count: 0
  conflict_count: 0
  dynamic_k_mean/min/max: 4.98/4/5
  nonfinite_cost_count: 0
[DEBUG] SimOTA train batch stats:
  images: 32
  empty_images: 6
  gt_count: 35
  candidate_count_mean/min/max: 161.23/70/725
  positives_total: 175
  positives_per_gt_mean/min/max: 5.00/5/5
  positives_stride8: 14
  positives_stride16: 91
  positives_stride32: 70
  unmatched_gt_count: 0
  fallback_count: 0
  conflict_count: 0
  dynamic_k_mean/min/max: 5.00/5/5
  nonfinite_cost_count: 0
[DEBUG] SimOTA val batch stats:
  images: 32
  empty_images: 6
  gt_count: 28
  candidate_count_mean/min/max: 181.21/75/576
  positives_total: 140
  positives_per_gt_mean/min/max: 5.00/5/5
  positives_stride8: 3
  positives_stride16: 79
  positives_stride32: 58
  unmatched_gt_count: 0
  fallback_count: 0
  conflict_count: 0
  dynamic_k_mean/min/max: 5.00/5/5
  nonfinite_cost_count: 0
[INFO] epoch summary | train loss=0.6481 obj=0.0003 box=0.1296 pos=172.66 | val loss=0.8837 map50=0.9224 map5095=0.7189 P=0.9349 R=0.8346 F1=0.8819
[INFO] val extras | mean_iou=0.8967 center_err_px(mean/med/p95)=1.98/1.60/5.05 center_err_norm_diag(mean/med/p95)=0.0025/0.0020/0.0063 fp/img=0.0577 small/med/large recall=0.7082/0.8879/0.9163 counts=233/223/215
[INFO] saved per-epoch checkpoint: /mnt/core/MLonMCU_proj/software/ball_detection/runs/20260522-133921-simota_diou_v2_pruned_30/checkpoints/097_epoch.pt
[INFO] early stopping status: bad_epochs=1/30
[INFO] epoch 98/150 start | lr=0.000278405
[DEBUG] SimOTA train batch stats:
  images: 32
  empty_images: 2
  gt_count: 35
  candidate_count_mean/min/max: 221.43/70/855
  positives_total: 174
  positives_per_gt_mean/min/max: 4.97/4/5
  positives_stride8: 16
  positives_stride16: 85
  positives_stride32: 73
  unmatched_gt_count: 0
  fallback_count: 0
  conflict_count: 1
  dynamic_k_mean/min/max: 5.00/5/5
  nonfinite_cost_count: 0
[DEBUG] SimOTA train batch stats:
  images: 32
  empty_images: 2
  gt_count: 40
  candidate_count_mean/min/max: 197.47/53/560
  positives_total: 200
  positives_per_gt_mean/min/max: 5.00/5/5
  positives_stride8: 15
  positives_stride16: 111
  positives_stride32: 74
  unmatched_gt_count: 0
  fallback_count: 0
  conflict_count: 0
  dynamic_k_mean/min/max: 5.00/5/5
  nonfinite_cost_count: 0
[DEBUG] SimOTA train batch stats:
  images: 32
  empty_images: 3
  gt_count: 39
  candidate_count_mean/min/max: 157.72/50/736
  positives_total: 195
  positives_per_gt_mean/min/max: 5.00/5/5
  positives_stride8: 22
  positives_stride16: 101
  positives_stride32: 72
  unmatched_gt_count: 0
  fallback_count: 0
  conflict_count: 0
  dynamic_k_mean/min/max: 5.00/5/5
  nonfinite_cost_count: 0
[DEBUG] SimOTA train batch stats:
  images: 32
  empty_images: 6
  gt_count: 28
  candidate_count_mean/min/max: 151.25/50/430
  positives_total: 140
  positives_per_gt_mean/min/max: 5.00/5/5
  positives_stride8: 15
  positives_stride16: 67
  positives_stride32: 58
  unmatched_gt_count: 0
  fallback_count: 0
  conflict_count: 0
  dynamic_k_mean/min/max: 5.00/5/5
  nonfinite_cost_count: 0
[DEBUG] SimOTA train batch stats:
  images: 32
  empty_images: 9
  gt_count: 31
  candidate_count_mean/min/max: 156.84/70/533
  positives_total: 155
  positives_per_gt_mean/min/max: 5.00/5/5
  positives_stride8: 15
  positives_stride16: 85
  positives_stride32: 55
  unmatched_gt_count: 0
  fallback_count: 0
  conflict_count: 0
  dynamic_k_mean/min/max: 5.00/5/5
  nonfinite_cost_count: 0
[DEBUG] SimOTA train batch stats:
  images: 32
  empty_images: 4
  gt_count: 35
  candidate_count_mean/min/max: 166.11/75/430
  positives_total: 169
  positives_per_gt_mean/min/max: 4.83/0/5
  positives_stride8: 16
  positives_stride16: 86
  positives_stride32: 67
  unmatched_gt_count: 1
  fallback_count: 0
  conflict_count: 6
  dynamic_k_mean/min/max: 5.00/5/5
  nonfinite_cost_count: 0
[DEBUG] SimOTA val batch stats:
  images: 32
  empty_images: 1
  gt_count: 34
  candidate_count_mean/min/max: 244.56/75/840
  positives_total: 169
  positives_per_gt_mean/min/max: 4.97/4/5
  positives_stride8: 9
  positives_stride16: 88
  positives_stride32: 72
  unmatched_gt_count: 0
  fallback_count: 0
  conflict_count: 0
  dynamic_k_mean/min/max: 4.97/4/5
  nonfinite_cost_count: 0
[INFO] epoch summary | train loss=0.6501 obj=0.0003 box=0.1299 pos=172.39 | val loss=0.9024 map50=0.9255 map5095=0.7205 P=0.9319 R=0.8361 F1=0.8814
[INFO] val extras | mean_iou=0.8961 center_err_px(mean/med/p95)=1.97/1.55/5.00 center_err_norm_diag(mean/med/p95)=0.0025/0.0019/0.0063 fp/img=0.0607 small/med/large recall=0.7082/0.8924/0.9163 counts=233/223/215
[INFO] saved per-epoch checkpoint: /mnt/core/MLonMCU_proj/software/ball_detection/runs/20260522-133921-simota_diou_v2_pruned_30/checkpoints/098_epoch.pt
[INFO] early stopping status: bad_epochs=2/30
[INFO] epoch 99/150 start | lr=0.000269084
[DEBUG] SimOTA train batch stats:
  images: 32
  empty_images: 10
  gt_count: 25
  candidate_count_mean/min/max: 211.08/53/687
  positives_total: 125
  positives_per_gt_mean/min/max: 5.00/5/5
  positives_stride8: 6
  positives_stride16: 61
  positives_stride32: 58
  unmatched_gt_count: 0
  fallback_count: 0
  conflict_count: 0
  dynamic_k_mean/min/max: 5.00/5/5
  nonfinite_cost_count: 0
[DEBUG] SimOTA train batch stats:
  images: 32
  empty_images: 4
  gt_count: 37
  candidate_count_mean/min/max: 180.70/70/680
  positives_total: 179
  positives_per_gt_mean/min/max: 4.84/0/5
  positives_stride8: 18
  positives_stride16: 93
  positives_stride32: 68
  unmatched_gt_count: 1
  fallback_count: 0
  conflict_count: 2
  dynamic_k_mean/min/max: 4.89/2/5
  nonfinite_cost_count: 0
[DEBUG] SimOTA train batch stats:
  images: 32
  empty_images: 1
  gt_count: 41
  candidate_count_mean/min/max: 144.73/60/428
  positives_total: 205
  positives_per_gt_mean/min/max: 5.00/5/5
  positives_stride8: 22
  positives_stride16: 112
  positives_stride32: 71
  unmatched_gt_count: 0
  fallback_count: 0
  conflict_count: 0
  dynamic_k_mean/min/max: 5.00/5/5
  nonfinite_cost_count: 0
[DEBUG] SimOTA train batch stats:
  images: 32
  empty_images: 4
  gt_count: 38
  candidate_count_mean/min/max: 141.71/50/476
  positives_total: 175
  positives_per_gt_mean/min/max: 4.61/0/5
  positives_stride8: 18
  positives_stride16: 84
  positives_stride32: 73
  unmatched_gt_count: 2
  fallback_count: 0
  conflict_count: 15
  dynamic_k_mean/min/max: 5.00/5/5
  nonfinite_cost_count: 0
[DEBUG] SimOTA train batch stats:
  images: 32
  empty_images: 6
  gt_count: 29
  candidate_count_mean/min/max: 158.41/41/412
  positives_total: 145
  positives_per_gt_mean/min/max: 5.00/5/5
  positives_stride8: 16
  positives_stride16: 78
  positives_stride32: 51
  unmatched_gt_count: 0
  fallback_count: 0
  conflict_count: 0
  dynamic_k_mean/min/max: 5.00/5/5
  nonfinite_cost_count: 0
[DEBUG] SimOTA val batch stats:
  images: 32
  empty_images: 4
  gt_count: 28
  candidate_count_mean/min/max: 341.71/60/448
  positives_total: 140
  positives_per_gt_mean/min/max: 5.00/5/5
  positives_stride8: 4
  positives_stride16: 81
  positives_stride32: 55
  unmatched_gt_count: 0
  fallback_count: 0
  conflict_count: 0
  dynamic_k_mean/min/max: 5.00/5/5
  nonfinite_cost_count: 0
[DEBUG] SimOTA val batch stats:
  images: 32
  empty_images: 2
  gt_count: 44
  candidate_count_mean/min/max: 294.34/60/983
  positives_total: 220
  positives_per_gt_mean/min/max: 5.00/5/5
  positives_stride8: 8
  positives_stride16: 97
  positives_stride32: 115
  unmatched_gt_count: 0
  fallback_count: 0
  conflict_count: 0
  dynamic_k_mean/min/max: 5.00/5/5
  nonfinite_cost_count: 0
[INFO] epoch summary | train loss=0.6503 obj=0.0003 box=0.1300 pos=172.58 | val loss=0.8795 map50=0.9238 map5095=0.7229 P=0.9302 R=0.8539 F1=0.8904
[INFO] val extras | mean_iou=0.8972 center_err_px(mean/med/p95)=1.93/1.51/4.87 center_err_norm_diag(mean/med/p95)=0.0024/0.0019/0.0061 fp/img=0.0636 small/med/large recall=0.7511/0.9013/0.9163 counts=233/223/215
[INFO] saved per-epoch checkpoint: /mnt/core/MLonMCU_proj/software/ball_detection/runs/20260522-133921-simota_diou_v2_pruned_30/checkpoints/099_epoch.pt
[INFO] early stopping status: bad_epochs=3/30
[INFO] epoch 100/150 start | lr=0.000259864
[DEBUG] SimOTA train batch stats:
  images: 32
  empty_images: 4
  gt_count: 38
  candidate_count_mean/min/max: 240.34/45/926
  positives_total: 189
  positives_per_gt_mean/min/max: 4.97/4/5
  positives_stride8: 21
  positives_stride16: 91
  positives_stride32: 77
  unmatched_gt_count: 0
  fallback_count: 0
  conflict_count: 0
  dynamic_k_mean/min/max: 4.97/4/5
  nonfinite_cost_count: 0
[DEBUG] SimOTA train batch stats:
  images: 32
  empty_images: 7
  gt_count: 37
  candidate_count_mean/min/max: 156.14/70/830
  positives_total: 170
  positives_per_gt_mean/min/max: 4.59/1/5
  positives_stride8: 17
  positives_stride16: 90
  positives_stride32: 63
  unmatched_gt_count: 0
  fallback_count: 0
  conflict_count: 15
  dynamic_k_mean/min/max: 5.00/5/5
  nonfinite_cost_count: 0
[DEBUG] SimOTA train batch stats:
  images: 32
  empty_images: 9
  gt_count: 26
  candidate_count_mean/min/max: 197.31/75/412
  positives_total: 130
  positives_per_gt_mean/min/max: 5.00/5/5
  positives_stride8: 6
  positives_stride16: 70
  positives_stride32: 54
  unmatched_gt_count: 0
  fallback_count: 0
  conflict_count: 0
  dynamic_k_mean/min/max: 5.00/5/5
  nonfinite_cost_count: 0
[DEBUG] SimOTA train batch stats:
  images: 32
  empty_images: 2
  gt_count: 37
  candidate_count_mean/min/max: 179.54/70/646
  positives_total: 183
  positives_per_gt_mean/min/max: 4.95/3/5
  positives_stride8: 27
  positives_stride16: 87
  positives_stride32: 69
  unmatched_gt_count: 0
  fallback_count: 0
  conflict_count: 2
  dynamic_k_mean/min/max: 5.00/5/5
  nonfinite_cost_count: 0
[DEBUG] SimOTA train batch stats:
  images: 32
  empty_images: 3
  gt_count: 37
  candidate_count_mean/min/max: 169.05/56/941
  positives_total: 185
  positives_per_gt_mean/min/max: 5.00/5/5
  positives_stride8: 24
  positives_stride16: 89
  positives_stride32: 72
  unmatched_gt_count: 0
  fallback_count: 0
  conflict_count: 0
  dynamic_k_mean/min/max: 5.00/5/5
  nonfinite_cost_count: 0
[DEBUG] SimOTA val batch stats:
  images: 32
  empty_images: 11
  gt_count: 21
  candidate_count_mean/min/max: 108.24/75/176
  positives_total: 105
  positives_per_gt_mean/min/max: 5.00/5/5
  positives_stride8: 5
  positives_stride16: 58
  positives_stride32: 42
  unmatched_gt_count: 0
  fallback_count: 0
  conflict_count: 0
  dynamic_k_mean/min/max: 5.00/5/5
  nonfinite_cost_count: 0
[DEBUG] SimOTA val batch stats:
  images: 4
  empty_images: 2
  gt_count: 3
  candidate_count_mean/min/max: 120.00/86/182
  positives_total: 15
  positives_per_gt_mean/min/max: 5.00/5/5
  positives_stride8: 0
  positives_stride16: 9
  positives_stride32: 6
  unmatched_gt_count: 0
  fallback_count: 0
  conflict_count: 0
  dynamic_k_mean/min/max: 5.00/5/5
  nonfinite_cost_count: 0
[INFO] epoch summary | train loss=0.6472 obj=0.0003 box=0.1294 pos=172.20 | val loss=0.8833 map50=0.9256 map5095=0.7222 P=0.9362 R=0.8525 F1=0.8924
[INFO] val extras | mean_iou=0.8963 center_err_px(mean/med/p95)=1.94/1.50/4.91 center_err_norm_diag(mean/med/p95)=0.0024/0.0019/0.0061 fp/img=0.0577 small/med/large recall=0.7425/0.9013/0.9209 counts=233/223/215
[INFO] saved per-epoch checkpoint: /mnt/core/MLonMCU_proj/software/ball_detection/runs/20260522-133921-simota_diou_v2_pruned_30/checkpoints/100_epoch.pt
[INFO] early stopping status: bad_epochs=4/30
[INFO] epoch 101/150 start | lr=0.00025075
[DEBUG] SimOTA train batch stats:
  images: 32
  empty_images: 4
  gt_count: 34
  candidate_count_mean/min/max: 165.32/54/475
  positives_total: 170
  positives_per_gt_mean/min/max: 5.00/5/5
  positives_stride8: 19
  positives_stride16: 87
  positives_stride32: 64
  unmatched_gt_count: 0
  fallback_count: 0
  conflict_count: 0
  dynamic_k_mean/min/max: 5.00/5/5
  nonfinite_cost_count: 0
[DEBUG] SimOTA train batch stats:
  images: 32
  empty_images: 4
  gt_count: 34
  candidate_count_mean/min/max: 205.44/70/980
  positives_total: 170
  positives_per_gt_mean/min/max: 5.00/5/5
  positives_stride8: 20
  positives_stride16: 80
  positives_stride32: 70
  unmatched_gt_count: 0
  fallback_count: 0
  conflict_count: 0
  dynamic_k_mean/min/max: 5.00/5/5
  nonfinite_cost_count: 0
[DEBUG] SimOTA train batch stats:
  images: 32
  empty_images: 4
  gt_count: 35
  candidate_count_mean/min/max: 202.51/70/775
  positives_total: 175
  positives_per_gt_mean/min/max: 5.00/5/5
  positives_stride8: 15
  positives_stride16: 88
  positives_stride32: 72
  unmatched_gt_count: 0
  fallback_count: 0
  conflict_count: 0
  dynamic_k_mean/min/max: 5.00/5/5
  nonfinite_cost_count: 0
[DEBUG] SimOTA train batch stats:
  images: 32
  empty_images: 6
  gt_count: 29
  candidate_count_mean/min/max: 205.14/75/751
  positives_total: 145
  positives_per_gt_mean/min/max: 5.00/5/5
  positives_stride8: 10
  positives_stride16: 71
  positives_stride32: 64
  unmatched_gt_count: 0
  fallback_count: 0
  conflict_count: 0
  dynamic_k_mean/min/max: 5.00/5/5
  nonfinite_cost_count: 0
[DEBUG] SimOTA train batch stats:
  images: 32
  empty_images: 4
  gt_count: 34
  candidate_count_mean/min/max: 252.44/75/792
  positives_total: 170
  positives_per_gt_mean/min/max: 5.00/5/5
  positives_stride8: 17
  positives_stride16: 83
  positives_stride32: 70
  unmatched_gt_count: 0
  fallback_count: 0
  conflict_count: 0
  dynamic_k_mean/min/max: 5.00/5/5
  nonfinite_cost_count: 0
[DEBUG] SimOTA val batch stats:
  images: 32
  empty_images: 0
  gt_count: 32
  candidate_count_mean/min/max: 321.94/75/448
  positives_total: 160
  positives_per_gt_mean/min/max: 5.00/5/5
  positives_stride8: 0
  positives_stride16: 100
  positives_stride32: 60
  unmatched_gt_count: 0
  fallback_count: 0
  conflict_count: 0
  dynamic_k_mean/min/max: 5.00/5/5
  nonfinite_cost_count: 0
[INFO] epoch summary | train loss=0.6503 obj=0.0003 box=0.1300 pos=172.38 | val loss=0.8806 map50=0.9259 map5095=0.7274 P=0.9280 R=0.8450 F1=0.8846
[INFO] val extras | mean_iou=0.8969 center_err_px(mean/med/p95)=1.93/1.52/4.98 center_err_norm_diag(mean/med/p95)=0.0024/0.0019/0.0062 fp/img=0.0651 small/med/large recall=0.7253/0.9013/0.9163 counts=233/223/215
[INFO] saved per-epoch checkpoint: /mnt/core/MLonMCU_proj/software/ball_detection/runs/20260522-133921-simota_diou_v2_pruned_30/checkpoints/101_epoch.pt
[INFO] new best checkpoint at epoch 101: /mnt/core/MLonMCU_proj/software/ball_detection/runs/20260522-133921-simota_diou_v2_pruned_30/checkpoints/best.pt
[INFO] epoch 102/150 start | lr=0.000241746
[DEBUG] SimOTA train batch stats:
  images: 32
  empty_images: 3
  gt_count: 36
  candidate_count_mean/min/max: 225.81/70/952
  positives_total: 180
  positives_per_gt_mean/min/max: 5.00/5/5
  positives_stride8: 11
  positives_stride16: 86
  positives_stride32: 83
  unmatched_gt_count: 0
  fallback_count: 0
  conflict_count: 0
  dynamic_k_mean/min/max: 5.00/5/5
  nonfinite_cost_count: 0
[DEBUG] SimOTA train batch stats:
  images: 32
  empty_images: 4
  gt_count: 39
  candidate_count_mean/min/max: 178.46/60/775
  positives_total: 195
  positives_per_gt_mean/min/max: 5.00/5/5
  positives_stride8: 23
  positives_stride16: 96
  positives_stride32: 76
  unmatched_gt_count: 0
  fallback_count: 0
  conflict_count: 0
  dynamic_k_mean/min/max: 5.00/5/5
  nonfinite_cost_count: 0
[DEBUG] SimOTA train batch stats:
  images: 32
  empty_images: 3
  gt_count: 40
  candidate_count_mean/min/max: 163.20/56/597
  positives_total: 191
  positives_per_gt_mean/min/max: 4.78/0/5
  positives_stride8: 21
  positives_stride16: 102
  positives_stride32: 68
  unmatched_gt_count: 1
  fallback_count: 0
  conflict_count: 6
  dynamic_k_mean/min/max: 4.92/3/5
  nonfinite_cost_count: 0
[DEBUG] SimOTA train batch stats:
  images: 32
  empty_images: 2
  gt_count: 32
  candidate_count_mean/min/max: 227.38/70/1195
  positives_total: 160
  positives_per_gt_mean/min/max: 5.00/5/5
  positives_stride8: 20
  positives_stride16: 73
  positives_stride32: 67
  unmatched_gt_count: 0
  fallback_count: 0
  conflict_count: 0
  dynamic_k_mean/min/max: 5.00/5/5
  nonfinite_cost_count: 0
[DEBUG] SimOTA train batch stats:
  images: 32
  empty_images: 2
  gt_count: 47
  candidate_count_mean/min/max: 176.91/45/822
  positives_total: 230
  positives_per_gt_mean/min/max: 4.89/0/5
  positives_stride8: 27
  positives_stride16: 110
  positives_stride32: 93
  unmatched_gt_count: 1
  fallback_count: 0
  conflict_count: 2
  dynamic_k_mean/min/max: 4.94/2/5
  nonfinite_cost_count: 0
[DEBUG] SimOTA train batch stats:
  images: 32
  empty_images: 2
  gt_count: 40
  candidate_count_mean/min/max: 195.25/75/789
  positives_total: 190
  positives_per_gt_mean/min/max: 4.75/0/5
  positives_stride8: 15
  positives_stride16: 95
  positives_stride32: 80
  unmatched_gt_count: 2
  fallback_count: 0
  conflict_count: 10
  dynamic_k_mean/min/max: 5.00/5/5
  nonfinite_cost_count: 0
[DEBUG] SimOTA val batch stats:
  images: 32
  empty_images: 0
  gt_count: 54
  candidate_count_mean/min/max: 108.57/70/430
  positives_total: 270
  positives_per_gt_mean/min/max: 5.00/5/5
  positives_stride8: 70
  positives_stride16: 112
  positives_stride32: 88
  unmatched_gt_count: 0
  fallback_count: 0
  conflict_count: 0
  dynamic_k_mean/min/max: 5.00/5/5
  nonfinite_cost_count: 0
[INFO] epoch summary | train loss=0.6481 obj=0.0003 box=0.1296 pos=172.09 | val loss=0.8826 map50=0.9245 map5095=0.7229 P=0.9307 R=0.8405 F1=0.8833
[INFO] val extras | mean_iou=0.8964 center_err_px(mean/med/p95)=1.99/1.54/5.02 center_err_norm_diag(mean/med/p95)=0.0025/0.0019/0.0063 fp/img=0.0621 small/med/large recall=0.7124/0.8924/0.9256 counts=233/223/215
[INFO] saved per-epoch checkpoint: /mnt/core/MLonMCU_proj/software/ball_detection/runs/20260522-133921-simota_diou_v2_pruned_30/checkpoints/102_epoch.pt
[INFO] early stopping status: bad_epochs=1/30
[INFO] epoch 103/150 start | lr=0.000232855
[DEBUG] SimOTA train batch stats:
  images: 32
  empty_images: 6
  gt_count: 31
  candidate_count_mean/min/max: 148.42/70/430
  positives_total: 155
  positives_per_gt_mean/min/max: 5.00/5/5
  positives_stride8: 9
  positives_stride16: 87
  positives_stride32: 59
  unmatched_gt_count: 0
  fallback_count: 0
  conflict_count: 0
  dynamic_k_mean/min/max: 5.00/5/5
  nonfinite_cost_count: 0
[DEBUG] SimOTA train batch stats:
  images: 32
  empty_images: 2
  gt_count: 39
  candidate_count_mean/min/max: 155.90/45/448
  positives_total: 194
  positives_per_gt_mean/min/max: 4.97/4/5
  positives_stride8: 26
  positives_stride16: 93
  positives_stride32: 75
  unmatched_gt_count: 0
  fallback_count: 0
  conflict_count: 0
  dynamic_k_mean/min/max: 4.97/4/5
  nonfinite_cost_count: 0
[DEBUG] SimOTA train batch stats:
  images: 32
  empty_images: 4
  gt_count: 32
  candidate_count_mean/min/max: 190.84/65/661
  positives_total: 160
  positives_per_gt_mean/min/max: 5.00/5/5
  positives_stride8: 13
  positives_stride16: 78
  positives_stride32: 69
  unmatched_gt_count: 0
  fallback_count: 0
  conflict_count: 0
  dynamic_k_mean/min/max: 5.00/5/5
  nonfinite_cost_count: 0
[DEBUG] SimOTA train batch stats:
  images: 32
  empty_images: 4
  gt_count: 33
  candidate_count_mean/min/max: 176.27/50/448
  positives_total: 165
  positives_per_gt_mean/min/max: 5.00/5/5
  positives_stride8: 13
  positives_stride16: 89
  positives_stride32: 63
  unmatched_gt_count: 0
  fallback_count: 0
  conflict_count: 0
  dynamic_k_mean/min/max: 5.00/5/5
  nonfinite_cost_count: 0
[DEBUG] SimOTA train batch stats:
  images: 32
  empty_images: 2
  gt_count: 39
  candidate_count_mean/min/max: 169.59/70/772
  positives_total: 195
  positives_per_gt_mean/min/max: 5.00/5/5
  positives_stride8: 19
  positives_stride16: 99
  positives_stride32: 77
  unmatched_gt_count: 0
  fallback_count: 0
  conflict_count: 0
  dynamic_k_mean/min/max: 5.00/5/5
  nonfinite_cost_count: 0
[DEBUG] SimOTA train batch stats:
  images: 32
  empty_images: 4
  gt_count: 34
  candidate_count_mean/min/max: 205.12/50/609
  positives_total: 170
  positives_per_gt_mean/min/max: 5.00/5/5
  positives_stride8: 14
  positives_stride16: 87
  positives_stride32: 69
  unmatched_gt_count: 0
  fallback_count: 0
  conflict_count: 0
  dynamic_k_mean/min/max: 5.00/5/5
  nonfinite_cost_count: 0
[DEBUG] SimOTA val batch stats:
  images: 32
  empty_images: 9
  gt_count: 35
  candidate_count_mean/min/max: 88.03/50/166
  positives_total: 175
  positives_per_gt_mean/min/max: 5.00/5/5
  positives_stride8: 33
  positives_stride16: 85
  positives_stride32: 57
  unmatched_gt_count: 0
  fallback_count: 0
  conflict_count: 0
  dynamic_k_mean/min/max: 5.00/5/5
  nonfinite_cost_count: 0
[INFO] epoch summary | train loss=0.6456 obj=0.0003 box=0.1291 pos=172.21 | val loss=0.9002 map50=0.9230 map5095=0.7218 P=0.9337 R=0.8390 F1=0.8838
[INFO] val extras | mean_iou=0.8970 center_err_px(mean/med/p95)=1.93/1.53/4.90 center_err_norm_diag(mean/med/p95)=0.0024/0.0019/0.0061 fp/img=0.0592 small/med/large recall=0.7210/0.8969/0.9070 counts=233/223/215
[INFO] saved per-epoch checkpoint: /mnt/core/MLonMCU_proj/software/ball_detection/runs/20260522-133921-simota_diou_v2_pruned_30/checkpoints/103_epoch.pt
[INFO] early stopping status: bad_epochs=2/30
[INFO] epoch 104/150 start | lr=0.000224081
[DEBUG] SimOTA train batch stats:
  images: 32
  empty_images: 3
  gt_count: 31
  candidate_count_mean/min/max: 203.52/53/535
  positives_total: 155
  positives_per_gt_mean/min/max: 5.00/5/5
  positives_stride8: 10
  positives_stride16: 86
  positives_stride32: 59
  unmatched_gt_count: 0
  fallback_count: 0
  conflict_count: 0
  dynamic_k_mean/min/max: 5.00/5/5
  nonfinite_cost_count: 0
[DEBUG] SimOTA train batch stats:
  images: 32
  empty_images: 8
  gt_count: 33
  candidate_count_mean/min/max: 178.82/60/691
  positives_total: 165
  positives_per_gt_mean/min/max: 5.00/5/5
  positives_stride8: 22
  positives_stride16: 78
  positives_stride32: 65
  unmatched_gt_count: 0
  fallback_count: 0
  conflict_count: 0
  dynamic_k_mean/min/max: 5.00/5/5
  nonfinite_cost_count: 0
[DEBUG] SimOTA train batch stats:
  images: 32
  empty_images: 4
  gt_count: 39
  candidate_count_mean/min/max: 213.21/70/1580
  positives_total: 176
  positives_per_gt_mean/min/max: 4.51/1/5
  positives_stride8: 21
  positives_stride16: 81
  positives_stride32: 74
  unmatched_gt_count: 0
  fallback_count: 0
  conflict_count: 19
  dynamic_k_mean/min/max: 5.00/5/5
  nonfinite_cost_count: 0
[DEBUG] SimOTA train batch stats:
  images: 32
  empty_images: 2
  gt_count: 39
  candidate_count_mean/min/max: 165.51/45/822
  positives_total: 194
  positives_per_gt_mean/min/max: 4.97/4/5
  positives_stride8: 28
  positives_stride16: 93
  positives_stride32: 73
  unmatched_gt_count: 0
  fallback_count: 0
  conflict_count: 1
  dynamic_k_mean/min/max: 5.00/5/5
  nonfinite_cost_count: 0
[DEBUG] SimOTA train batch stats:
  images: 32
  empty_images: 3
  gt_count: 35
  candidate_count_mean/min/max: 190.20/45/576
  positives_total: 169
  positives_per_gt_mean/min/max: 4.83/0/5
  positives_stride8: 24
  positives_stride16: 87
  positives_stride32: 58
  unmatched_gt_count: 1
  fallback_count: 0
  conflict_count: 5
  dynamic_k_mean/min/max: 4.97/4/5
  nonfinite_cost_count: 0
[DEBUG] SimOTA train batch stats:
  images: 32
  empty_images: 6
  gt_count: 38
  candidate_count_mean/min/max: 199.58/45/830
  positives_total: 189
  positives_per_gt_mean/min/max: 4.97/4/5
  positives_stride8: 15
  positives_stride16: 95
  positives_stride32: 79
  unmatched_gt_count: 0
  fallback_count: 0
  conflict_count: 0
  dynamic_k_mean/min/max: 4.97/4/5
  nonfinite_cost_count: 0
[DEBUG] SimOTA val batch stats:
  images: 32
  empty_images: 3
  gt_count: 29
  candidate_count_mean/min/max: 83.52/70/131
  positives_total: 145
  positives_per_gt_mean/min/max: 5.00/5/5
  positives_stride8: 15
  positives_stride16: 79
  positives_stride32: 51
  unmatched_gt_count: 0
  fallback_count: 0
  conflict_count: 0
  dynamic_k_mean/min/max: 5.00/5/5
  nonfinite_cost_count: 0
[INFO] epoch summary | train loss=0.6321 obj=0.0003 box=0.1264 pos=172.80 | val loss=0.8988 map50=0.9245 map5095=0.7235 P=0.9271 R=0.8525 F1=0.8882
[INFO] val extras | mean_iou=0.8967 center_err_px(mean/med/p95)=1.91/1.50/4.77 center_err_norm_diag(mean/med/p95)=0.0024/0.0019/0.0060 fp/img=0.0666 small/med/large recall=0.7511/0.8969/0.9163 counts=233/223/215
[INFO] saved per-epoch checkpoint: /mnt/core/MLonMCU_proj/software/ball_detection/runs/20260522-133921-simota_diou_v2_pruned_30/checkpoints/104_epoch.pt
[INFO] early stopping status: bad_epochs=3/30
[INFO] epoch 105/150 start | lr=0.000215429
[DEBUG] SimOTA train batch stats:
  images: 32
  empty_images: 3
  gt_count: 34
  candidate_count_mean/min/max: 170.82/75/608
  positives_total: 170
  positives_per_gt_mean/min/max: 5.00/5/5
  positives_stride8: 15
  positives_stride16: 89
  positives_stride32: 66
  unmatched_gt_count: 0
  fallback_count: 0
  conflict_count: 0
  dynamic_k_mean/min/max: 5.00/5/5
  nonfinite_cost_count: 0
[DEBUG] SimOTA train batch stats:
  images: 32
  empty_images: 6
  gt_count: 31
  candidate_count_mean/min/max: 244.42/45/1580
  positives_total: 155
  positives_per_gt_mean/min/max: 5.00/5/5
  positives_stride8: 12
  positives_stride16: 72
  positives_stride32: 71
  unmatched_gt_count: 0
  fallback_count: 0
  conflict_count: 0
  dynamic_k_mean/min/max: 5.00/5/5
  nonfinite_cost_count: 0
[DEBUG] SimOTA train batch stats:
  images: 32
  empty_images: 2
  gt_count: 33
  candidate_count_mean/min/max: 167.09/50/495
  positives_total: 165
  positives_per_gt_mean/min/max: 5.00/5/5
  positives_stride8: 16
  positives_stride16: 81
  positives_stride32: 68
  unmatched_gt_count: 0
  fallback_count: 0
  conflict_count: 0
  dynamic_k_mean/min/max: 5.00/5/5
  nonfinite_cost_count: 0
[DEBUG] SimOTA train batch stats:
  images: 32
  empty_images: 3
  gt_count: 35
  candidate_count_mean/min/max: 173.71/56/521
  positives_total: 175
  positives_per_gt_mean/min/max: 5.00/5/5
  positives_stride8: 24
  positives_stride16: 86
  positives_stride32: 65
  unmatched_gt_count: 0
  fallback_count: 0
  conflict_count: 0
  dynamic_k_mean/min/max: 5.00/5/5
  nonfinite_cost_count: 0
[DEBUG] SimOTA train batch stats:
  images: 32
  empty_images: 3
  gt_count: 39
  candidate_count_mean/min/max: 139.49/65/535
  positives_total: 195
  positives_per_gt_mean/min/max: 5.00/5/5
  positives_stride8: 28
  positives_stride16: 93
  positives_stride32: 74
  unmatched_gt_count: 0
  fallback_count: 0
  conflict_count: 0
  dynamic_k_mean/min/max: 5.00/5/5
  nonfinite_cost_count: 0
[DEBUG] SimOTA train batch stats:
  images: 32
  empty_images: 6
  gt_count: 36
  candidate_count_mean/min/max: 178.36/70/855
  positives_total: 171
  positives_per_gt_mean/min/max: 4.75/0/5
  positives_stride8: 11
  positives_stride16: 87
  positives_stride32: 73
  unmatched_gt_count: 1
  fallback_count: 0
  conflict_count: 6
  dynamic_k_mean/min/max: 4.92/3/5
  nonfinite_cost_count: 0
[DEBUG] SimOTA val batch stats:
  images: 32
  empty_images: 3
  gt_count: 29
  candidate_count_mean/min/max: 291.59/62/476
  positives_total: 145
  positives_per_gt_mean/min/max: 5.00/5/5
  positives_stride8: 5
  positives_stride16: 82
  positives_stride32: 58
  unmatched_gt_count: 0
  fallback_count: 0
  conflict_count: 0
  dynamic_k_mean/min/max: 5.00/5/5
  nonfinite_cost_count: 0
[INFO] epoch summary | train loss=0.6408 obj=0.0003 box=0.1281 pos=173.03 | val loss=0.8988 map50=0.9285 map5095=0.7216 P=0.9329 R=0.8495 F1=0.8892
[INFO] val extras | mean_iou=0.8954 center_err_px(mean/med/p95)=1.96/1.52/4.93 center_err_norm_diag(mean/med/p95)=0.0024/0.0019/0.0062 fp/img=0.0607 small/med/large recall=0.7382/0.8969/0.9209 counts=233/223/215
[INFO] saved per-epoch checkpoint: /mnt/core/MLonMCU_proj/software/ball_detection/runs/20260522-133921-simota_diou_v2_pruned_30/checkpoints/105_epoch.pt
[INFO] early stopping status: bad_epochs=4/30
[INFO] epoch 106/150 start | lr=0.000206901
[DEBUG] SimOTA train batch stats:
  images: 32
  empty_images: 6
  gt_count: 31
  candidate_count_mean/min/max: 244.84/75/1261
  positives_total: 155
  positives_per_gt_mean/min/max: 5.00/5/5
  positives_stride8: 13
  positives_stride16: 74
  positives_stride32: 68
  unmatched_gt_count: 0
  fallback_count: 0
  conflict_count: 0
  dynamic_k_mean/min/max: 5.00/5/5
  nonfinite_cost_count: 0
[DEBUG] SimOTA train batch stats:
  images: 32
  empty_images: 4
  gt_count: 32
  candidate_count_mean/min/max: 215.22/60/1071
  positives_total: 160
  positives_per_gt_mean/min/max: 5.00/5/5
  positives_stride8: 8
  positives_stride16: 89
  positives_stride32: 63
  unmatched_gt_count: 0
  fallback_count: 0
  conflict_count: 0
  dynamic_k_mean/min/max: 5.00/5/5
  nonfinite_cost_count: 0
[DEBUG] SimOTA train batch stats:
  images: 32
  empty_images: 2
  gt_count: 34
  candidate_count_mean/min/max: 195.71/50/1035
  positives_total: 170
  positives_per_gt_mean/min/max: 5.00/5/5
  positives_stride8: 23
  positives_stride16: 82
  positives_stride32: 65
  unmatched_gt_count: 0
  fallback_count: 0
  conflict_count: 0
  dynamic_k_mean/min/max: 5.00/5/5
  nonfinite_cost_count: 0
[DEBUG] SimOTA train batch stats:
  images: 32
  empty_images: 2
  gt_count: 35
  candidate_count_mean/min/max: 217.83/65/1575
  positives_total: 175
  positives_per_gt_mean/min/max: 5.00/5/5
  positives_stride8: 7
  positives_stride16: 93
  positives_stride32: 75
  unmatched_gt_count: 0
  fallback_count: 0
  conflict_count: 0
  dynamic_k_mean/min/max: 5.00/5/5
  nonfinite_cost_count: 0
[DEBUG] SimOTA train batch stats:
  images: 32
  empty_images: 5
  gt_count: 36
  candidate_count_mean/min/max: 223.81/70/737
  positives_total: 172
  positives_per_gt_mean/min/max: 4.78/2/5
  positives_stride8: 20
  positives_stride16: 84
  positives_stride32: 68
  unmatched_gt_count: 0
  fallback_count: 0
  conflict_count: 7
  dynamic_k_mean/min/max: 4.97/4/5
  nonfinite_cost_count: 0
[DEBUG] SimOTA train batch stats:
  images: 32
  empty_images: 2
  gt_count: 36
  candidate_count_mean/min/max: 228.89/56/1580
  positives_total: 180
  positives_per_gt_mean/min/max: 5.00/5/5
  positives_stride8: 13
  positives_stride16: 86
  positives_stride32: 81
  unmatched_gt_count: 0
  fallback_count: 0
  conflict_count: 0
  dynamic_k_mean/min/max: 5.00/5/5
  nonfinite_cost_count: 0
[DEBUG] SimOTA val batch stats:
  images: 32
  empty_images: 4
  gt_count: 28
  candidate_count_mean/min/max: 280.43/75/448
  positives_total: 140
  positives_per_gt_mean/min/max: 5.00/5/5
  positives_stride8: 5
  positives_stride16: 77
  positives_stride32: 58
  unmatched_gt_count: 0
  fallback_count: 0
  conflict_count: 0
  dynamic_k_mean/min/max: 5.00/5/5
  nonfinite_cost_count: 0
[INFO] epoch summary | train loss=0.6354 obj=0.0003 box=0.1270 pos=172.35 | val loss=0.8954 map50=0.9280 map5095=0.7251 P=0.9330 R=0.8510 F1=0.8901
[INFO] val extras | mean_iou=0.8969 center_err_px(mean/med/p95)=1.95/1.49/5.03 center_err_norm_diag(mean/med/p95)=0.0024/0.0019/0.0063 fp/img=0.0607 small/med/large recall=0.7382/0.8924/0.9302 counts=233/223/215
[INFO] saved per-epoch checkpoint: /mnt/core/MLonMCU_proj/software/ball_detection/runs/20260522-133921-simota_diou_v2_pruned_30/checkpoints/106_epoch.pt
[INFO] early stopping status: bad_epochs=5/30
[INFO] epoch 107/150 start | lr=0.000198503
[DEBUG] SimOTA train batch stats:
  images: 32
  empty_images: 3
  gt_count: 37
  candidate_count_mean/min/max: 180.03/75/697
  positives_total: 180
  positives_per_gt_mean/min/max: 4.86/2/5
  positives_stride8: 18
  positives_stride16: 94
  positives_stride32: 68
  unmatched_gt_count: 0
  fallback_count: 0
  conflict_count: 4
  dynamic_k_mean/min/max: 4.97/4/5
  nonfinite_cost_count: 0
[DEBUG] SimOTA train batch stats:
  images: 32
  empty_images: 7
  gt_count: 31
  candidate_count_mean/min/max: 230.42/60/999
  positives_total: 155
  positives_per_gt_mean/min/max: 5.00/5/5
  positives_stride8: 16
  positives_stride16: 70
  positives_stride32: 69
  unmatched_gt_count: 0
  fallback_count: 0
  conflict_count: 0
  dynamic_k_mean/min/max: 5.00/5/5
  nonfinite_cost_count: 0
[DEBUG] SimOTA train batch stats:
  images: 32
  empty_images: 5
  gt_count: 33
  candidate_count_mean/min/max: 120.33/75/378
  positives_total: 165
  positives_per_gt_mean/min/max: 5.00/5/5
  positives_stride8: 25
  positives_stride16: 81
  positives_stride32: 59
  unmatched_gt_count: 0
  fallback_count: 0
  conflict_count: 0
  dynamic_k_mean/min/max: 5.00/5/5
  nonfinite_cost_count: 0
[DEBUG] SimOTA train batch stats:
  images: 32
  empty_images: 4
  gt_count: 40
  candidate_count_mean/min/max: 164.18/57/855
  positives_total: 200
  positives_per_gt_mean/min/max: 5.00/5/5
  positives_stride8: 33
  positives_stride16: 92
  positives_stride32: 75
  unmatched_gt_count: 0
  fallback_count: 0
  conflict_count: 0
  dynamic_k_mean/min/max: 5.00/5/5
  nonfinite_cost_count: 0
[DEBUG] SimOTA train batch stats:
  images: 32
  empty_images: 8
  gt_count: 31
  candidate_count_mean/min/max: 190.87/70/665
  positives_total: 155
  positives_per_gt_mean/min/max: 5.00/5/5
  positives_stride8: 6
  positives_stride16: 80
  positives_stride32: 69
  unmatched_gt_count: 0
  fallback_count: 0
  conflict_count: 0
  dynamic_k_mean/min/max: 5.00/5/5
  nonfinite_cost_count: 0
[DEBUG] SimOTA train batch stats:
  images: 32
  empty_images: 3
  gt_count: 38
  candidate_count_mean/min/max: 178.76/45/928
  positives_total: 189
  positives_per_gt_mean/min/max: 4.97/4/5
  positives_stride8: 20
  positives_stride16: 93
  positives_stride32: 76
  unmatched_gt_count: 0
  fallback_count: 0
  conflict_count: 0
  dynamic_k_mean/min/max: 4.97/4/5
  nonfinite_cost_count: 0
[DEBUG] SimOTA val batch stats:
  images: 32
  empty_images: 8
  gt_count: 39
  candidate_count_mean/min/max: 88.92/45/135
  positives_total: 195
  positives_per_gt_mean/min/max: 5.00/5/5
  positives_stride8: 40
  positives_stride16: 94
  positives_stride32: 61
  unmatched_gt_count: 0
  fallback_count: 0
  conflict_count: 0
  dynamic_k_mean/min/max: 5.00/5/5
  nonfinite_cost_count: 0
[INFO] epoch summary | train loss=0.6308 obj=0.0003 box=0.1261 pos=172.69 | val loss=0.8966 map50=0.9244 map5095=0.7228 P=0.9404 R=0.8465 F1=0.8910
[INFO] val extras | mean_iou=0.8970 center_err_px(mean/med/p95)=1.96/1.51/5.13 center_err_norm_diag(mean/med/p95)=0.0025/0.0019/0.0064 fp/img=0.0533 small/med/large recall=0.7296/0.8924/0.9256 counts=233/223/215
[INFO] saved per-epoch checkpoint: /mnt/core/MLonMCU_proj/software/ball_detection/runs/20260522-133921-simota_diou_v2_pruned_30/checkpoints/107_epoch.pt
[INFO] early stopping status: bad_epochs=6/30
[INFO] epoch 108/150 start | lr=0.000190237
[DEBUG] SimOTA train batch stats:
  images: 32
  empty_images: 7
  gt_count: 28
  candidate_count_mean/min/max: 187.21/56/772
  positives_total: 140
  positives_per_gt_mean/min/max: 5.00/5/5
  positives_stride8: 12
  positives_stride16: 77
  positives_stride32: 51
  unmatched_gt_count: 0
  fallback_count: 0
  conflict_count: 0
  dynamic_k_mean/min/max: 5.00/5/5
  nonfinite_cost_count: 0
[DEBUG] SimOTA train batch stats:
  images: 32
  empty_images: 5
  gt_count: 34
  candidate_count_mean/min/max: 190.79/60/535
  positives_total: 170
  positives_per_gt_mean/min/max: 5.00/5/5
  positives_stride8: 19
  positives_stride16: 84
  positives_stride32: 67
  unmatched_gt_count: 0
  fallback_count: 0
  conflict_count: 0
  dynamic_k_mean/min/max: 5.00/5/5
  nonfinite_cost_count: 0
[DEBUG] SimOTA train batch stats:
  images: 32
  empty_images: 3
  gt_count: 35
  candidate_count_mean/min/max: 181.20/50/830
  positives_total: 175
  positives_per_gt_mean/min/max: 5.00/5/5
  positives_stride8: 22
  positives_stride16: 82
  positives_stride32: 71
  unmatched_gt_count: 0
  fallback_count: 0
  conflict_count: 0
  dynamic_k_mean/min/max: 5.00/5/5
  nonfinite_cost_count: 0
[DEBUG] SimOTA train batch stats:
  images: 32
  empty_images: 7
  gt_count: 31
  candidate_count_mean/min/max: 201.19/75/980
  positives_total: 150
  positives_per_gt_mean/min/max: 4.84/1/5
  positives_stride8: 8
  positives_stride16: 78
  positives_stride32: 64
  unmatched_gt_count: 0
  fallback_count: 0
  conflict_count: 5
  dynamic_k_mean/min/max: 5.00/5/5
  nonfinite_cost_count: 0
[DEBUG] SimOTA train batch stats:
  images: 32
  empty_images: 0
  gt_count: 35
  candidate_count_mean/min/max: 192.46/50/687
  positives_total: 175
  positives_per_gt_mean/min/max: 5.00/5/5
  positives_stride8: 9
  positives_stride16: 103
  positives_stride32: 63
  unmatched_gt_count: 0
  fallback_count: 0
  conflict_count: 0
  dynamic_k_mean/min/max: 5.00/5/5
  nonfinite_cost_count: 0
[DEBUG] SimOTA train batch stats:
  images: 32
  empty_images: 5
  gt_count: 38
  candidate_count_mean/min/max: 140.11/45/403
  positives_total: 190
  positives_per_gt_mean/min/max: 5.00/5/5
  positives_stride8: 23
  positives_stride16: 96
  positives_stride32: 71
  unmatched_gt_count: 0
  fallback_count: 0
  conflict_count: 0
  dynamic_k_mean/min/max: 5.00/5/5
  nonfinite_cost_count: 0
[DEBUG] SimOTA val batch stats:
  images: 32
  empty_images: 15
  gt_count: 20
  candidate_count_mean/min/max: 157.40/62/430
  positives_total: 100
  positives_per_gt_mean/min/max: 5.00/5/5
  positives_stride8: 4
  positives_stride16: 56
  positives_stride32: 40
  unmatched_gt_count: 0
  fallback_count: 0
  conflict_count: 0
  dynamic_k_mean/min/max: 5.00/5/5
  nonfinite_cost_count: 0
[INFO] epoch summary | train loss=0.6272 obj=0.0003 box=0.1254 pos=171.53 | val loss=0.8922 map50=0.9242 map5095=0.7264 P=0.9421 R=0.8495 F1=0.8934
[INFO] val extras | mean_iou=0.8981 center_err_px(mean/med/p95)=1.92/1.50/4.97 center_err_norm_diag(mean/med/p95)=0.0024/0.0019/0.0062 fp/img=0.0518 small/med/large recall=0.7382/0.8924/0.9256 counts=233/223/215
[INFO] saved per-epoch checkpoint: /mnt/core/MLonMCU_proj/software/ball_detection/runs/20260522-133921-simota_diou_v2_pruned_30/checkpoints/108_epoch.pt
[INFO] early stopping status: bad_epochs=7/30
[INFO] epoch 109/150 start | lr=0.000182107
[DEBUG] SimOTA train batch stats:
  images: 32
  empty_images: 5
  gt_count: 32
  candidate_count_mean/min/max: 169.28/70/430
  positives_total: 160
  positives_per_gt_mean/min/max: 5.00/5/5
  positives_stride8: 17
  positives_stride16: 83
  positives_stride32: 60
  unmatched_gt_count: 0
  fallback_count: 0
  conflict_count: 0
  dynamic_k_mean/min/max: 5.00/5/5
  nonfinite_cost_count: 0
[DEBUG] SimOTA train batch stats:
  images: 32
  empty_images: 1
  gt_count: 37
  candidate_count_mean/min/max: 178.54/70/521
  positives_total: 185
  positives_per_gt_mean/min/max: 5.00/5/5
  positives_stride8: 19
  positives_stride16: 95
  positives_stride32: 71
  unmatched_gt_count: 0
  fallback_count: 0
  conflict_count: 0
  dynamic_k_mean/min/max: 5.00/5/5
  nonfinite_cost_count: 0
[DEBUG] SimOTA train batch stats:
  images: 32
  empty_images: 6
  gt_count: 31
  candidate_count_mean/min/max: 139.48/70/560
  positives_total: 155
  positives_per_gt_mean/min/max: 5.00/5/5
  positives_stride8: 16
  positives_stride16: 82
  positives_stride32: 57
  unmatched_gt_count: 0
  fallback_count: 0
  conflict_count: 0
  dynamic_k_mean/min/max: 5.00/5/5
  nonfinite_cost_count: 0
[DEBUG] SimOTA train batch stats:
  images: 32
  empty_images: 1
  gt_count: 36
  candidate_count_mean/min/max: 251.53/70/1580
  positives_total: 180
  positives_per_gt_mean/min/max: 5.00/5/5
  positives_stride8: 15
  positives_stride16: 94
  positives_stride32: 71
  unmatched_gt_count: 0
  fallback_count: 0
  conflict_count: 0
  dynamic_k_mean/min/max: 5.00/5/5
  nonfinite_cost_count: 0
[DEBUG] SimOTA train batch stats:
  images: 32
  empty_images: 3
  gt_count: 35
  candidate_count_mean/min/max: 237.43/45/999
  positives_total: 175
  positives_per_gt_mean/min/max: 5.00/5/5
  positives_stride8: 17
  positives_stride16: 78
  positives_stride32: 80
  unmatched_gt_count: 0
  fallback_count: 0
  conflict_count: 0
  dynamic_k_mean/min/max: 5.00/5/5
  nonfinite_cost_count: 0
[DEBUG] SimOTA train batch stats:
  images: 32
  empty_images: 5
  gt_count: 36
  candidate_count_mean/min/max: 218.75/75/1077
  positives_total: 180
  positives_per_gt_mean/min/max: 5.00/5/5
  positives_stride8: 26
  positives_stride16: 80
  positives_stride32: 74
  unmatched_gt_count: 0
  fallback_count: 0
  conflict_count: 0
  dynamic_k_mean/min/max: 5.00/5/5
  nonfinite_cost_count: 0
[DEBUG] SimOTA val batch stats:
  images: 32
  empty_images: 0
  gt_count: 33
  candidate_count_mean/min/max: 306.42/80/433
  positives_total: 160
  positives_per_gt_mean/min/max: 4.85/0/5
  positives_stride8: 3
  positives_stride16: 76
  positives_stride32: 81
  unmatched_gt_count: 1
  fallback_count: 0
  conflict_count: 5
  dynamic_k_mean/min/max: 5.00/5/5
  nonfinite_cost_count: 0
[INFO] epoch summary | train loss=0.6325 obj=0.0003 box=0.1264 pos=172.22 | val loss=0.8957 map50=0.9250 map5095=0.7205 P=0.9383 R=0.8390 F1=0.8859
[INFO] val extras | mean_iou=0.8968 center_err_px(mean/med/p95)=1.94/1.57/4.78 center_err_norm_diag(mean/med/p95)=0.0024/0.0020/0.0060 fp/img=0.0547 small/med/large recall=0.7253/0.8879/0.9116 counts=233/223/215
[INFO] saved per-epoch checkpoint: /mnt/core/MLonMCU_proj/software/ball_detection/runs/20260522-133921-simota_diou_v2_pruned_30/checkpoints/109_epoch.pt
[INFO] early stopping status: bad_epochs=8/30
[INFO] epoch 110/150 start | lr=0.000174116
[DEBUG] SimOTA train batch stats:
  images: 32
  empty_images: 4
  gt_count: 35
  candidate_count_mean/min/max: 232.31/56/1164
  positives_total: 175
  positives_per_gt_mean/min/max: 5.00/5/5
  positives_stride8: 21
  positives_stride16: 78
  positives_stride32: 76
  unmatched_gt_count: 0
  fallback_count: 0
  conflict_count: 0
  dynamic_k_mean/min/max: 5.00/5/5
  nonfinite_cost_count: 0
[DEBUG] SimOTA train batch stats:
  images: 32
  empty_images: 3
  gt_count: 36
  candidate_count_mean/min/max: 144.97/50/560
  positives_total: 180
  positives_per_gt_mean/min/max: 5.00/5/5
  positives_stride8: 19
  positives_stride16: 89
  positives_stride32: 72
  unmatched_gt_count: 0
  fallback_count: 0
  conflict_count: 0
  dynamic_k_mean/min/max: 5.00/5/5
  nonfinite_cost_count: 0
[DEBUG] SimOTA train batch stats:
  images: 32
  empty_images: 4
  gt_count: 36
  candidate_count_mean/min/max: 185.44/75/831
  positives_total: 180
  positives_per_gt_mean/min/max: 5.00/5/5
  positives_stride8: 9
  positives_stride16: 97
  positives_stride32: 74
  unmatched_gt_count: 0
  fallback_count: 0
  conflict_count: 0
  dynamic_k_mean/min/max: 5.00/5/5
  nonfinite_cost_count: 0
[DEBUG] SimOTA train batch stats:
  images: 32
  empty_images: 6
  gt_count: 31
  candidate_count_mean/min/max: 196.65/75/618
  positives_total: 155
  positives_per_gt_mean/min/max: 5.00/5/5
  positives_stride8: 13
  positives_stride16: 75
  positives_stride32: 67
  unmatched_gt_count: 0
  fallback_count: 0
  conflict_count: 0
  dynamic_k_mean/min/max: 5.00/5/5
  nonfinite_cost_count: 0
[DEBUG] SimOTA train batch stats:
  images: 32
  empty_images: 6
  gt_count: 33
  candidate_count_mean/min/max: 239.55/45/1575
  positives_total: 164
  positives_per_gt_mean/min/max: 4.97/4/5
  positives_stride8: 17
  positives_stride16: 78
  positives_stride32: 69
  unmatched_gt_count: 0
  fallback_count: 0
  conflict_count: 0
  dynamic_k_mean/min/max: 4.97/4/5
  nonfinite_cost_count: 0
[DEBUG] SimOTA train batch stats:
  images: 32
  empty_images: 5
  gt_count: 36
  candidate_count_mean/min/max: 167.19/65/789
  positives_total: 180
  positives_per_gt_mean/min/max: 5.00/5/5
  positives_stride8: 22
  positives_stride16: 87
  positives_stride32: 71
  unmatched_gt_count: 0
  fallback_count: 0
  conflict_count: 0
  dynamic_k_mean/min/max: 5.00/5/5
  nonfinite_cost_count: 0
[DEBUG] SimOTA val batch stats:
  images: 32
  empty_images: 13
  gt_count: 19
  candidate_count_mean/min/max: 79.00/60/109
  positives_total: 93
  positives_per_gt_mean/min/max: 4.89/4/5
  positives_stride8: 22
  positives_stride16: 42
  positives_stride32: 29
  unmatched_gt_count: 0
  fallback_count: 0
  conflict_count: 0
  dynamic_k_mean/min/max: 4.89/4/5
  nonfinite_cost_count: 0
[INFO] epoch summary | train loss=0.6332 obj=0.0003 box=0.1266 pos=172.23 | val loss=0.8878 map50=0.9293 map5095=0.7277 P=0.9363 R=0.8539 F1=0.8932
[INFO] val extras | mean_iou=0.8970 center_err_px(mean/med/p95)=1.98/1.53/4.81 center_err_norm_diag(mean/med/p95)=0.0025/0.0019/0.0060 fp/img=0.0577 small/med/large recall=0.7382/0.9013/0.9302 counts=233/223/215
[INFO] saved per-epoch checkpoint: /mnt/core/MLonMCU_proj/software/ball_detection/runs/20260522-133921-simota_diou_v2_pruned_30/checkpoints/110_epoch.pt
[INFO] early stopping status: bad_epochs=9/30
[INFO] epoch 111/150 start | lr=0.000166269
[DEBUG] SimOTA train batch stats:
  images: 32
  empty_images: 4
  gt_count: 34
  candidate_count_mean/min/max: 186.44/75/999
  positives_total: 170
  positives_per_gt_mean/min/max: 5.00/5/5
  positives_stride8: 9
  positives_stride16: 92
  positives_stride32: 69
  unmatched_gt_count: 0
  fallback_count: 0
  conflict_count: 0
  dynamic_k_mean/min/max: 5.00/5/5
  nonfinite_cost_count: 0
[DEBUG] SimOTA train batch stats:
  images: 32
  empty_images: 6
  gt_count: 30
  candidate_count_mean/min/max: 169.67/70/403
  positives_total: 150
  positives_per_gt_mean/min/max: 5.00/5/5
  positives_stride8: 5
  positives_stride16: 87
  positives_stride32: 58
  unmatched_gt_count: 0
  fallback_count: 0
  conflict_count: 0
  dynamic_k_mean/min/max: 5.00/5/5
  nonfinite_cost_count: 0
[DEBUG] SimOTA train batch stats:
  images: 32
  empty_images: 3
  gt_count: 38
  candidate_count_mean/min/max: 174.39/56/611
  positives_total: 188
  positives_per_gt_mean/min/max: 4.95/3/5
  positives_stride8: 26
  positives_stride16: 91
  positives_stride32: 71
  unmatched_gt_count: 0
  fallback_count: 0
  conflict_count: 0
  dynamic_k_mean/min/max: 4.95/3/5
  nonfinite_cost_count: 0
[DEBUG] SimOTA train batch stats:
  images: 32
  empty_images: 6
  gt_count: 32
  candidate_count_mean/min/max: 155.03/60/535
  positives_total: 160
  positives_per_gt_mean/min/max: 5.00/5/5
  positives_stride8: 20
  positives_stride16: 83
  positives_stride32: 57
  unmatched_gt_count: 0
  fallback_count: 0
  conflict_count: 0
  dynamic_k_mean/min/max: 5.00/5/5
  nonfinite_cost_count: 0
[DEBUG] SimOTA train batch stats:
  images: 32
  empty_images: 5
  gt_count: 32
  candidate_count_mean/min/max: 186.88/70/652
  positives_total: 160
  positives_per_gt_mean/min/max: 5.00/5/5
  positives_stride8: 6
  positives_stride16: 86
  positives_stride32: 68
  unmatched_gt_count: 0
  fallback_count: 0
  conflict_count: 0
  dynamic_k_mean/min/max: 5.00/5/5
  nonfinite_cost_count: 0
[DEBUG] SimOTA train batch stats:
  images: 32
  empty_images: 5
  gt_count: 32
  candidate_count_mean/min/max: 177.53/75/785
  positives_total: 160
  positives_per_gt_mean/min/max: 5.00/5/5
  positives_stride8: 12
  positives_stride16: 77
  positives_stride32: 71
  unmatched_gt_count: 0
  fallback_count: 0
  conflict_count: 0
  dynamic_k_mean/min/max: 5.00/5/5
  nonfinite_cost_count: 0
[DEBUG] SimOTA val batch stats:
  images: 32
  empty_images: 6
  gt_count: 26
  candidate_count_mean/min/max: 85.81/70/211
  positives_total: 130
  positives_per_gt_mean/min/max: 5.00/5/5
  positives_stride8: 41
  positives_stride16: 51
  positives_stride32: 38
  unmatched_gt_count: 0
  fallback_count: 0
  conflict_count: 0
  dynamic_k_mean/min/max: 5.00/5/5
  nonfinite_cost_count: 0
[INFO] epoch summary | train loss=0.6308 obj=0.0003 box=0.1261 pos=172.35 | val loss=0.8879 map50=0.9258 map5095=0.7247 P=0.9359 R=0.8480 F1=0.8898
[INFO] val extras | mean_iou=0.8981 center_err_px(mean/med/p95)=1.90/1.52/4.72 center_err_norm_diag(mean/med/p95)=0.0024/0.0019/0.0059 fp/img=0.0577 small/med/large recall=0.7296/0.9013/0.9209 counts=233/223/215
[INFO] saved per-epoch checkpoint: /mnt/core/MLonMCU_proj/software/ball_detection/runs/20260522-133921-simota_diou_v2_pruned_30/checkpoints/111_epoch.pt
[INFO] early stopping status: bad_epochs=10/30
[INFO] epoch 112/150 start | lr=0.000158569
[DEBUG] SimOTA train batch stats:
  images: 32
  empty_images: 3
  gt_count: 37
  candidate_count_mean/min/max: 134.92/70/420
  positives_total: 185
  positives_per_gt_mean/min/max: 5.00/5/5
  positives_stride8: 19
  positives_stride16: 97
  positives_stride32: 69
  unmatched_gt_count: 0
  fallback_count: 0
  conflict_count: 0
  dynamic_k_mean/min/max: 5.00/5/5
  nonfinite_cost_count: 0
[DEBUG] SimOTA train batch stats:
  images: 32
  empty_images: 4
  gt_count: 34
  candidate_count_mean/min/max: 162.59/50/430
  positives_total: 165
  positives_per_gt_mean/min/max: 4.85/2/5
  positives_stride8: 15
  positives_stride16: 85
  positives_stride32: 65
  unmatched_gt_count: 0
  fallback_count: 0
  conflict_count: 5
  dynamic_k_mean/min/max: 5.00/5/5
  nonfinite_cost_count: 0
[DEBUG] SimOTA train batch stats:
  images: 32
  empty_images: 6
  gt_count: 31
  candidate_count_mean/min/max: 216.90/70/737
  positives_total: 155
  positives_per_gt_mean/min/max: 5.00/5/5
  positives_stride8: 12
  positives_stride16: 75
  positives_stride32: 68
  unmatched_gt_count: 0
  fallback_count: 0
  conflict_count: 0
  dynamic_k_mean/min/max: 5.00/5/5
  nonfinite_cost_count: 0
[DEBUG] SimOTA train batch stats:
  images: 32
  empty_images: 4
  gt_count: 32
  candidate_count_mean/min/max: 182.03/75/448
  positives_total: 160
  positives_per_gt_mean/min/max: 5.00/5/5
  positives_stride8: 19
  positives_stride16: 85
  positives_stride32: 56
  unmatched_gt_count: 0
  fallback_count: 0
  conflict_count: 0
  dynamic_k_mean/min/max: 5.00/5/5
  nonfinite_cost_count: 0
[DEBUG] SimOTA train batch stats:
  images: 32
  empty_images: 9
  gt_count: 27
  candidate_count_mean/min/max: 222.11/75/772
  positives_total: 135
  positives_per_gt_mean/min/max: 5.00/5/5
  positives_stride8: 13
  positives_stride16: 67
  positives_stride32: 55
  unmatched_gt_count: 0
  fallback_count: 0
  conflict_count: 0
  dynamic_k_mean/min/max: 5.00/5/5
  nonfinite_cost_count: 0
[DEBUG] SimOTA train batch stats:
  images: 32
  empty_images: 2
  gt_count: 36
  candidate_count_mean/min/max: 217.69/50/743
  positives_total: 180
  positives_per_gt_mean/min/max: 5.00/5/5
  positives_stride8: 14
  positives_stride16: 88
  positives_stride32: 78
  unmatched_gt_count: 0
  fallback_count: 0
  conflict_count: 0
  dynamic_k_mean/min/max: 5.00/5/5
  nonfinite_cost_count: 0
[DEBUG] SimOTA val batch stats:
  images: 32
  empty_images: 5
  gt_count: 27
  candidate_count_mean/min/max: 201.30/70/467
  positives_total: 135
  positives_per_gt_mean/min/max: 5.00/5/5
  positives_stride8: 20
  positives_stride16: 71
  positives_stride32: 44
  unmatched_gt_count: 0
  fallback_count: 0
  conflict_count: 0
  dynamic_k_mean/min/max: 5.00/5/5
  nonfinite_cost_count: 0
[INFO] epoch summary | train loss=0.6285 obj=0.0003 box=0.1256 pos=172.80 | val loss=0.8911 map50=0.9283 map5095=0.7248 P=0.9344 R=0.8495 F1=0.8899
[INFO] val extras | mean_iou=0.8962 center_err_px(mean/med/p95)=1.99/1.59/4.92 center_err_norm_diag(mean/med/p95)=0.0025/0.0020/0.0061 fp/img=0.0592 small/med/large recall=0.7339/0.9013/0.9209 counts=233/223/215
[INFO] saved per-epoch checkpoint: /mnt/core/MLonMCU_proj/software/ball_detection/runs/20260522-133921-simota_diou_v2_pruned_30/checkpoints/112_epoch.pt
[INFO] early stopping status: bad_epochs=11/30
[INFO] epoch 113/150 start | lr=0.000151018
[DEBUG] SimOTA train batch stats:
  images: 32
  empty_images: 6
  gt_count: 34
  candidate_count_mean/min/max: 221.59/70/1575
  positives_total: 170
  positives_per_gt_mean/min/max: 5.00/5/5
  positives_stride8: 14
  positives_stride16: 85
  positives_stride32: 71
  unmatched_gt_count: 0
  fallback_count: 0
  conflict_count: 0
  dynamic_k_mean/min/max: 5.00/5/5
  nonfinite_cost_count: 0
[DEBUG] SimOTA train batch stats:
  images: 32
  empty_images: 1
  gt_count: 41
  candidate_count_mean/min/max: 136.24/45/449
  positives_total: 203
  positives_per_gt_mean/min/max: 4.95/3/5
  positives_stride8: 28
  positives_stride16: 102
  positives_stride32: 73
  unmatched_gt_count: 0
  fallback_count: 0
  conflict_count: 2
  dynamic_k_mean/min/max: 5.00/5/5
  nonfinite_cost_count: 0
[DEBUG] SimOTA train batch stats:
  images: 32
  empty_images: 4
  gt_count: 32
  candidate_count_mean/min/max: 215.47/75/652
  positives_total: 160
  positives_per_gt_mean/min/max: 5.00/5/5
  positives_stride8: 10
  positives_stride16: 88
  positives_stride32: 62
  unmatched_gt_count: 0
  fallback_count: 0
  conflict_count: 0
  dynamic_k_mean/min/max: 5.00/5/5
  nonfinite_cost_count: 0
[DEBUG] SimOTA train batch stats:
  images: 32
  empty_images: 3
  gt_count: 35
  candidate_count_mean/min/max: 184.14/75/579
  positives_total: 175
  positives_per_gt_mean/min/max: 5.00/5/5
  positives_stride8: 11
  positives_stride16: 87
  positives_stride32: 77
  unmatched_gt_count: 0
  fallback_count: 0
  conflict_count: 0
  dynamic_k_mean/min/max: 5.00/5/5
  nonfinite_cost_count: 0
[DEBUG] SimOTA train batch stats:
  images: 32
  empty_images: 4
  gt_count: 38
  candidate_count_mean/min/max: 194.37/53/732
  positives_total: 189
  positives_per_gt_mean/min/max: 4.97/4/5
  positives_stride8: 23
  positives_stride16: 91
  positives_stride32: 75
  unmatched_gt_count: 0
  fallback_count: 0
  conflict_count: 1
  dynamic_k_mean/min/max: 5.00/5/5
  nonfinite_cost_count: 0
[DEBUG] SimOTA train batch stats:
  images: 32
  empty_images: 2
  gt_count: 33
  candidate_count_mean/min/max: 203.45/66/632
  positives_total: 165
  positives_per_gt_mean/min/max: 5.00/5/5
  positives_stride8: 12
  positives_stride16: 91
  positives_stride32: 62
  unmatched_gt_count: 0
  fallback_count: 0
  conflict_count: 0
  dynamic_k_mean/min/max: 5.00/5/5
  nonfinite_cost_count: 0
[DEBUG] SimOTA val batch stats:
  images: 32
  empty_images: 4
  gt_count: 32
  candidate_count_mean/min/max: 91.31/57/301
  positives_total: 158
  positives_per_gt_mean/min/max: 4.94/4/5
  positives_stride8: 37
  positives_stride16: 76
  positives_stride32: 45
  unmatched_gt_count: 0
  fallback_count: 0
  conflict_count: 0
  dynamic_k_mean/min/max: 4.94/4/5
  nonfinite_cost_count: 0
[INFO] epoch summary | train loss=0.6296 obj=0.0003 box=0.1258 pos=172.13 | val loss=0.8926 map50=0.9267 map5095=0.7254 P=0.9314 R=0.8495 F1=0.8885
[INFO] val extras | mean_iou=0.8971 center_err_px(mean/med/p95)=1.94/1.54/4.95 center_err_norm_diag(mean/med/p95)=0.0024/0.0019/0.0062 fp/img=0.0621 small/med/large recall=0.7382/0.9013/0.9163 counts=233/223/215
[INFO] saved per-epoch checkpoint: /mnt/core/MLonMCU_proj/software/ball_detection/runs/20260522-133921-simota_diou_v2_pruned_30/checkpoints/113_epoch.pt
[INFO] early stopping status: bad_epochs=12/30
[INFO] epoch 114/150 start | lr=0.000143621
[DEBUG] SimOTA train batch stats:
  images: 32
  empty_images: 5
  gt_count: 34
  candidate_count_mean/min/max: 152.35/45/733
  positives_total: 170
  positives_per_gt_mean/min/max: 5.00/5/5
  positives_stride8: 24
  positives_stride16: 84
  positives_stride32: 62
  unmatched_gt_count: 0
  fallback_count: 0
  conflict_count: 0
  dynamic_k_mean/min/max: 5.00/5/5
  nonfinite_cost_count: 0
[DEBUG] SimOTA train batch stats:
  images: 32
  empty_images: 4
  gt_count: 36
  candidate_count_mean/min/max: 205.64/75/980
  positives_total: 180
  positives_per_gt_mean/min/max: 5.00/5/5
  positives_stride8: 16
  positives_stride16: 90
  positives_stride32: 74
  unmatched_gt_count: 0
  fallback_count: 0
  conflict_count: 0
  dynamic_k_mean/min/max: 5.00/5/5
  nonfinite_cost_count: 0
[DEBUG] SimOTA train batch stats:
  images: 32
  empty_images: 4
  gt_count: 38
  candidate_count_mean/min/max: 185.74/41/808
  positives_total: 186
  positives_per_gt_mean/min/max: 4.89/2/5
  positives_stride8: 29
  positives_stride16: 87
  positives_stride32: 70
  unmatched_gt_count: 0
  fallback_count: 0
  conflict_count: 3
  dynamic_k_mean/min/max: 4.97/4/5
  nonfinite_cost_count: 0
[DEBUG] SimOTA train batch stats:
  images: 32
  empty_images: 4
  gt_count: 34
  candidate_count_mean/min/max: 163.21/56/725
  positives_total: 168
  positives_per_gt_mean/min/max: 4.94/3/5
  positives_stride8: 9
  positives_stride16: 87
  positives_stride32: 72
  unmatched_gt_count: 0
  fallback_count: 0
  conflict_count: 1
  dynamic_k_mean/min/max: 4.97/4/5
  nonfinite_cost_count: 0
[DEBUG] SimOTA train batch stats:
  images: 32
  empty_images: 2
  gt_count: 32
  candidate_count_mean/min/max: 193.97/70/780
  positives_total: 160
  positives_per_gt_mean/min/max: 5.00/5/5
  positives_stride8: 9
  positives_stride16: 84
  positives_stride32: 67
  unmatched_gt_count: 0
  fallback_count: 0
  conflict_count: 0
  dynamic_k_mean/min/max: 5.00/5/5
  nonfinite_cost_count: 0
[DEBUG] SimOTA train batch stats:
  images: 32
  empty_images: 4
  gt_count: 35
  candidate_count_mean/min/max: 227.66/75/941
  positives_total: 173
  positives_per_gt_mean/min/max: 4.94/3/5
  positives_stride8: 16
  positives_stride16: 88
  positives_stride32: 69
  unmatched_gt_count: 0
  fallback_count: 0
  conflict_count: 1
  dynamic_k_mean/min/max: 4.97/4/5
  nonfinite_cost_count: 0
[DEBUG] SimOTA val batch stats:
  images: 32
  empty_images: 4
  gt_count: 36
  candidate_count_mean/min/max: 208.00/70/855
  positives_total: 176
  positives_per_gt_mean/min/max: 4.89/3/5
  positives_stride8: 21
  positives_stride16: 86
  positives_stride32: 69
  unmatched_gt_count: 0
  fallback_count: 0
  conflict_count: 0
  dynamic_k_mean/min/max: 4.89/3/5
  nonfinite_cost_count: 0
[INFO] epoch summary | train loss=0.6264 obj=0.0003 box=0.1252 pos=172.18 | val loss=0.8947 map50=0.9287 map5095=0.7226 P=0.9360 R=0.8495 F1=0.8906
[INFO] val extras | mean_iou=0.8964 center_err_px(mean/med/p95)=1.93/1.53/4.90 center_err_norm_diag(mean/med/p95)=0.0024/0.0019/0.0061 fp/img=0.0577 small/med/large recall=0.7425/0.8969/0.9163 counts=233/223/215
[INFO] saved per-epoch checkpoint: /mnt/core/MLonMCU_proj/software/ball_detection/runs/20260522-133921-simota_diou_v2_pruned_30/checkpoints/114_epoch.pt
[INFO] early stopping status: bad_epochs=13/30
[INFO] epoch 115/150 start | lr=0.00013638
[DEBUG] SimOTA train batch stats:
  images: 32
  empty_images: 4
  gt_count: 33
  candidate_count_mean/min/max: 214.94/66/941
  positives_total: 165
  positives_per_gt_mean/min/max: 5.00/5/5
  positives_stride8: 11
  positives_stride16: 82
  positives_stride32: 72
  unmatched_gt_count: 0
  fallback_count: 0
  conflict_count: 0
  dynamic_k_mean/min/max: 5.00/5/5
  nonfinite_cost_count: 0
[DEBUG] SimOTA train batch stats:
  images: 32
  empty_images: 9
  gt_count: 29
  candidate_count_mean/min/max: 221.55/50/855
  positives_total: 145
  positives_per_gt_mean/min/max: 5.00/5/5
  positives_stride8: 12
  positives_stride16: 64
  positives_stride32: 69
  unmatched_gt_count: 0
  fallback_count: 0
  conflict_count: 0
  dynamic_k_mean/min/max: 5.00/5/5
  nonfinite_cost_count: 0
[DEBUG] SimOTA train batch stats:
  images: 32
  empty_images: 4
  gt_count: 38
  candidate_count_mean/min/max: 120.58/45/395
  positives_total: 190
  positives_per_gt_mean/min/max: 5.00/5/5
  positives_stride8: 23
  positives_stride16: 97
  positives_stride32: 70
  unmatched_gt_count: 0
  fallback_count: 0
  conflict_count: 0
  dynamic_k_mean/min/max: 5.00/5/5
  nonfinite_cost_count: 0
[DEBUG] SimOTA train batch stats:
  images: 32
  empty_images: 5
  gt_count: 31
  candidate_count_mean/min/max: 217.16/50/668
  positives_total: 155
  positives_per_gt_mean/min/max: 5.00/5/5
  positives_stride8: 12
  positives_stride16: 80
  positives_stride32: 63
  unmatched_gt_count: 0
  fallback_count: 0
  conflict_count: 0
  dynamic_k_mean/min/max: 5.00/5/5
  nonfinite_cost_count: 0
[DEBUG] SimOTA train batch stats:
  images: 32
  empty_images: 5
  gt_count: 32
  candidate_count_mean/min/max: 277.62/50/1035
  positives_total: 160
  positives_per_gt_mean/min/max: 5.00/5/5
  positives_stride8: 13
  positives_stride16: 76
  positives_stride32: 71
  unmatched_gt_count: 0
  fallback_count: 0
  conflict_count: 0
  dynamic_k_mean/min/max: 5.00/5/5
  nonfinite_cost_count: 0
[DEBUG] SimOTA train batch stats:
  images: 32
  empty_images: 5
  gt_count: 31
  candidate_count_mean/min/max: 193.03/60/831
  positives_total: 155
  positives_per_gt_mean/min/max: 5.00/5/5
  positives_stride8: 21
  positives_stride16: 72
  positives_stride32: 62
  unmatched_gt_count: 0
  fallback_count: 0
  conflict_count: 0
  dynamic_k_mean/min/max: 5.00/5/5
  nonfinite_cost_count: 0
[DEBUG] SimOTA val batch stats:
  images: 32
  empty_images: 2
  gt_count: 40
  candidate_count_mean/min/max: 168.12/56/693
  positives_total: 194
  positives_per_gt_mean/min/max: 4.85/0/5
  positives_stride8: 6
  positives_stride16: 110
  positives_stride32: 78
  unmatched_gt_count: 1
  fallback_count: 0
  conflict_count: 3
  dynamic_k_mean/min/max: 4.92/3/5
  nonfinite_cost_count: 0
[INFO] epoch summary | train loss=0.6281 obj=0.0003 box=0.1255 pos=172.74 | val loss=0.8905 map50=0.9270 map5095=0.7261 P=0.9392 R=0.8525 F1=0.8938
[INFO] val extras | mean_iou=0.8981 center_err_px(mean/med/p95)=1.89/1.52/4.88 center_err_norm_diag(mean/med/p95)=0.0024/0.0019/0.0061 fp/img=0.0547 small/med/large recall=0.7468/0.8969/0.9209 counts=233/223/215
[INFO] saved per-epoch checkpoint: /mnt/core/MLonMCU_proj/software/ball_detection/runs/20260522-133921-simota_diou_v2_pruned_30/checkpoints/115_epoch.pt
[INFO] early stopping status: bad_epochs=14/30
[INFO] epoch 116/150 start | lr=0.000129299
[DEBUG] SimOTA train batch stats:
  images: 32
  empty_images: 3
  gt_count: 39
  candidate_count_mean/min/max: 162.56/50/614
  positives_total: 195
  positives_per_gt_mean/min/max: 5.00/5/5
  positives_stride8: 29
  positives_stride16: 94
  positives_stride32: 72
  unmatched_gt_count: 0
  fallback_count: 0
  conflict_count: 0
  dynamic_k_mean/min/max: 5.00/5/5
  nonfinite_cost_count: 0
[DEBUG] SimOTA train batch stats:
  images: 32
  empty_images: 2
  gt_count: 37
  candidate_count_mean/min/max: 179.19/53/941
  positives_total: 185
  positives_per_gt_mean/min/max: 5.00/5/5
  positives_stride8: 19
  positives_stride16: 89
  positives_stride32: 77
  unmatched_gt_count: 0
  fallback_count: 0
  conflict_count: 0
  dynamic_k_mean/min/max: 5.00/5/5
  nonfinite_cost_count: 0
[DEBUG] SimOTA train batch stats:
  images: 32
  empty_images: 5
  gt_count: 33
  candidate_count_mean/min/max: 160.45/50/457
  positives_total: 165
  positives_per_gt_mean/min/max: 5.00/5/5
  positives_stride8: 24
  positives_stride16: 79
  positives_stride32: 62
  unmatched_gt_count: 0
  fallback_count: 0
  conflict_count: 0
  dynamic_k_mean/min/max: 5.00/5/5
  nonfinite_cost_count: 0
[DEBUG] SimOTA train batch stats:
  images: 32
  empty_images: 7
  gt_count: 31
  candidate_count_mean/min/max: 198.06/75/737
  positives_total: 155
  positives_per_gt_mean/min/max: 5.00/5/5
  positives_stride8: 15
  positives_stride16: 74
  positives_stride32: 66
  unmatched_gt_count: 0
  fallback_count: 0
  conflict_count: 0
  dynamic_k_mean/min/max: 5.00/5/5
  nonfinite_cost_count: 0
[DEBUG] SimOTA train batch stats:
  images: 32
  empty_images: 5
  gt_count: 28
  candidate_count_mean/min/max: 225.39/75/524
  positives_total: 140
  positives_per_gt_mean/min/max: 5.00/5/5
  positives_stride8: 5
  positives_stride16: 74
  positives_stride32: 61
  unmatched_gt_count: 0
  fallback_count: 0
  conflict_count: 0
  dynamic_k_mean/min/max: 5.00/5/5
  nonfinite_cost_count: 0
[DEBUG] SimOTA train batch stats:
  images: 32
  empty_images: 4
  gt_count: 34
  candidate_count_mean/min/max: 237.76/75/743
  positives_total: 170
  positives_per_gt_mean/min/max: 5.00/5/5
  positives_stride8: 11
  positives_stride16: 84
  positives_stride32: 75
  unmatched_gt_count: 0
  fallback_count: 0
  conflict_count: 0
  dynamic_k_mean/min/max: 5.00/5/5
  nonfinite_cost_count: 0
[DEBUG] SimOTA val batch stats:
  images: 32
  empty_images: 4
  gt_count: 34
  candidate_count_mean/min/max: 194.94/62/780
  positives_total: 167
  positives_per_gt_mean/min/max: 4.91/3/5
  positives_stride8: 12
  positives_stride16: 92
  positives_stride32: 63
  unmatched_gt_count: 0
  fallback_count: 0
  conflict_count: 0
  dynamic_k_mean/min/max: 4.91/3/5
  nonfinite_cost_count: 0
[INFO] epoch summary | train loss=0.6218 obj=0.0003 box=0.1243 pos=171.79 | val loss=0.8926 map50=0.9258 map5095=0.7224 P=0.9376 R=0.8510 F1=0.8922
[INFO] val extras | mean_iou=0.8961 center_err_px(mean/med/p95)=1.96/1.54/4.95 center_err_norm_diag(mean/med/p95)=0.0024/0.0019/0.0062 fp/img=0.0562 small/med/large recall=0.7468/0.8969/0.9163 counts=233/223/215
[INFO] saved per-epoch checkpoint: /mnt/core/MLonMCU_proj/software/ball_detection/runs/20260522-133921-simota_diou_v2_pruned_30/checkpoints/116_epoch.pt
[INFO] early stopping status: bad_epochs=15/30
[INFO] epoch 117/150 start | lr=0.000122381
[DEBUG] SimOTA train batch stats:
  images: 32
  empty_images: 4
  gt_count: 35
  candidate_count_mean/min/max: 205.37/70/822
  positives_total: 175
  positives_per_gt_mean/min/max: 5.00/5/5
  positives_stride8: 18
  positives_stride16: 83
  positives_stride32: 74
  unmatched_gt_count: 0
  fallback_count: 0
  conflict_count: 0
  dynamic_k_mean/min/max: 5.00/5/5
  nonfinite_cost_count: 0
[DEBUG] SimOTA train batch stats:
  images: 32
  empty_images: 2
  gt_count: 34
  candidate_count_mean/min/max: 187.68/70/538
  positives_total: 170
  positives_per_gt_mean/min/max: 5.00/5/5
  positives_stride8: 12
  positives_stride16: 91
  positives_stride32: 67
  unmatched_gt_count: 0
  fallback_count: 0
  conflict_count: 0
  dynamic_k_mean/min/max: 5.00/5/5
  nonfinite_cost_count: 0
[DEBUG] SimOTA train batch stats:
  images: 32
  empty_images: 8
  gt_count: 29
  candidate_count_mean/min/max: 167.59/75/439
  positives_total: 145
  positives_per_gt_mean/min/max: 5.00/5/5
  positives_stride8: 19
  positives_stride16: 77
  positives_stride32: 49
  unmatched_gt_count: 0
  fallback_count: 0
  conflict_count: 0
  dynamic_k_mean/min/max: 5.00/5/5
  nonfinite_cost_count: 0
[DEBUG] SimOTA train batch stats:
  images: 32
  empty_images: 4
  gt_count: 37
  candidate_count_mean/min/max: 193.03/60/743
  positives_total: 171
  positives_per_gt_mean/min/max: 4.62/1/5
  positives_stride8: 19
  positives_stride16: 84
  positives_stride32: 68
  unmatched_gt_count: 0
  fallback_count: 0
  conflict_count: 14
  dynamic_k_mean/min/max: 5.00/5/5
  nonfinite_cost_count: 0
[DEBUG] SimOTA train batch stats:
  images: 32
  empty_images: 1
  gt_count: 37
  candidate_count_mean/min/max: 206.51/75/928
  positives_total: 185
  positives_per_gt_mean/min/max: 5.00/5/5
  positives_stride8: 26
  positives_stride16: 85
  positives_stride32: 74
  unmatched_gt_count: 0
  fallback_count: 0
  conflict_count: 0
  dynamic_k_mean/min/max: 5.00/5/5
  nonfinite_cost_count: 0
[DEBUG] SimOTA train batch stats:
  images: 32
  empty_images: 7
  gt_count: 34
  candidate_count_mean/min/max: 145.38/50/533
  positives_total: 168
  positives_per_gt_mean/min/max: 4.94/3/5
  positives_stride8: 22
  positives_stride16: 83
  positives_stride32: 63
  unmatched_gt_count: 0
  fallback_count: 0
  conflict_count: 1
  dynamic_k_mean/min/max: 4.97/4/5
  nonfinite_cost_count: 0
[DEBUG] SimOTA val batch stats:
  images: 32
  empty_images: 6
  gt_count: 28
  candidate_count_mean/min/max: 181.21/75/576
  positives_total: 140
  positives_per_gt_mean/min/max: 5.00/5/5
  positives_stride8: 4
  positives_stride16: 78
  positives_stride32: 58
  unmatched_gt_count: 0
  fallback_count: 0
  conflict_count: 0
  dynamic_k_mean/min/max: 5.00/5/5
  nonfinite_cost_count: 0
[INFO] epoch summary | train loss=0.6292 obj=0.0003 box=0.1258 pos=171.91 | val loss=0.8905 map50=0.9269 map5095=0.7260 P=0.9317 R=0.8539 F1=0.8911
[INFO] val extras | mean_iou=0.8966 center_err_px(mean/med/p95)=1.96/1.51/4.78 center_err_norm_diag(mean/med/p95)=0.0024/0.0019/0.0060 fp/img=0.0621 small/med/large recall=0.7468/0.9013/0.9209 counts=233/223/215
[INFO] saved per-epoch checkpoint: /mnt/core/MLonMCU_proj/software/ball_detection/runs/20260522-133921-simota_diou_v2_pruned_30/checkpoints/117_epoch.pt
[INFO] early stopping status: bad_epochs=16/30
[INFO] epoch 118/150 start | lr=0.000115629
[DEBUG] SimOTA train batch stats:
  images: 32
  empty_images: 4
  gt_count: 33
  candidate_count_mean/min/max: 180.52/41/980
  positives_total: 165
  positives_per_gt_mean/min/max: 5.00/5/5
  positives_stride8: 19
  positives_stride16: 79
  positives_stride32: 67
  unmatched_gt_count: 0
  fallback_count: 0
  conflict_count: 0
  dynamic_k_mean/min/max: 5.00/5/5
  nonfinite_cost_count: 0
[DEBUG] SimOTA train batch stats:
  images: 32
  empty_images: 2
  gt_count: 35
  candidate_count_mean/min/max: 168.40/60/576
  positives_total: 175
  positives_per_gt_mean/min/max: 5.00/5/5
  positives_stride8: 20
  positives_stride16: 90
  positives_stride32: 65
  unmatched_gt_count: 0
  fallback_count: 0
  conflict_count: 0
  dynamic_k_mean/min/max: 5.00/5/5
  nonfinite_cost_count: 0
[DEBUG] SimOTA train batch stats:
  images: 32
  empty_images: 2
  gt_count: 42
  candidate_count_mean/min/max: 181.62/45/751
  positives_total: 209
  positives_per_gt_mean/min/max: 4.98/4/5
  positives_stride8: 24
  positives_stride16: 105
  positives_stride32: 80
  unmatched_gt_count: 0
  fallback_count: 0
  conflict_count: 0
  dynamic_k_mean/min/max: 4.98/4/5
  nonfinite_cost_count: 0
[DEBUG] SimOTA train batch stats:
  images: 32
  empty_images: 3
  gt_count: 34
  candidate_count_mean/min/max: 170.44/50/476
  positives_total: 170
  positives_per_gt_mean/min/max: 5.00/5/5
  positives_stride8: 14
  positives_stride16: 90
  positives_stride32: 66
  unmatched_gt_count: 0
  fallback_count: 0
  conflict_count: 0
  dynamic_k_mean/min/max: 5.00/5/5
  nonfinite_cost_count: 0
[DEBUG] SimOTA train batch stats:
  images: 32
  empty_images: 6
  gt_count: 34
  candidate_count_mean/min/max: 166.79/75/545
  positives_total: 170
  positives_per_gt_mean/min/max: 5.00/5/5
  positives_stride8: 17
  positives_stride16: 88
  positives_stride32: 65
  unmatched_gt_count: 0
  fallback_count: 0
  conflict_count: 0
  dynamic_k_mean/min/max: 5.00/5/5
  nonfinite_cost_count: 0
[DEBUG] SimOTA train batch stats:
  images: 32
  empty_images: 2
  gt_count: 37
  candidate_count_mean/min/max: 217.32/50/646
  positives_total: 185
  positives_per_gt_mean/min/max: 5.00/5/5
  positives_stride8: 19
  positives_stride16: 89
  positives_stride32: 77
  unmatched_gt_count: 0
  fallback_count: 0
  conflict_count: 0
  dynamic_k_mean/min/max: 5.00/5/5
  nonfinite_cost_count: 0
[DEBUG] SimOTA val batch stats:
  images: 32
  empty_images: 1
  gt_count: 34
  candidate_count_mean/min/max: 244.56/75/840
  positives_total: 169
  positives_per_gt_mean/min/max: 4.97/4/5
  positives_stride8: 9
  positives_stride16: 86
  positives_stride32: 74
  unmatched_gt_count: 0
  fallback_count: 0
  conflict_count: 0
  dynamic_k_mean/min/max: 4.97/4/5
  nonfinite_cost_count: 0
[INFO] epoch summary | train loss=0.6198 obj=0.0003 box=0.1239 pos=172.59 | val loss=0.8880 map50=0.9279 map5095=0.7272 P=0.9408 R=0.8525 F1=0.8944
[INFO] val extras | mean_iou=0.8977 center_err_px(mean/med/p95)=1.92/1.51/4.79 center_err_norm_diag(mean/med/p95)=0.0024/0.0019/0.0060 fp/img=0.0533 small/med/large recall=0.7468/0.8969/0.9209 counts=233/223/215
[INFO] saved per-epoch checkpoint: /mnt/core/MLonMCU_proj/software/ball_detection/runs/20260522-133921-simota_diou_v2_pruned_30/checkpoints/118_epoch.pt
[INFO] early stopping status: bad_epochs=17/30
[INFO] epoch 119/150 start | lr=0.000109045
[DEBUG] SimOTA train batch stats:
  images: 32
  empty_images: 3
  gt_count: 35
  candidate_count_mean/min/max: 175.94/75/808
  positives_total: 175
  positives_per_gt_mean/min/max: 5.00/5/5
  positives_stride8: 22
  positives_stride16: 88
  positives_stride32: 65
  unmatched_gt_count: 0
  fallback_count: 0
  conflict_count: 0
  dynamic_k_mean/min/max: 5.00/5/5
  nonfinite_cost_count: 0
[DEBUG] SimOTA train batch stats:
  images: 32
  empty_images: 5
  gt_count: 32
  candidate_count_mean/min/max: 202.03/75/792
  positives_total: 160
  positives_per_gt_mean/min/max: 5.00/5/5
  positives_stride8: 12
  positives_stride16: 80
  positives_stride32: 68
  unmatched_gt_count: 0
  fallback_count: 0
  conflict_count: 0
  dynamic_k_mean/min/max: 5.00/5/5
  nonfinite_cost_count: 0
[DEBUG] SimOTA train batch stats:
  images: 32
  empty_images: 8
  gt_count: 35
  candidate_count_mean/min/max: 150.46/70/505
  positives_total: 175
  positives_per_gt_mean/min/max: 5.00/5/5
  positives_stride8: 15
  positives_stride16: 93
  positives_stride32: 67
  unmatched_gt_count: 0
  fallback_count: 0
  conflict_count: 0
  dynamic_k_mean/min/max: 5.00/5/5
  nonfinite_cost_count: 0
[DEBUG] SimOTA train batch stats:
  images: 32
  empty_images: 6
  gt_count: 30
  candidate_count_mean/min/max: 159.23/70/412
  positives_total: 150
  positives_per_gt_mean/min/max: 5.00/5/5
  positives_stride8: 19
  positives_stride16: 74
  positives_stride32: 57
  unmatched_gt_count: 0
  fallback_count: 0
  conflict_count: 0
  dynamic_k_mean/min/max: 5.00/5/5
  nonfinite_cost_count: 0
[DEBUG] SimOTA train batch stats:
  images: 32
  empty_images: 6
  gt_count: 29
  candidate_count_mean/min/max: 182.48/75/476
  positives_total: 143
  positives_per_gt_mean/min/max: 4.93/3/5
  positives_stride8: 11
  positives_stride16: 73
  positives_stride32: 59
  unmatched_gt_count: 0
  fallback_count: 0
  conflict_count: 2
  dynamic_k_mean/min/max: 5.00/5/5
  nonfinite_cost_count: 0
[DEBUG] SimOTA val batch stats:
  images: 32
  empty_images: 4
  gt_count: 28
  candidate_count_mean/min/max: 341.71/60/448
  positives_total: 140
  positives_per_gt_mean/min/max: 5.00/5/5
  positives_stride8: 4
  positives_stride16: 82
  positives_stride32: 54
  unmatched_gt_count: 0
  fallback_count: 0
  conflict_count: 0
  dynamic_k_mean/min/max: 5.00/5/5
  nonfinite_cost_count: 0
[DEBUG] SimOTA val batch stats:
  images: 32
  empty_images: 2
  gt_count: 44
  candidate_count_mean/min/max: 294.34/60/983
  positives_total: 220
  positives_per_gt_mean/min/max: 5.00/5/5
  positives_stride8: 11
  positives_stride16: 95
  positives_stride32: 114
  unmatched_gt_count: 0
  fallback_count: 0
  conflict_count: 0
  dynamic_k_mean/min/max: 5.00/5/5
  nonfinite_cost_count: 0
[INFO] epoch summary | train loss=0.6185 obj=0.0003 box=0.1236 pos=172.16 | val loss=0.8891 map50=0.9273 map5095=0.7271 P=0.9360 R=0.8495 F1=0.8906
[INFO] val extras | mean_iou=0.8973 center_err_px(mean/med/p95)=1.89/1.48/4.72 center_err_norm_diag(mean/med/p95)=0.0024/0.0019/0.0059 fp/img=0.0577 small/med/large recall=0.7468/0.8969/0.9116 counts=233/223/215
[INFO] saved per-epoch checkpoint: /mnt/core/MLonMCU_proj/software/ball_detection/runs/20260522-133921-simota_diou_v2_pruned_30/checkpoints/119_epoch.pt
[INFO] early stopping status: bad_epochs=18/30
[INFO] epoch 120/150 start | lr=0.000102633
[DEBUG] SimOTA train batch stats:
  images: 32
  empty_images: 5
  gt_count: 36
  candidate_count_mean/min/max: 154.53/70/455
  positives_total: 180
  positives_per_gt_mean/min/max: 5.00/5/5
  positives_stride8: 14
  positives_stride16: 93
  positives_stride32: 73
  unmatched_gt_count: 0
  fallback_count: 0
  conflict_count: 0
  dynamic_k_mean/min/max: 5.00/5/5
  nonfinite_cost_count: 0
[DEBUG] SimOTA train batch stats:
  images: 32
  empty_images: 6
  gt_count: 30
  candidate_count_mean/min/max: 171.40/75/808
  positives_total: 150
  positives_per_gt_mean/min/max: 5.00/5/5
  positives_stride8: 16
  positives_stride16: 72
  positives_stride32: 62
  unmatched_gt_count: 0
  fallback_count: 0
  conflict_count: 0
  dynamic_k_mean/min/max: 5.00/5/5
  nonfinite_cost_count: 0
[DEBUG] SimOTA train batch stats:
  images: 32
  empty_images: 6
  gt_count: 36
  candidate_count_mean/min/max: 158.83/41/680
  positives_total: 180
  positives_per_gt_mean/min/max: 5.00/5/5
  positives_stride8: 25
  positives_stride16: 91
  positives_stride32: 64
  unmatched_gt_count: 0
  fallback_count: 0
  conflict_count: 0
  dynamic_k_mean/min/max: 5.00/5/5
  nonfinite_cost_count: 0
[DEBUG] SimOTA train batch stats:
  images: 32
  empty_images: 7
  gt_count: 32
  candidate_count_mean/min/max: 241.50/75/1195
  positives_total: 160
  positives_per_gt_mean/min/max: 5.00/5/5
  positives_stride8: 15
  positives_stride16: 78
  positives_stride32: 67
  unmatched_gt_count: 0
  fallback_count: 0
  conflict_count: 0
  dynamic_k_mean/min/max: 5.00/5/5
  nonfinite_cost_count: 0
[DEBUG] SimOTA train batch stats:
  images: 32
  empty_images: 2
  gt_count: 33
  candidate_count_mean/min/max: 182.94/50/521
  positives_total: 165
  positives_per_gt_mean/min/max: 5.00/5/5
  positives_stride8: 14
  positives_stride16: 86
  positives_stride32: 65
  unmatched_gt_count: 0
  fallback_count: 0
  conflict_count: 0
  dynamic_k_mean/min/max: 5.00/5/5
  nonfinite_cost_count: 0
[DEBUG] SimOTA val batch stats:
  images: 32
  empty_images: 11
  gt_count: 21
  candidate_count_mean/min/max: 108.24/75/176
  positives_total: 105
  positives_per_gt_mean/min/max: 5.00/5/5
  positives_stride8: 6
  positives_stride16: 57
  positives_stride32: 42
  unmatched_gt_count: 0
  fallback_count: 0
  conflict_count: 0
  dynamic_k_mean/min/max: 5.00/5/5
  nonfinite_cost_count: 0
[DEBUG] SimOTA val batch stats:
  images: 4
  empty_images: 2
  gt_count: 3
  candidate_count_mean/min/max: 120.00/86/182
  positives_total: 15
  positives_per_gt_mean/min/max: 5.00/5/5
  positives_stride8: 0
  positives_stride16: 9
  positives_stride32: 6
  unmatched_gt_count: 0
  fallback_count: 0
  conflict_count: 0
  dynamic_k_mean/min/max: 5.00/5/5
  nonfinite_cost_count: 0
[INFO] epoch summary | train loss=0.6264 obj=0.0003 box=0.1252 pos=172.35 | val loss=0.8880 map50=0.9280 map5095=0.7270 P=0.9364 R=0.8554 F1=0.8941
[INFO] val extras | mean_iou=0.8970 center_err_px(mean/med/p95)=1.93/1.52/4.90 center_err_norm_diag(mean/med/p95)=0.0024/0.0019/0.0061 fp/img=0.0577 small/med/large recall=0.7511/0.9013/0.9209 counts=233/223/215
[INFO] saved per-epoch checkpoint: /mnt/core/MLonMCU_proj/software/ball_detection/runs/20260522-133921-simota_diou_v2_pruned_30/checkpoints/120_epoch.pt
[INFO] early stopping status: bad_epochs=19/30
[INFO] epoch 121/150 start | lr=9.6396e-05
[DEBUG] SimOTA train batch stats:
  images: 32
  empty_images: 5
  gt_count: 35
  candidate_count_mean/min/max: 184.26/50/980
  positives_total: 175
  positives_per_gt_mean/min/max: 5.00/5/5
  positives_stride8: 12
  positives_stride16: 86
  positives_stride32: 77
  unmatched_gt_count: 0
  fallback_count: 0
  conflict_count: 0
  dynamic_k_mean/min/max: 5.00/5/5
  nonfinite_cost_count: 0
[DEBUG] SimOTA train batch stats:
  images: 32
  empty_images: 2
  gt_count: 39
  candidate_count_mean/min/max: 183.15/60/533
  positives_total: 195
  positives_per_gt_mean/min/max: 5.00/5/5
  positives_stride8: 21
  positives_stride16: 98
  positives_stride32: 76
  unmatched_gt_count: 0
  fallback_count: 0
  conflict_count: 0
  dynamic_k_mean/min/max: 5.00/5/5
  nonfinite_cost_count: 0
[DEBUG] SimOTA train batch stats:
  images: 32
  empty_images: 7
  gt_count: 33
  candidate_count_mean/min/max: 160.94/45/830
  positives_total: 165
  positives_per_gt_mean/min/max: 5.00/5/5
  positives_stride8: 19
  positives_stride16: 81
  positives_stride32: 65
  unmatched_gt_count: 0
  fallback_count: 0
  conflict_count: 0
  dynamic_k_mean/min/max: 5.00/5/5
  nonfinite_cost_count: 0
[DEBUG] SimOTA train batch stats:
  images: 32
  empty_images: 4
  gt_count: 36
  candidate_count_mean/min/max: 190.08/75/980
  positives_total: 180
  positives_per_gt_mean/min/max: 5.00/5/5
  positives_stride8: 10
  positives_stride16: 96
  positives_stride32: 74
  unmatched_gt_count: 0
  fallback_count: 0
  conflict_count: 0
  dynamic_k_mean/min/max: 5.00/5/5
  nonfinite_cost_count: 0
[DEBUG] SimOTA train batch stats:
  images: 32
  empty_images: 4
  gt_count: 35
  candidate_count_mean/min/max: 185.54/75/668
  positives_total: 175
  positives_per_gt_mean/min/max: 5.00/5/5
  positives_stride8: 15
  positives_stride16: 92
  positives_stride32: 68
  unmatched_gt_count: 0
  fallback_count: 0
  conflict_count: 0
  dynamic_k_mean/min/max: 5.00/5/5
  nonfinite_cost_count: 0
[DEBUG] SimOTA val batch stats:
  images: 32
  empty_images: 0
  gt_count: 32
  candidate_count_mean/min/max: 321.94/75/448
  positives_total: 160
  positives_per_gt_mean/min/max: 5.00/5/5
  positives_stride8: 1
  positives_stride16: 97
  positives_stride32: 62
  unmatched_gt_count: 0
  fallback_count: 0
  conflict_count: 0
  dynamic_k_mean/min/max: 5.00/5/5
  nonfinite_cost_count: 0
[INFO] epoch summary | train loss=0.6200 obj=0.0003 box=0.1239 pos=172.50 | val loss=0.8879 map50=0.9275 map5095=0.7235 P=0.9421 R=0.8495 F1=0.8934
[INFO] val extras | mean_iou=0.8971 center_err_px(mean/med/p95)=1.93/1.53/4.84 center_err_norm_diag(mean/med/p95)=0.0024/0.0019/0.0061 fp/img=0.0518 small/med/large recall=0.7382/0.8969/0.9209 counts=233/223/215
[INFO] saved per-epoch checkpoint: /mnt/core/MLonMCU_proj/software/ball_detection/runs/20260522-133921-simota_diou_v2_pruned_30/checkpoints/121_epoch.pt
[INFO] early stopping status: bad_epochs=20/30
[INFO] epoch 122/150 start | lr=9.0336e-05
[DEBUG] SimOTA train batch stats:
  images: 32
  empty_images: 1
  gt_count: 41
  candidate_count_mean/min/max: 181.68/75/780
  positives_total: 205
  positives_per_gt_mean/min/max: 5.00/5/5
  positives_stride8: 19
  positives_stride16: 103
  positives_stride32: 83
  unmatched_gt_count: 0
  fallback_count: 0
  conflict_count: 0
  dynamic_k_mean/min/max: 5.00/5/5
  nonfinite_cost_count: 0
[DEBUG] SimOTA train batch stats:
  images: 32
  empty_images: 4
  gt_count: 33
  candidate_count_mean/min/max: 187.64/45/808
  positives_total: 165
  positives_per_gt_mean/min/max: 5.00/5/5
  positives_stride8: 16
  positives_stride16: 77
  positives_stride32: 72
  unmatched_gt_count: 0
  fallback_count: 0
  conflict_count: 0
  dynamic_k_mean/min/max: 5.00/5/5
  nonfinite_cost_count: 0
[DEBUG] SimOTA train batch stats:
  images: 32
  empty_images: 8
  gt_count: 31
  candidate_count_mean/min/max: 239.58/75/1195
  positives_total: 155
  positives_per_gt_mean/min/max: 5.00/5/5
  positives_stride8: 18
  positives_stride16: 74
  positives_stride32: 63
  unmatched_gt_count: 0
  fallback_count: 0
  conflict_count: 0
  dynamic_k_mean/min/max: 5.00/5/5
  nonfinite_cost_count: 0
[DEBUG] SimOTA train batch stats:
  images: 32
  empty_images: 4
  gt_count: 37
  candidate_count_mean/min/max: 160.38/45/665
  positives_total: 185
  positives_per_gt_mean/min/max: 5.00/5/5
  positives_stride8: 30
  positives_stride16: 82
  positives_stride32: 73
  unmatched_gt_count: 0
  fallback_count: 0
  conflict_count: 0
  dynamic_k_mean/min/max: 5.00/5/5
  nonfinite_cost_count: 0
[DEBUG] SimOTA train batch stats:
  images: 32
  empty_images: 0
  gt_count: 41
  candidate_count_mean/min/max: 240.51/75/1580
  positives_total: 205
  positives_per_gt_mean/min/max: 5.00/5/5
  positives_stride8: 18
  positives_stride16: 95
  positives_stride32: 92
  unmatched_gt_count: 0
  fallback_count: 0
  conflict_count: 0
  dynamic_k_mean/min/max: 5.00/5/5
  nonfinite_cost_count: 0
[DEBUG] SimOTA train batch stats:
  images: 32
  empty_images: 3
  gt_count: 35
  candidate_count_mean/min/max: 155.40/75/680
  positives_total: 175
  positives_per_gt_mean/min/max: 5.00/5/5
  positives_stride8: 23
  positives_stride16: 85
  positives_stride32: 67
  unmatched_gt_count: 0
  fallback_count: 0
  conflict_count: 0
  dynamic_k_mean/min/max: 5.00/5/5
  nonfinite_cost_count: 0
[DEBUG] SimOTA val batch stats:
  images: 32
  empty_images: 0
  gt_count: 54
  candidate_count_mean/min/max: 108.57/70/430
  positives_total: 270
  positives_per_gt_mean/min/max: 5.00/5/5
  positives_stride8: 73
  positives_stride16: 112
  positives_stride32: 85
  unmatched_gt_count: 0
  fallback_count: 0
  conflict_count: 0
  dynamic_k_mean/min/max: 5.00/5/5
  nonfinite_cost_count: 0
[INFO] epoch summary | train loss=0.6171 obj=0.0003 box=0.1234 pos=172.19 | val loss=0.8893 map50=0.9275 map5095=0.7249 P=0.9351 R=0.8584 F1=0.8951
[INFO] val extras | mean_iou=0.8966 center_err_px(mean/med/p95)=1.95/1.51/4.88 center_err_norm_diag(mean/med/p95)=0.0024/0.0019/0.0061 fp/img=0.0592 small/med/large recall=0.7511/0.9013/0.9302 counts=233/223/215
[INFO] saved per-epoch checkpoint: /mnt/core/MLonMCU_proj/software/ball_detection/runs/20260522-133921-simota_diou_v2_pruned_30/checkpoints/122_epoch.pt
[INFO] early stopping status: bad_epochs=21/30
[INFO] epoch 123/150 start | lr=8.44558e-05
[DEBUG] SimOTA train batch stats:
  images: 32
  empty_images: 1
  gt_count: 42
  candidate_count_mean/min/max: 183.05/45/733
  positives_total: 210
  positives_per_gt_mean/min/max: 5.00/5/5
  positives_stride8: 27
  positives_stride16: 103
  positives_stride32: 80
  unmatched_gt_count: 0
  fallback_count: 0
  conflict_count: 0
  dynamic_k_mean/min/max: 5.00/5/5
  nonfinite_cost_count: 0
[DEBUG] SimOTA train batch stats:
  images: 32
  empty_images: 5
  gt_count: 32
  candidate_count_mean/min/max: 232.22/60/941
  positives_total: 160
  positives_per_gt_mean/min/max: 5.00/5/5
  positives_stride8: 12
  positives_stride16: 78
  positives_stride32: 70
  unmatched_gt_count: 0
  fallback_count: 0
  conflict_count: 0
  dynamic_k_mean/min/max: 5.00/5/5
  nonfinite_cost_count: 0
[DEBUG] SimOTA train batch stats:
  images: 32
  empty_images: 2
  gt_count: 33
  candidate_count_mean/min/max: 180.67/75/485
  positives_total: 165
  positives_per_gt_mean/min/max: 5.00/5/5
  positives_stride8: 12
  positives_stride16: 81
  positives_stride32: 72
  unmatched_gt_count: 0
  fallback_count: 0
  conflict_count: 0
  dynamic_k_mean/min/max: 5.00/5/5
  nonfinite_cost_count: 0
[DEBUG] SimOTA train batch stats:
  images: 32
  empty_images: 5
  gt_count: 37
  candidate_count_mean/min/max: 194.38/75/1077
  positives_total: 175
  positives_per_gt_mean/min/max: 4.73/0/5
  positives_stride8: 20
  positives_stride16: 83
  positives_stride32: 72
  unmatched_gt_count: 1
  fallback_count: 0
  conflict_count: 10
  dynamic_k_mean/min/max: 5.00/5/5
  nonfinite_cost_count: 0
[DEBUG] SimOTA train batch stats:
  images: 32
  empty_images: 6
  gt_count: 36
  candidate_count_mean/min/max: 188.00/45/775
  positives_total: 179
  positives_per_gt_mean/min/max: 4.97/4/5
  positives_stride8: 23
  positives_stride16: 84
  positives_stride32: 72
  unmatched_gt_count: 0
  fallback_count: 0
  conflict_count: 0
  dynamic_k_mean/min/max: 4.97/4/5
  nonfinite_cost_count: 0
[DEBUG] SimOTA train batch stats:
  images: 32
  empty_images: 6
  gt_count: 31
  candidate_count_mean/min/max: 213.77/66/792
  positives_total: 155
  positives_per_gt_mean/min/max: 5.00/5/5
  positives_stride8: 7
  positives_stride16: 82
  positives_stride32: 66
  unmatched_gt_count: 0
  fallback_count: 0
  conflict_count: 0
  dynamic_k_mean/min/max: 5.00/5/5
  nonfinite_cost_count: 0
[DEBUG] SimOTA val batch stats:
  images: 32
  empty_images: 9
  gt_count: 35
  candidate_count_mean/min/max: 88.03/50/166
  positives_total: 175
  positives_per_gt_mean/min/max: 5.00/5/5
  positives_stride8: 33
  positives_stride16: 85
  positives_stride32: 57
  unmatched_gt_count: 0
  fallback_count: 0
  conflict_count: 0
  dynamic_k_mean/min/max: 5.00/5/5
  nonfinite_cost_count: 0
[INFO] epoch summary | train loss=0.6103 obj=0.0003 box=0.1220 pos=171.97 | val loss=0.8870 map50=0.9275 map5095=0.7273 P=0.9333 R=0.8554 F1=0.8927
[INFO] val extras | mean_iou=0.8983 center_err_px(mean/med/p95)=1.93/1.53/4.87 center_err_norm_diag(mean/med/p95)=0.0024/0.0019/0.0061 fp/img=0.0607 small/med/large recall=0.7425/0.8969/0.9349 counts=233/223/215
[INFO] saved per-epoch checkpoint: /mnt/core/MLonMCU_proj/software/ball_detection/runs/20260522-133921-simota_diou_v2_pruned_30/checkpoints/123_epoch.pt
[INFO] early stopping status: bad_epochs=22/30
[INFO] epoch 124/150 start | lr=7.87582e-05
[DEBUG] SimOTA train batch stats:
  images: 32
  empty_images: 5
  gt_count: 32
  candidate_count_mean/min/max: 244.94/75/1195
  positives_total: 159
  positives_per_gt_mean/min/max: 4.97/4/5
  positives_stride8: 15
  positives_stride16: 81
  positives_stride32: 63
  unmatched_gt_count: 0
  fallback_count: 0
  conflict_count: 0
  dynamic_k_mean/min/max: 4.97/4/5
  nonfinite_cost_count: 0
[DEBUG] SimOTA train batch stats:
  images: 32
  empty_images: 6
  gt_count: 35
  candidate_count_mean/min/max: 170.49/53/455
  positives_total: 171
  positives_per_gt_mean/min/max: 4.89/1/5
  positives_stride8: 17
  positives_stride16: 85
  positives_stride32: 69
  unmatched_gt_count: 0
  fallback_count: 0
  conflict_count: 1
  dynamic_k_mean/min/max: 4.91/2/5
  nonfinite_cost_count: 0
[DEBUG] SimOTA train batch stats:
  images: 32
  empty_images: 3
  gt_count: 38
  candidate_count_mean/min/max: 156.68/75/1071
  positives_total: 190
  positives_per_gt_mean/min/max: 5.00/5/5
  positives_stride8: 23
  positives_stride16: 91
  positives_stride32: 76
  unmatched_gt_count: 0
  fallback_count: 0
  conflict_count: 0
  dynamic_k_mean/min/max: 5.00/5/5
  nonfinite_cost_count: 0
[DEBUG] SimOTA train batch stats:
  images: 32
  empty_images: 1
  gt_count: 41
  candidate_count_mean/min/max: 211.51/69/785
  positives_total: 205
  positives_per_gt_mean/min/max: 5.00/5/5
  positives_stride8: 23
  positives_stride16: 106
  positives_stride32: 76
  unmatched_gt_count: 0
  fallback_count: 0
  conflict_count: 0
  dynamic_k_mean/min/max: 5.00/5/5
  nonfinite_cost_count: 0
[DEBUG] SimOTA train batch stats:
  images: 32
  empty_images: 2
  gt_count: 41
  candidate_count_mean/min/max: 160.73/60/560
  positives_total: 205
  positives_per_gt_mean/min/max: 5.00/5/5
  positives_stride8: 27
  positives_stride16: 100
  positives_stride32: 78
  unmatched_gt_count: 0
  fallback_count: 0
  conflict_count: 0
  dynamic_k_mean/min/max: 5.00/5/5
  nonfinite_cost_count: 0
[DEBUG] SimOTA train batch stats:
  images: 32
  empty_images: 6
  gt_count: 33
  candidate_count_mean/min/max: 200.79/54/1018
  positives_total: 160
  positives_per_gt_mean/min/max: 4.85/2/5
  positives_stride8: 16
  positives_stride16: 78
  positives_stride32: 66
  unmatched_gt_count: 0
  fallback_count: 0
  conflict_count: 5
  dynamic_k_mean/min/max: 5.00/5/5
  nonfinite_cost_count: 0
[DEBUG] SimOTA val batch stats:
  images: 32
  empty_images: 3
  gt_count: 29
  candidate_count_mean/min/max: 83.52/70/131
  positives_total: 145
  positives_per_gt_mean/min/max: 5.00/5/5
  positives_stride8: 17
  positives_stride16: 77
  positives_stride32: 51
  unmatched_gt_count: 0
  fallback_count: 0
  conflict_count: 0
  dynamic_k_mean/min/max: 5.00/5/5
  nonfinite_cost_count: 0
[INFO] epoch summary | train loss=0.6106 obj=0.0003 box=0.1221 pos=172.79 | val loss=0.8883 map50=0.9286 map5095=0.7277 P=0.9345 R=0.8510 F1=0.8908
[INFO] val extras | mean_iou=0.8973 center_err_px(mean/med/p95)=1.92/1.52/4.83 center_err_norm_diag(mean/med/p95)=0.0024/0.0019/0.0060 fp/img=0.0592 small/med/large recall=0.7425/0.8969/0.9209 counts=233/223/215
[INFO] saved per-epoch checkpoint: /mnt/core/MLonMCU_proj/software/ball_detection/runs/20260522-133921-simota_diou_v2_pruned_30/checkpoints/124_epoch.pt
[INFO] early stopping status: bad_epochs=23/30
[INFO] epoch 125/150 start | lr=7.32456e-05
[DEBUG] SimOTA train batch stats:
  images: 32
  empty_images: 6
  gt_count: 32
  candidate_count_mean/min/max: 226.28/75/999
  positives_total: 160
  positives_per_gt_mean/min/max: 5.00/5/5
  positives_stride8: 17
  positives_stride16: 76
  positives_stride32: 67
  unmatched_gt_count: 0
  fallback_count: 0
  conflict_count: 0
  dynamic_k_mean/min/max: 5.00/5/5
  nonfinite_cost_count: 0
[DEBUG] SimOTA train batch stats:
  images: 32
  empty_images: 2
  gt_count: 39
  candidate_count_mean/min/max: 185.90/75/952
  positives_total: 195
  positives_per_gt_mean/min/max: 5.00/5/5
  positives_stride8: 25
  positives_stride16: 90
  positives_stride32: 80
  unmatched_gt_count: 0
  fallback_count: 0
  conflict_count: 0
  dynamic_k_mean/min/max: 5.00/5/5
  nonfinite_cost_count: 0
[DEBUG] SimOTA train batch stats:
  images: 32
  empty_images: 6
  gt_count: 32
  candidate_count_mean/min/max: 186.56/54/665
  positives_total: 160
  positives_per_gt_mean/min/max: 5.00/5/5
  positives_stride8: 12
  positives_stride16: 84
  positives_stride32: 64
  unmatched_gt_count: 0
  fallback_count: 0
  conflict_count: 0
  dynamic_k_mean/min/max: 5.00/5/5
  nonfinite_cost_count: 0
[DEBUG] SimOTA train batch stats:
  images: 32
  empty_images: 3
  gt_count: 36
  candidate_count_mean/min/max: 184.72/69/1003
  positives_total: 179
  positives_per_gt_mean/min/max: 4.97/4/5
  positives_stride8: 24
  positives_stride16: 87
  positives_stride32: 68
  unmatched_gt_count: 0
  fallback_count: 0
  conflict_count: 0
  dynamic_k_mean/min/max: 4.97/4/5
  nonfinite_cost_count: 0
[DEBUG] SimOTA train batch stats:
  images: 32
  empty_images: 6
  gt_count: 32
  candidate_count_mean/min/max: 238.50/75/999
  positives_total: 160
  positives_per_gt_mean/min/max: 5.00/5/5
  positives_stride8: 11
  positives_stride16: 82
  positives_stride32: 67
  unmatched_gt_count: 0
  fallback_count: 0
  conflict_count: 0
  dynamic_k_mean/min/max: 5.00/5/5
  nonfinite_cost_count: 0
[DEBUG] SimOTA train batch stats:
  images: 32
  empty_images: 3
  gt_count: 35
  candidate_count_mean/min/max: 245.00/70/733
  positives_total: 175
  positives_per_gt_mean/min/max: 5.00/5/5
  positives_stride8: 15
  positives_stride16: 83
  positives_stride32: 77
  unmatched_gt_count: 0
  fallback_count: 0
  conflict_count: 0
  dynamic_k_mean/min/max: 5.00/5/5
  nonfinite_cost_count: 0
[DEBUG] SimOTA val batch stats:
  images: 32
  empty_images: 3
  gt_count: 29
  candidate_count_mean/min/max: 291.59/62/476
  positives_total: 145
  positives_per_gt_mean/min/max: 5.00/5/5
  positives_stride8: 5
  positives_stride16: 82
  positives_stride32: 58
  unmatched_gt_count: 0
  fallback_count: 0
  conflict_count: 0
  dynamic_k_mean/min/max: 5.00/5/5
  nonfinite_cost_count: 0
[INFO] epoch summary | train loss=0.6164 obj=0.0003 box=0.1232 pos=172.40 | val loss=0.8857 map50=0.9283 map5095=0.7290 P=0.9408 R=0.8525 F1=0.8944
[INFO] val extras | mean_iou=0.8975 center_err_px(mean/med/p95)=1.94/1.52/4.91 center_err_norm_diag(mean/med/p95)=0.0024/0.0019/0.0061 fp/img=0.0533 small/med/large recall=0.7425/0.8969/0.9256 counts=233/223/215
[INFO] saved per-epoch checkpoint: /mnt/core/MLonMCU_proj/software/ball_detection/runs/20260522-133921-simota_diou_v2_pruned_30/checkpoints/125_epoch.pt
[INFO] new best checkpoint at epoch 125: /mnt/core/MLonMCU_proj/software/ball_detection/runs/20260522-133921-simota_diou_v2_pruned_30/checkpoints/best.pt
[INFO] epoch 126/150 start | lr=6.79203e-05
[DEBUG] SimOTA train batch stats:
  images: 32
  empty_images: 5
  gt_count: 33
  candidate_count_mean/min/max: 213.82/60/1035
  positives_total: 165
  positives_per_gt_mean/min/max: 5.00/5/5
  positives_stride8: 12
  positives_stride16: 84
  positives_stride32: 69
  unmatched_gt_count: 0
  fallback_count: 0
  conflict_count: 0
  dynamic_k_mean/min/max: 5.00/5/5
  nonfinite_cost_count: 0
[DEBUG] SimOTA train batch stats:
  images: 32
  empty_images: 8
  gt_count: 30
  candidate_count_mean/min/max: 168.13/70/597
  positives_total: 150
  positives_per_gt_mean/min/max: 5.00/5/5
  positives_stride8: 17
  positives_stride16: 71
  positives_stride32: 62
  unmatched_gt_count: 0
  fallback_count: 0
  conflict_count: 0
  dynamic_k_mean/min/max: 5.00/5/5
  nonfinite_cost_count: 0
[DEBUG] SimOTA train batch stats:
  images: 32
  empty_images: 4
  gt_count: 34
  candidate_count_mean/min/max: 166.03/70/697
  positives_total: 170
  positives_per_gt_mean/min/max: 5.00/5/5
  positives_stride8: 22
  positives_stride16: 76
  positives_stride32: 72
  unmatched_gt_count: 0
  fallback_count: 0
  conflict_count: 0
  dynamic_k_mean/min/max: 5.00/5/5
  nonfinite_cost_count: 0
[DEBUG] SimOTA train batch stats:
  images: 32
  empty_images: 8
  gt_count: 31
  candidate_count_mean/min/max: 237.26/56/830
  positives_total: 155
  positives_per_gt_mean/min/max: 5.00/5/5
  positives_stride8: 16
  positives_stride16: 78
  positives_stride32: 61
  unmatched_gt_count: 0
  fallback_count: 0
  conflict_count: 0
  dynamic_k_mean/min/max: 5.00/5/5
  nonfinite_cost_count: 0
[DEBUG] SimOTA train batch stats:
  images: 32
  empty_images: 6
  gt_count: 38
  candidate_count_mean/min/max: 181.29/50/831
  positives_total: 185
  positives_per_gt_mean/min/max: 4.87/0/5
  positives_stride8: 22
  positives_stride16: 93
  positives_stride32: 70
  unmatched_gt_count: 1
  fallback_count: 0
  conflict_count: 5
  dynamic_k_mean/min/max: 5.00/5/5
  nonfinite_cost_count: 0
[DEBUG] SimOTA train batch stats:
  images: 32
  empty_images: 1
  gt_count: 35
  candidate_count_mean/min/max: 242.29/50/789
  positives_total: 175
  positives_per_gt_mean/min/max: 5.00/5/5
  positives_stride8: 12
  positives_stride16: 84
  positives_stride32: 79
  unmatched_gt_count: 0
  fallback_count: 0
  conflict_count: 0
  dynamic_k_mean/min/max: 5.00/5/5
  nonfinite_cost_count: 0
[DEBUG] SimOTA val batch stats:
  images: 32
  empty_images: 4
  gt_count: 28
  candidate_count_mean/min/max: 280.43/75/448
  positives_total: 140
  positives_per_gt_mean/min/max: 5.00/5/5
  positives_stride8: 6
  positives_stride16: 76
  positives_stride32: 58
  unmatched_gt_count: 0
  fallback_count: 0
  conflict_count: 0
  dynamic_k_mean/min/max: 5.00/5/5
  nonfinite_cost_count: 0
[INFO] epoch summary | train loss=0.6133 obj=0.0003 box=0.1226 pos=172.21 | val loss=0.8835 map50=0.9287 map5095=0.7274 P=0.9440 R=0.8539 F1=0.8967
[INFO] val extras | mean_iou=0.8977 center_err_px(mean/med/p95)=1.88/1.49/4.74 center_err_norm_diag(mean/med/p95)=0.0024/0.0019/0.0059 fp/img=0.0503 small/med/large recall=0.7554/0.8969/0.9163 counts=233/223/215
[INFO] saved per-epoch checkpoint: /mnt/core/MLonMCU_proj/software/ball_detection/runs/20260522-133921-simota_diou_v2_pruned_30/checkpoints/126_epoch.pt
[INFO] early stopping status: bad_epochs=1/30
[INFO] epoch 127/150 start | lr=6.27848e-05
[DEBUG] SimOTA train batch stats:
  images: 32
  empty_images: 3
  gt_count: 39
  candidate_count_mean/min/max: 201.90/70/1580
  positives_total: 195
  positives_per_gt_mean/min/max: 5.00/5/5
  positives_stride8: 26
  positives_stride16: 87
  positives_stride32: 82
  unmatched_gt_count: 0
  fallback_count: 0
  conflict_count: 0
  dynamic_k_mean/min/max: 5.00/5/5
  nonfinite_cost_count: 0
[DEBUG] SimOTA train batch stats:
  images: 32
  empty_images: 2
  gt_count: 37
  candidate_count_mean/min/max: 207.76/70/1071
  positives_total: 185
  positives_per_gt_mean/min/max: 5.00/5/5
  positives_stride8: 16
  positives_stride16: 92
  positives_stride32: 77
  unmatched_gt_count: 0
  fallback_count: 0
  conflict_count: 0
  dynamic_k_mean/min/max: 5.00/5/5
  nonfinite_cost_count: 0
[DEBUG] SimOTA train batch stats:
  images: 32
  empty_images: 7
  gt_count: 32
  candidate_count_mean/min/max: 145.28/70/830
  positives_total: 160
  positives_per_gt_mean/min/max: 5.00/5/5
  positives_stride8: 20
  positives_stride16: 78
  positives_stride32: 62
  unmatched_gt_count: 0
  fallback_count: 0
  conflict_count: 0
  dynamic_k_mean/min/max: 5.00/5/5
  nonfinite_cost_count: 0
[DEBUG] SimOTA train batch stats:
  images: 32
  empty_images: 7
  gt_count: 28
  candidate_count_mean/min/max: 179.96/70/697
  positives_total: 140
  positives_per_gt_mean/min/max: 5.00/5/5
  positives_stride8: 10
  positives_stride16: 70
  positives_stride32: 60
  unmatched_gt_count: 0
  fallback_count: 0
  conflict_count: 0
  dynamic_k_mean/min/max: 5.00/5/5
  nonfinite_cost_count: 0
[DEBUG] SimOTA train batch stats:
  images: 32
  empty_images: 0
  gt_count: 38
  candidate_count_mean/min/max: 179.89/50/737
  positives_total: 190
  positives_per_gt_mean/min/max: 5.00/5/5
  positives_stride8: 17
  positives_stride16: 97
  positives_stride32: 76
  unmatched_gt_count: 0
  fallback_count: 0
  conflict_count: 0
  dynamic_k_mean/min/max: 5.00/5/5
  nonfinite_cost_count: 0
[DEBUG] SimOTA train batch stats:
  images: 32
  empty_images: 4
  gt_count: 33
  candidate_count_mean/min/max: 142.97/75/476
  positives_total: 165
  positives_per_gt_mean/min/max: 5.00/5/5
  positives_stride8: 11
  positives_stride16: 89
  positives_stride32: 65
  unmatched_gt_count: 0
  fallback_count: 0
  conflict_count: 0
  dynamic_k_mean/min/max: 5.00/5/5
  nonfinite_cost_count: 0
[DEBUG] SimOTA val batch stats:
  images: 32
  empty_images: 8
  gt_count: 39
  candidate_count_mean/min/max: 88.92/45/135
  positives_total: 195
  positives_per_gt_mean/min/max: 5.00/5/5
  positives_stride8: 43
  positives_stride16: 92
  positives_stride32: 60
  unmatched_gt_count: 0
  fallback_count: 0
  conflict_count: 0
  dynamic_k_mean/min/max: 5.00/5/5
  nonfinite_cost_count: 0
[INFO] epoch summary | train loss=0.6170 obj=0.0003 box=0.1233 pos=172.32 | val loss=0.8863 map50=0.9288 map5095=0.7283 P=0.9376 R=0.8510 F1=0.8922
[INFO] val extras | mean_iou=0.8975 center_err_px(mean/med/p95)=1.93/1.51/4.81 center_err_norm_diag(mean/med/p95)=0.0024/0.0019/0.0060 fp/img=0.0562 small/med/large recall=0.7382/0.8969/0.9256 counts=233/223/215
[INFO] saved per-epoch checkpoint: /mnt/core/MLonMCU_proj/software/ball_detection/runs/20260522-133921-simota_diou_v2_pruned_30/checkpoints/127_epoch.pt
[INFO] early stopping status: bad_epochs=2/30
[INFO] epoch 128/150 start | lr=5.78413e-05
[DEBUG] SimOTA train batch stats:
  images: 32
  empty_images: 2
  gt_count: 33
  candidate_count_mean/min/max: 192.42/70/475
  positives_total: 165
  positives_per_gt_mean/min/max: 5.00/5/5
  positives_stride8: 14
  positives_stride16: 88
  positives_stride32: 63
  unmatched_gt_count: 0
  fallback_count: 0
  conflict_count: 0
  dynamic_k_mean/min/max: 5.00/5/5
  nonfinite_cost_count: 0
[DEBUG] SimOTA train batch stats:
  images: 32
  empty_images: 6
  gt_count: 34
  candidate_count_mean/min/max: 205.53/45/733
  positives_total: 169
  positives_per_gt_mean/min/max: 4.97/4/5
  positives_stride8: 22
  positives_stride16: 75
  positives_stride32: 72
  unmatched_gt_count: 0
  fallback_count: 0
  conflict_count: 0
  dynamic_k_mean/min/max: 4.97/4/5
  nonfinite_cost_count: 0
[DEBUG] SimOTA train batch stats:
  images: 32
  empty_images: 2
  gt_count: 35
  candidate_count_mean/min/max: 193.00/50/789
  positives_total: 175
  positives_per_gt_mean/min/max: 5.00/5/5
  positives_stride8: 20
  positives_stride16: 83
  positives_stride32: 72
  unmatched_gt_count: 0
  fallback_count: 0
  conflict_count: 0
  dynamic_k_mean/min/max: 5.00/5/5
  nonfinite_cost_count: 0
[DEBUG] SimOTA train batch stats:
  images: 32
  empty_images: 5
  gt_count: 31
  candidate_count_mean/min/max: 211.03/60/632
  positives_total: 155
  positives_per_gt_mean/min/max: 5.00/5/5
  positives_stride8: 13
  positives_stride16: 82
  positives_stride32: 60
  unmatched_gt_count: 0
  fallback_count: 0
  conflict_count: 0
  dynamic_k_mean/min/max: 5.00/5/5
  nonfinite_cost_count: 0
[DEBUG] SimOTA train batch stats:
  images: 32
  empty_images: 3
  gt_count: 38
  candidate_count_mean/min/max: 184.79/45/733
  positives_total: 190
  positives_per_gt_mean/min/max: 5.00/5/5
  positives_stride8: 28
  positives_stride16: 89
  positives_stride32: 73
  unmatched_gt_count: 0
  fallback_count: 0
  conflict_count: 0
  dynamic_k_mean/min/max: 5.00/5/5
  nonfinite_cost_count: 0
[DEBUG] SimOTA train batch stats:
  images: 32
  empty_images: 7
  gt_count: 31
  candidate_count_mean/min/max: 197.32/50/1071
  positives_total: 155
  positives_per_gt_mean/min/max: 5.00/5/5
  positives_stride8: 14
  positives_stride16: 83
  positives_stride32: 58
  unmatched_gt_count: 0
  fallback_count: 0
  conflict_count: 0
  dynamic_k_mean/min/max: 5.00/5/5
  nonfinite_cost_count: 0
[DEBUG] SimOTA val batch stats:
  images: 32
  empty_images: 15
  gt_count: 20
  candidate_count_mean/min/max: 157.40/62/430
  positives_total: 100
  positives_per_gt_mean/min/max: 5.00/5/5
  positives_stride8: 4
  positives_stride16: 56
  positives_stride32: 40
  unmatched_gt_count: 0
  fallback_count: 0
  conflict_count: 0
  dynamic_k_mean/min/max: 5.00/5/5
  nonfinite_cost_count: 0
[INFO] epoch summary | train loss=0.6123 obj=0.0003 box=0.1224 pos=171.86 | val loss=0.8854 map50=0.9284 map5095=0.7285 P=0.9365 R=0.8569 F1=0.8949
[INFO] val extras | mean_iou=0.8975 center_err_px(mean/med/p95)=1.92/1.50/4.87 center_err_norm_diag(mean/med/p95)=0.0024/0.0019/0.0061 fp/img=0.0577 small/med/large recall=0.7511/0.8969/0.9302 counts=233/223/215
[INFO] saved per-epoch checkpoint: /mnt/core/MLonMCU_proj/software/ball_detection/runs/20260522-133921-simota_diou_v2_pruned_30/checkpoints/128_epoch.pt
[INFO] early stopping status: bad_epochs=3/30
[INFO] epoch 129/150 start | lr=5.3092e-05
[DEBUG] SimOTA train batch stats:
  images: 32
  empty_images: 7
  gt_count: 36
  candidate_count_mean/min/max: 199.31/75/668
  positives_total: 180
  positives_per_gt_mean/min/max: 5.00/5/5
  positives_stride8: 15
  positives_stride16: 92
  positives_stride32: 73
  unmatched_gt_count: 0
  fallback_count: 0
  conflict_count: 0
  dynamic_k_mean/min/max: 5.00/5/5
  nonfinite_cost_count: 0
[DEBUG] SimOTA train batch stats:
  images: 32
  empty_images: 7
  gt_count: 30
  candidate_count_mean/min/max: 226.27/75/1580
  positives_total: 150
  positives_per_gt_mean/min/max: 5.00/5/5
  positives_stride8: 11
  positives_stride16: 74
  positives_stride32: 65
  unmatched_gt_count: 0
  fallback_count: 0
  conflict_count: 0
  dynamic_k_mean/min/max: 5.00/5/5
  nonfinite_cost_count: 0
[DEBUG] SimOTA train batch stats:
  images: 32
  empty_images: 3
  gt_count: 32
  candidate_count_mean/min/max: 264.25/75/1575
  positives_total: 160
  positives_per_gt_mean/min/max: 5.00/5/5
  positives_stride8: 17
  positives_stride16: 76
  positives_stride32: 67
  unmatched_gt_count: 0
  fallback_count: 0
  conflict_count: 0
  dynamic_k_mean/min/max: 5.00/5/5
  nonfinite_cost_count: 0
[DEBUG] SimOTA train batch stats:
  images: 32
  empty_images: 4
  gt_count: 34
  candidate_count_mean/min/max: 172.06/70/733
  positives_total: 165
  positives_per_gt_mean/min/max: 4.85/0/5
  positives_stride8: 18
  positives_stride16: 82
  positives_stride32: 65
  unmatched_gt_count: 1
  fallback_count: 0
  conflict_count: 5
  dynamic_k_mean/min/max: 5.00/5/5
  nonfinite_cost_count: 0
[DEBUG] SimOTA train batch stats:
  images: 32
  empty_images: 4
  gt_count: 35
  candidate_count_mean/min/max: 163.80/75/457
  positives_total: 175
  positives_per_gt_mean/min/max: 5.00/5/5
  positives_stride8: 9
  positives_stride16: 92
  positives_stride32: 74
  unmatched_gt_count: 0
  fallback_count: 0
  conflict_count: 0
  dynamic_k_mean/min/max: 5.00/5/5
  nonfinite_cost_count: 0
[DEBUG] SimOTA train batch stats:
  images: 32
  empty_images: 8
  gt_count: 29
  candidate_count_mean/min/max: 189.03/53/1035
  positives_total: 145
  positives_per_gt_mean/min/max: 5.00/5/5
  positives_stride8: 17
  positives_stride16: 71
  positives_stride32: 57
  unmatched_gt_count: 0
  fallback_count: 0
  conflict_count: 0
  dynamic_k_mean/min/max: 5.00/5/5
  nonfinite_cost_count: 0
[DEBUG] SimOTA val batch stats:
  images: 32
  empty_images: 0
  gt_count: 33
  candidate_count_mean/min/max: 306.42/80/433
  positives_total: 160
  positives_per_gt_mean/min/max: 4.85/0/5
  positives_stride8: 3
  positives_stride16: 77
  positives_stride32: 80
  unmatched_gt_count: 1
  fallback_count: 0
  conflict_count: 5
  dynamic_k_mean/min/max: 5.00/5/5
  nonfinite_cost_count: 0
[INFO] epoch summary | train loss=0.6119 obj=0.0003 box=0.1223 pos=172.24 | val loss=0.8854 map50=0.9295 map5095=0.7301 P=0.9424 R=0.8539 F1=0.8960
[INFO] val extras | mean_iou=0.8974 center_err_px(mean/med/p95)=1.91/1.55/4.81 center_err_norm_diag(mean/med/p95)=0.0024/0.0019/0.0060 fp/img=0.0518 small/med/large recall=0.7511/0.8969/0.9209 counts=233/223/215
[INFO] saved per-epoch checkpoint: /mnt/core/MLonMCU_proj/software/ball_detection/runs/20260522-133921-simota_diou_v2_pruned_30/checkpoints/129_epoch.pt
[INFO] new best checkpoint at epoch 129: /mnt/core/MLonMCU_proj/software/ball_detection/runs/20260522-133921-simota_diou_v2_pruned_30/checkpoints/best.pt
[INFO] epoch 130/150 start | lr=4.85389e-05
[DEBUG] SimOTA train batch stats:
  images: 32
  empty_images: 7
  gt_count: 35
  candidate_count_mean/min/max: 192.57/60/830
  positives_total: 175
  positives_per_gt_mean/min/max: 5.00/5/5
  positives_stride8: 24
  positives_stride16: 81
  positives_stride32: 70
  unmatched_gt_count: 0
  fallback_count: 0
  conflict_count: 0
  dynamic_k_mean/min/max: 5.00/5/5
  nonfinite_cost_count: 0
[DEBUG] SimOTA train batch stats:
  images: 32
  empty_images: 1
  gt_count: 35
  candidate_count_mean/min/max: 240.63/75/652
  positives_total: 175
  positives_per_gt_mean/min/max: 5.00/5/5
  positives_stride8: 9
  positives_stride16: 90
  positives_stride32: 76
  unmatched_gt_count: 0
  fallback_count: 0
  conflict_count: 0
  dynamic_k_mean/min/max: 5.00/5/5
  nonfinite_cost_count: 0
[DEBUG] SimOTA train batch stats:
  images: 32
  empty_images: 5
  gt_count: 40
  candidate_count_mean/min/max: 126.62/70/505
  positives_total: 200
  positives_per_gt_mean/min/max: 5.00/5/5
  positives_stride8: 24
  positives_stride16: 101
  positives_stride32: 75
  unmatched_gt_count: 0
  fallback_count: 0
  conflict_count: 0
  dynamic_k_mean/min/max: 5.00/5/5
  nonfinite_cost_count: 0
[DEBUG] SimOTA train batch stats:
  images: 32
  empty_images: 3
  gt_count: 31
  candidate_count_mean/min/max: 200.77/70/926
  positives_total: 155
  positives_per_gt_mean/min/max: 5.00/5/5
  positives_stride8: 13
  positives_stride16: 72
  positives_stride32: 70
  unmatched_gt_count: 0
  fallback_count: 0
  conflict_count: 0
  dynamic_k_mean/min/max: 5.00/5/5
  nonfinite_cost_count: 0
[DEBUG] SimOTA train batch stats:
  images: 32
  empty_images: 3
  gt_count: 33
  candidate_count_mean/min/max: 159.09/75/430
  positives_total: 165
  positives_per_gt_mean/min/max: 5.00/5/5
  positives_stride8: 17
  positives_stride16: 82
  positives_stride32: 66
  unmatched_gt_count: 0
  fallback_count: 0
  conflict_count: 0
  dynamic_k_mean/min/max: 5.00/5/5
  nonfinite_cost_count: 0
[DEBUG] SimOTA train batch stats:
  images: 32
  empty_images: 4
  gt_count: 35
  candidate_count_mean/min/max: 180.91/50/855
  positives_total: 175
  positives_per_gt_mean/min/max: 5.00/5/5
  positives_stride8: 19
  positives_stride16: 85
  positives_stride32: 71
  unmatched_gt_count: 0
  fallback_count: 0
  conflict_count: 0
  dynamic_k_mean/min/max: 5.00/5/5
  nonfinite_cost_count: 0
[DEBUG] SimOTA val batch stats:
  images: 32
  empty_images: 13
  gt_count: 19
  candidate_count_mean/min/max: 79.00/60/109
  positives_total: 93
  positives_per_gt_mean/min/max: 4.89/4/5
  positives_stride8: 21
  positives_stride16: 42
  positives_stride32: 30
  unmatched_gt_count: 0
  fallback_count: 0
  conflict_count: 0
  dynamic_k_mean/min/max: 4.89/4/5
  nonfinite_cost_count: 0
[INFO] epoch summary | train loss=0.6126 obj=0.0003 box=0.1225 pos=172.41 | val loss=0.8834 map50=0.9295 map5095=0.7284 P=0.9395 R=0.8569 F1=0.8963
[INFO] val extras | mean_iou=0.8968 center_err_px(mean/med/p95)=1.97/1.52/4.92 center_err_norm_diag(mean/med/p95)=0.0025/0.0019/0.0062 fp/img=0.0547 small/med/large recall=0.7468/0.9013/0.9302 counts=233/223/215
[INFO] saved per-epoch checkpoint: /mnt/core/MLonMCU_proj/software/ball_detection/runs/20260522-133921-simota_diou_v2_pruned_30/checkpoints/130_epoch.pt
[INFO] early stopping status: bad_epochs=1/30
[INFO] epoch 131/150 start | lr=4.4184e-05
[DEBUG] SimOTA train batch stats:
  images: 32
  empty_images: 4
  gt_count: 33
  candidate_count_mean/min/max: 206.91/45/535
  positives_total: 164
  positives_per_gt_mean/min/max: 4.97/4/5
  positives_stride8: 14
  positives_stride16: 83
  positives_stride32: 67
  unmatched_gt_count: 0
  fallback_count: 0
  conflict_count: 0
  dynamic_k_mean/min/max: 4.97/4/5
  nonfinite_cost_count: 0
[DEBUG] SimOTA train batch stats:
  images: 32
  empty_images: 1
  gt_count: 38
  candidate_count_mean/min/max: 204.79/70/928
  positives_total: 190
  positives_per_gt_mean/min/max: 5.00/5/5
  positives_stride8: 17
  positives_stride16: 93
  positives_stride32: 80
  unmatched_gt_count: 0
  fallback_count: 0
  conflict_count: 0
  dynamic_k_mean/min/max: 5.00/5/5
  nonfinite_cost_count: 0
[DEBUG] SimOTA train batch stats:
  images: 32
  empty_images: 6
  gt_count: 31
  candidate_count_mean/min/max: 187.81/75/500
  positives_total: 155
  positives_per_gt_mean/min/max: 5.00/5/5
  positives_stride8: 8
  positives_stride16: 79
  positives_stride32: 68
  unmatched_gt_count: 0
  fallback_count: 0
  conflict_count: 0
  dynamic_k_mean/min/max: 5.00/5/5
  nonfinite_cost_count: 0
[DEBUG] SimOTA train batch stats:
  images: 32
  empty_images: 4
  gt_count: 39
  candidate_count_mean/min/max: 210.64/45/1580
  positives_total: 195
  positives_per_gt_mean/min/max: 5.00/5/5
  positives_stride8: 26
  positives_stride16: 97
  positives_stride32: 72
  unmatched_gt_count: 0
  fallback_count: 0
  conflict_count: 0
  dynamic_k_mean/min/max: 5.00/5/5
  nonfinite_cost_count: 0
[DEBUG] SimOTA train batch stats:
  images: 32
  empty_images: 7
  gt_count: 29
  candidate_count_mean/min/max: 137.76/60/576
  positives_total: 145
  positives_per_gt_mean/min/max: 5.00/5/5
  positives_stride8: 15
  positives_stride16: 72
  positives_stride32: 58
  unmatched_gt_count: 0
  fallback_count: 0
  conflict_count: 0
  dynamic_k_mean/min/max: 5.00/5/5
  nonfinite_cost_count: 0
[DEBUG] SimOTA train batch stats:
  images: 32
  empty_images: 5
  gt_count: 32
  candidate_count_mean/min/max: 197.81/50/928
  positives_total: 160
  positives_per_gt_mean/min/max: 5.00/5/5
  positives_stride8: 8
  positives_stride16: 82
  positives_stride32: 70
  unmatched_gt_count: 0
  fallback_count: 0
  conflict_count: 0
  dynamic_k_mean/min/max: 5.00/5/5
  nonfinite_cost_count: 0
[DEBUG] SimOTA val batch stats:
  images: 32
  empty_images: 6
  gt_count: 26
  candidate_count_mean/min/max: 85.81/70/211
  positives_total: 130
  positives_per_gt_mean/min/max: 5.00/5/5
  positives_stride8: 42
  positives_stride16: 51
  positives_stride32: 37
  unmatched_gt_count: 0
  fallback_count: 0
  conflict_count: 0
  dynamic_k_mean/min/max: 5.00/5/5
  nonfinite_cost_count: 0
[INFO] epoch summary | train loss=0.6100 obj=0.0003 box=0.1219 pos=172.50 | val loss=0.8890 map50=0.9290 map5095=0.7283 P=0.9395 R=0.8569 F1=0.8963
[INFO] val extras | mean_iou=0.8973 center_err_px(mean/med/p95)=1.95/1.53/4.96 center_err_norm_diag(mean/med/p95)=0.0024/0.0019/0.0062 fp/img=0.0547 small/med/large recall=0.7468/0.8969/0.9349 counts=233/223/215
[INFO] saved per-epoch checkpoint: /mnt/core/MLonMCU_proj/software/ball_detection/runs/20260522-133921-simota_diou_v2_pruned_30/checkpoints/131_epoch.pt
[INFO] early stopping status: bad_epochs=2/30
[INFO] epoch 132/150 start | lr=4.00294e-05
[DEBUG] SimOTA train batch stats:
  images: 32
  empty_images: 7
  gt_count: 31
  candidate_count_mean/min/max: 145.42/70/430
  positives_total: 155
  positives_per_gt_mean/min/max: 5.00/5/5
  positives_stride8: 15
  positives_stride16: 84
  positives_stride32: 56
  unmatched_gt_count: 0
  fallback_count: 0
  conflict_count: 0
  dynamic_k_mean/min/max: 5.00/5/5
  nonfinite_cost_count: 0
[DEBUG] SimOTA train batch stats:
  images: 32
  empty_images: 5
  gt_count: 30
  candidate_count_mean/min/max: 211.07/65/1003
  positives_total: 150
  positives_per_gt_mean/min/max: 5.00/5/5
  positives_stride8: 14
  positives_stride16: 74
  positives_stride32: 62
  unmatched_gt_count: 0
  fallback_count: 0
  conflict_count: 0
  dynamic_k_mean/min/max: 5.00/5/5
  nonfinite_cost_count: 0
[DEBUG] SimOTA train batch stats:
  images: 32
  empty_images: 3
  gt_count: 36
  candidate_count_mean/min/max: 247.75/50/1035
  positives_total: 180
  positives_per_gt_mean/min/max: 5.00/5/5
  positives_stride8: 16
  positives_stride16: 84
  positives_stride32: 80
  unmatched_gt_count: 0
  fallback_count: 0
  conflict_count: 0
  dynamic_k_mean/min/max: 5.00/5/5
  nonfinite_cost_count: 0
[DEBUG] SimOTA train batch stats:
  images: 32
  empty_images: 3
  gt_count: 39
  candidate_count_mean/min/max: 166.92/50/743
  positives_total: 195
  positives_per_gt_mean/min/max: 5.00/5/5
  positives_stride8: 23
  positives_stride16: 100
  positives_stride32: 72
  unmatched_gt_count: 0
  fallback_count: 0
  conflict_count: 0
  dynamic_k_mean/min/max: 5.00/5/5
  nonfinite_cost_count: 0
[DEBUG] SimOTA train batch stats:
  images: 32
  empty_images: 7
  gt_count: 32
  candidate_count_mean/min/max: 155.81/70/687
  positives_total: 160
  positives_per_gt_mean/min/max: 5.00/5/5
  positives_stride8: 20
  positives_stride16: 80
  positives_stride32: 60
  unmatched_gt_count: 0
  fallback_count: 0
  conflict_count: 0
  dynamic_k_mean/min/max: 5.00/5/5
  nonfinite_cost_count: 0
[DEBUG] SimOTA train batch stats:
  images: 32
  empty_images: 6
  gt_count: 32
  candidate_count_mean/min/max: 162.81/45/421
  positives_total: 159
  positives_per_gt_mean/min/max: 4.97/4/5
  positives_stride8: 19
  positives_stride16: 83
  positives_stride32: 57
  unmatched_gt_count: 0
  fallback_count: 0
  conflict_count: 0
  dynamic_k_mean/min/max: 4.97/4/5
  nonfinite_cost_count: 0
[DEBUG] SimOTA val batch stats:
  images: 32
  empty_images: 5
  gt_count: 27
  candidate_count_mean/min/max: 201.30/70/467
  positives_total: 135
  positives_per_gt_mean/min/max: 5.00/5/5
  positives_stride8: 20
  positives_stride16: 71
  positives_stride32: 44
  unmatched_gt_count: 0
  fallback_count: 0
  conflict_count: 0
  dynamic_k_mean/min/max: 5.00/5/5
  nonfinite_cost_count: 0
[INFO] epoch summary | train loss=0.6071 obj=0.0003 box=0.1213 pos=171.62 | val loss=0.8897 map50=0.9305 map5095=0.7298 P=0.9337 R=0.8599 F1=0.8953
[INFO] val extras | mean_iou=0.8964 center_err_px(mean/med/p95)=1.97/1.54/4.99 center_err_norm_diag(mean/med/p95)=0.0025/0.0019/0.0062 fp/img=0.0607 small/med/large recall=0.7554/0.9013/0.9302 counts=233/223/215
[INFO] saved per-epoch checkpoint: /mnt/core/MLonMCU_proj/software/ball_detection/runs/20260522-133921-simota_diou_v2_pruned_30/checkpoints/132_epoch.pt
[INFO] early stopping status: bad_epochs=3/30
[INFO] epoch 133/150 start | lr=3.60766e-05
[DEBUG] SimOTA train batch stats:
  images: 32
  empty_images: 5
  gt_count: 35
  candidate_count_mean/min/max: 209.71/75/855
  positives_total: 175
  positives_per_gt_mean/min/max: 5.00/5/5
  positives_stride8: 18
  positives_stride16: 79
  positives_stride32: 78
  unmatched_gt_count: 0
  fallback_count: 0
  conflict_count: 0
  dynamic_k_mean/min/max: 5.00/5/5
  nonfinite_cost_count: 0
[DEBUG] SimOTA train batch stats:
  images: 32
  empty_images: 4
  gt_count: 34
  candidate_count_mean/min/max: 178.06/69/697
  positives_total: 170
  positives_per_gt_mean/min/max: 5.00/5/5
  positives_stride8: 19
  positives_stride16: 85
  positives_stride32: 66
  unmatched_gt_count: 0
  fallback_count: 0
  conflict_count: 0
  dynamic_k_mean/min/max: 5.00/5/5
  nonfinite_cost_count: 0
[DEBUG] SimOTA train batch stats:
  images: 32
  empty_images: 6
  gt_count: 32
  candidate_count_mean/min/max: 214.12/70/999
  positives_total: 160
  positives_per_gt_mean/min/max: 5.00/5/5
  positives_stride8: 10
  positives_stride16: 88
  positives_stride32: 62
  unmatched_gt_count: 0
  fallback_count: 0
  conflict_count: 0
  dynamic_k_mean/min/max: 5.00/5/5
  nonfinite_cost_count: 0
[DEBUG] SimOTA train batch stats:
  images: 32
  empty_images: 2
  gt_count: 39
  candidate_count_mean/min/max: 167.10/60/467
  positives_total: 195
  positives_per_gt_mean/min/max: 5.00/5/5
  positives_stride8: 18
  positives_stride16: 102
  positives_stride32: 75
  unmatched_gt_count: 0
  fallback_count: 0
  conflict_count: 0
  dynamic_k_mean/min/max: 5.00/5/5
  nonfinite_cost_count: 0
[DEBUG] SimOTA train batch stats:
  images: 32
  empty_images: 8
  gt_count: 27
  candidate_count_mean/min/max: 170.33/75/535
  positives_total: 135
  positives_per_gt_mean/min/max: 5.00/5/5
  positives_stride8: 6
  positives_stride16: 79
  positives_stride32: 50
  unmatched_gt_count: 0
  fallback_count: 0
  conflict_count: 0
  dynamic_k_mean/min/max: 5.00/5/5
  nonfinite_cost_count: 0
[DEBUG] SimOTA train batch stats:
  images: 32
  empty_images: 4
  gt_count: 40
  candidate_count_mean/min/max: 209.78/45/687
  positives_total: 199
  positives_per_gt_mean/min/max: 4.97/4/5
  positives_stride8: 26
  positives_stride16: 90
  positives_stride32: 83
  unmatched_gt_count: 0
  fallback_count: 0
  conflict_count: 0
  dynamic_k_mean/min/max: 4.97/4/5
  nonfinite_cost_count: 0
[DEBUG] SimOTA val batch stats:
  images: 32
  empty_images: 4
  gt_count: 32
  candidate_count_mean/min/max: 91.31/57/301
  positives_total: 158
  positives_per_gt_mean/min/max: 4.94/4/5
  positives_stride8: 37
  positives_stride16: 75
  positives_stride32: 46
  unmatched_gt_count: 0
  fallback_count: 0
  conflict_count: 0
  dynamic_k_mean/min/max: 4.94/4/5
  nonfinite_cost_count: 0
[INFO] epoch summary | train loss=0.6042 obj=0.0003 box=0.1208 pos=172.56 | val loss=0.8880 map50=0.9313 map5095=0.7272 P=0.9394 R=0.8554 F1=0.8955
[INFO] val extras | mean_iou=0.8959 center_err_px(mean/med/p95)=1.94/1.53/4.87 center_err_norm_diag(mean/med/p95)=0.0024/0.0019/0.0061 fp/img=0.0547 small/med/large recall=0.7554/0.8969/0.9209 counts=233/223/215
[INFO] saved per-epoch checkpoint: /mnt/core/MLonMCU_proj/software/ball_detection/runs/20260522-133921-simota_diou_v2_pruned_30/checkpoints/133_epoch.pt
[INFO] early stopping status: bad_epochs=4/30
[INFO] epoch 134/150 start | lr=3.23276e-05
[DEBUG] SimOTA train batch stats:
  images: 32
  empty_images: 3
  gt_count: 38
  candidate_count_mean/min/max: 145.03/75/725
  positives_total: 190
  positives_per_gt_mean/min/max: 5.00/5/5
  positives_stride8: 33
  positives_stride16: 90
  positives_stride32: 67
  unmatched_gt_count: 0
  fallback_count: 0
  conflict_count: 0
  dynamic_k_mean/min/max: 5.00/5/5
  nonfinite_cost_count: 0
[DEBUG] SimOTA train batch stats:
  images: 32
  empty_images: 4
  gt_count: 34
  candidate_count_mean/min/max: 187.91/70/590
  positives_total: 166
  positives_per_gt_mean/min/max: 4.88/2/5
  positives_stride8: 15
  positives_stride16: 87
  positives_stride32: 64
  unmatched_gt_count: 0
  fallback_count: 0
  conflict_count: 3
  dynamic_k_mean/min/max: 4.97/4/5
  nonfinite_cost_count: 0
[DEBUG] SimOTA train batch stats:
  images: 32
  empty_images: 5
  gt_count: 38
  candidate_count_mean/min/max: 191.24/50/733
  positives_total: 184
  positives_per_gt_mean/min/max: 4.84/2/5
  positives_stride8: 21
  positives_stride16: 91
  positives_stride32: 72
  unmatched_gt_count: 0
  fallback_count: 0
  conflict_count: 5
  dynamic_k_mean/min/max: 4.97/4/5
  nonfinite_cost_count: 0
[DEBUG] SimOTA train batch stats:
  images: 32
  empty_images: 2
  gt_count: 38
  candidate_count_mean/min/max: 210.29/60/1071
  positives_total: 188
  positives_per_gt_mean/min/max: 4.95/3/5
  positives_stride8: 18
  positives_stride16: 86
  positives_stride32: 84
  unmatched_gt_count: 0
  fallback_count: 0
  conflict_count: 2
  dynamic_k_mean/min/max: 5.00/5/5
  nonfinite_cost_count: 0
[DEBUG] SimOTA train batch stats:
  images: 32
  empty_images: 5
  gt_count: 33
  candidate_count_mean/min/max: 140.15/57/412
  positives_total: 165
  positives_per_gt_mean/min/max: 5.00/5/5
  positives_stride8: 27
  positives_stride16: 80
  positives_stride32: 58
  unmatched_gt_count: 0
  fallback_count: 0
  conflict_count: 0
  dynamic_k_mean/min/max: 5.00/5/5
  nonfinite_cost_count: 0
[DEBUG] SimOTA train batch stats:
  images: 32
  empty_images: 3
  gt_count: 40
  candidate_count_mean/min/max: 153.93/50/618
  positives_total: 200
  positives_per_gt_mean/min/max: 5.00/5/5
  positives_stride8: 22
  positives_stride16: 92
  positives_stride32: 86
  unmatched_gt_count: 0
  fallback_count: 0
  conflict_count: 0
  dynamic_k_mean/min/max: 5.00/5/5
  nonfinite_cost_count: 0
[DEBUG] SimOTA val batch stats:
  images: 32
  empty_images: 4
  gt_count: 36
  candidate_count_mean/min/max: 208.00/70/855
  positives_total: 177
  positives_per_gt_mean/min/max: 4.92/3/5
  positives_stride8: 21
  positives_stride16: 89
  positives_stride32: 67
  unmatched_gt_count: 0
  fallback_count: 0
  conflict_count: 0
  dynamic_k_mean/min/max: 4.92/3/5
  nonfinite_cost_count: 0
[INFO] epoch summary | train loss=0.6064 obj=0.0003 box=0.1212 pos=172.27 | val loss=0.8917 map50=0.9296 map5095=0.7283 P=0.9364 R=0.8554 F1=0.8941
[INFO] val extras | mean_iou=0.8973 center_err_px(mean/med/p95)=1.93/1.50/4.92 center_err_norm_diag(mean/med/p95)=0.0024/0.0019/0.0061 fp/img=0.0577 small/med/large recall=0.7511/0.8969/0.9256 counts=233/223/215
[INFO] saved per-epoch checkpoint: /mnt/core/MLonMCU_proj/software/ball_detection/runs/20260522-133921-simota_diou_v2_pruned_30/checkpoints/134_epoch.pt
[INFO] early stopping status: bad_epochs=5/30
[INFO] epoch 135/150 start | lr=2.8784e-05
[DEBUG] SimOTA train batch stats:
  images: 32
  empty_images: 4
  gt_count: 33
  candidate_count_mean/min/max: 198.00/53/412
  positives_total: 165
  positives_per_gt_mean/min/max: 5.00/5/5
  positives_stride8: 12
  positives_stride16: 80
  positives_stride32: 73
  unmatched_gt_count: 0
  fallback_count: 0
  conflict_count: 0
  dynamic_k_mean/min/max: 5.00/5/5
  nonfinite_cost_count: 0
[DEBUG] SimOTA train batch stats:
  images: 32
  empty_images: 5
  gt_count: 33
  candidate_count_mean/min/max: 254.36/75/1575
  positives_total: 165
  positives_per_gt_mean/min/max: 5.00/5/5
  positives_stride8: 14
  positives_stride16: 83
  positives_stride32: 68
  unmatched_gt_count: 0
  fallback_count: 0
  conflict_count: 0
  dynamic_k_mean/min/max: 5.00/5/5
  nonfinite_cost_count: 0
[DEBUG] SimOTA train batch stats:
  images: 32
  empty_images: 2
  gt_count: 40
  candidate_count_mean/min/max: 154.40/53/665
  positives_total: 200
  positives_per_gt_mean/min/max: 5.00/5/5
  positives_stride8: 23
  positives_stride16: 99
  positives_stride32: 78
  unmatched_gt_count: 0
  fallback_count: 0
  conflict_count: 0
  dynamic_k_mean/min/max: 5.00/5/5
  nonfinite_cost_count: 0
[DEBUG] SimOTA train batch stats:
  images: 32
  empty_images: 4
  gt_count: 34
  candidate_count_mean/min/max: 193.09/75/661
  positives_total: 170
  positives_per_gt_mean/min/max: 5.00/5/5
  positives_stride8: 18
  positives_stride16: 80
  positives_stride32: 72
  unmatched_gt_count: 0
  fallback_count: 0
  conflict_count: 0
  dynamic_k_mean/min/max: 5.00/5/5
  nonfinite_cost_count: 0
[DEBUG] SimOTA train batch stats:
  images: 32
  empty_images: 7
  gt_count: 30
  candidate_count_mean/min/max: 151.50/70/697
  positives_total: 150
  positives_per_gt_mean/min/max: 5.00/5/5
  positives_stride8: 21
  positives_stride16: 68
  positives_stride32: 61
  unmatched_gt_count: 0
  fallback_count: 0
  conflict_count: 0
  dynamic_k_mean/min/max: 5.00/5/5
  nonfinite_cost_count: 0
[DEBUG] SimOTA train batch stats:
  images: 32
  empty_images: 3
  gt_count: 35
  candidate_count_mean/min/max: 237.31/60/1195
  positives_total: 175
  positives_per_gt_mean/min/max: 5.00/5/5
  positives_stride8: 18
  positives_stride16: 82
  positives_stride32: 75
  unmatched_gt_count: 0
  fallback_count: 0
  conflict_count: 0
  dynamic_k_mean/min/max: 5.00/5/5
  nonfinite_cost_count: 0
[DEBUG] SimOTA val batch stats:
  images: 32
  empty_images: 2
  gt_count: 40
  candidate_count_mean/min/max: 168.12/56/693
  positives_total: 194
  positives_per_gt_mean/min/max: 4.85/0/5
  positives_stride8: 6
  positives_stride16: 109
  positives_stride32: 79
  unmatched_gt_count: 1
  fallback_count: 0
  conflict_count: 3
  dynamic_k_mean/min/max: 4.92/3/5
  nonfinite_cost_count: 0
[INFO] epoch summary | train loss=0.6101 obj=0.0003 box=0.1220 pos=171.98 | val loss=0.8924 map50=0.9285 map5095=0.7282 P=0.9351 R=0.8584 F1=0.8951
[INFO] val extras | mean_iou=0.8970 center_err_px(mean/med/p95)=1.95/1.50/4.99 center_err_norm_diag(mean/med/p95)=0.0024/0.0019/0.0062 fp/img=0.0592 small/med/large recall=0.7511/0.9013/0.9302 counts=233/223/215
[INFO] saved per-epoch checkpoint: /mnt/core/MLonMCU_proj/software/ball_detection/runs/20260522-133921-simota_diou_v2_pruned_30/checkpoints/135_epoch.pt
[INFO] early stopping status: bad_epochs=6/30
[INFO] epoch 136/150 start | lr=2.54473e-05
[DEBUG] SimOTA train batch stats:
  images: 32
  empty_images: 3
  gt_count: 36
  candidate_count_mean/min/max: 186.28/50/1035
  positives_total: 180
  positives_per_gt_mean/min/max: 5.00/5/5
  positives_stride8: 28
  positives_stride16: 84
  positives_stride32: 68
  unmatched_gt_count: 0
  fallback_count: 0
  conflict_count: 0
  dynamic_k_mean/min/max: 5.00/5/5
  nonfinite_cost_count: 0
[DEBUG] SimOTA train batch stats:
  images: 32
  empty_images: 7
  gt_count: 31
  candidate_count_mean/min/max: 211.10/70/1164
  positives_total: 155
  positives_per_gt_mean/min/max: 5.00/5/5
  positives_stride8: 16
  positives_stride16: 79
  positives_stride32: 60
  unmatched_gt_count: 0
  fallback_count: 0
  conflict_count: 0
  dynamic_k_mean/min/max: 5.00/5/5
  nonfinite_cost_count: 0
[DEBUG] SimOTA train batch stats:
  images: 32
  empty_images: 6
  gt_count: 28
  candidate_count_mean/min/max: 244.68/60/1035
  positives_total: 140
  positives_per_gt_mean/min/max: 5.00/5/5
  positives_stride8: 8
  positives_stride16: 68
  positives_stride32: 64
  unmatched_gt_count: 0
  fallback_count: 0
  conflict_count: 0
  dynamic_k_mean/min/max: 5.00/5/5
  nonfinite_cost_count: 0
[DEBUG] SimOTA train batch stats:
  images: 32
  empty_images: 3
  gt_count: 34
  candidate_count_mean/min/max: 156.50/50/535
  positives_total: 170
  positives_per_gt_mean/min/max: 5.00/5/5
  positives_stride8: 20
  positives_stride16: 85
  positives_stride32: 65
  unmatched_gt_count: 0
  fallback_count: 0
  conflict_count: 0
  dynamic_k_mean/min/max: 5.00/5/5
  nonfinite_cost_count: 0
[DEBUG] SimOTA train batch stats:
  images: 32
  empty_images: 3
  gt_count: 36
  candidate_count_mean/min/max: 152.64/60/758
  positives_total: 180
  positives_per_gt_mean/min/max: 5.00/5/5
  positives_stride8: 19
  positives_stride16: 92
  positives_stride32: 69
  unmatched_gt_count: 0
  fallback_count: 0
  conflict_count: 0
  dynamic_k_mean/min/max: 5.00/5/5
  nonfinite_cost_count: 0
[DEBUG] SimOTA train batch stats:
  images: 32
  empty_images: 6
  gt_count: 32
  candidate_count_mean/min/max: 189.91/66/780
  positives_total: 160
  positives_per_gt_mean/min/max: 5.00/5/5
  positives_stride8: 14
  positives_stride16: 81
  positives_stride32: 65
  unmatched_gt_count: 0
  fallback_count: 0
  conflict_count: 0
  dynamic_k_mean/min/max: 5.00/5/5
  nonfinite_cost_count: 0
[DEBUG] SimOTA val batch stats:
  images: 32
  empty_images: 4
  gt_count: 34
  candidate_count_mean/min/max: 194.94/62/780
  positives_total: 167
  positives_per_gt_mean/min/max: 4.91/3/5
  positives_stride8: 11
  positives_stride16: 93
  positives_stride32: 63
  unmatched_gt_count: 0
  fallback_count: 0
  conflict_count: 0
  dynamic_k_mean/min/max: 4.91/3/5
  nonfinite_cost_count: 0
[INFO] epoch summary | train loss=0.6057 obj=0.0003 box=0.1211 pos=172.59 | val loss=0.8904 map50=0.9306 map5095=0.7282 P=0.9398 R=0.8614 F1=0.8989
[INFO] val extras | mean_iou=0.8956 center_err_px(mean/med/p95)=1.97/1.55/5.01 center_err_norm_diag(mean/med/p95)=0.0025/0.0019/0.0063 fp/img=0.0547 small/med/large recall=0.7597/0.9013/0.9302 counts=233/223/215
[INFO] saved per-epoch checkpoint: /mnt/core/MLonMCU_proj/software/ball_detection/runs/20260522-133921-simota_diou_v2_pruned_30/checkpoints/136_epoch.pt
[INFO] early stopping status: bad_epochs=7/30
[INFO] epoch 137/150 start | lr=2.23189e-05
[DEBUG] SimOTA train batch stats:
  images: 32
  empty_images: 2
  gt_count: 36
  candidate_count_mean/min/max: 195.39/70/999
  positives_total: 180
  positives_per_gt_mean/min/max: 5.00/5/5
  positives_stride8: 18
  positives_stride16: 91
  positives_stride32: 71
  unmatched_gt_count: 0
  fallback_count: 0
  conflict_count: 0
  dynamic_k_mean/min/max: 5.00/5/5
  nonfinite_cost_count: 0
[DEBUG] SimOTA train batch stats:
  images: 32
  empty_images: 4
  gt_count: 36
  candidate_count_mean/min/max: 143.83/50/535
  positives_total: 180
  positives_per_gt_mean/min/max: 5.00/5/5
  positives_stride8: 27
  positives_stride16: 86
  positives_stride32: 67
  unmatched_gt_count: 0
  fallback_count: 0
  conflict_count: 0
  dynamic_k_mean/min/max: 5.00/5/5
  nonfinite_cost_count: 0
[DEBUG] SimOTA train batch stats:
  images: 32
  empty_images: 4
  gt_count: 38
  candidate_count_mean/min/max: 164.03/70/952
  positives_total: 190
  positives_per_gt_mean/min/max: 5.00/5/5
  positives_stride8: 29
  positives_stride16: 92
  positives_stride32: 69
  unmatched_gt_count: 0
  fallback_count: 0
  conflict_count: 0
  dynamic_k_mean/min/max: 5.00/5/5
  nonfinite_cost_count: 0
[DEBUG] SimOTA train batch stats:
  images: 32
  empty_images: 4
  gt_count: 35
  candidate_count_mean/min/max: 216.31/70/661
  positives_total: 175
  positives_per_gt_mean/min/max: 5.00/5/5
  positives_stride8: 15
  positives_stride16: 88
  positives_stride32: 72
  unmatched_gt_count: 0
  fallback_count: 0
  conflict_count: 0
  dynamic_k_mean/min/max: 5.00/5/5
  nonfinite_cost_count: 0
[DEBUG] SimOTA train batch stats:
  images: 32
  empty_images: 7
  gt_count: 29
  candidate_count_mean/min/max: 175.83/60/529
  positives_total: 140
  positives_per_gt_mean/min/max: 4.83/0/5
  positives_stride8: 12
  positives_stride16: 81
  positives_stride32: 47
  unmatched_gt_count: 1
  fallback_count: 0
  conflict_count: 5
  dynamic_k_mean/min/max: 5.00/5/5
  nonfinite_cost_count: 0
[DEBUG] SimOTA train batch stats:
  images: 32
  empty_images: 5
  gt_count: 35
  candidate_count_mean/min/max: 162.40/70/980
  positives_total: 175
  positives_per_gt_mean/min/max: 5.00/5/5
  positives_stride8: 24
  positives_stride16: 83
  positives_stride32: 68
  unmatched_gt_count: 0
  fallback_count: 0
  conflict_count: 0
  dynamic_k_mean/min/max: 5.00/5/5
  nonfinite_cost_count: 0
[DEBUG] SimOTA val batch stats:
  images: 32
  empty_images: 6
  gt_count: 28
  candidate_count_mean/min/max: 181.21/75/576
  positives_total: 140
  positives_per_gt_mean/min/max: 5.00/5/5
  positives_stride8: 4
  positives_stride16: 78
  positives_stride32: 58
  unmatched_gt_count: 0
  fallback_count: 0
  conflict_count: 0
  dynamic_k_mean/min/max: 5.00/5/5
  nonfinite_cost_count: 0
[INFO] epoch summary | train loss=0.6030 obj=0.0003 box=0.1205 pos=172.49 | val loss=0.8898 map50=0.9282 map5095=0.7272 P=0.9347 R=0.8539 F1=0.8925
[INFO] val extras | mean_iou=0.8972 center_err_px(mean/med/p95)=1.94/1.53/4.89 center_err_norm_diag(mean/med/p95)=0.0024/0.0019/0.0061 fp/img=0.0592 small/med/large recall=0.7468/0.8969/0.9256 counts=233/223/215
[INFO] saved per-epoch checkpoint: /mnt/core/MLonMCU_proj/software/ball_detection/runs/20260522-133921-simota_diou_v2_pruned_30/checkpoints/137_epoch.pt
[INFO] early stopping status: bad_epochs=8/30
[INFO] epoch 138/150 start | lr=1.94003e-05
[DEBUG] SimOTA train batch stats:
  images: 32
  empty_images: 6
  gt_count: 28
  candidate_count_mean/min/max: 248.82/75/1135
  positives_total: 140
  positives_per_gt_mean/min/max: 5.00/5/5
  positives_stride8: 10
  positives_stride16: 69
  positives_stride32: 61
  unmatched_gt_count: 0
  fallback_count: 0
  conflict_count: 0
  dynamic_k_mean/min/max: 5.00/5/5
  nonfinite_cost_count: 0
[DEBUG] SimOTA train batch stats:
  images: 32
  empty_images: 2
  gt_count: 36
  candidate_count_mean/min/max: 213.17/50/743
  positives_total: 180
  positives_per_gt_mean/min/max: 5.00/5/5
  positives_stride8: 17
  positives_stride16: 92
  positives_stride32: 71
  unmatched_gt_count: 0
  fallback_count: 0
  conflict_count: 0
  dynamic_k_mean/min/max: 5.00/5/5
  nonfinite_cost_count: 0
[DEBUG] SimOTA train batch stats:
  images: 32
  empty_images: 4
  gt_count: 31
  candidate_count_mean/min/max: 242.77/70/775
  positives_total: 155
  positives_per_gt_mean/min/max: 5.00/5/5
  positives_stride8: 11
  positives_stride16: 82
  positives_stride32: 62
  unmatched_gt_count: 0
  fallback_count: 0
  conflict_count: 0
  dynamic_k_mean/min/max: 5.00/5/5
  nonfinite_cost_count: 0
[DEBUG] SimOTA train batch stats:
  images: 32
  empty_images: 4
  gt_count: 36
  candidate_count_mean/min/max: 164.47/50/674
  positives_total: 178
  positives_per_gt_mean/min/max: 4.94/3/5
  positives_stride8: 19
  positives_stride16: 93
  positives_stride32: 66
  unmatched_gt_count: 0
  fallback_count: 0
  conflict_count: 1
  dynamic_k_mean/min/max: 4.97/4/5
  nonfinite_cost_count: 0
[DEBUG] SimOTA train batch stats:
  images: 32
  empty_images: 5
  gt_count: 34
  candidate_count_mean/min/max: 160.09/70/545
  positives_total: 170
  positives_per_gt_mean/min/max: 5.00/5/5
  positives_stride8: 11
  positives_stride16: 94
  positives_stride32: 65
  unmatched_gt_count: 0
  fallback_count: 0
  conflict_count: 0
  dynamic_k_mean/min/max: 5.00/5/5
  nonfinite_cost_count: 0
[DEBUG] SimOTA train batch stats:
  images: 32
  empty_images: 3
  gt_count: 36
  candidate_count_mean/min/max: 185.06/60/926
  positives_total: 175
  positives_per_gt_mean/min/max: 4.86/0/5
  positives_stride8: 16
  positives_stride16: 90
  positives_stride32: 69
  unmatched_gt_count: 1
  fallback_count: 0
  conflict_count: 5
  dynamic_k_mean/min/max: 5.00/5/5
  nonfinite_cost_count: 0
[DEBUG] SimOTA val batch stats:
  images: 32
  empty_images: 1
  gt_count: 34
  candidate_count_mean/min/max: 244.56/75/840
  positives_total: 169
  positives_per_gt_mean/min/max: 4.97/4/5
  positives_stride8: 7
  positives_stride16: 89
  positives_stride32: 73
  unmatched_gt_count: 0
  fallback_count: 0
  conflict_count: 0
  dynamic_k_mean/min/max: 4.97/4/5
  nonfinite_cost_count: 0
[INFO] epoch summary | train loss=0.6091 obj=0.0003 box=0.1218 pos=172.39 | val loss=0.8896 map50=0.9286 map5095=0.7283 P=0.9350 R=0.8569 F1=0.8942
[INFO] val extras | mean_iou=0.8970 center_err_px(mean/med/p95)=1.95/1.53/4.93 center_err_norm_diag(mean/med/p95)=0.0024/0.0019/0.0062 fp/img=0.0592 small/med/large recall=0.7511/0.8969/0.9302 counts=233/223/215
[INFO] saved per-epoch checkpoint: /mnt/core/MLonMCU_proj/software/ball_detection/runs/20260522-133921-simota_diou_v2_pruned_30/checkpoints/138_epoch.pt
[INFO] early stopping status: bad_epochs=9/30
[INFO] epoch 139/150 start | lr=1.66927e-05
[DEBUG] SimOTA train batch stats:
  images: 32
  empty_images: 7
  gt_count: 38
  candidate_count_mean/min/max: 184.53/50/1263
  positives_total: 176
  positives_per_gt_mean/min/max: 4.63/1/5
  positives_stride8: 21
  positives_stride16: 79
  positives_stride32: 76
  unmatched_gt_count: 0
  fallback_count: 0
  conflict_count: 14
  dynamic_k_mean/min/max: 5.00/5/5
  nonfinite_cost_count: 0
[DEBUG] SimOTA train batch stats:
  images: 32
  empty_images: 8
  gt_count: 34
  candidate_count_mean/min/max: 185.18/45/1071
  positives_total: 161
  positives_per_gt_mean/min/max: 4.74/0/5
  positives_stride8: 25
  positives_stride16: 77
  positives_stride32: 59
  unmatched_gt_count: 1
  fallback_count: 0
  conflict_count: 6
  dynamic_k_mean/min/max: 4.91/3/5
  nonfinite_cost_count: 0
[DEBUG] SimOTA train batch stats:
  images: 32
  empty_images: 3
  gt_count: 35
  candidate_count_mean/min/max: 178.54/50/613
  positives_total: 175
  positives_per_gt_mean/min/max: 5.00/5/5
  positives_stride8: 22
  positives_stride16: 83
  positives_stride32: 70
  unmatched_gt_count: 0
  fallback_count: 0
  conflict_count: 0
  dynamic_k_mean/min/max: 5.00/5/5
  nonfinite_cost_count: 0
[DEBUG] SimOTA train batch stats:
  images: 32
  empty_images: 3
  gt_count: 37
  candidate_count_mean/min/max: 210.70/75/597
  positives_total: 185
  positives_per_gt_mean/min/max: 5.00/5/5
  positives_stride8: 10
  positives_stride16: 94
  positives_stride32: 81
  unmatched_gt_count: 0
  fallback_count: 0
  conflict_count: 0
  dynamic_k_mean/min/max: 5.00/5/5
  nonfinite_cost_count: 0
[DEBUG] SimOTA train batch stats:
  images: 32
  empty_images: 2
  gt_count: 41
  candidate_count_mean/min/max: 224.80/70/980
  positives_total: 200
  positives_per_gt_mean/min/max: 4.88/2/5
  positives_stride8: 23
  positives_stride16: 98
  positives_stride32: 79
  unmatched_gt_count: 0
  fallback_count: 0
  conflict_count: 5
  dynamic_k_mean/min/max: 5.00/5/5
  nonfinite_cost_count: 0
[DEBUG] SimOTA val batch stats:
  images: 32
  empty_images: 4
  gt_count: 28
  candidate_count_mean/min/max: 341.71/60/448
  positives_total: 140
  positives_per_gt_mean/min/max: 5.00/5/5
  positives_stride8: 4
  positives_stride16: 82
  positives_stride32: 54
  unmatched_gt_count: 0
  fallback_count: 0
  conflict_count: 0
  dynamic_k_mean/min/max: 5.00/5/5
  nonfinite_cost_count: 0
[DEBUG] SimOTA val batch stats:
  images: 32
  empty_images: 2
  gt_count: 44
  candidate_count_mean/min/max: 294.34/60/983
  positives_total: 220
  positives_per_gt_mean/min/max: 5.00/5/5
  positives_stride8: 11
  positives_stride16: 94
  positives_stride32: 115
  unmatched_gt_count: 0
  fallback_count: 0
  conflict_count: 0
  dynamic_k_mean/min/max: 5.00/5/5
  nonfinite_cost_count: 0
[INFO] epoch summary | train loss=0.6073 obj=0.0003 box=0.1214 pos=172.68 | val loss=0.8853 map50=0.9286 map5095=0.7271 P=0.9333 R=0.8554 F1=0.8927
[INFO] val extras | mean_iou=0.8966 center_err_px(mean/med/p95)=1.96/1.52/4.87 center_err_norm_diag(mean/med/p95)=0.0025/0.0019/0.0061 fp/img=0.0607 small/med/large recall=0.7468/0.8969/0.9302 counts=233/223/215
[INFO] saved per-epoch checkpoint: /mnt/core/MLonMCU_proj/software/ball_detection/runs/20260522-133921-simota_diou_v2_pruned_30/checkpoints/139_epoch.pt
[INFO] early stopping status: bad_epochs=10/30
[INFO] epoch 140/150 start | lr=1.41973e-05
[DEBUG] SimOTA train batch stats:
  images: 32
  empty_images: 7
  gt_count: 32
  candidate_count_mean/min/max: 192.31/75/687
  positives_total: 160
  positives_per_gt_mean/min/max: 5.00/5/5
  positives_stride8: 17
  positives_stride16: 79
  positives_stride32: 64
  unmatched_gt_count: 0
  fallback_count: 0
  conflict_count: 0
  dynamic_k_mean/min/max: 5.00/5/5
  nonfinite_cost_count: 0
[DEBUG] SimOTA train batch stats:
  images: 32
  empty_images: 1
  gt_count: 41
  candidate_count_mean/min/max: 163.80/45/614
  positives_total: 204
  positives_per_gt_mean/min/max: 4.98/4/5
  positives_stride8: 28
  positives_stride16: 98
  positives_stride32: 78
  unmatched_gt_count: 0
  fallback_count: 0
  conflict_count: 0
  dynamic_k_mean/min/max: 4.98/4/5
  nonfinite_cost_count: 0
[DEBUG] SimOTA train batch stats:
  images: 32
  empty_images: 5
  gt_count: 35
  candidate_count_mean/min/max: 178.06/75/395
  positives_total: 175
  positives_per_gt_mean/min/max: 5.00/5/5
  positives_stride8: 15
  positives_stride16: 88
  positives_stride32: 72
  unmatched_gt_count: 0
  fallback_count: 0
  conflict_count: 0
  dynamic_k_mean/min/max: 5.00/5/5
  nonfinite_cost_count: 0
[DEBUG] SimOTA train batch stats:
  images: 32
  empty_images: 2
  gt_count: 36
  candidate_count_mean/min/max: 229.19/57/928
  positives_total: 180
  positives_per_gt_mean/min/max: 5.00/5/5
  positives_stride8: 18
  positives_stride16: 87
  positives_stride32: 75
  unmatched_gt_count: 0
  fallback_count: 0
  conflict_count: 0
  dynamic_k_mean/min/max: 5.00/5/5
  nonfinite_cost_count: 0
[DEBUG] SimOTA train batch stats:
  images: 32
  empty_images: 5
  gt_count: 34
  candidate_count_mean/min/max: 146.85/60/467
  positives_total: 170
  positives_per_gt_mean/min/max: 5.00/5/5
  positives_stride8: 20
  positives_stride16: 87
  positives_stride32: 63
  unmatched_gt_count: 0
  fallback_count: 0
  conflict_count: 0
  dynamic_k_mean/min/max: 5.00/5/5
  nonfinite_cost_count: 0
[DEBUG] SimOTA val batch stats:
  images: 32
  empty_images: 11
  gt_count: 21
  candidate_count_mean/min/max: 108.24/75/176
  positives_total: 105
  positives_per_gt_mean/min/max: 5.00/5/5
  positives_stride8: 6
  positives_stride16: 58
  positives_stride32: 41
  unmatched_gt_count: 0
  fallback_count: 0
  conflict_count: 0
  dynamic_k_mean/min/max: 5.00/5/5
  nonfinite_cost_count: 0
[DEBUG] SimOTA val batch stats:
  images: 4
  empty_images: 2
  gt_count: 3
  candidate_count_mean/min/max: 120.00/86/182
  positives_total: 15
  positives_per_gt_mean/min/max: 5.00/5/5
  positives_stride8: 0
  positives_stride16: 9
  positives_stride32: 6
  unmatched_gt_count: 0
  fallback_count: 0
  conflict_count: 0
  dynamic_k_mean/min/max: 5.00/5/5
  nonfinite_cost_count: 0
[INFO] epoch summary | train loss=0.6016 obj=0.0003 box=0.1203 pos=171.69 | val loss=0.8875 map50=0.9286 map5095=0.7290 P=0.9351 R=0.8584 F1=0.8951
[INFO] val extras | mean_iou=0.8971 center_err_px(mean/med/p95)=1.97/1.55/4.96 center_err_norm_diag(mean/med/p95)=0.0025/0.0019/0.0062 fp/img=0.0592 small/med/large recall=0.7468/0.9013/0.9349 counts=233/223/215
[INFO] saved per-epoch checkpoint: /mnt/core/MLonMCU_proj/software/ball_detection/runs/20260522-133921-simota_diou_v2_pruned_30/checkpoints/140_epoch.pt
[INFO] early stopping status: bad_epochs=11/30
[INFO] epoch 141/150 start | lr=1.19153e-05
[DEBUG] SimOTA train batch stats:
  images: 32
  empty_images: 4
  gt_count: 37
  candidate_count_mean/min/max: 167.78/69/785
  positives_total: 180
  positives_per_gt_mean/min/max: 4.86/0/5
  positives_stride8: 13
  positives_stride16: 94
  positives_stride32: 73
  unmatched_gt_count: 1
  fallback_count: 0
  conflict_count: 5
  dynamic_k_mean/min/max: 5.00/5/5
  nonfinite_cost_count: 0
[DEBUG] SimOTA train batch stats:
  images: 32
  empty_images: 6
  gt_count: 33
  candidate_count_mean/min/max: 126.55/50/330
  positives_total: 165
  positives_per_gt_mean/min/max: 5.00/5/5
  positives_stride8: 19
  positives_stride16: 79
  positives_stride32: 67
  unmatched_gt_count: 0
  fallback_count: 0
  conflict_count: 0
  dynamic_k_mean/min/max: 5.00/5/5
  nonfinite_cost_count: 0
[DEBUG] SimOTA train batch stats:
  images: 32
  empty_images: 6
  gt_count: 33
  candidate_count_mean/min/max: 120.18/60/412
  positives_total: 165
  positives_per_gt_mean/min/max: 5.00/5/5
  positives_stride8: 27
  positives_stride16: 77
  positives_stride32: 61
  unmatched_gt_count: 0
  fallback_count: 0
  conflict_count: 0
  dynamic_k_mean/min/max: 5.00/5/5
  nonfinite_cost_count: 0
[DEBUG] SimOTA train batch stats:
  images: 32
  empty_images: 3
  gt_count: 33
  candidate_count_mean/min/max: 225.30/66/855
  positives_total: 165
  positives_per_gt_mean/min/max: 5.00/5/5
  positives_stride8: 6
  positives_stride16: 83
  positives_stride32: 76
  unmatched_gt_count: 0
  fallback_count: 0
  conflict_count: 0
  dynamic_k_mean/min/max: 5.00/5/5
  nonfinite_cost_count: 0
[DEBUG] SimOTA train batch stats:
  images: 32
  empty_images: 4
  gt_count: 34
  candidate_count_mean/min/max: 212.24/70/789
  positives_total: 170
  positives_per_gt_mean/min/max: 5.00/5/5
  positives_stride8: 8
  positives_stride16: 89
  positives_stride32: 73
  unmatched_gt_count: 0
  fallback_count: 0
  conflict_count: 0
  dynamic_k_mean/min/max: 5.00/5/5
  nonfinite_cost_count: 0
[DEBUG] SimOTA val batch stats:
  images: 32
  empty_images: 0
  gt_count: 32
  candidate_count_mean/min/max: 321.94/75/448
  positives_total: 160
  positives_per_gt_mean/min/max: 5.00/5/5
  positives_stride8: 1
  positives_stride16: 99
  positives_stride32: 60
  unmatched_gt_count: 0
  fallback_count: 0
  conflict_count: 0
  dynamic_k_mean/min/max: 5.00/5/5
  nonfinite_cost_count: 0
[INFO] epoch summary | train loss=0.6049 obj=0.0003 box=0.1209 pos=172.10 | val loss=0.8862 map50=0.9303 map5095=0.7284 P=0.9323 R=0.8614 F1=0.8954
[INFO] val extras | mean_iou=0.8960 center_err_px(mean/med/p95)=1.97/1.55/5.02 center_err_norm_diag(mean/med/p95)=0.0025/0.0019/0.0063 fp/img=0.0621 small/med/large recall=0.7597/0.9013/0.9302 counts=233/223/215
[INFO] saved per-epoch checkpoint: /mnt/core/MLonMCU_proj/software/ball_detection/runs/20260522-133921-simota_diou_v2_pruned_30/checkpoints/141_epoch.pt
[INFO] early stopping status: bad_epochs=12/30
[INFO] epoch 142/150 start | lr=9.84752e-06
[DEBUG] SimOTA train batch stats:
  images: 32
  empty_images: 4
  gt_count: 32
  candidate_count_mean/min/max: 219.25/75/505
  positives_total: 160
  positives_per_gt_mean/min/max: 5.00/5/5
  positives_stride8: 9
  positives_stride16: 82
  positives_stride32: 69
  unmatched_gt_count: 0
  fallback_count: 0
  conflict_count: 0
  dynamic_k_mean/min/max: 5.00/5/5
  nonfinite_cost_count: 0
[DEBUG] SimOTA train batch stats:
  images: 32
  empty_images: 4
  gt_count: 37
  candidate_count_mean/min/max: 132.51/41/661
  positives_total: 185
  positives_per_gt_mean/min/max: 5.00/5/5
  positives_stride8: 25
  positives_stride16: 92
  positives_stride32: 68
  unmatched_gt_count: 0
  fallback_count: 0
  conflict_count: 0
  dynamic_k_mean/min/max: 5.00/5/5
  nonfinite_cost_count: 0
[DEBUG] SimOTA train batch stats:
  images: 32
  empty_images: 2
  gt_count: 36
  candidate_count_mean/min/max: 210.75/45/736
  positives_total: 176
  positives_per_gt_mean/min/max: 4.89/3/5
  positives_stride8: 22
  positives_stride16: 79
  positives_stride32: 75
  unmatched_gt_count: 0
  fallback_count: 0
  conflict_count: 4
  dynamic_k_mean/min/max: 5.00/5/5
  nonfinite_cost_count: 0
[DEBUG] SimOTA train batch stats:
  images: 32
  empty_images: 2
  gt_count: 37
  candidate_count_mean/min/max: 179.92/50/1195
  positives_total: 185
  positives_per_gt_mean/min/max: 5.00/5/5
  positives_stride8: 22
  positives_stride16: 88
  positives_stride32: 75
  unmatched_gt_count: 0
  fallback_count: 0
  conflict_count: 0
  dynamic_k_mean/min/max: 5.00/5/5
  nonfinite_cost_count: 0
[DEBUG] SimOTA train batch stats:
  images: 32
  empty_images: 5
  gt_count: 32
  candidate_count_mean/min/max: 225.00/75/533
  positives_total: 160
  positives_per_gt_mean/min/max: 5.00/5/5
  positives_stride8: 13
  positives_stride16: 86
  positives_stride32: 61
  unmatched_gt_count: 0
  fallback_count: 0
  conflict_count: 0
  dynamic_k_mean/min/max: 5.00/5/5
  nonfinite_cost_count: 0
[DEBUG] SimOTA train batch stats:
  images: 32
  empty_images: 4
  gt_count: 35
  candidate_count_mean/min/max: 209.51/54/928
  positives_total: 175
  positives_per_gt_mean/min/max: 5.00/5/5
  positives_stride8: 21
  positives_stride16: 85
  positives_stride32: 69
  unmatched_gt_count: 0
  fallback_count: 0
  conflict_count: 0
  dynamic_k_mean/min/max: 5.00/5/5
  nonfinite_cost_count: 0
[DEBUG] SimOTA val batch stats:
  images: 32
  empty_images: 0
  gt_count: 54
  candidate_count_mean/min/max: 108.57/70/430
  positives_total: 270
  positives_per_gt_mean/min/max: 5.00/5/5
  positives_stride8: 73
  positives_stride16: 111
  positives_stride32: 86
  unmatched_gt_count: 0
  fallback_count: 0
  conflict_count: 0
  dynamic_k_mean/min/max: 5.00/5/5
  nonfinite_cost_count: 0
[INFO] epoch summary | train loss=0.6090 obj=0.0003 box=0.1217 pos=172.26 | val loss=0.8886 map50=0.9285 map5095=0.7265 P=0.9364 R=0.8554 F1=0.8941
[INFO] val extras | mean_iou=0.8969 center_err_px(mean/med/p95)=1.94/1.55/4.90 center_err_norm_diag(mean/med/p95)=0.0024/0.0019/0.0061 fp/img=0.0577 small/med/large recall=0.7511/0.8969/0.9256 counts=233/223/215
[INFO] saved per-epoch checkpoint: /mnt/core/MLonMCU_proj/software/ball_detection/runs/20260522-133921-simota_diou_v2_pruned_30/checkpoints/142_epoch.pt
[INFO] early stopping status: bad_epochs=13/30
[INFO] epoch 143/150 start | lr=7.99498e-06
[DEBUG] SimOTA train batch stats:
  images: 32
  empty_images: 5
  gt_count: 37
  candidate_count_mean/min/max: 173.86/45/1035
  positives_total: 184
  positives_per_gt_mean/min/max: 4.97/4/5
  positives_stride8: 23
  positives_stride16: 85
  positives_stride32: 76
  unmatched_gt_count: 0
  fallback_count: 0
  conflict_count: 0
  dynamic_k_mean/min/max: 4.97/4/5
  nonfinite_cost_count: 0
[DEBUG] SimOTA train batch stats:
  images: 32
  empty_images: 5
  gt_count: 34
  candidate_count_mean/min/max: 168.24/56/665
  positives_total: 165
  positives_per_gt_mean/min/max: 4.85/0/5
  positives_stride8: 24
  positives_stride16: 80
  positives_stride32: 61
  unmatched_gt_count: 1
  fallback_count: 0
  conflict_count: 5
  dynamic_k_mean/min/max: 5.00/5/5
  nonfinite_cost_count: 0
[DEBUG] SimOTA train batch stats:
  images: 32
  empty_images: 1
  gt_count: 44
  candidate_count_mean/min/max: 224.45/75/772
  positives_total: 201
  positives_per_gt_mean/min/max: 4.57/0/5
  positives_stride8: 23
  positives_stride16: 92
  positives_stride32: 86
  unmatched_gt_count: 1
  fallback_count: 0
  conflict_count: 19
  dynamic_k_mean/min/max: 5.00/5/5
  nonfinite_cost_count: 0
[DEBUG] SimOTA train batch stats:
  images: 32
  empty_images: 5
  gt_count: 36
  candidate_count_mean/min/max: 166.69/60/743
  positives_total: 180
  positives_per_gt_mean/min/max: 5.00/5/5
  positives_stride8: 24
  positives_stride16: 85
  positives_stride32: 71
  unmatched_gt_count: 0
  fallback_count: 0
  conflict_count: 0
  dynamic_k_mean/min/max: 5.00/5/5
  nonfinite_cost_count: 0
[DEBUG] SimOTA train batch stats:
  images: 32
  empty_images: 4
  gt_count: 37
  candidate_count_mean/min/max: 167.57/60/661
  positives_total: 185
  positives_per_gt_mean/min/max: 5.00/5/5
  positives_stride8: 15
  positives_stride16: 101
  positives_stride32: 69
  unmatched_gt_count: 0
  fallback_count: 0
  conflict_count: 0
  dynamic_k_mean/min/max: 5.00/5/5
  nonfinite_cost_count: 0
[DEBUG] SimOTA train batch stats:
  images: 32
  empty_images: 5
  gt_count: 33
  candidate_count_mean/min/max: 167.97/70/751
  positives_total: 165
  positives_per_gt_mean/min/max: 5.00/5/5
  positives_stride8: 12
  positives_stride16: 86
  positives_stride32: 67
  unmatched_gt_count: 0
  fallback_count: 0
  conflict_count: 0
  dynamic_k_mean/min/max: 5.00/5/5
  nonfinite_cost_count: 0
[DEBUG] SimOTA val batch stats:
  images: 32
  empty_images: 9
  gt_count: 35
  candidate_count_mean/min/max: 88.03/50/166
  positives_total: 175
  positives_per_gt_mean/min/max: 5.00/5/5
  positives_stride8: 31
  positives_stride16: 86
  positives_stride32: 58
  unmatched_gt_count: 0
  fallback_count: 0
  conflict_count: 0
  dynamic_k_mean/min/max: 5.00/5/5
  nonfinite_cost_count: 0
[INFO] epoch summary | train loss=0.6071 obj=0.0003 box=0.1214 pos=172.18 | val loss=0.8880 map50=0.9301 map5095=0.7283 P=0.9308 R=0.8614 F1=0.8947
[INFO] val extras | mean_iou=0.8961 center_err_px(mean/med/p95)=1.97/1.54/5.01 center_err_norm_diag(mean/med/p95)=0.0025/0.0019/0.0063 fp/img=0.0636 small/med/large recall=0.7597/0.9013/0.9302 counts=233/223/215
[INFO] saved per-epoch checkpoint: /mnt/core/MLonMCU_proj/software/ball_detection/runs/20260522-133921-simota_diou_v2_pruned_30/checkpoints/143_epoch.pt
[INFO] early stopping status: bad_epochs=14/30
[INFO] epoch 144/150 start | lr=6.35847e-06
[DEBUG] SimOTA train batch stats:
  images: 32
  empty_images: 2
  gt_count: 37
  candidate_count_mean/min/max: 153.41/70/412
  positives_total: 185
  positives_per_gt_mean/min/max: 5.00/5/5
  positives_stride8: 17
  positives_stride16: 100
  positives_stride32: 68
  unmatched_gt_count: 0
  fallback_count: 0
  conflict_count: 0
  dynamic_k_mean/min/max: 5.00/5/5
  nonfinite_cost_count: 0
[DEBUG] SimOTA train batch stats:
  images: 32
  empty_images: 4
  gt_count: 34
  candidate_count_mean/min/max: 156.65/50/737
  positives_total: 170
  positives_per_gt_mean/min/max: 5.00/5/5
  positives_stride8: 20
  positives_stride16: 81
  positives_stride32: 69
  unmatched_gt_count: 0
  fallback_count: 0
  conflict_count: 0
  dynamic_k_mean/min/max: 5.00/5/5
  nonfinite_cost_count: 0
[DEBUG] SimOTA train batch stats:
  images: 32
  empty_images: 3
  gt_count: 32
  candidate_count_mean/min/max: 216.88/70/751
  positives_total: 160
  positives_per_gt_mean/min/max: 5.00/5/5
  positives_stride8: 12
  positives_stride16: 74
  positives_stride32: 74
  unmatched_gt_count: 0
  fallback_count: 0
  conflict_count: 0
  dynamic_k_mean/min/max: 5.00/5/5
  nonfinite_cost_count: 0
[DEBUG] SimOTA train batch stats:
  images: 32
  empty_images: 5
  gt_count: 34
  candidate_count_mean/min/max: 188.44/41/980
  positives_total: 168
  positives_per_gt_mean/min/max: 4.94/3/5
  positives_stride8: 23
  positives_stride16: 81
  positives_stride32: 64
  unmatched_gt_count: 0
  fallback_count: 0
  conflict_count: 2
  dynamic_k_mean/min/max: 5.00/5/5
  nonfinite_cost_count: 0
[DEBUG] SimOTA train batch stats:
  images: 32
  empty_images: 4
  gt_count: 34
  candidate_count_mean/min/max: 195.82/70/725
  positives_total: 170
  positives_per_gt_mean/min/max: 5.00/5/5
  positives_stride8: 17
  positives_stride16: 86
  positives_stride32: 67
  unmatched_gt_count: 0
  fallback_count: 0
  conflict_count: 0
  dynamic_k_mean/min/max: 5.00/5/5
  nonfinite_cost_count: 0
[DEBUG] SimOTA train batch stats:
  images: 32
  empty_images: 3
  gt_count: 36
  candidate_count_mean/min/max: 187.67/50/999
  positives_total: 180
  positives_per_gt_mean/min/max: 5.00/5/5
  positives_stride8: 13
  positives_stride16: 95
  positives_stride32: 72
  unmatched_gt_count: 0
  fallback_count: 0
  conflict_count: 0
  dynamic_k_mean/min/max: 5.00/5/5
  nonfinite_cost_count: 0
[DEBUG] SimOTA val batch stats:
  images: 32
  empty_images: 3
  gt_count: 29
  candidate_count_mean/min/max: 83.52/70/131
  positives_total: 145
  positives_per_gt_mean/min/max: 5.00/5/5
  positives_stride8: 17
  positives_stride16: 77
  positives_stride32: 51
  unmatched_gt_count: 0
  fallback_count: 0
  conflict_count: 0
  dynamic_k_mean/min/max: 5.00/5/5
  nonfinite_cost_count: 0
[INFO] epoch summary | train loss=0.6085 obj=0.0003 box=0.1216 pos=171.91 | val loss=0.8888 map50=0.9285 map5095=0.7277 P=0.9334 R=0.8569 F1=0.8936
[INFO] val extras | mean_iou=0.8969 center_err_px(mean/med/p95)=1.96/1.53/4.95 center_err_norm_diag(mean/med/p95)=0.0024/0.0019/0.0062 fp/img=0.0607 small/med/large recall=0.7511/0.8969/0.9302 counts=233/223/215
[INFO] saved per-epoch checkpoint: /mnt/core/MLonMCU_proj/software/ball_detection/runs/20260522-133921-simota_diou_v2_pruned_30/checkpoints/144_epoch.pt
[INFO] early stopping status: bad_epochs=15/30
[INFO] epoch 145/150 start | lr=4.93871e-06
[DEBUG] SimOTA train batch stats:
  images: 32
  empty_images: 6
  gt_count: 35
  candidate_count_mean/min/max: 190.06/50/941
  positives_total: 175
  positives_per_gt_mean/min/max: 5.00/5/5
  positives_stride8: 21
  positives_stride16: 87
  positives_stride32: 67
  unmatched_gt_count: 0
  fallback_count: 0
  conflict_count: 0
  dynamic_k_mean/min/max: 5.00/5/5
  nonfinite_cost_count: 0
[DEBUG] SimOTA train batch stats:
  images: 32
  empty_images: 8
  gt_count: 31
  candidate_count_mean/min/max: 194.10/50/590
  positives_total: 150
  positives_per_gt_mean/min/max: 4.84/0/5
  positives_stride8: 19
  positives_stride16: 72
  positives_stride32: 59
  unmatched_gt_count: 1
  fallback_count: 0
  conflict_count: 5
  dynamic_k_mean/min/max: 5.00/5/5
  nonfinite_cost_count: 0
[DEBUG] SimOTA train batch stats:
  images: 32
  empty_images: 6
  gt_count: 31
  candidate_count_mean/min/max: 211.61/75/855
  positives_total: 155
  positives_per_gt_mean/min/max: 5.00/5/5
  positives_stride8: 12
  positives_stride16: 76
  positives_stride32: 67
  unmatched_gt_count: 0
  fallback_count: 0
  conflict_count: 0
  dynamic_k_mean/min/max: 5.00/5/5
  nonfinite_cost_count: 0
[DEBUG] SimOTA train batch stats:
  images: 32
  empty_images: 7
  gt_count: 34
  candidate_count_mean/min/max: 153.79/45/579
  positives_total: 168
  positives_per_gt_mean/min/max: 4.94/4/5
  positives_stride8: 26
  positives_stride16: 81
  positives_stride32: 61
  unmatched_gt_count: 0
  fallback_count: 0
  conflict_count: 0
  dynamic_k_mean/min/max: 4.94/4/5
  nonfinite_cost_count: 0
[DEBUG] SimOTA train batch stats:
  images: 32
  empty_images: 6
  gt_count: 28
  candidate_count_mean/min/max: 254.00/75/1077
  positives_total: 140
  positives_per_gt_mean/min/max: 5.00/5/5
  positives_stride8: 10
  positives_stride16: 69
  positives_stride32: 61
  unmatched_gt_count: 0
  fallback_count: 0
  conflict_count: 0
  dynamic_k_mean/min/max: 5.00/5/5
  nonfinite_cost_count: 0
[DEBUG] SimOTA train batch stats:
  images: 32
  empty_images: 6
  gt_count: 35
  candidate_count_mean/min/max: 226.14/65/751
  positives_total: 175
  positives_per_gt_mean/min/max: 5.00/5/5
  positives_stride8: 14
  positives_stride16: 86
  positives_stride32: 75
  unmatched_gt_count: 0
  fallback_count: 0
  conflict_count: 0
  dynamic_k_mean/min/max: 5.00/5/5
  nonfinite_cost_count: 0
[DEBUG] SimOTA val batch stats:
  images: 32
  empty_images: 3
  gt_count: 29
  candidate_count_mean/min/max: 291.59/62/476
  positives_total: 145
  positives_per_gt_mean/min/max: 5.00/5/5
  positives_stride8: 5
  positives_stride16: 82
  positives_stride32: 58
  unmatched_gt_count: 0
  fallback_count: 0
  conflict_count: 0
  dynamic_k_mean/min/max: 5.00/5/5
  nonfinite_cost_count: 0
[INFO] epoch summary | train loss=0.6071 obj=0.0003 box=0.1214 pos=172.56 | val loss=0.8882 map50=0.9286 map5095=0.7266 P=0.9364 R=0.8554 F1=0.8941
[INFO] val extras | mean_iou=0.8969 center_err_px(mean/med/p95)=1.96/1.54/4.92 center_err_norm_diag(mean/med/p95)=0.0024/0.0019/0.0062 fp/img=0.0577 small/med/large recall=0.7468/0.8969/0.9302 counts=233/223/215
[INFO] saved per-epoch checkpoint: /mnt/core/MLonMCU_proj/software/ball_detection/runs/20260522-133921-simota_diou_v2_pruned_30/checkpoints/145_epoch.pt
[INFO] early stopping status: bad_epochs=16/30
[INFO] epoch 146/150 start | lr=3.73631e-06
[DEBUG] SimOTA train batch stats:
  images: 32
  empty_images: 3
  gt_count: 35
  candidate_count_mean/min/max: 209.97/60/751
  positives_total: 175
  positives_per_gt_mean/min/max: 5.00/5/5
  positives_stride8: 11
  positives_stride16: 92
  positives_stride32: 72
  unmatched_gt_count: 0
  fallback_count: 0
  conflict_count: 0
  dynamic_k_mean/min/max: 5.00/5/5
  nonfinite_cost_count: 0
[DEBUG] SimOTA train batch stats:
  images: 32
  empty_images: 8
  gt_count: 29
  candidate_count_mean/min/max: 183.48/75/632
  positives_total: 145
  positives_per_gt_mean/min/max: 5.00/5/5
  positives_stride8: 11
  positives_stride16: 73
  positives_stride32: 61
  unmatched_gt_count: 0
  fallback_count: 0
  conflict_count: 0
  dynamic_k_mean/min/max: 5.00/5/5
  nonfinite_cost_count: 0
[DEBUG] SimOTA train batch stats:
  images: 32
  empty_images: 4
  gt_count: 33
  candidate_count_mean/min/max: 253.36/75/668
  positives_total: 165
  positives_per_gt_mean/min/max: 5.00/5/5
  positives_stride8: 8
  positives_stride16: 84
  positives_stride32: 73
  unmatched_gt_count: 0
  fallback_count: 0
  conflict_count: 0
  dynamic_k_mean/min/max: 5.00/5/5
  nonfinite_cost_count: 0
[DEBUG] SimOTA train batch stats:
  images: 32
  empty_images: 5
  gt_count: 31
  candidate_count_mean/min/max: 183.16/70/430
  positives_total: 155
  positives_per_gt_mean/min/max: 5.00/5/5
  positives_stride8: 12
  positives_stride16: 82
  positives_stride32: 61
  unmatched_gt_count: 0
  fallback_count: 0
  conflict_count: 0
  dynamic_k_mean/min/max: 5.00/5/5
  nonfinite_cost_count: 0
[DEBUG] SimOTA train batch stats:
  images: 32
  empty_images: 3
  gt_count: 36
  candidate_count_mean/min/max: 143.19/45/475
  positives_total: 180
  positives_per_gt_mean/min/max: 5.00/5/5
  positives_stride8: 26
  positives_stride16: 90
  positives_stride32: 64
  unmatched_gt_count: 0
  fallback_count: 0
  conflict_count: 0
  dynamic_k_mean/min/max: 5.00/5/5
  nonfinite_cost_count: 0
[DEBUG] SimOTA train batch stats:
  images: 32
  empty_images: 3
  gt_count: 38
  candidate_count_mean/min/max: 167.26/70/652
  positives_total: 185
  positives_per_gt_mean/min/max: 4.87/1/5
  positives_stride8: 17
  positives_stride16: 97
  positives_stride32: 71
  unmatched_gt_count: 0
  fallback_count: 0
  conflict_count: 5
  dynamic_k_mean/min/max: 5.00/5/5
  nonfinite_cost_count: 0
[DEBUG] SimOTA val batch stats:
  images: 32
  empty_images: 4
  gt_count: 28
  candidate_count_mean/min/max: 280.43/75/448
  positives_total: 140
  positives_per_gt_mean/min/max: 5.00/5/5
  positives_stride8: 6
  positives_stride16: 78
  positives_stride32: 56
  unmatched_gt_count: 0
  fallback_count: 0
  conflict_count: 0
  dynamic_k_mean/min/max: 5.00/5/5
  nonfinite_cost_count: 0
[INFO] epoch summary | train loss=0.6049 obj=0.0003 box=0.1209 pos=172.49 | val loss=0.8874 map50=0.9285 map5095=0.7284 P=0.9337 R=0.8599 F1=0.8953
[INFO] val extras | mean_iou=0.8969 center_err_px(mean/med/p95)=1.95/1.52/4.93 center_err_norm_diag(mean/med/p95)=0.0024/0.0019/0.0062 fp/img=0.0607 small/med/large recall=0.7554/0.9013/0.9302 counts=233/223/215
[INFO] saved per-epoch checkpoint: /mnt/core/MLonMCU_proj/software/ball_detection/runs/20260522-133921-simota_diou_v2_pruned_30/checkpoints/146_epoch.pt
[INFO] early stopping status: bad_epochs=17/30
[INFO] epoch 147/150 start | lr=2.75182e-06
[DEBUG] SimOTA train batch stats:
  images: 32
  empty_images: 8
  gt_count: 29
  candidate_count_mean/min/max: 157.07/53/486
  positives_total: 145
  positives_per_gt_mean/min/max: 5.00/5/5
  positives_stride8: 12
  positives_stride16: 78
  positives_stride32: 55
  unmatched_gt_count: 0
  fallback_count: 0
  conflict_count: 0
  dynamic_k_mean/min/max: 5.00/5/5
  nonfinite_cost_count: 0
[DEBUG] SimOTA train batch stats:
  images: 32
  empty_images: 5
  gt_count: 33
  candidate_count_mean/min/max: 167.42/75/1164
  positives_total: 165
  positives_per_gt_mean/min/max: 5.00/5/5
  positives_stride8: 17
  positives_stride16: 84
  positives_stride32: 64
  unmatched_gt_count: 0
  fallback_count: 0
  conflict_count: 0
  dynamic_k_mean/min/max: 5.00/5/5
  nonfinite_cost_count: 0
[DEBUG] SimOTA train batch stats:
  images: 32
  empty_images: 4
  gt_count: 33
  candidate_count_mean/min/max: 200.91/75/1263
  positives_total: 165
  positives_per_gt_mean/min/max: 5.00/5/5
  positives_stride8: 21
  positives_stride16: 70
  positives_stride32: 74
  unmatched_gt_count: 0
  fallback_count: 0
  conflict_count: 0
  dynamic_k_mean/min/max: 5.00/5/5
  nonfinite_cost_count: 0
[DEBUG] SimOTA train batch stats:
  images: 32
  empty_images: 1
  gt_count: 38
  candidate_count_mean/min/max: 267.24/75/941
  positives_total: 190
  positives_per_gt_mean/min/max: 5.00/5/5
  positives_stride8: 10
  positives_stride16: 87
  positives_stride32: 93
  unmatched_gt_count: 0
  fallback_count: 0
  conflict_count: 0
  dynamic_k_mean/min/max: 5.00/5/5
  nonfinite_cost_count: 0
[DEBUG] SimOTA train batch stats:
  images: 32
  empty_images: 5
  gt_count: 35
  candidate_count_mean/min/max: 207.34/54/789
  positives_total: 170
  positives_per_gt_mean/min/max: 4.86/0/5
  positives_stride8: 13
  positives_stride16: 80
  positives_stride32: 77
  unmatched_gt_count: 1
  fallback_count: 0
  conflict_count: 5
  dynamic_k_mean/min/max: 5.00/5/5
  nonfinite_cost_count: 0
[DEBUG] SimOTA train batch stats:
  images: 32
  empty_images: 5
  gt_count: 34
  candidate_count_mean/min/max: 181.74/56/611
  positives_total: 170
  positives_per_gt_mean/min/max: 5.00/5/5
  positives_stride8: 11
  positives_stride16: 81
  positives_stride32: 78
  unmatched_gt_count: 0
  fallback_count: 0
  conflict_count: 0
  dynamic_k_mean/min/max: 5.00/5/5
  nonfinite_cost_count: 0
[DEBUG] SimOTA val batch stats:
  images: 32
  empty_images: 8
  gt_count: 39
  candidate_count_mean/min/max: 88.92/45/135
  positives_total: 195
  positives_per_gt_mean/min/max: 5.00/5/5
  positives_stride8: 43
  positives_stride16: 92
  positives_stride32: 60
  unmatched_gt_count: 0
  fallback_count: 0
  conflict_count: 0
  dynamic_k_mean/min/max: 5.00/5/5
  nonfinite_cost_count: 0
[INFO] epoch summary | train loss=0.6104 obj=0.0003 box=0.1220 pos=172.26 | val loss=0.8861 map50=0.9283 map5095=0.7274 P=0.9332 R=0.8539 F1=0.8918
[INFO] val extras | mean_iou=0.8969 center_err_px(mean/med/p95)=1.94/1.53/4.90 center_err_norm_diag(mean/med/p95)=0.0024/0.0019/0.0061 fp/img=0.0607 small/med/large recall=0.7468/0.8969/0.9256 counts=233/223/215
[INFO] saved per-epoch checkpoint: /mnt/core/MLonMCU_proj/software/ball_detection/runs/20260522-133921-simota_diou_v2_pruned_30/checkpoints/147_epoch.pt
[INFO] early stopping status: bad_epochs=18/30
[INFO] epoch 148/150 start | lr=1.98565e-06
[DEBUG] SimOTA train batch stats:
  images: 32
  empty_images: 8
  gt_count: 26
  candidate_count_mean/min/max: 214.35/75/772
  positives_total: 130
  positives_per_gt_mean/min/max: 5.00/5/5
  positives_stride8: 9
  positives_stride16: 59
  positives_stride32: 62
  unmatched_gt_count: 0
  fallback_count: 0
  conflict_count: 0
  dynamic_k_mean/min/max: 5.00/5/5
  nonfinite_cost_count: 0
[DEBUG] SimOTA train batch stats:
  images: 32
  empty_images: 6
  gt_count: 31
  candidate_count_mean/min/max: 157.55/75/548
  positives_total: 155
  positives_per_gt_mean/min/max: 5.00/5/5
  positives_stride8: 19
  positives_stride16: 74
  positives_stride32: 62
  unmatched_gt_count: 0
  fallback_count: 0
  conflict_count: 0
  dynamic_k_mean/min/max: 5.00/5/5
  nonfinite_cost_count: 0
[DEBUG] SimOTA train batch stats:
  images: 32
  empty_images: 3
  gt_count: 38
  candidate_count_mean/min/max: 195.53/70/1575
  positives_total: 190
  positives_per_gt_mean/min/max: 5.00/5/5
  positives_stride8: 18
  positives_stride16: 90
  positives_stride32: 82
  unmatched_gt_count: 0
  fallback_count: 0
  conflict_count: 0
  dynamic_k_mean/min/max: 5.00/5/5
  nonfinite_cost_count: 0
[DEBUG] SimOTA train batch stats:
  images: 32
  empty_images: 2
  gt_count: 34
  candidate_count_mean/min/max: 195.21/75/535
  positives_total: 169
  positives_per_gt_mean/min/max: 4.97/4/5
  positives_stride8: 15
  positives_stride16: 89
  positives_stride32: 65
  unmatched_gt_count: 0
  fallback_count: 0
  conflict_count: 0
  dynamic_k_mean/min/max: 4.97/4/5
  nonfinite_cost_count: 0
[DEBUG] SimOTA train batch stats:
  images: 32
  empty_images: 5
  gt_count: 34
  candidate_count_mean/min/max: 214.85/60/789
  positives_total: 170
  positives_per_gt_mean/min/max: 5.00/5/5
  positives_stride8: 16
  positives_stride16: 81
  positives_stride32: 73
  unmatched_gt_count: 0
  fallback_count: 0
  conflict_count: 0
  dynamic_k_mean/min/max: 5.00/5/5
  nonfinite_cost_count: 0
[DEBUG] SimOTA train batch stats:
  images: 32
  empty_images: 6
  gt_count: 32
  candidate_count_mean/min/max: 174.91/50/743
  positives_total: 157
  positives_per_gt_mean/min/max: 4.91/2/5
  positives_stride8: 18
  positives_stride16: 76
  positives_stride32: 63
  unmatched_gt_count: 0
  fallback_count: 0
  conflict_count: 3
  dynamic_k_mean/min/max: 5.00/5/5
  nonfinite_cost_count: 0
[DEBUG] SimOTA val batch stats:
  images: 32
  empty_images: 15
  gt_count: 20
  candidate_count_mean/min/max: 157.40/62/430
  positives_total: 100
  positives_per_gt_mean/min/max: 5.00/5/5
  positives_stride8: 4
  positives_stride16: 55
  positives_stride32: 41
  unmatched_gt_count: 0
  fallback_count: 0
  conflict_count: 0
  dynamic_k_mean/min/max: 5.00/5/5
  nonfinite_cost_count: 0
[INFO] epoch summary | train loss=0.6056 obj=0.0003 box=0.1211 pos=171.83 | val loss=0.8883 map50=0.9286 map5095=0.7283 P=0.9350 R=0.8569 F1=0.8942
[INFO] val extras | mean_iou=0.8968 center_err_px(mean/med/p95)=1.96/1.54/4.94 center_err_norm_diag(mean/med/p95)=0.0025/0.0019/0.0062 fp/img=0.0592 small/med/large recall=0.7468/0.9013/0.9302 counts=233/223/215
[INFO] saved per-epoch checkpoint: /mnt/core/MLonMCU_proj/software/ball_detection/runs/20260522-133921-simota_diou_v2_pruned_30/checkpoints/148_epoch.pt
[INFO] early stopping status: bad_epochs=19/30
[INFO] epoch 149/150 start | lr=1.43815e-06
[DEBUG] SimOTA train batch stats:
  images: 32
  empty_images: 7
  gt_count: 34
  candidate_count_mean/min/max: 185.00/45/855
  positives_total: 170
  positives_per_gt_mean/min/max: 5.00/5/5
  positives_stride8: 19
  positives_stride16: 85
  positives_stride32: 66
  unmatched_gt_count: 0
  fallback_count: 0
  conflict_count: 0
  dynamic_k_mean/min/max: 5.00/5/5
  nonfinite_cost_count: 0
[DEBUG] SimOTA train batch stats:
  images: 32
  empty_images: 4
  gt_count: 34
  candidate_count_mean/min/max: 182.91/75/785
  positives_total: 170
  positives_per_gt_mean/min/max: 5.00/5/5
  positives_stride8: 15
  positives_stride16: 84
  positives_stride32: 71
  unmatched_gt_count: 0
  fallback_count: 0
  conflict_count: 0
  dynamic_k_mean/min/max: 5.00/5/5
  nonfinite_cost_count: 0
[DEBUG] SimOTA train batch stats:
  images: 32
  empty_images: 5
  gt_count: 36
  candidate_count_mean/min/max: 210.28/75/579
  positives_total: 179
  positives_per_gt_mean/min/max: 4.97/4/5
  positives_stride8: 11
  positives_stride16: 92
  positives_stride32: 76
  unmatched_gt_count: 0
  fallback_count: 0
  conflict_count: 1
  dynamic_k_mean/min/max: 5.00/5/5
  nonfinite_cost_count: 0
[DEBUG] SimOTA train batch stats:
  images: 32
  empty_images: 5
  gt_count: 34
  candidate_count_mean/min/max: 161.41/56/430
  positives_total: 170
  positives_per_gt_mean/min/max: 5.00/5/5
  positives_stride8: 17
  positives_stride16: 94
  positives_stride32: 59
  unmatched_gt_count: 0
  fallback_count: 0
  conflict_count: 0
  dynamic_k_mean/min/max: 5.00/5/5
  nonfinite_cost_count: 0
[DEBUG] SimOTA train batch stats:
  images: 32
  empty_images: 3
  gt_count: 35
  candidate_count_mean/min/max: 214.51/45/1580
  positives_total: 174
  positives_per_gt_mean/min/max: 4.97/4/5
  positives_stride8: 25
  positives_stride16: 79
  positives_stride32: 70
  unmatched_gt_count: 0
  fallback_count: 0
  conflict_count: 0
  dynamic_k_mean/min/max: 4.97/4/5
  nonfinite_cost_count: 0
[DEBUG] SimOTA train batch stats:
  images: 32
  empty_images: 7
  gt_count: 32
  candidate_count_mean/min/max: 166.41/75/736
  positives_total: 160
  positives_per_gt_mean/min/max: 5.00/5/5
  positives_stride8: 23
  positives_stride16: 71
  positives_stride32: 66
  unmatched_gt_count: 0
  fallback_count: 0
  conflict_count: 0
  dynamic_k_mean/min/max: 5.00/5/5
  nonfinite_cost_count: 0
[DEBUG] SimOTA val batch stats:
  images: 32
  empty_images: 0
  gt_count: 33
  candidate_count_mean/min/max: 306.42/80/433
  positives_total: 160
  positives_per_gt_mean/min/max: 4.85/0/5
  positives_stride8: 3
  positives_stride16: 78
  positives_stride32: 79
  unmatched_gt_count: 1
  fallback_count: 0
  conflict_count: 5
  dynamic_k_mean/min/max: 5.00/5/5
  nonfinite_cost_count: 0
[INFO] epoch summary | train loss=0.6097 obj=0.0003 box=0.1219 pos=172.61 | val loss=0.8848 map50=0.9286 map5095=0.7284 P=0.9334 R=0.8569 F1=0.8936
[INFO] val extras | mean_iou=0.8969 center_err_px(mean/med/p95)=1.96/1.52/4.95 center_err_norm_diag(mean/med/p95)=0.0024/0.0019/0.0062 fp/img=0.0607 small/med/large recall=0.7511/0.8969/0.9302 counts=233/223/215
[INFO] saved per-epoch checkpoint: /mnt/core/MLonMCU_proj/software/ball_detection/runs/20260522-133921-simota_diou_v2_pruned_30/checkpoints/149_epoch.pt
[INFO] early stopping status: bad_epochs=20/30
[INFO] epoch 150/150 start | lr=1.10955e-06
[DEBUG] SimOTA train batch stats:
  images: 32
  empty_images: 5
  gt_count: 33
  candidate_count_mean/min/max: 151.27/70/691
  positives_total: 165
  positives_per_gt_mean/min/max: 5.00/5/5
  positives_stride8: 21
  positives_stride16: 86
  positives_stride32: 58
  unmatched_gt_count: 0
  fallback_count: 0
  conflict_count: 0
  dynamic_k_mean/min/max: 5.00/5/5
  nonfinite_cost_count: 0
[DEBUG] SimOTA train batch stats:
  images: 32
  empty_images: 1
  gt_count: 35
  candidate_count_mean/min/max: 233.89/50/736
  positives_total: 175
  positives_per_gt_mean/min/max: 5.00/5/5
  positives_stride8: 21
  positives_stride16: 85
  positives_stride32: 69
  unmatched_gt_count: 0
  fallback_count: 0
  conflict_count: 0
  dynamic_k_mean/min/max: 5.00/5/5
  nonfinite_cost_count: 0
[DEBUG] SimOTA train batch stats:
  images: 32
  empty_images: 4
  gt_count: 33
  candidate_count_mean/min/max: 247.27/41/1164
  positives_total: 165
  positives_per_gt_mean/min/max: 5.00/5/5
  positives_stride8: 16
  positives_stride16: 75
  positives_stride32: 74
  unmatched_gt_count: 0
  fallback_count: 0
  conflict_count: 0
  dynamic_k_mean/min/max: 5.00/5/5
  nonfinite_cost_count: 0
[DEBUG] SimOTA train batch stats:
  images: 32
  empty_images: 4
  gt_count: 36
  candidate_count_mean/min/max: 169.94/50/697
  positives_total: 180
  positives_per_gt_mean/min/max: 5.00/5/5
  positives_stride8: 31
  positives_stride16: 85
  positives_stride32: 64
  unmatched_gt_count: 0
  fallback_count: 0
  conflict_count: 0
  dynamic_k_mean/min/max: 5.00/5/5
  nonfinite_cost_count: 0
[DEBUG] SimOTA train batch stats:
  images: 32
  empty_images: 5
  gt_count: 34
  candidate_count_mean/min/max: 202.29/75/652
  positives_total: 170
  positives_per_gt_mean/min/max: 5.00/5/5
  positives_stride8: 16
  positives_stride16: 86
  positives_stride32: 68
  unmatched_gt_count: 0
  fallback_count: 0
  conflict_count: 0
  dynamic_k_mean/min/max: 5.00/5/5
  nonfinite_cost_count: 0
[DEBUG] SimOTA train batch stats:
  images: 32
  empty_images: 2
  gt_count: 38
  candidate_count_mean/min/max: 227.53/75/1195
  positives_total: 190
  positives_per_gt_mean/min/max: 5.00/5/5
  positives_stride8: 25
  positives_stride16: 85
  positives_stride32: 80
  unmatched_gt_count: 0
  fallback_count: 0
  conflict_count: 0
  dynamic_k_mean/min/max: 5.00/5/5
  nonfinite_cost_count: 0
[DEBUG] SimOTA val batch stats:
  images: 32
  empty_images: 13
  gt_count: 19
  candidate_count_mean/min/max: 79.00/60/109
  positives_total: 93
  positives_per_gt_mean/min/max: 4.89/4/5
  positives_stride8: 21
  positives_stride16: 42
  positives_stride32: 30
  unmatched_gt_count: 0
  fallback_count: 0
  conflict_count: 0
  dynamic_k_mean/min/max: 4.89/4/5
  nonfinite_cost_count: 0
[INFO] epoch summary | train loss=0.5987 obj=0.0003 box=0.1197 pos=172.48 | val loss=0.8885 map50=0.9304 map5095=0.7272 P=0.9335 R=0.8584 F1=0.8944
[INFO] val extras | mean_iou=0.8960 center_err_px(mean/med/p95)=1.95/1.51/4.93 center_err_norm_diag(mean/med/p95)=0.0024/0.0019/0.0062 fp/img=0.0607 small/med/large recall=0.7597/0.8969/0.9256 counts=233/223/215
[INFO] saved per-epoch checkpoint: /mnt/core/MLonMCU_proj/software/ball_detection/runs/20260522-133921-simota_diou_v2_pruned_30/checkpoints/150_epoch.pt
[INFO] early stopping status: bad_epochs=21/30
[INFO] Loading best checkpoint for export: /mnt/core/MLonMCU_proj/software/ball_detection/runs/20260522-133921-simota_diou_v2_pruned_30/checkpoints/best.pt
[INFO] Running final confidence-threshold sweep on best checkpoint
[DEBUG] SimOTA val batch stats:
  images: 32
  empty_images: 15
  gt_count: 20
  candidate_count_mean/min/max: 157.40/62/430
  positives_total: 100
  positives_per_gt_mean/min/max: 5.00/5/5
  positives_stride8: 4
  positives_stride16: 56
  positives_stride32: 40
  unmatched_gt_count: 0
  fallback_count: 0
  conflict_count: 0
  dynamic_k_mean/min/max: 5.00/5/5
  nonfinite_cost_count: 0
[INFO] final sweep on best.pt | best_conf=0.50 P=0.9424 R=0.8539 F1=0.8960 fp/img=0.0518 -> /mnt/core/MLonMCU_proj/software/ball_detection/runs/20260522-133921-simota_diou_v2_pruned_30/threshold_sweeps/best.csv
[INFO] Exported FP32 ONNX using legacy_dynamo_false: /mnt/core/MLonMCU_proj/software/ball_detection/runs/20260522-133921-simota_diou_v2_pruned_30/exports/fp32.onnx
[INFO] ONNX checker passed
[INFO] ONNX parity | p8:max=2.40803e-05,mean=1.07487e-06 p16:max=2.75373e-05,mean=1.5165e-06 p32:max=1.85966e-05,mean=1.5657e-06
[INFO] Exported INT8 QDQ ONNX: /mnt/core/MLonMCU_proj/software/ball_detection/runs/20260522-133921-simota_diou_v2_pruned_30/exports/int8_ptq_qdq.onnx
[INFO] Saved calibration report: /mnt/core/MLonMCU_proj/software/ball_detection/runs/20260522-133921-simota_diou_v2_pruned_30/exports/calibration_report.json
[INFO] Training pipeline finished.
