[INFO] project root: /mnt/core/MLonMCU_proj/software/ball_detection
[INFO] config path: /mnt/core/MLonMCU_proj/software/ball_detection/configs/ball_styolo_nano_simota.yaml
[INFO] dataset_root: /mnt/core/MLonMCU_proj/datasets/BALL
[INFO] images_dir: /mnt/core/MLonMCU_proj/datasets/BALL
[INFO] run directory: /mnt/core/MLonMCU_proj/software/ball_detection/runs/20260527-233822-smallimg_size_v2_widthmult075_pruned_30
[INFO] reuse_splits: True
[WARN] image missing or unsupported extension skipped: /mnt/core/MLonMCU_proj/datasets/BALL/SPLDataset/eliza_ball_line_3/eliza_ball_line_30173.png
[WARN] image missing or unsupported extension skipped: /mnt/core/MLonMCU_proj/datasets/BALL/SPLDataset/eliza_ball_line_3/eliza_ball_line_30173.png
[WARN] image missing or unsupported extension skipped: /mnt/core/MLonMCU_proj/datasets/BALL/SPLDataset/eliza_ball_line_5/eliza_ball_line_50054.png
[WARN] image missing or unsupported extension skipped: /mnt/core/MLonMCU_proj/datasets/BALL/SPLDataset/eliza_ball_line_5/eliza_ball_line_50055.png
[WARN] image missing or unsupported extension skipped: /mnt/core/MLonMCU_proj/datasets/BALL/SPLDataset/oisin_ball_robot/oisin_ball_robot0171.png
[WARN] image missing or unsupported extension skipped: /mnt/core/MLonMCU_proj/datasets/BALL/SPLDataset/oisin_ball_robot/oisin_ball_robot0201.png
[WARN] image missing or unsupported extension skipped: /mnt/core/MLonMCU_proj/datasets/BALL/SPLDataset/oisin_ball_robot/oisin_ball_robot0316.png
[WARN] image missing or unsupported extension skipped: /mnt/core/MLonMCU_proj/datasets/BALL/SPLDataset/oisin_ball_robot/oisin_ball_robot0486.png
[WARN] image missing or unsupported extension skipped: /mnt/core/MLonMCU_proj/datasets/BALL/SPLDataset/robby_rc16_ball2/robby_rc16_ball20001.png
[WARN] image missing or unsupported extension skipped: /mnt/core/MLonMCU_proj/datasets/BALL/SPLDataset/robby_rc16_ball2/robby_rc16_ball20127.png
[WARN] image missing or unsupported extension skipped: /mnt/core/MLonMCU_proj/datasets/BALL/SPLDataset/robby_rc16_ball2/robby_rc16_ball20201.png
[WARN] image missing or unsupported extension skipped: /mnt/core/MLonMCU_proj/datasets/BALL/SPLDataset/robby_rc16_ball2/robby_rc16_ball20437.png
[WARN] image missing or unsupported extension skipped: /mnt/core/MLonMCU_proj/datasets/BALL/SPLDataset/robby_rc16_ball2/robby_rc16_ball20507.png
[WARN] image missing or unsupported extension skipped: /mnt/core/MLonMCU_proj/datasets/BALL/SPLDataset/robby_rc16_ball2/robby_rc16_ball20570.png
[WARN] image missing or unsupported extension skipped: /mnt/core/MLonMCU_proj/datasets/BALL/SPLDataset/robby_rc16_ball2/robby_rc16_ball20576.png
[WARN] image missing or unsupported extension skipped: /mnt/core/MLonMCU_proj/datasets/BALL/SPLDataset/robby_rc16_ball2/robby_rc16_ball20583.png
[WARN] image missing or unsupported extension skipped: /mnt/core/MLonMCU_proj/datasets/BALL/SPLDataset/robby_rc16_ball2/robby_rc16_ball20621.png
[WARN] image missing or unsupported extension skipped: /mnt/core/MLonMCU_proj/datasets/BALL/SPLDataset/robby_rc16_ball2/robby_rc16_ball20633.png
[WARN] image missing or unsupported extension skipped: /mnt/core/MLonMCU_proj/datasets/BALL/SPLDataset/robby_rc16_ball2/robby_rc16_ball20635.png
[WARN] image missing or unsupported extension skipped: /mnt/core/MLonMCU_proj/datasets/BALL/SPLDataset/robby_rc16_ball2/robby_rc16_ball20231.png
[WARN] image missing or unsupported extension skipped: /mnt/core/MLonMCU_proj/datasets/BALL/SPLDataset/robby_rc16_ball2/robby_rc16_ball20231.png
[INFO] Reusing existing split files: /mnt/core/MLonMCU_proj/software/ball_detection/splits/train.txt, /mnt/core/MLonMCU_proj/software/ball_detection/splits/val.txt
[INFO] dataset images: 3373
[INFO] train images: 2697 | val images: 676
[INFO] ball annotations used: 3495 (rows raw: 3495)
[INFO] images with/without ball: 2883/490
[INFO] images with/without annotation rows: 2883/490
[INFO] bbox format: {'spl': 'xywh_topleft', 'our': 'xywh_topleft'}
[INFO] duplicate policy: {'spl': 'append', 'our': 'append'}
[INFO] duplicate rows: 612
[INFO] duplicate row overwrites: 0
[INFO] annotation rows with missing image files: 21
[INFO] image read guard: validate_images=True skip_unreadable_images=True read_retry_count=8 unreadable_image_files=0
[INFO] dataset sources: ['spl', 'our']
[INFO] all images per source: {'our': 1041, 'spl': 2332}
[INFO] train images per source: {'our': 832, 'spl': 1865}
[INFO] val images per source: {'our': 209, 'spl': 467}
[INFO] source stats | our: images=1041 rows=1210 imgs_with/without_rows=925/116 boxes=1210 dup_rows=285 unreadable=0 bbox_format=xywh_topleft dup_policy=append
[INFO] source stats | spl: images=2332 rows=2285 imgs_with/without_rows=1958/374 boxes=2285 dup_rows=327 unreadable=0 bbox_format=xywh_topleft dup_policy=append
[INFO] train batch mixing: {'enabled': True, 'per_source_batch_count': {'our': 24, 'spl': 24}, 'num_batches': 78, 'strategy': 'balanced_cycle'}
[INFO] bbox size stats px | w(min/mean/max)=(6.00/71.40/364.00) h(min/mean/max)=(6.00/67.07/239.00)
[INFO] input: 384x288 | color_mode=rgb | channels=3 | resize_policy=resize
[INFO] model: ball_styolo_nano
[INFO] params: 1,762,471
[INFO] device: cuda
[INFO] batch_size: 48
[INFO] num_workers: 8
[INFO] assigner: simota_lite
[INFO] box_loss_type: diou
[INFO] Resumed from /mnt/core/MLonMCU_proj/software/ball_detection/runs/20260527-165700-smallimg_size_v2_widthmult075/checkpoints/best.pt at epoch 136
[INFO] Structured channel pruning at ratio 30.00%
[INFO] params: 1,762,471 -> 857,074  (51.4% reduction)
[INFO] Updated config snapshot + model summary
[INFO] early_stopping enabled=True monitor=val_map5095 mode=max patience=30 min_delta=0.0003
[INFO] train input previews: enabled=False max_per_epoch=5 dir=/mnt/core/MLonMCU_proj/software/ball_detection/runs/20260527-233822-smallimg_size_v2_widthmult075_pruned_30/train_input_previews
[INFO] epoch 1/150 start | lr=0.001
[DEBUG] SimOTA train batch stats:
  images: 48
  empty_images: 6
  gt_count: 53
  candidate_count_mean/min/max: 90.55/50/285
  positives_total: 249
  positives_per_gt_mean/min/max: 4.70/1/5
  positives_stride8: 31
  positives_stride16: 150
  positives_stride32: 68
  unmatched_gt_count: 0
  fallback_count: 0
  conflict_count: 0
  dynamic_k_mean/min/max: 4.70/1/5
  nonfinite_cost_count: 0
[DEBUG] SimOTA train batch stats:
  images: 48
  empty_images: 5
  gt_count: 61
  candidate_count_mean/min/max: 95.69/50/356
  positives_total: 297
  positives_per_gt_mean/min/max: 4.87/1/5
  positives_stride8: 43
  positives_stride16: 179
  positives_stride32: 75
  unmatched_gt_count: 0
  fallback_count: 0
  conflict_count: 1
  dynamic_k_mean/min/max: 4.89/2/5
  nonfinite_cost_count: 0
[DEBUG] SimOTA train batch stats:
  images: 48
  empty_images: 6
  gt_count: 57
  candidate_count_mean/min/max: 99.37/41/251
  positives_total: 252
  positives_per_gt_mean/min/max: 4.42/0/5
  positives_stride8: 38
  positives_stride16: 145
  positives_stride32: 69
  unmatched_gt_count: 1
  fallback_count: 0
  conflict_count: 17
  dynamic_k_mean/min/max: 4.72/2/5
  nonfinite_cost_count: 0
[DEBUG] SimOTA train batch stats:
  images: 48
  empty_images: 9
  gt_count: 49
  candidate_count_mean/min/max: 115.78/50/425
  positives_total: 243
  positives_per_gt_mean/min/max: 4.96/4/5
  positives_stride8: 35
  positives_stride16: 141
  positives_stride32: 67
  unmatched_gt_count: 0
  fallback_count: 0
  conflict_count: 0
  dynamic_k_mean/min/max: 4.96/4/5
  nonfinite_cost_count: 0
[DEBUG] SimOTA val batch stats:
  images: 48
  empty_images: 1
  gt_count: 47
  candidate_count_mean/min/max: 116.66/64/176
  positives_total: 235
  positives_per_gt_mean/min/max: 5.00/5/5
  positives_stride8: 28
  positives_stride16: 133
  positives_stride32: 74
  unmatched_gt_count: 0
  fallback_count: 0
  conflict_count: 0
  dynamic_k_mean/min/max: 5.00/5/5
  nonfinite_cost_count: 0
[INFO] epoch summary | train loss=0.9719 obj=0.0015 box=0.1941 pos=253.58 | val loss=0.9811 map50=0.8252 map5095=0.6078 P=0.7824 R=0.7556 F1=0.7688
[INFO] val extras | mean_iou=0.8718 center_err_px(mean/med/p95)=2.89/2.02/7.73 center_err_norm_diag(mean/med/p95)=0.0036/0.0025/0.0097 fp/img=0.2086 small/med/large recall=0.4936/0.8655/0.9256 counts=233/223/215
[INFO] saved per-epoch checkpoint: /mnt/core/MLonMCU_proj/software/ball_detection/runs/20260527-233822-smallimg_size_v2_widthmult075_pruned_30/checkpoints/001_epoch.pt
[INFO] new best checkpoint at epoch 1: /mnt/core/MLonMCU_proj/software/ball_detection/runs/20260527-233822-smallimg_size_v2_widthmult075_pruned_30/checkpoints/best.pt
[INFO] epoch 2/150 start | lr=0.00099989
[DEBUG] SimOTA train batch stats:
  images: 48
  empty_images: 7
  gt_count: 51
  candidate_count_mean/min/max: 98.41/45/229
  positives_total: 255
  positives_per_gt_mean/min/max: 5.00/5/5
  positives_stride8: 41
  positives_stride16: 132
  positives_stride32: 82
  unmatched_gt_count: 0
  fallback_count: 0
  conflict_count: 0
  dynamic_k_mean/min/max: 5.00/5/5
  nonfinite_cost_count: 0
[DEBUG] SimOTA train batch stats:
  images: 48
  empty_images: 6
  gt_count: 47
  candidate_count_mean/min/max: 104.96/70/273
  positives_total: 229
  positives_per_gt_mean/min/max: 4.87/1/5
  positives_stride8: 41
  positives_stride16: 123
  positives_stride32: 65
  unmatched_gt_count: 0
  fallback_count: 0
  conflict_count: 0
  dynamic_k_mean/min/max: 4.87/1/5
  nonfinite_cost_count: 0
[DEBUG] SimOTA train batch stats:
  images: 48
  empty_images: 4
  gt_count: 56
  candidate_count_mean/min/max: 97.30/36/273
  positives_total: 276
  positives_per_gt_mean/min/max: 4.93/1/5
  positives_stride8: 49
  positives_stride16: 147
  positives_stride32: 80
  unmatched_gt_count: 0
  fallback_count: 0
  conflict_count: 0
  dynamic_k_mean/min/max: 4.93/1/5
  nonfinite_cost_count: 0
[DEBUG] SimOTA train batch stats:
  images: 48
  empty_images: 4
  gt_count: 51
  candidate_count_mean/min/max: 90.27/60/205
  positives_total: 252
  positives_per_gt_mean/min/max: 4.94/2/5
  positives_stride8: 36
  positives_stride16: 142
  positives_stride32: 74
  unmatched_gt_count: 0
  fallback_count: 0
  conflict_count: 1
  dynamic_k_mean/min/max: 4.96/3/5
  nonfinite_cost_count: 0
[DEBUG] SimOTA val batch stats:
  images: 48
  empty_images: 11
  gt_count: 37
  candidate_count_mean/min/max: 79.59/60/176
  positives_total: 179
  positives_per_gt_mean/min/max: 4.84/2/5
  positives_stride8: 48
  positives_stride16: 87
  positives_stride32: 44
  unmatched_gt_count: 0
  fallback_count: 0
  conflict_count: 0
  dynamic_k_mean/min/max: 4.84/2/5
  nonfinite_cost_count: 0
[INFO] epoch summary | train loss=0.8410 obj=0.0009 box=0.1680 pos=255.71 | val loss=0.9685 map50=0.8826 map5095=0.6415 P=0.9066 R=0.7958 F1=0.8476
[INFO] val extras | mean_iou=0.8694 center_err_px(mean/med/p95)=2.51/1.90/6.42 center_err_norm_diag(mean/med/p95)=0.0031/0.0024/0.0080 fp/img=0.0814 small/med/large recall=0.6352/0.8610/0.9023 counts=233/223/215
[INFO] saved per-epoch checkpoint: /mnt/core/MLonMCU_proj/software/ball_detection/runs/20260527-233822-smallimg_size_v2_widthmult075_pruned_30/checkpoints/002_epoch.pt
[INFO] new best checkpoint at epoch 2: /mnt/core/MLonMCU_proj/software/ball_detection/runs/20260527-233822-smallimg_size_v2_widthmult075_pruned_30/checkpoints/best.pt
[INFO] epoch 3/150 start | lr=0.000999562
[DEBUG] SimOTA train batch stats:
  images: 48
  empty_images: 2
  gt_count: 56
  candidate_count_mean/min/max: 112.04/50/442
  positives_total: 276
  positives_per_gt_mean/min/max: 4.93/2/5
  positives_stride8: 44
  positives_stride16: 151
  positives_stride32: 81
  unmatched_gt_count: 0
  fallback_count: 0
  conflict_count: 0
  dynamic_k_mean/min/max: 4.93/2/5
  nonfinite_cost_count: 0
[DEBUG] SimOTA train batch stats:
  images: 48
  empty_images: 7
  gt_count: 49
  candidate_count_mean/min/max: 93.90/60/243
  positives_total: 244
  positives_per_gt_mean/min/max: 4.98/4/5
  positives_stride8: 42
  positives_stride16: 122
  positives_stride32: 80
  unmatched_gt_count: 0
  fallback_count: 0
  conflict_count: 0
  dynamic_k_mean/min/max: 4.98/4/5
  nonfinite_cost_count: 0
[DEBUG] SimOTA train batch stats:
  images: 48
  empty_images: 9
  gt_count: 53
  candidate_count_mean/min/max: 105.26/50/244
  positives_total: 261
  positives_per_gt_mean/min/max: 4.92/2/5
  positives_stride8: 44
  positives_stride16: 138
  positives_stride32: 79
  unmatched_gt_count: 0
  fallback_count: 0
  conflict_count: 0
  dynamic_k_mean/min/max: 4.92/2/5
  nonfinite_cost_count: 0
[DEBUG] SimOTA train batch stats:
  images: 48
  empty_images: 14
  gt_count: 44
  candidate_count_mean/min/max: 109.82/60/368
  positives_total: 220
  positives_per_gt_mean/min/max: 5.00/5/5
  positives_stride8: 25
  positives_stride16: 123
  positives_stride32: 72
  unmatched_gt_count: 0
  fallback_count: 0
  conflict_count: 0
  dynamic_k_mean/min/max: 5.00/5/5
  nonfinite_cost_count: 0
[INFO] epoch summary | train loss=0.7974 obj=0.0009 box=0.1593 pos=256.67 | val loss=0.9314 map50=0.8783 map5095=0.6463 P=0.9046 R=0.7914 F1=0.8442
[INFO] val extras | mean_iou=0.8715 center_err_px(mean/med/p95)=2.79/2.05/7.56 center_err_norm_diag(mean/med/p95)=0.0035/0.0026/0.0094 fp/img=0.0828 small/med/large recall=0.5923/0.8655/0.9302 counts=233/223/215
[INFO] saved per-epoch checkpoint: /mnt/core/MLonMCU_proj/software/ball_detection/runs/20260527-233822-smallimg_size_v2_widthmult075_pruned_30/checkpoints/003_epoch.pt
[INFO] new best checkpoint at epoch 3: /mnt/core/MLonMCU_proj/software/ball_detection/runs/20260527-233822-smallimg_size_v2_widthmult075_pruned_30/checkpoints/best.pt
[INFO] epoch 4/150 start | lr=0.000999014
[DEBUG] SimOTA train batch stats:
  images: 48
  empty_images: 3
  gt_count: 52
  candidate_count_mean/min/max: 106.77/60/442
  positives_total: 255
  positives_per_gt_mean/min/max: 4.90/2/5
  positives_stride8: 36
  positives_stride16: 142
  positives_stride32: 77
  unmatched_gt_count: 0
  fallback_count: 0
  conflict_count: 0
  dynamic_k_mean/min/max: 4.90/2/5
  nonfinite_cost_count: 0
[DEBUG] SimOTA train batch stats:
  images: 48
  empty_images: 11
  gt_count: 48
  candidate_count_mean/min/max: 103.96/50/412
  positives_total: 240
  positives_per_gt_mean/min/max: 5.00/5/5
  positives_stride8: 44
  positives_stride16: 128
  positives_stride32: 68
  unmatched_gt_count: 0
  fallback_count: 0
  conflict_count: 0
  dynamic_k_mean/min/max: 5.00/5/5
  nonfinite_cost_count: 0
[DEBUG] SimOTA train batch stats:
  images: 48
  empty_images: 6
  gt_count: 54
  candidate_count_mean/min/max: 95.96/36/377
  positives_total: 256
  positives_per_gt_mean/min/max: 4.74/0/5
  positives_stride8: 43
  positives_stride16: 136
  positives_stride32: 77
  unmatched_gt_count: 1
  fallback_count: 0
  conflict_count: 14
  dynamic_k_mean/min/max: 5.00/5/5
  nonfinite_cost_count: 0
[DEBUG] SimOTA train batch stats:
  images: 48
  empty_images: 10
  gt_count: 46
  candidate_count_mean/min/max: 94.02/60/575
  positives_total: 230
  positives_per_gt_mean/min/max: 5.00/5/5
  positives_stride8: 46
  positives_stride16: 117
  positives_stride32: 67
  unmatched_gt_count: 0
  fallback_count: 0
  conflict_count: 0
  dynamic_k_mean/min/max: 5.00/5/5
  nonfinite_cost_count: 0
[DEBUG] SimOTA val batch stats:
  images: 48
  empty_images: 3
  gt_count: 75
  candidate_count_mean/min/max: 80.29/45/171
  positives_total: 365
  positives_per_gt_mean/min/max: 4.87/3/5
  positives_stride8: 105
  positives_stride16: 157
  positives_stride32: 103
  unmatched_gt_count: 0
  fallback_count: 0
  conflict_count: 0
  dynamic_k_mean/min/max: 4.87/3/5
  nonfinite_cost_count: 0
[INFO] epoch summary | train loss=0.7662 obj=0.0008 box=0.1531 pos=255.50 | val loss=0.9167 map50=0.8867 map5095=0.6581 P=0.9171 R=0.7914 F1=0.8496
[INFO] val extras | mean_iou=0.8779 center_err_px(mean/med/p95)=2.54/1.91/6.42 center_err_norm_diag(mean/med/p95)=0.0032/0.0024/0.0080 fp/img=0.0710 small/med/large recall=0.6094/0.8520/0.9256 counts=233/223/215
[INFO] saved per-epoch checkpoint: /mnt/core/MLonMCU_proj/software/ball_detection/runs/20260527-233822-smallimg_size_v2_widthmult075_pruned_30/checkpoints/004_epoch.pt
[INFO] new best checkpoint at epoch 4: /mnt/core/MLonMCU_proj/software/ball_detection/runs/20260527-233822-smallimg_size_v2_widthmult075_pruned_30/checkpoints/best.pt
[INFO] epoch 5/150 start | lr=0.000998248
[DEBUG] SimOTA train batch stats:
  images: 48
  empty_images: 4
  gt_count: 51
  candidate_count_mean/min/max: 94.49/41/284
  positives_total: 251
  positives_per_gt_mean/min/max: 4.92/2/5
  positives_stride8: 42
  positives_stride16: 137
  positives_stride32: 72
  unmatched_gt_count: 0
  fallback_count: 0
  conflict_count: 0
  dynamic_k_mean/min/max: 4.92/2/5
  nonfinite_cost_count: 0
[DEBUG] SimOTA train batch stats:
  images: 48
  empty_images: 6
  gt_count: 51
  candidate_count_mean/min/max: 100.69/60/412
  positives_total: 255
  positives_per_gt_mean/min/max: 5.00/5/5
  positives_stride8: 38
  positives_stride16: 135
  positives_stride32: 82
  unmatched_gt_count: 0
  fallback_count: 0
  conflict_count: 0
  dynamic_k_mean/min/max: 5.00/5/5
  nonfinite_cost_count: 0
[DEBUG] SimOTA train batch stats:
  images: 48
  empty_images: 8
  gt_count: 52
  candidate_count_mean/min/max: 101.23/57/233
  positives_total: 260
  positives_per_gt_mean/min/max: 5.00/5/5
  positives_stride8: 41
  positives_stride16: 145
  positives_stride32: 74
  unmatched_gt_count: 0
  fallback_count: 0
  conflict_count: 0
  dynamic_k_mean/min/max: 5.00/5/5
  nonfinite_cost_count: 0
[DEBUG] SimOTA train batch stats:
  images: 48
  empty_images: 10
  gt_count: 48
  candidate_count_mean/min/max: 97.06/50/345
  positives_total: 239
  positives_per_gt_mean/min/max: 4.98/4/5
  positives_stride8: 39
  positives_stride16: 131
  positives_stride32: 69
  unmatched_gt_count: 0
  fallback_count: 0
  conflict_count: 0
  dynamic_k_mean/min/max: 4.98/4/5
  nonfinite_cost_count: 0
[DEBUG] SimOTA val batch stats:
  images: 48
  empty_images: 4
  gt_count: 48
  candidate_count_mean/min/max: 83.38/41/176
  positives_total: 226
  positives_per_gt_mean/min/max: 4.71/2/5
  positives_stride8: 49
  positives_stride16: 114
  positives_stride32: 63
  unmatched_gt_count: 0
  fallback_count: 0
  conflict_count: 0
  dynamic_k_mean/min/max: 4.71/2/5
  nonfinite_cost_count: 0
[INFO] epoch summary | train loss=0.7704 obj=0.0008 box=0.1539 pos=256.42 | val loss=0.9267 map50=0.8751 map5095=0.6540 P=0.9052 R=0.7824 F1=0.8393
[INFO] val extras | mean_iou=0.8777 center_err_px(mean/med/p95)=2.40/1.84/5.93 center_err_norm_diag(mean/med/p95)=0.0030/0.0023/0.0074 fp/img=0.0814 small/med/large recall=0.6094/0.8655/0.8837 counts=233/223/215
[INFO] saved per-epoch checkpoint: /mnt/core/MLonMCU_proj/software/ball_detection/runs/20260527-233822-smallimg_size_v2_widthmult075_pruned_30/checkpoints/005_epoch.pt
[INFO] early stopping status: bad_epochs=1/30
[INFO] epoch 6/150 start | lr=0.000997264
[DEBUG] SimOTA train batch stats:
  images: 48
  empty_images: 7
  gt_count: 50
  candidate_count_mean/min/max: 105.44/45/399
  positives_total: 248
  positives_per_gt_mean/min/max: 4.96/3/5
  positives_stride8: 42
  positives_stride16: 135
  positives_stride32: 71
  unmatched_gt_count: 0
  fallback_count: 0
  conflict_count: 0
  dynamic_k_mean/min/max: 4.96/3/5
  nonfinite_cost_count: 0
[DEBUG] SimOTA train batch stats:
  images: 48
  empty_images: 4
  gt_count: 52
  candidate_count_mean/min/max: 105.25/45/570
  positives_total: 255
  positives_per_gt_mean/min/max: 4.90/1/5
  positives_stride8: 42
  positives_stride16: 140
  positives_stride32: 73
  unmatched_gt_count: 0
  fallback_count: 0
  conflict_count: 0
  dynamic_k_mean/min/max: 4.90/1/5
  nonfinite_cost_count: 0
[DEBUG] SimOTA train batch stats:
  images: 48
  empty_images: 9
  gt_count: 47
  candidate_count_mean/min/max: 109.47/36/285
  positives_total: 235
  positives_per_gt_mean/min/max: 5.00/5/5
  positives_stride8: 35
  positives_stride16: 132
  positives_stride32: 68
  unmatched_gt_count: 0
  fallback_count: 0
  conflict_count: 0
  dynamic_k_mean/min/max: 5.00/5/5
  nonfinite_cost_count: 0
[DEBUG] SimOTA train batch stats:
  images: 48
  empty_images: 9
  gt_count: 48
  candidate_count_mean/min/max: 107.33/60/399
  positives_total: 239
  positives_per_gt_mean/min/max: 4.98/4/5
  positives_stride8: 44
  positives_stride16: 132
  positives_stride32: 63
  unmatched_gt_count: 0
  fallback_count: 0
  conflict_count: 0
  dynamic_k_mean/min/max: 4.98/4/5
  nonfinite_cost_count: 0
[INFO] epoch summary | train loss=0.7579 obj=0.0008 box=0.1514 pos=257.06 | val loss=0.9058 map50=0.8894 map5095=0.6595 P=0.9092 R=0.8063 F1=0.8547
[INFO] val extras | mean_iou=0.8741 center_err_px(mean/med/p95)=2.60/2.01/6.68 center_err_norm_diag(mean/med/p95)=0.0033/0.0025/0.0084 fp/img=0.0799 small/med/large recall=0.6395/0.8700/0.9209 counts=233/223/215
[INFO] saved per-epoch checkpoint: /mnt/core/MLonMCU_proj/software/ball_detection/runs/20260527-233822-smallimg_size_v2_widthmult075_pruned_30/checkpoints/006_epoch.pt
[INFO] new best checkpoint at epoch 6: /mnt/core/MLonMCU_proj/software/ball_detection/runs/20260527-233822-smallimg_size_v2_widthmult075_pruned_30/checkpoints/best.pt
[INFO] epoch 7/150 start | lr=0.000996061
[DEBUG] SimOTA train batch stats:
  images: 48
  empty_images: 7
  gt_count: 48
  candidate_count_mean/min/max: 94.69/50/399
  positives_total: 238
  positives_per_gt_mean/min/max: 4.96/4/5
  positives_stride8: 50
  positives_stride16: 118
  positives_stride32: 70
  unmatched_gt_count: 0
  fallback_count: 0
  conflict_count: 0
  dynamic_k_mean/min/max: 4.96/4/5
  nonfinite_cost_count: 0
[DEBUG] SimOTA train batch stats:
  images: 48
  empty_images: 3
  gt_count: 54
  candidate_count_mean/min/max: 95.48/50/188
  positives_total: 270
  positives_per_gt_mean/min/max: 5.00/5/5
  positives_stride8: 54
  positives_stride16: 134
  positives_stride32: 82
  unmatched_gt_count: 0
  fallback_count: 0
  conflict_count: 0
  dynamic_k_mean/min/max: 5.00/5/5
  nonfinite_cost_count: 0
[DEBUG] SimOTA train batch stats:
  images: 48
  empty_images: 8
  gt_count: 52
  candidate_count_mean/min/max: 94.98/52/263
  positives_total: 260
  positives_per_gt_mean/min/max: 5.00/5/5
  positives_stride8: 41
  positives_stride16: 141
  positives_stride32: 78
  unmatched_gt_count: 0
  fallback_count: 0
  conflict_count: 0
  dynamic_k_mean/min/max: 5.00/5/5
  nonfinite_cost_count: 0
[DEBUG] SimOTA train batch stats:
  images: 48
  empty_images: 5
  gt_count: 58
  candidate_count_mean/min/max: 87.52/50/233
  positives_total: 287
  positives_per_gt_mean/min/max: 4.95/2/5
  positives_stride8: 50
  positives_stride16: 147
  positives_stride32: 90
  unmatched_gt_count: 0
  fallback_count: 0
  conflict_count: 3
  dynamic_k_mean/min/max: 5.00/5/5
  nonfinite_cost_count: 0
[DEBUG] SimOTA val batch stats:
  images: 48
  empty_images: 9
  gt_count: 43
  candidate_count_mean/min/max: 70.84/34/85
  positives_total: 214
  positives_per_gt_mean/min/max: 4.98/4/5
  positives_stride8: 66
  positives_stride16: 93
  positives_stride32: 55
  unmatched_gt_count: 0
  fallback_count: 0
  conflict_count: 0
  dynamic_k_mean/min/max: 4.98/4/5
  nonfinite_cost_count: 0
[INFO] epoch summary | train loss=0.7334 obj=0.0008 box=0.1465 pos=256.81 | val loss=0.9121 map50=0.8934 map5095=0.6655 P=0.9384 R=0.7720 F1=0.8471
[INFO] val extras | mean_iou=0.8781 center_err_px(mean/med/p95)=2.49/1.79/6.47 center_err_norm_diag(mean/med/p95)=0.0031/0.0022/0.0081 fp/img=0.0503 small/med/large recall=0.5837/0.8520/0.8930 counts=233/223/215
[INFO] saved per-epoch checkpoint: /mnt/core/MLonMCU_proj/software/ball_detection/runs/20260527-233822-smallimg_size_v2_widthmult075_pruned_30/checkpoints/007_epoch.pt
[INFO] new best checkpoint at epoch 7: /mnt/core/MLonMCU_proj/software/ball_detection/runs/20260527-233822-smallimg_size_v2_widthmult075_pruned_30/checkpoints/best.pt
[INFO] epoch 8/150 start | lr=0.000994642
[DEBUG] SimOTA train batch stats:
  images: 48
  empty_images: 6
  gt_count: 50
  candidate_count_mean/min/max: 96.78/50/340
  positives_total: 249
  positives_per_gt_mean/min/max: 4.98/4/5
  positives_stride8: 48
  positives_stride16: 129
  positives_stride32: 72
  unmatched_gt_count: 0
  fallback_count: 0
  conflict_count: 0
  dynamic_k_mean/min/max: 4.98/4/5
  nonfinite_cost_count: 0
[DEBUG] SimOTA train batch stats:
  images: 48
  empty_images: 10
  gt_count: 48
  candidate_count_mean/min/max: 105.50/70/570
  positives_total: 240
  positives_per_gt_mean/min/max: 5.00/5/5
  positives_stride8: 47
  positives_stride16: 122
  positives_stride32: 71
  unmatched_gt_count: 0
  fallback_count: 0
  conflict_count: 0
  dynamic_k_mean/min/max: 5.00/5/5
  nonfinite_cost_count: 0
[DEBUG] SimOTA train batch stats:
  images: 48
  empty_images: 10
  gt_count: 50
  candidate_count_mean/min/max: 95.32/60/249
  positives_total: 250
  positives_per_gt_mean/min/max: 5.00/5/5
  positives_stride8: 57
  positives_stride16: 125
  positives_stride32: 68
  unmatched_gt_count: 0
  fallback_count: 0
  conflict_count: 0
  dynamic_k_mean/min/max: 5.00/5/5
  nonfinite_cost_count: 0
[DEBUG] SimOTA train batch stats:
  images: 48
  empty_images: 5
  gt_count: 59
  candidate_count_mean/min/max: 89.69/42/182
  positives_total: 284
  positives_per_gt_mean/min/max: 4.81/1/5
  positives_stride8: 57
  positives_stride16: 139
  positives_stride32: 88
  unmatched_gt_count: 0
  fallback_count: 0
  conflict_count: 0
  dynamic_k_mean/min/max: 4.81/1/5
  nonfinite_cost_count: 0
[DEBUG] SimOTA val batch stats:
  images: 48
  empty_images: 4
  gt_count: 58
  candidate_count_mean/min/max: 102.71/56/314
  positives_total: 287
  positives_per_gt_mean/min/max: 4.95/3/5
  positives_stride8: 54
  positives_stride16: 155
  positives_stride32: 78
  unmatched_gt_count: 0
  fallback_count: 0
  conflict_count: 0
  dynamic_k_mean/min/max: 4.95/3/5
  nonfinite_cost_count: 0
[INFO] epoch summary | train loss=0.7312 obj=0.0008 box=0.1461 pos=256.42 | val loss=0.8923 map50=0.8932 map5095=0.6651 P=0.9366 R=0.7928 F1=0.8588
[INFO] val extras | mean_iou=0.8775 center_err_px(mean/med/p95)=2.48/1.86/5.97 center_err_norm_diag(mean/med/p95)=0.0031/0.0023/0.0075 fp/img=0.0533 small/med/large recall=0.6094/0.8610/0.9209 counts=233/223/215
[INFO] saved per-epoch checkpoint: /mnt/core/MLonMCU_proj/software/ball_detection/runs/20260527-233822-smallimg_size_v2_widthmult075_pruned_30/checkpoints/008_epoch.pt
[INFO] early stopping status: bad_epochs=1/30
[INFO] epoch 9/150 start | lr=0.000993005
[DEBUG] SimOTA train batch stats:
  images: 48
  empty_images: 7
  gt_count: 47
  candidate_count_mean/min/max: 105.53/45/285
  positives_total: 226
  positives_per_gt_mean/min/max: 4.81/0/5
  positives_stride8: 32
  positives_stride16: 127
  positives_stride32: 67
  unmatched_gt_count: 1
  fallback_count: 0
  conflict_count: 2
  dynamic_k_mean/min/max: 4.85/1/5
  nonfinite_cost_count: 0
[DEBUG] SimOTA train batch stats:
  images: 48
  empty_images: 8
  gt_count: 51
  candidate_count_mean/min/max: 97.02/36/299
  positives_total: 252
  positives_per_gt_mean/min/max: 4.94/3/5
  positives_stride8: 44
  positives_stride16: 134
  positives_stride32: 74
  unmatched_gt_count: 0
  fallback_count: 0
  conflict_count: 0
  dynamic_k_mean/min/max: 4.94/3/5
  nonfinite_cost_count: 0
[DEBUG] SimOTA train batch stats:
  images: 48
  empty_images: 14
  gt_count: 42
  candidate_count_mean/min/max: 103.05/66/305
  positives_total: 210
  positives_per_gt_mean/min/max: 5.00/5/5
  positives_stride8: 41
  positives_stride16: 108
  positives_stride32: 61
  unmatched_gt_count: 0
  fallback_count: 0
  conflict_count: 0
  dynamic_k_mean/min/max: 5.00/5/5
  nonfinite_cost_count: 0
[DEBUG] SimOTA train batch stats:
  images: 48
  empty_images: 5
  gt_count: 55
  candidate_count_mean/min/max: 102.62/50/412
  positives_total: 275
  positives_per_gt_mean/min/max: 5.00/5/5
  positives_stride8: 50
  positives_stride16: 144
  positives_stride32: 81
  unmatched_gt_count: 0
  fallback_count: 0
  conflict_count: 0
  dynamic_k_mean/min/max: 5.00/5/5
  nonfinite_cost_count: 0
[INFO] epoch summary | train loss=0.7261 obj=0.0008 box=0.1451 pos=255.76 | val loss=0.8960 map50=0.9001 map5095=0.6646 P=0.9212 R=0.8018 F1=0.8574
[INFO] val extras | mean_iou=0.8714 center_err_px(mean/med/p95)=2.64/1.90/6.79 center_err_norm_diag(mean/med/p95)=0.0033/0.0024/0.0085 fp/img=0.0680 small/med/large recall=0.6180/0.8655/0.9349 counts=233/223/215
[INFO] saved per-epoch checkpoint: /mnt/core/MLonMCU_proj/software/ball_detection/runs/20260527-233822-smallimg_size_v2_widthmult075_pruned_30/checkpoints/009_epoch.pt
[INFO] early stopping status: bad_epochs=2/30
[INFO] epoch 10/150 start | lr=0.000991152
[DEBUG] SimOTA train batch stats:
  images: 48
  empty_images: 5
  gt_count: 56
  candidate_count_mean/min/max: 94.93/36/205
  positives_total: 280
  positives_per_gt_mean/min/max: 5.00/5/5
  positives_stride8: 54
  positives_stride16: 145
  positives_stride32: 81
  unmatched_gt_count: 0
  fallback_count: 0
  conflict_count: 0
  dynamic_k_mean/min/max: 5.00/5/5
  nonfinite_cost_count: 0
[DEBUG] SimOTA train batch stats:
  images: 48
  empty_images: 4
  gt_count: 56
  candidate_count_mean/min/max: 95.68/42/335
  positives_total: 273
  positives_per_gt_mean/min/max: 4.88/1/5
  positives_stride8: 58
  positives_stride16: 133
  positives_stride32: 82
  unmatched_gt_count: 0
  fallback_count: 0
  conflict_count: 0
  dynamic_k_mean/min/max: 4.88/1/5
  nonfinite_cost_count: 0
[DEBUG] SimOTA train batch stats:
  images: 48
  empty_images: 7
  gt_count: 50
  candidate_count_mean/min/max: 107.32/50/340
  positives_total: 249
  positives_per_gt_mean/min/max: 4.98/4/5
  positives_stride8: 39
  positives_stride16: 132
  positives_stride32: 78
  unmatched_gt_count: 0
  fallback_count: 0
  conflict_count: 0
  dynamic_k_mean/min/max: 4.98/4/5
  nonfinite_cost_count: 0
[DEBUG] SimOTA train batch stats:
  images: 48
  empty_images: 10
  gt_count: 43
  candidate_count_mean/min/max: 97.23/36/215
  positives_total: 215
  positives_per_gt_mean/min/max: 5.00/5/5
  positives_stride8: 34
  positives_stride16: 116
  positives_stride32: 65
  unmatched_gt_count: 0
  fallback_count: 0
  conflict_count: 0
  dynamic_k_mean/min/max: 5.00/5/5
  nonfinite_cost_count: 0
[DEBUG] SimOTA val batch stats:
  images: 48
  empty_images: 3
  gt_count: 45
  candidate_count_mean/min/max: 127.73/47/177
  positives_total: 225
  positives_per_gt_mean/min/max: 5.00/5/5
  positives_stride8: 9
  positives_stride16: 137
  positives_stride32: 79
  unmatched_gt_count: 0
  fallback_count: 0
  conflict_count: 0
  dynamic_k_mean/min/max: 5.00/5/5
  nonfinite_cost_count: 0
[INFO] epoch summary | train loss=0.7191 obj=0.0008 box=0.1437 pos=256.35 | val loss=0.9099 map50=0.9076 map5095=0.6672 P=0.9316 R=0.8122 F1=0.8678
[INFO] val extras | mean_iou=0.8734 center_err_px(mean/med/p95)=2.85/2.21/6.80 center_err_norm_diag(mean/med/p95)=0.0036/0.0028/0.0085 fp/img=0.0592 small/med/large recall=0.6524/0.8610/0.9349 counts=233/223/215
[INFO] saved per-epoch checkpoint: /mnt/core/MLonMCU_proj/software/ball_detection/runs/20260527-233822-smallimg_size_v2_widthmult075_pruned_30/checkpoints/010_epoch.pt
[INFO] new best checkpoint at epoch 10: /mnt/core/MLonMCU_proj/software/ball_detection/runs/20260527-233822-smallimg_size_v2_widthmult075_pruned_30/checkpoints/best.pt
[INFO] epoch 11/150 start | lr=0.000989085
[DEBUG] SimOTA train batch stats:
  images: 48
  empty_images: 8
  gt_count: 47
  candidate_count_mean/min/max: 113.28/60/412
  positives_total: 235
  positives_per_gt_mean/min/max: 5.00/5/5
  positives_stride8: 48
  positives_stride16: 126
  positives_stride32: 61
  unmatched_gt_count: 0
  fallback_count: 0
  conflict_count: 0
  dynamic_k_mean/min/max: 5.00/5/5
  nonfinite_cost_count: 0
[DEBUG] SimOTA train batch stats:
  images: 48
  empty_images: 7
  gt_count: 52
  candidate_count_mean/min/max: 107.98/42/442
  positives_total: 257
  positives_per_gt_mean/min/max: 4.94/2/5
  positives_stride8: 46
  positives_stride16: 137
  positives_stride32: 74
  unmatched_gt_count: 0
  fallback_count: 0
  conflict_count: 1
  dynamic_k_mean/min/max: 4.96/3/5
  nonfinite_cost_count: 0
[DEBUG] SimOTA train batch stats:
  images: 48
  empty_images: 5
  gt_count: 55
  candidate_count_mean/min/max: 105.73/50/290
  positives_total: 275
  positives_per_gt_mean/min/max: 5.00/5/5
  positives_stride8: 52
  positives_stride16: 148
  positives_stride32: 75
  unmatched_gt_count: 0
  fallback_count: 0
  conflict_count: 0
  dynamic_k_mean/min/max: 5.00/5/5
  nonfinite_cost_count: 0
[DEBUG] SimOTA train batch stats:
  images: 48
  empty_images: 9
  gt_count: 47
  candidate_count_mean/min/max: 114.00/60/412
  positives_total: 230
  positives_per_gt_mean/min/max: 4.89/2/5
  positives_stride8: 53
  positives_stride16: 116
  positives_stride32: 61
  unmatched_gt_count: 0
  fallback_count: 0
  conflict_count: 1
  dynamic_k_mean/min/max: 4.91/3/5
  nonfinite_cost_count: 0
[DEBUG] SimOTA val batch stats:
  images: 48
  empty_images: 6
  gt_count: 52
  candidate_count_mean/min/max: 96.88/38/284
  positives_total: 251
  positives_per_gt_mean/min/max: 4.83/1/5
  positives_stride8: 61
  positives_stride16: 128
  positives_stride32: 62
  unmatched_gt_count: 0
  fallback_count: 0
  conflict_count: 4
  dynamic_k_mean/min/max: 4.90/2/5
  nonfinite_cost_count: 0
[INFO] epoch summary | train loss=0.7143 obj=0.0007 box=0.1427 pos=255.42 | val loss=0.8950 map50=0.9038 map5095=0.6780 P=0.9309 R=0.8227 F1=0.8734
[INFO] val extras | mean_iou=0.8778 center_err_px(mean/med/p95)=2.49/1.88/6.39 center_err_norm_diag(mean/med/p95)=0.0031/0.0023/0.0080 fp/img=0.0607 small/med/large recall=0.6867/0.8565/0.9349 counts=233/223/215
[INFO] saved per-epoch checkpoint: /mnt/core/MLonMCU_proj/software/ball_detection/runs/20260527-233822-smallimg_size_v2_widthmult075_pruned_30/checkpoints/011_epoch.pt
[INFO] new best checkpoint at epoch 11: /mnt/core/MLonMCU_proj/software/ball_detection/runs/20260527-233822-smallimg_size_v2_widthmult075_pruned_30/checkpoints/best.pt
[INFO] epoch 12/150 start | lr=0.000986803
[DEBUG] SimOTA train batch stats:
  images: 48
  empty_images: 6
  gt_count: 53
  candidate_count_mean/min/max: 103.30/60/377
  positives_total: 258
  positives_per_gt_mean/min/max: 4.87/1/5
  positives_stride8: 46
  positives_stride16: 138
  positives_stride32: 74
  unmatched_gt_count: 0
  fallback_count: 0
  conflict_count: 0
  dynamic_k_mean/min/max: 4.87/1/5
  nonfinite_cost_count: 0
[DEBUG] SimOTA train batch stats:
  images: 48
  empty_images: 7
  gt_count: 50
  candidate_count_mean/min/max: 101.48/66/356
  positives_total: 250
  positives_per_gt_mean/min/max: 5.00/5/5
  positives_stride8: 43
  positives_stride16: 132
  positives_stride32: 75
  unmatched_gt_count: 0
  fallback_count: 0
  conflict_count: 0
  dynamic_k_mean/min/max: 5.00/5/5
  nonfinite_cost_count: 0
[DEBUG] SimOTA train batch stats:
  images: 48
  empty_images: 8
  gt_count: 52
  candidate_count_mean/min/max: 98.79/60/257
  positives_total: 254
  positives_per_gt_mean/min/max: 4.88/0/5
  positives_stride8: 42
  positives_stride16: 142
  positives_stride32: 70
  unmatched_gt_count: 1
  fallback_count: 0
  conflict_count: 2
  dynamic_k_mean/min/max: 4.92/2/5
  nonfinite_cost_count: 0
[DEBUG] SimOTA train batch stats:
  images: 48
  empty_images: 8
  gt_count: 51
  candidate_count_mean/min/max: 90.14/45/285
  positives_total: 255
  positives_per_gt_mean/min/max: 5.00/5/5
  positives_stride8: 50
  positives_stride16: 122
  positives_stride32: 83
  unmatched_gt_count: 0
  fallback_count: 0
  conflict_count: 0
  dynamic_k_mean/min/max: 5.00/5/5
  nonfinite_cost_count: 0
[INFO] epoch summary | train loss=0.7083 obj=0.0007 box=0.1415 pos=256.09 | val loss=0.8900 map50=0.9063 map5095=0.6653 P=0.9384 R=0.8167 F1=0.8733
[INFO] val extras | mean_iou=0.8725 center_err_px(mean/med/p95)=2.50/1.99/5.77 center_err_norm_diag(mean/med/p95)=0.0031/0.0025/0.0072 fp/img=0.0533 small/med/large recall=0.6996/0.8610/0.8977 counts=233/223/215
[INFO] saved per-epoch checkpoint: /mnt/core/MLonMCU_proj/software/ball_detection/runs/20260527-233822-smallimg_size_v2_widthmult075_pruned_30/checkpoints/012_epoch.pt
[INFO] early stopping status: bad_epochs=1/30
[INFO] epoch 13/150 start | lr=0.000984307
[DEBUG] SimOTA train batch stats:
  images: 48
  empty_images: 3
  gt_count: 56
  candidate_count_mean/min/max: 99.41/50/235
  positives_total: 277
  positives_per_gt_mean/min/max: 4.95/2/5
  positives_stride8: 47
  positives_stride16: 140
  positives_stride32: 90
  unmatched_gt_count: 0
  fallback_count: 0
  conflict_count: 3
  dynamic_k_mean/min/max: 5.00/5/5
  nonfinite_cost_count: 0
[DEBUG] SimOTA train batch stats:
  images: 48
  empty_images: 10
  gt_count: 47
  candidate_count_mean/min/max: 109.26/42/570
  positives_total: 230
  positives_per_gt_mean/min/max: 4.89/1/5
  positives_stride8: 27
  positives_stride16: 129
  positives_stride32: 74
  unmatched_gt_count: 0
  fallback_count: 0
  conflict_count: 0
  dynamic_k_mean/min/max: 4.89/1/5
  nonfinite_cost_count: 0
[DEBUG] SimOTA train batch stats:
  images: 48
  empty_images: 9
  gt_count: 50
  candidate_count_mean/min/max: 99.92/60/285
  positives_total: 240
  positives_per_gt_mean/min/max: 4.80/0/5
  positives_stride8: 50
  positives_stride16: 126
  positives_stride32: 64
  unmatched_gt_count: 2
  fallback_count: 0
  conflict_count: 5
  dynamic_k_mean/min/max: 4.90/2/5
  nonfinite_cost_count: 0
[DEBUG] SimOTA train batch stats:
  images: 48
  empty_images: 6
  gt_count: 53
  candidate_count_mean/min/max: 99.11/50/369
  positives_total: 262
  positives_per_gt_mean/min/max: 4.94/3/5
  positives_stride8: 51
  positives_stride16: 141
  positives_stride32: 70
  unmatched_gt_count: 0
  fallback_count: 0
  conflict_count: 0
  dynamic_k_mean/min/max: 4.94/3/5
  nonfinite_cost_count: 0
[DEBUG] SimOTA val batch stats:
  images: 48
  empty_images: 12
  gt_count: 51
  candidate_count_mean/min/max: 77.57/45/150
  positives_total: 252
  positives_per_gt_mean/min/max: 4.94/3/5
  positives_stride8: 65
  positives_stride16: 114
  positives_stride32: 73
  unmatched_gt_count: 0
  fallback_count: 0
  conflict_count: 0
  dynamic_k_mean/min/max: 4.94/3/5
  nonfinite_cost_count: 0
[INFO] epoch summary | train loss=0.7200 obj=0.0007 box=0.1438 pos=255.99 | val loss=0.8789 map50=0.8943 map5095=0.6678 P=0.9225 R=0.7988 F1=0.8562
[INFO] val extras | mean_iou=0.8783 center_err_px(mean/med/p95)=2.50/1.92/6.33 center_err_norm_diag(mean/med/p95)=0.0031/0.0024/0.0079 fp/img=0.0666 small/med/large recall=0.6223/0.8565/0.9302 counts=233/223/215
[INFO] saved per-epoch checkpoint: /mnt/core/MLonMCU_proj/software/ball_detection/runs/20260527-233822-smallimg_size_v2_widthmult075_pruned_30/checkpoints/013_epoch.pt
[INFO] early stopping status: bad_epochs=2/30
[INFO] epoch 14/150 start | lr=0.0009816
[DEBUG] SimOTA train batch stats:
  images: 48
  empty_images: 4
  gt_count: 56
  candidate_count_mean/min/max: 89.50/36/165
  positives_total: 280
  positives_per_gt_mean/min/max: 5.00/5/5
  positives_stride8: 53
  positives_stride16: 142
  positives_stride32: 85
  unmatched_gt_count: 0
  fallback_count: 0
  conflict_count: 0
  dynamic_k_mean/min/max: 5.00/5/5
  nonfinite_cost_count: 0
[DEBUG] SimOTA train batch stats:
  images: 48
  empty_images: 10
  gt_count: 51
  candidate_count_mean/min/max: 109.29/60/412
  positives_total: 255
  positives_per_gt_mean/min/max: 5.00/5/5
  positives_stride8: 41
  positives_stride16: 144
  positives_stride32: 70
  unmatched_gt_count: 0
  fallback_count: 0
  conflict_count: 0
  dynamic_k_mean/min/max: 5.00/5/5
  nonfinite_cost_count: 0
[DEBUG] SimOTA train batch stats:
  images: 48
  empty_images: 5
  gt_count: 55
  candidate_count_mean/min/max: 106.31/45/399
  positives_total: 275
  positives_per_gt_mean/min/max: 5.00/5/5
  positives_stride8: 57
  positives_stride16: 148
  positives_stride32: 70
  unmatched_gt_count: 0
  fallback_count: 0
  conflict_count: 0
  dynamic_k_mean/min/max: 5.00/5/5
  nonfinite_cost_count: 0
[DEBUG] SimOTA train batch stats:
  images: 48
  empty_images: 4
  gt_count: 55
  candidate_count_mean/min/max: 90.98/60/260
  positives_total: 274
  positives_per_gt_mean/min/max: 4.98/4/5
  positives_stride8: 55
  positives_stride16: 143
  positives_stride32: 76
  unmatched_gt_count: 0
  fallback_count: 0
  conflict_count: 0
  dynamic_k_mean/min/max: 4.98/4/5
  nonfinite_cost_count: 0
[DEBUG] SimOTA val batch stats:
  images: 48
  empty_images: 6
  gt_count: 44
  candidate_count_mean/min/max: 108.43/75/300
  positives_total: 220
  positives_per_gt_mean/min/max: 5.00/5/5
  positives_stride8: 26
  positives_stride16: 124
  positives_stride32: 70
  unmatched_gt_count: 0
  fallback_count: 0
  conflict_count: 0
  dynamic_k_mean/min/max: 5.00/5/5
  nonfinite_cost_count: 0
[INFO] epoch summary | train loss=0.6996 obj=0.0007 box=0.1398 pos=256.40 | val loss=0.8888 map50=0.9093 map5095=0.6768 P=0.9415 R=0.8152 F1=0.8738
[INFO] val extras | mean_iou=0.8763 center_err_px(mean/med/p95)=2.63/1.94/6.50 center_err_norm_diag(mean/med/p95)=0.0033/0.0024/0.0081 fp/img=0.0503 small/med/large recall=0.6481/0.8610/0.9488 counts=233/223/215
[INFO] saved per-epoch checkpoint: /mnt/core/MLonMCU_proj/software/ball_detection/runs/20260527-233822-smallimg_size_v2_widthmult075_pruned_30/checkpoints/014_epoch.pt
[INFO] early stopping status: bad_epochs=3/30
[INFO] epoch 15/150 start | lr=0.000978681
[DEBUG] SimOTA train batch stats:
  images: 48
  empty_images: 7
  gt_count: 46
  candidate_count_mean/min/max: 118.39/70/287
  positives_total: 230
  positives_per_gt_mean/min/max: 5.00/5/5
  positives_stride8: 34
  positives_stride16: 125
  positives_stride32: 71
  unmatched_gt_count: 0
  fallback_count: 0
  conflict_count: 0
  dynamic_k_mean/min/max: 5.00/5/5
  nonfinite_cost_count: 0
[DEBUG] SimOTA train batch stats:
  images: 48
  empty_images: 7
  gt_count: 49
  candidate_count_mean/min/max: 96.00/47/369
  positives_total: 244
  positives_per_gt_mean/min/max: 4.98/4/5
  positives_stride8: 51
  positives_stride16: 124
  positives_stride32: 69
  unmatched_gt_count: 0
  fallback_count: 0
  conflict_count: 0
  dynamic_k_mean/min/max: 4.98/4/5
  nonfinite_cost_count: 0
[DEBUG] SimOTA train batch stats:
  images: 48
  empty_images: 9
  gt_count: 51
  candidate_count_mean/min/max: 106.18/50/575
  positives_total: 249
  positives_per_gt_mean/min/max: 4.88/1/5
  positives_stride8: 45
  positives_stride16: 130
  positives_stride32: 74
  unmatched_gt_count: 0
  fallback_count: 0
  conflict_count: 0
  dynamic_k_mean/min/max: 4.88/1/5
  nonfinite_cost_count: 0
[DEBUG] SimOTA train batch stats:
  images: 48
  empty_images: 8
  gt_count: 45
  candidate_count_mean/min/max: 104.71/60/442
  positives_total: 216
  positives_per_gt_mean/min/max: 4.80/0/5
  positives_stride8: 48
  positives_stride16: 108
  positives_stride32: 60
  unmatched_gt_count: 1
  fallback_count: 0
  conflict_count: 2
  dynamic_k_mean/min/max: 4.84/2/5
  nonfinite_cost_count: 0
[INFO] epoch summary | train loss=0.7091 obj=0.0007 box=0.1417 pos=255.08 | val loss=0.8980 map50=0.8959 map5095=0.6566 P=0.9380 R=0.8122 F1=0.8706
[INFO] val extras | mean_iou=0.8715 center_err_px(mean/med/p95)=2.62/1.91/6.29 center_err_norm_diag(mean/med/p95)=0.0033/0.0024/0.0079 fp/img=0.0533 small/med/large recall=0.6524/0.8610/0.9349 counts=233/223/215
[INFO] saved per-epoch checkpoint: /mnt/core/MLonMCU_proj/software/ball_detection/runs/20260527-233822-smallimg_size_v2_widthmult075_pruned_30/checkpoints/015_epoch.pt
[INFO] early stopping status: bad_epochs=4/30
[INFO] epoch 16/150 start | lr=0.000975553
[DEBUG] SimOTA train batch stats:
  images: 48
  empty_images: 12
  gt_count: 41
  candidate_count_mean/min/max: 107.51/50/356
  positives_total: 203
  positives_per_gt_mean/min/max: 4.95/3/5
  positives_stride8: 34
  positives_stride16: 108
  positives_stride32: 61
  unmatched_gt_count: 0
  fallback_count: 0
  conflict_count: 2
  dynamic_k_mean/min/max: 5.00/5/5
  nonfinite_cost_count: 0
[DEBUG] SimOTA train batch stats:
  images: 48
  empty_images: 7
  gt_count: 48
  candidate_count_mean/min/max: 103.92/65/285
  positives_total: 240
  positives_per_gt_mean/min/max: 5.00/5/5
  positives_stride8: 40
  positives_stride16: 130
  positives_stride32: 70
  unmatched_gt_count: 0
  fallback_count: 0
  conflict_count: 0
  dynamic_k_mean/min/max: 5.00/5/5
  nonfinite_cost_count: 0
[DEBUG] SimOTA train batch stats:
  images: 48
  empty_images: 5
  gt_count: 59
  candidate_count_mean/min/max: 104.24/60/570
  positives_total: 294
  positives_per_gt_mean/min/max: 4.98/4/5
  positives_stride8: 58
  positives_stride16: 147
  positives_stride32: 89
  unmatched_gt_count: 0
  fallback_count: 0
  conflict_count: 0
  dynamic_k_mean/min/max: 4.98/4/5
  nonfinite_cost_count: 0
[DEBUG] SimOTA train batch stats:
  images: 48
  empty_images: 5
  gt_count: 51
  candidate_count_mean/min/max: 103.41/50/287
  positives_total: 255
  positives_per_gt_mean/min/max: 5.00/5/5
  positives_stride8: 38
  positives_stride16: 141
  positives_stride32: 76
  unmatched_gt_count: 0
  fallback_count: 0
  conflict_count: 0
  dynamic_k_mean/min/max: 5.00/5/5
  nonfinite_cost_count: 0
[DEBUG] SimOTA val batch stats:
  images: 48
  empty_images: 15
  gt_count: 37
  candidate_count_mean/min/max: 113.57/50/165
  positives_total: 180
  positives_per_gt_mean/min/max: 4.86/0/5
  positives_stride8: 21
  positives_stride16: 111
  positives_stride32: 48
  unmatched_gt_count: 1
  fallback_count: 0
  conflict_count: 5
  dynamic_k_mean/min/max: 5.00/5/5
  nonfinite_cost_count: 0
[INFO] epoch summary | train loss=0.7001 obj=0.0007 box=0.1399 pos=256.35 | val loss=0.8842 map50=0.9055 map5095=0.6650 P=0.9310 R=0.8241 F1=0.8743
[INFO] val extras | mean_iou=0.8728 center_err_px(mean/med/p95)=2.62/1.94/5.98 center_err_norm_diag(mean/med/p95)=0.0033/0.0024/0.0075 fp/img=0.0607 small/med/large recall=0.6824/0.8655/0.9349 counts=233/223/215
[INFO] saved per-epoch checkpoint: /mnt/core/MLonMCU_proj/software/ball_detection/runs/20260527-233822-smallimg_size_v2_widthmult075_pruned_30/checkpoints/016_epoch.pt
[INFO] early stopping status: bad_epochs=5/30
[INFO] epoch 17/150 start | lr=0.000972216
[DEBUG] SimOTA train batch stats:
  images: 48
  empty_images: 5
  gt_count: 55
  candidate_count_mean/min/max: 91.60/45/200
  positives_total: 269
  positives_per_gt_mean/min/max: 4.89/1/5
  positives_stride8: 58
  positives_stride16: 133
  positives_stride32: 78
  unmatched_gt_count: 0
  fallback_count: 0
  conflict_count: 0
  dynamic_k_mean/min/max: 4.89/1/5
  nonfinite_cost_count: 0
[DEBUG] SimOTA train batch stats:
  images: 48
  empty_images: 9
  gt_count: 46
  candidate_count_mean/min/max: 111.52/42/412
  positives_total: 226
  positives_per_gt_mean/min/max: 4.91/1/5
  positives_stride8: 38
  positives_stride16: 125
  positives_stride32: 63
  unmatched_gt_count: 0
  fallback_count: 0
  conflict_count: 0
  dynamic_k_mean/min/max: 4.91/1/5
  nonfinite_cost_count: 0
[DEBUG] SimOTA train batch stats:
  images: 48
  empty_images: 10
  gt_count: 52
  candidate_count_mean/min/max: 85.69/47/285
  positives_total: 258
  positives_per_gt_mean/min/max: 4.96/4/5
  positives_stride8: 57
  positives_stride16: 126
  positives_stride32: 75
  unmatched_gt_count: 0
  fallback_count: 0
  conflict_count: 0
  dynamic_k_mean/min/max: 4.96/4/5
  nonfinite_cost_count: 0
[DEBUG] SimOTA train batch stats:
  images: 48
  empty_images: 11
  gt_count: 47
  candidate_count_mean/min/max: 98.74/36/287
  positives_total: 227
  positives_per_gt_mean/min/max: 4.83/2/5
  positives_stride8: 48
  positives_stride16: 114
  positives_stride32: 65
  unmatched_gt_count: 0
  fallback_count: 0
  conflict_count: 5
  dynamic_k_mean/min/max: 4.94/3/5
  nonfinite_cost_count: 0
[DEBUG] SimOTA val batch stats:
  images: 48
  empty_images: 3
  gt_count: 62
  candidate_count_mean/min/max: 123.18/60/363
  positives_total: 305
  positives_per_gt_mean/min/max: 4.92/2/5
  positives_stride8: 50
  positives_stride16: 184
  positives_stride32: 71
  unmatched_gt_count: 0
  fallback_count: 0
  conflict_count: 0
  dynamic_k_mean/min/max: 4.92/2/5
  nonfinite_cost_count: 0
[INFO] epoch summary | train loss=0.6958 obj=0.0007 box=0.1390 pos=256.71 | val loss=0.8709 map50=0.9154 map5095=0.6885 P=0.9478 R=0.8390 F1=0.8901
[INFO] val extras | mean_iou=0.8803 center_err_px(mean/med/p95)=2.35/1.70/5.74 center_err_norm_diag(mean/med/p95)=0.0029/0.0021/0.0072 fp/img=0.0459 small/med/large recall=0.7382/0.8565/0.9302 counts=233/223/215
[INFO] saved per-epoch checkpoint: /mnt/core/MLonMCU_proj/software/ball_detection/runs/20260527-233822-smallimg_size_v2_widthmult075_pruned_30/checkpoints/017_epoch.pt
[INFO] new best checkpoint at epoch 17: /mnt/core/MLonMCU_proj/software/ball_detection/runs/20260527-233822-smallimg_size_v2_widthmult075_pruned_30/checkpoints/best.pt
[INFO] epoch 18/150 start | lr=0.000968672
[DEBUG] SimOTA train batch stats:
  images: 48
  empty_images: 5
  gt_count: 53
  candidate_count_mean/min/max: 106.00/45/370
  positives_total: 264
  positives_per_gt_mean/min/max: 4.98/4/5
  positives_stride8: 55
  positives_stride16: 134
  positives_stride32: 75
  unmatched_gt_count: 0
  fallback_count: 0
  conflict_count: 0
  dynamic_k_mean/min/max: 4.98/4/5
  nonfinite_cost_count: 0
[DEBUG] SimOTA train batch stats:
  images: 48
  empty_images: 7
  gt_count: 49
  candidate_count_mean/min/max: 99.10/45/412
  positives_total: 245
  positives_per_gt_mean/min/max: 5.00/5/5
  positives_stride8: 45
  positives_stride16: 131
  positives_stride32: 69
  unmatched_gt_count: 0
  fallback_count: 0
  conflict_count: 0
  dynamic_k_mean/min/max: 5.00/5/5
  nonfinite_cost_count: 0
[DEBUG] SimOTA train batch stats:
  images: 48
  empty_images: 4
  gt_count: 55
  candidate_count_mean/min/max: 92.69/42/261
  positives_total: 264
  positives_per_gt_mean/min/max: 4.80/1/5
  positives_stride8: 64
  positives_stride16: 127
  positives_stride32: 73
  unmatched_gt_count: 0
  fallback_count: 0
  conflict_count: 5
  dynamic_k_mean/min/max: 4.89/1/5
  nonfinite_cost_count: 0
[DEBUG] SimOTA val batch stats:
  images: 48
  empty_images: 14
  gt_count: 34
  candidate_count_mean/min/max: 127.94/47/182
  positives_total: 170
  positives_per_gt_mean/min/max: 5.00/5/5
  positives_stride8: 7
  positives_stride16: 108
  positives_stride32: 55
  unmatched_gt_count: 0
  fallback_count: 0
  conflict_count: 0
  dynamic_k_mean/min/max: 5.00/5/5
  nonfinite_cost_count: 0
[INFO] epoch summary | train loss=0.6939 obj=0.0007 box=0.1386 pos=256.26 | val loss=0.8791 map50=0.9074 map5095=0.6778 P=0.9347 R=0.8316 F1=0.8801
[INFO] val extras | mean_iou=0.8753 center_err_px(mean/med/p95)=2.42/1.89/5.76 center_err_norm_diag(mean/med/p95)=0.0030/0.0024/0.0072 fp/img=0.0577 small/med/large recall=0.7167/0.8565/0.9302 counts=233/223/215
[INFO] saved per-epoch checkpoint: /mnt/core/MLonMCU_proj/software/ball_detection/runs/20260527-233822-smallimg_size_v2_widthmult075_pruned_30/checkpoints/018_epoch.pt
[INFO] early stopping status: bad_epochs=1/30
[INFO] epoch 19/150 start | lr=0.000964923
[DEBUG] SimOTA train batch stats:
  images: 48
  empty_images: 7
  gt_count: 51
  candidate_count_mean/min/max: 99.27/36/285
  positives_total: 245
  positives_per_gt_mean/min/max: 4.80/0/5
  positives_stride8: 51
  positives_stride16: 126
  positives_stride32: 68
  unmatched_gt_count: 1
  fallback_count: 0
  conflict_count: 2
  dynamic_k_mean/min/max: 4.84/2/5
  nonfinite_cost_count: 0
[DEBUG] SimOTA train batch stats:
  images: 48
  empty_images: 4
  gt_count: 58
  candidate_count_mean/min/max: 105.09/42/356
  positives_total: 280
  positives_per_gt_mean/min/max: 4.83/1/5
  positives_stride8: 50
  positives_stride16: 154
  positives_stride32: 76
  unmatched_gt_count: 0
  fallback_count: 0
  conflict_count: 0
  dynamic_k_mean/min/max: 4.83/1/5
  nonfinite_cost_count: 0
[DEBUG] SimOTA train batch stats:
  images: 48
  empty_images: 9
  gt_count: 49
  candidate_count_mean/min/max: 112.22/57/399
  positives_total: 244
  positives_per_gt_mean/min/max: 4.98/4/5
  positives_stride8: 44
  positives_stride16: 134
  positives_stride32: 66
  unmatched_gt_count: 0
  fallback_count: 0
  conflict_count: 0
  dynamic_k_mean/min/max: 4.98/4/5
  nonfinite_cost_count: 0
[DEBUG] SimOTA train batch stats:
  images: 48
  empty_images: 7
  gt_count: 54
  candidate_count_mean/min/max: 102.78/50/236
  positives_total: 262
  positives_per_gt_mean/min/max: 4.85/0/5
  positives_stride8: 42
  positives_stride16: 149
  positives_stride32: 71
  unmatched_gt_count: 1
  fallback_count: 0
  conflict_count: 2
  dynamic_k_mean/min/max: 4.89/2/5
  nonfinite_cost_count: 0
[DEBUG] SimOTA val batch stats:
  images: 48
  empty_images: 13
  gt_count: 35
  candidate_count_mean/min/max: 92.60/57/170
  positives_total: 166
  positives_per_gt_mean/min/max: 4.74/1/5
  positives_stride8: 46
  positives_stride16: 73
  positives_stride32: 47
  unmatched_gt_count: 0
  fallback_count: 0
  conflict_count: 0
  dynamic_k_mean/min/max: 4.74/1/5
  nonfinite_cost_count: 0
[INFO] epoch summary | train loss=0.6759 obj=0.0007 box=0.1351 pos=256.21 | val loss=0.8737 map50=0.9200 map5095=0.6934 P=0.9571 R=0.8316 F1=0.8900
[INFO] val extras | mean_iou=0.8788 center_err_px(mean/med/p95)=2.43/1.69/5.62 center_err_norm_diag(mean/med/p95)=0.0030/0.0021/0.0070 fp/img=0.0370 small/med/large recall=0.6824/0.8700/0.9535 counts=233/223/215
[INFO] saved per-epoch checkpoint: /mnt/core/MLonMCU_proj/software/ball_detection/runs/20260527-233822-smallimg_size_v2_widthmult075_pruned_30/checkpoints/019_epoch.pt
[INFO] new best checkpoint at epoch 19: /mnt/core/MLonMCU_proj/software/ball_detection/runs/20260527-233822-smallimg_size_v2_widthmult075_pruned_30/checkpoints/best.pt
[INFO] epoch 20/150 start | lr=0.000960971
[DEBUG] SimOTA train batch stats:
  images: 48
  empty_images: 11
  gt_count: 43
  candidate_count_mean/min/max: 106.28/56/570
  positives_total: 210
  positives_per_gt_mean/min/max: 4.88/1/5
  positives_stride8: 36
  positives_stride16: 109
  positives_stride32: 65
  unmatched_gt_count: 0
  fallback_count: 0
  conflict_count: 0
  dynamic_k_mean/min/max: 4.88/1/5
  nonfinite_cost_count: 0
[DEBUG] SimOTA train batch stats:
  images: 48
  empty_images: 6
  gt_count: 54
  candidate_count_mean/min/max: 99.28/50/370
  positives_total: 266
  positives_per_gt_mean/min/max: 4.93/3/5
  positives_stride8: 65
  positives_stride16: 127
  positives_stride32: 74
  unmatched_gt_count: 0
  fallback_count: 0
  conflict_count: 2
  dynamic_k_mean/min/max: 4.96/3/5
  nonfinite_cost_count: 0
[DEBUG] SimOTA train batch stats:
  images: 48
  empty_images: 5
  gt_count: 57
  candidate_count_mean/min/max: 99.74/47/285
  positives_total: 283
  positives_per_gt_mean/min/max: 4.96/3/5
  positives_stride8: 64
  positives_stride16: 146
  positives_stride32: 73
  unmatched_gt_count: 0
  fallback_count: 0
  conflict_count: 0
  dynamic_k_mean/min/max: 4.96/3/5
  nonfinite_cost_count: 0
[DEBUG] SimOTA train batch stats:
  images: 48
  empty_images: 4
  gt_count: 56
  candidate_count_mean/min/max: 90.62/36/290
  positives_total: 280
  positives_per_gt_mean/min/max: 5.00/5/5
  positives_stride8: 64
  positives_stride16: 141
  positives_stride32: 75
  unmatched_gt_count: 0
  fallback_count: 0
  conflict_count: 0
  dynamic_k_mean/min/max: 5.00/5/5
  nonfinite_cost_count: 0
[DEBUG] SimOTA val batch stats:
  images: 4
  empty_images: 2
  gt_count: 3
  candidate_count_mean/min/max: 81.33/75/94
  positives_total: 15
  positives_per_gt_mean/min/max: 5.00/5/5
  positives_stride8: 3
  positives_stride16: 7
  positives_stride32: 5
  unmatched_gt_count: 0
  fallback_count: 0
  conflict_count: 0
  dynamic_k_mean/min/max: 5.00/5/5
  nonfinite_cost_count: 0
[INFO] epoch summary | train loss=0.6871 obj=0.0007 box=0.1373 pos=257.24 | val loss=0.8840 map50=0.9119 map5095=0.6830 P=0.9538 R=0.8316 F1=0.8885
[INFO] val extras | mean_iou=0.8783 center_err_px(mean/med/p95)=2.47/1.93/6.27 center_err_norm_diag(mean/med/p95)=0.0031/0.0024/0.0078 fp/img=0.0399 small/med/large recall=0.7167/0.8610/0.9256 counts=233/223/215
[INFO] saved per-epoch checkpoint: /mnt/core/MLonMCU_proj/software/ball_detection/runs/20260527-233822-smallimg_size_v2_widthmult075_pruned_30/checkpoints/020_epoch.pt
[INFO] early stopping status: bad_epochs=1/30
[INFO] epoch 21/150 start | lr=0.000956816
[DEBUG] SimOTA train batch stats:
  images: 48
  empty_images: 7
  gt_count: 51
  candidate_count_mean/min/max: 92.33/50/220
  positives_total: 255
  positives_per_gt_mean/min/max: 5.00/5/5
  positives_stride8: 48
  positives_stride16: 131
  positives_stride32: 76
  unmatched_gt_count: 0
  fallback_count: 0
  conflict_count: 0
  dynamic_k_mean/min/max: 5.00/5/5
  nonfinite_cost_count: 0
[DEBUG] SimOTA train batch stats:
  images: 48
  empty_images: 5
  gt_count: 54
  candidate_count_mean/min/max: 97.17/50/265
  positives_total: 270
  positives_per_gt_mean/min/max: 5.00/5/5
  positives_stride8: 54
  positives_stride16: 139
  positives_stride32: 77
  unmatched_gt_count: 0
  fallback_count: 0
  conflict_count: 0
  dynamic_k_mean/min/max: 5.00/5/5
  nonfinite_cost_count: 0
[DEBUG] SimOTA train batch stats:
  images: 48
  empty_images: 5
  gt_count: 51
  candidate_count_mean/min/max: 98.80/50/306
  positives_total: 255
  positives_per_gt_mean/min/max: 5.00/5/5
  positives_stride8: 46
  positives_stride16: 136
  positives_stride32: 73
  unmatched_gt_count: 0
  fallback_count: 0
  conflict_count: 0
  dynamic_k_mean/min/max: 5.00/5/5
  nonfinite_cost_count: 0
[DEBUG] SimOTA val batch stats:
  images: 48
  empty_images: 1
  gt_count: 47
  candidate_count_mean/min/max: 116.66/64/176
  positives_total: 235
  positives_per_gt_mean/min/max: 5.00/5/5
  positives_stride8: 35
  positives_stride16: 120
  positives_stride32: 80
  unmatched_gt_count: 0
  fallback_count: 0
  conflict_count: 0
  dynamic_k_mean/min/max: 5.00/5/5
  nonfinite_cost_count: 0
[INFO] epoch summary | train loss=0.6880 obj=0.0007 box=0.1375 pos=257.08 | val loss=0.8765 map50=0.9064 map5095=0.6783 P=0.9173 R=0.8435 F1=0.8789
[INFO] val extras | mean_iou=0.8749 center_err_px(mean/med/p95)=2.53/1.92/5.71 center_err_norm_diag(mean/med/p95)=0.0032/0.0024/0.0071 fp/img=0.0754 small/med/large recall=0.7339/0.8610/0.9442 counts=233/223/215
[INFO] saved per-epoch checkpoint: /mnt/core/MLonMCU_proj/software/ball_detection/runs/20260527-233822-smallimg_size_v2_widthmult075_pruned_30/checkpoints/021_epoch.pt
[INFO] early stopping status: bad_epochs=2/30
[INFO] epoch 22/150 start | lr=0.000952461
[DEBUG] SimOTA train batch stats:
  images: 48
  empty_images: 9
  gt_count: 48
  candidate_count_mean/min/max: 99.48/45/236
  positives_total: 240
  positives_per_gt_mean/min/max: 5.00/5/5
  positives_stride8: 44
  positives_stride16: 131
  positives_stride32: 65
  unmatched_gt_count: 0
  fallback_count: 0
  conflict_count: 0
  dynamic_k_mean/min/max: 5.00/5/5
  nonfinite_cost_count: 0
[DEBUG] SimOTA train batch stats:
  images: 48
  empty_images: 10
  gt_count: 48
  candidate_count_mean/min/max: 108.35/62/425
  positives_total: 234
  positives_per_gt_mean/min/max: 4.88/0/5
  positives_stride8: 42
  positives_stride16: 127
  positives_stride32: 65
  unmatched_gt_count: 1
  fallback_count: 0
  conflict_count: 2
  dynamic_k_mean/min/max: 4.92/2/5
  nonfinite_cost_count: 0
[DEBUG] SimOTA train batch stats:
  images: 48
  empty_images: 8
  gt_count: 52
  candidate_count_mean/min/max: 93.90/60/189
  positives_total: 259
  positives_per_gt_mean/min/max: 4.98/4/5
  positives_stride8: 49
  positives_stride16: 132
  positives_stride32: 78
  unmatched_gt_count: 0
  fallback_count: 0
  conflict_count: 0
  dynamic_k_mean/min/max: 4.98/4/5
  nonfinite_cost_count: 0
[DEBUG] SimOTA train batch stats:
  images: 48
  empty_images: 5
  gt_count: 60
  candidate_count_mean/min/max: 91.38/50/272
  positives_total: 292
  positives_per_gt_mean/min/max: 4.87/0/5
  positives_stride8: 70
  positives_stride16: 140
  positives_stride32: 82
  unmatched_gt_count: 1
  fallback_count: 0
  conflict_count: 2
  dynamic_k_mean/min/max: 4.90/2/5
  nonfinite_cost_count: 0
[DEBUG] SimOTA val batch stats:
  images: 48
  empty_images: 11
  gt_count: 37
  candidate_count_mean/min/max: 79.59/60/176
  positives_total: 183
  positives_per_gt_mean/min/max: 4.95/3/5
  positives_stride8: 58
  positives_stride16: 84
  positives_stride32: 41
  unmatched_gt_count: 0
  fallback_count: 0
  conflict_count: 0
  dynamic_k_mean/min/max: 4.95/3/5
  nonfinite_cost_count: 0
[INFO] epoch summary | train loss=0.6770 obj=0.0007 box=0.1353 pos=256.01 | val loss=0.8729 map50=0.9158 map5095=0.6820 P=0.9386 R=0.8435 F1=0.8885
[INFO] val extras | mean_iou=0.8774 center_err_px(mean/med/p95)=2.30/1.72/5.92 center_err_norm_diag(mean/med/p95)=0.0029/0.0021/0.0074 fp/img=0.0547 small/med/large recall=0.7511/0.8655/0.9209 counts=233/223/215
[INFO] saved per-epoch checkpoint: /mnt/core/MLonMCU_proj/software/ball_detection/runs/20260527-233822-smallimg_size_v2_widthmult075_pruned_30/checkpoints/022_epoch.pt
[INFO] early stopping status: bad_epochs=3/30
[INFO] epoch 23/150 start | lr=0.000947908
[DEBUG] SimOTA train batch stats:
  images: 48
  empty_images: 8
  gt_count: 53
  candidate_count_mean/min/max: 120.53/58/451
  positives_total: 253
  positives_per_gt_mean/min/max: 4.77/0/5
  positives_stride8: 40
  positives_stride16: 145
  positives_stride32: 68
  unmatched_gt_count: 2
  fallback_count: 0
  conflict_count: 5
  dynamic_k_mean/min/max: 4.87/2/5
  nonfinite_cost_count: 0
[DEBUG] SimOTA train batch stats:
  images: 48
  empty_images: 9
  gt_count: 49
  candidate_count_mean/min/max: 109.10/45/370
  positives_total: 245
  positives_per_gt_mean/min/max: 5.00/5/5
  positives_stride8: 39
  positives_stride16: 138
  positives_stride32: 68
  unmatched_gt_count: 0
  fallback_count: 0
  conflict_count: 0
  dynamic_k_mean/min/max: 5.00/5/5
  nonfinite_cost_count: 0
[DEBUG] SimOTA train batch stats:
  images: 48
  empty_images: 11
  gt_count: 46
  candidate_count_mean/min/max: 114.85/50/425
  positives_total: 228
  positives_per_gt_mean/min/max: 4.96/3/5
  positives_stride8: 25
  positives_stride16: 129
  positives_stride32: 74
  unmatched_gt_count: 0
  fallback_count: 0
  conflict_count: 0
  dynamic_k_mean/min/max: 4.96/3/5
  nonfinite_cost_count: 0
[DEBUG] SimOTA train batch stats:
  images: 48
  empty_images: 7
  gt_count: 48
  candidate_count_mean/min/max: 92.27/60/235
  positives_total: 237
  positives_per_gt_mean/min/max: 4.94/2/5
  positives_stride8: 47
  positives_stride16: 113
  positives_stride32: 77
  unmatched_gt_count: 0
  fallback_count: 0
  conflict_count: 1
  dynamic_k_mean/min/max: 4.96/3/5
  nonfinite_cost_count: 0
[INFO] epoch summary | train loss=0.6780 obj=0.0007 box=0.1355 pos=256.64 | val loss=0.8747 map50=0.9070 map5095=0.6812 P=0.9207 R=0.8480 F1=0.8829
[INFO] val extras | mean_iou=0.8795 center_err_px(mean/med/p95)=2.31/1.66/5.62 center_err_norm_diag(mean/med/p95)=0.0029/0.0021/0.0070 fp/img=0.0725 small/med/large recall=0.7554/0.8610/0.9349 counts=233/223/215
[INFO] saved per-epoch checkpoint: /mnt/core/MLonMCU_proj/software/ball_detection/runs/20260527-233822-smallimg_size_v2_widthmult075_pruned_30/checkpoints/023_epoch.pt
[INFO] early stopping status: bad_epochs=4/30
[INFO] epoch 24/150 start | lr=0.000943159
[DEBUG] SimOTA train batch stats:
  images: 48
  empty_images: 10
  gt_count: 48
  candidate_count_mean/min/max: 99.00/45/335
  positives_total: 240
  positives_per_gt_mean/min/max: 5.00/5/5
  positives_stride8: 52
  positives_stride16: 129
  positives_stride32: 59
  unmatched_gt_count: 0
  fallback_count: 0
  conflict_count: 0
  dynamic_k_mean/min/max: 5.00/5/5
  nonfinite_cost_count: 0
[DEBUG] SimOTA train batch stats:
  images: 48
  empty_images: 8
  gt_count: 53
  candidate_count_mean/min/max: 97.09/50/256
  positives_total: 262
  positives_per_gt_mean/min/max: 4.94/3/5
  positives_stride8: 50
  positives_stride16: 142
  positives_stride32: 70
  unmatched_gt_count: 0
  fallback_count: 0
  conflict_count: 0
  dynamic_k_mean/min/max: 4.94/3/5
  nonfinite_cost_count: 0
[DEBUG] SimOTA train batch stats:
  images: 48
  empty_images: 10
  gt_count: 53
  candidate_count_mean/min/max: 96.23/60/232
  positives_total: 265
  positives_per_gt_mean/min/max: 5.00/5/5
  positives_stride8: 50
  positives_stride16: 140
  positives_stride32: 75
  unmatched_gt_count: 0
  fallback_count: 0
  conflict_count: 0
  dynamic_k_mean/min/max: 5.00/5/5
  nonfinite_cost_count: 0
[DEBUG] SimOTA train batch stats:
  images: 48
  empty_images: 5
  gt_count: 58
  candidate_count_mean/min/max: 96.45/42/377
  positives_total: 281
  positives_per_gt_mean/min/max: 4.84/1/5
  positives_stride8: 72
  positives_stride16: 142
  positives_stride32: 67
  unmatched_gt_count: 0
  fallback_count: 0
  conflict_count: 0
  dynamic_k_mean/min/max: 4.84/1/5
  nonfinite_cost_count: 0
[DEBUG] SimOTA val batch stats:
  images: 48
  empty_images: 3
  gt_count: 75
  candidate_count_mean/min/max: 80.29/45/171
  positives_total: 369
  positives_per_gt_mean/min/max: 4.92/4/5
  positives_stride8: 115
  positives_stride16: 158
  positives_stride32: 96
  unmatched_gt_count: 0
  fallback_count: 0
  conflict_count: 0
  dynamic_k_mean/min/max: 4.92/4/5
  nonfinite_cost_count: 0
[INFO] epoch summary | train loss=0.6741 obj=0.0007 box=0.1347 pos=256.46 | val loss=0.8653 map50=0.9106 map5095=0.6923 P=0.9292 R=0.8405 F1=0.8826
[INFO] val extras | mean_iou=0.8807 center_err_px(mean/med/p95)=2.22/1.76/4.84 center_err_norm_diag(mean/med/p95)=0.0028/0.0022/0.0060 fp/img=0.0636 small/med/large recall=0.7468/0.8655/0.9163 counts=233/223/215
[INFO] saved per-epoch checkpoint: /mnt/core/MLonMCU_proj/software/ball_detection/runs/20260527-233822-smallimg_size_v2_widthmult075_pruned_30/checkpoints/024_epoch.pt
[INFO] early stopping status: bad_epochs=5/30
[INFO] epoch 25/150 start | lr=0.000938215
[DEBUG] SimOTA train batch stats:
  images: 48
  empty_images: 6
  gt_count: 53
  candidate_count_mean/min/max: 116.00/50/286
  positives_total: 260
  positives_per_gt_mean/min/max: 4.91/1/5
  positives_stride8: 45
  positives_stride16: 142
  positives_stride32: 73
  unmatched_gt_count: 0
  fallback_count: 0
  conflict_count: 5
  dynamic_k_mean/min/max: 5.00/5/5
  nonfinite_cost_count: 0
[DEBUG] SimOTA train batch stats:
  images: 48
  empty_images: 8
  gt_count: 47
  candidate_count_mean/min/max: 113.89/60/340
  positives_total: 230
  positives_per_gt_mean/min/max: 4.89/2/5
  positives_stride8: 40
  positives_stride16: 127
  positives_stride32: 63
  unmatched_gt_count: 0
  fallback_count: 0
  conflict_count: 5
  dynamic_k_mean/min/max: 5.00/5/5
  nonfinite_cost_count: 0
[DEBUG] SimOTA train batch stats:
  images: 48
  empty_images: 4
  gt_count: 53
  candidate_count_mean/min/max: 90.74/36/399
  positives_total: 258
  positives_per_gt_mean/min/max: 4.87/1/5
  positives_stride8: 56
  positives_stride16: 135
  positives_stride32: 67
  unmatched_gt_count: 0
  fallback_count: 0
  conflict_count: 0
  dynamic_k_mean/min/max: 4.87/1/5
  nonfinite_cost_count: 0
[DEBUG] SimOTA train batch stats:
  images: 48
  empty_images: 5
  gt_count: 54
  candidate_count_mean/min/max: 107.76/60/403
  positives_total: 269
  positives_per_gt_mean/min/max: 4.98/4/5
  positives_stride8: 48
  positives_stride16: 155
  positives_stride32: 66
  unmatched_gt_count: 0
  fallback_count: 0
  conflict_count: 0
  dynamic_k_mean/min/max: 4.98/4/5
  nonfinite_cost_count: 0
[DEBUG] SimOTA val batch stats:
  images: 48
  empty_images: 4
  gt_count: 48
  candidate_count_mean/min/max: 83.38/41/176
  positives_total: 227
  positives_per_gt_mean/min/max: 4.73/2/5
  positives_stride8: 61
  positives_stride16: 112
  positives_stride32: 54
  unmatched_gt_count: 0
  fallback_count: 0
  conflict_count: 0
  dynamic_k_mean/min/max: 4.73/2/5
  nonfinite_cost_count: 0
[INFO] epoch summary | train loss=0.6846 obj=0.0007 box=0.1368 pos=256.56 | val loss=0.8701 map50=0.9000 map5095=0.6827 P=0.9116 R=0.8301 F1=0.8690
[INFO] val extras | mean_iou=0.8796 center_err_px(mean/med/p95)=2.30/1.84/5.13 center_err_norm_diag(mean/med/p95)=0.0029/0.0023/0.0064 fp/img=0.0799 small/med/large recall=0.7082/0.8565/0.9349 counts=233/223/215
[INFO] saved per-epoch checkpoint: /mnt/core/MLonMCU_proj/software/ball_detection/runs/20260527-233822-smallimg_size_v2_widthmult075_pruned_30/checkpoints/025_epoch.pt
[INFO] early stopping status: bad_epochs=6/30
[INFO] epoch 26/150 start | lr=0.00093308
[DEBUG] SimOTA train batch stats:
  images: 48
  empty_images: 9
  gt_count: 47
  candidate_count_mean/min/max: 94.53/45/300
  positives_total: 235
  positives_per_gt_mean/min/max: 5.00/5/5
  positives_stride8: 47
  positives_stride16: 119
  positives_stride32: 69
  unmatched_gt_count: 0
  fallback_count: 0
  conflict_count: 0
  dynamic_k_mean/min/max: 5.00/5/5
  nonfinite_cost_count: 0
[DEBUG] SimOTA train batch stats:
  images: 48
  empty_images: 8
  gt_count: 57
  candidate_count_mean/min/max: 96.81/50/370
  positives_total: 281
  positives_per_gt_mean/min/max: 4.93/2/5
  positives_stride8: 62
  positives_stride16: 141
  positives_stride32: 78
  unmatched_gt_count: 0
  fallback_count: 0
  conflict_count: 0
  dynamic_k_mean/min/max: 4.93/2/5
  nonfinite_cost_count: 0
[DEBUG] SimOTA train batch stats:
  images: 48
  empty_images: 8
  gt_count: 46
  candidate_count_mean/min/max: 94.65/50/200
  positives_total: 228
  positives_per_gt_mean/min/max: 4.96/3/5
  positives_stride8: 38
  positives_stride16: 126
  positives_stride32: 64
  unmatched_gt_count: 0
  fallback_count: 0
  conflict_count: 0
  dynamic_k_mean/min/max: 4.96/3/5
  nonfinite_cost_count: 0
[DEBUG] SimOTA train batch stats:
  images: 48
  empty_images: 10
  gt_count: 47
  candidate_count_mean/min/max: 124.38/70/575
  positives_total: 230
  positives_per_gt_mean/min/max: 4.89/0/5
  positives_stride8: 39
  positives_stride16: 125
  positives_stride32: 66
  unmatched_gt_count: 1
  fallback_count: 0
  conflict_count: 2
  dynamic_k_mean/min/max: 4.94/2/5
  nonfinite_cost_count: 0
[INFO] epoch summary | train loss=0.6709 obj=0.0007 box=0.1340 pos=256.33 | val loss=0.8719 map50=0.9149 map5095=0.6880 P=0.9333 R=0.8346 F1=0.8812
[INFO] val extras | mean_iou=0.8803 center_err_px(mean/med/p95)=2.31/1.86/5.47 center_err_norm_diag(mean/med/p95)=0.0029/0.0023/0.0068 fp/img=0.0592 small/med/large recall=0.7253/0.8565/0.9302 counts=233/223/215
[INFO] saved per-epoch checkpoint: /mnt/core/MLonMCU_proj/software/ball_detection/runs/20260527-233822-smallimg_size_v2_widthmult075_pruned_30/checkpoints/026_epoch.pt
[INFO] early stopping status: bad_epochs=7/30
[INFO] epoch 27/150 start | lr=0.000927754
[DEBUG] SimOTA train batch stats:
  images: 48
  empty_images: 4
  gt_count: 50
  candidate_count_mean/min/max: 104.02/70/340
  positives_total: 250
  positives_per_gt_mean/min/max: 5.00/5/5
  positives_stride8: 50
  positives_stride16: 132
  positives_stride32: 68
  unmatched_gt_count: 0
  fallback_count: 0
  conflict_count: 0
  dynamic_k_mean/min/max: 5.00/5/5
  nonfinite_cost_count: 0
[DEBUG] SimOTA train batch stats:
  images: 48
  empty_images: 5
  gt_count: 50
  candidate_count_mean/min/max: 107.14/57/285
  positives_total: 250
  positives_per_gt_mean/min/max: 5.00/5/5
  positives_stride8: 40
  positives_stride16: 139
  positives_stride32: 71
  unmatched_gt_count: 0
  fallback_count: 0
  conflict_count: 0
  dynamic_k_mean/min/max: 5.00/5/5
  nonfinite_cost_count: 0
[DEBUG] SimOTA train batch stats:
  images: 48
  empty_images: 4
  gt_count: 50
  candidate_count_mean/min/max: 97.58/47/287
  positives_total: 250
  positives_per_gt_mean/min/max: 5.00/5/5
  positives_stride8: 49
  positives_stride16: 126
  positives_stride32: 75
  unmatched_gt_count: 0
  fallback_count: 0
  conflict_count: 0
  dynamic_k_mean/min/max: 5.00/5/5
  nonfinite_cost_count: 0
[DEBUG] SimOTA train batch stats:
  images: 48
  empty_images: 5
  gt_count: 52
  candidate_count_mean/min/max: 102.37/60/412
  positives_total: 258
  positives_per_gt_mean/min/max: 4.96/3/5
  positives_stride8: 61
  positives_stride16: 130
  positives_stride32: 67
  unmatched_gt_count: 0
  fallback_count: 0
  conflict_count: 0
  dynamic_k_mean/min/max: 4.96/3/5
  nonfinite_cost_count: 0
[DEBUG] SimOTA val batch stats:
  images: 48
  empty_images: 9
  gt_count: 43
  candidate_count_mean/min/max: 70.84/34/85
  positives_total: 214
  positives_per_gt_mean/min/max: 4.98/4/5
  positives_stride8: 72
  positives_stride16: 90
  positives_stride32: 52
  unmatched_gt_count: 0
  fallback_count: 0
  conflict_count: 0
  dynamic_k_mean/min/max: 4.98/4/5
  nonfinite_cost_count: 0
[INFO] epoch summary | train loss=0.6769 obj=0.0007 box=0.1353 pos=256.24 | val loss=0.8552 map50=0.9119 map5095=0.6884 P=0.9391 R=0.8271 F1=0.8796
[INFO] val extras | mean_iou=0.8805 center_err_px(mean/med/p95)=2.46/1.78/5.97 center_err_norm_diag(mean/med/p95)=0.0031/0.0022/0.0075 fp/img=0.0533 small/med/large recall=0.6953/0.8610/0.9349 counts=233/223/215
[INFO] saved per-epoch checkpoint: /mnt/core/MLonMCU_proj/software/ball_detection/runs/20260527-233822-smallimg_size_v2_widthmult075_pruned_30/checkpoints/027_epoch.pt
[INFO] early stopping status: bad_epochs=8/30
[INFO] epoch 28/150 start | lr=0.000922242
[DEBUG] SimOTA train batch stats:
  images: 48
  empty_images: 6
  gt_count: 51
  candidate_count_mean/min/max: 104.04/50/570
  positives_total: 254
  positives_per_gt_mean/min/max: 4.98/4/5
  positives_stride8: 57
  positives_stride16: 127
  positives_stride32: 70
  unmatched_gt_count: 0
  fallback_count: 0
  conflict_count: 0
  dynamic_k_mean/min/max: 4.98/4/5
  nonfinite_cost_count: 0
[DEBUG] SimOTA train batch stats:
  images: 48
  empty_images: 3
  gt_count: 53
  candidate_count_mean/min/max: 102.26/50/377
  positives_total: 265
  positives_per_gt_mean/min/max: 5.00/5/5
  positives_stride8: 54
  positives_stride16: 133
  positives_stride32: 78
  unmatched_gt_count: 0
  fallback_count: 0
  conflict_count: 0
  dynamic_k_mean/min/max: 5.00/5/5
  nonfinite_cost_count: 0
[DEBUG] SimOTA train batch stats:
  images: 48
  empty_images: 8
  gt_count: 55
  candidate_count_mean/min/max: 98.75/57/306
  positives_total: 272
  positives_per_gt_mean/min/max: 4.95/3/5
  positives_stride8: 61
  positives_stride16: 140
  positives_stride32: 71
  unmatched_gt_count: 0
  fallback_count: 0
  conflict_count: 0
  dynamic_k_mean/min/max: 4.95/3/5
  nonfinite_cost_count: 0
[DEBUG] SimOTA train batch stats:
  images: 48
  empty_images: 12
  gt_count: 50
  candidate_count_mean/min/max: 95.92/42/377
  positives_total: 246
  positives_per_gt_mean/min/max: 4.92/1/5
  positives_stride8: 50
  positives_stride16: 120
  positives_stride32: 76
  unmatched_gt_count: 0
  fallback_count: 0
  conflict_count: 0
  dynamic_k_mean/min/max: 4.92/1/5
  nonfinite_cost_count: 0
[DEBUG] SimOTA val batch stats:
  images: 48
  empty_images: 4
  gt_count: 58
  candidate_count_mean/min/max: 102.71/56/314
  positives_total: 286
  positives_per_gt_mean/min/max: 4.93/2/5
  positives_stride8: 56
  positives_stride16: 155
  positives_stride32: 75
  unmatched_gt_count: 0
  fallback_count: 0
  conflict_count: 0
  dynamic_k_mean/min/max: 4.93/2/5
  nonfinite_cost_count: 0
[INFO] epoch summary | train loss=0.6542 obj=0.0007 box=0.1307 pos=257.03 | val loss=0.8724 map50=0.9173 map5095=0.6866 P=0.9389 R=0.8241 F1=0.8778
[INFO] val extras | mean_iou=0.8798 center_err_px(mean/med/p95)=2.42/1.79/5.73 center_err_norm_diag(mean/med/p95)=0.0030/0.0022/0.0072 fp/img=0.0533 small/med/large recall=0.6781/0.8655/0.9395 counts=233/223/215
[INFO] saved per-epoch checkpoint: /mnt/core/MLonMCU_proj/software/ball_detection/runs/20260527-233822-smallimg_size_v2_widthmult075_pruned_30/checkpoints/028_epoch.pt
[INFO] early stopping status: bad_epochs=9/30
[INFO] epoch 29/150 start | lr=0.000916544
[DEBUG] SimOTA train batch stats:
  images: 48
  empty_images: 8
  gt_count: 54
  candidate_count_mean/min/max: 94.80/50/287
  positives_total: 259
  positives_per_gt_mean/min/max: 4.80/0/5
  positives_stride8: 49
  positives_stride16: 131
  positives_stride32: 79
  unmatched_gt_count: 1
  fallback_count: 0
  conflict_count: 2
  dynamic_k_mean/min/max: 4.83/2/5
  nonfinite_cost_count: 0
[DEBUG] SimOTA train batch stats:
  images: 48
  empty_images: 10
  gt_count: 47
  candidate_count_mean/min/max: 92.68/50/236
  positives_total: 235
  positives_per_gt_mean/min/max: 5.00/5/5
  positives_stride8: 51
  positives_stride16: 118
  positives_stride32: 66
  unmatched_gt_count: 0
  fallback_count: 0
  conflict_count: 0
  dynamic_k_mean/min/max: 5.00/5/5
  nonfinite_cost_count: 0
[DEBUG] SimOTA train batch stats:
  images: 48
  empty_images: 6
  gt_count: 53
  candidate_count_mean/min/max: 105.11/36/335
  positives_total: 260
  positives_per_gt_mean/min/max: 4.91/0/5
  positives_stride8: 47
  positives_stride16: 148
  positives_stride32: 65
  unmatched_gt_count: 1
  fallback_count: 0
  conflict_count: 5
  dynamic_k_mean/min/max: 5.00/5/5
  nonfinite_cost_count: 0
[DEBUG] SimOTA train batch stats:
  images: 48
  empty_images: 12
  gt_count: 42
  candidate_count_mean/min/max: 109.93/45/399
  positives_total: 210
  positives_per_gt_mean/min/max: 5.00/5/5
  positives_stride8: 51
  positives_stride16: 112
  positives_stride32: 47
  unmatched_gt_count: 0
  fallback_count: 0
  conflict_count: 0
  dynamic_k_mean/min/max: 5.00/5/5
  nonfinite_cost_count: 0
[INFO] epoch summary | train loss=0.6678 obj=0.0006 box=0.1334 pos=256.24 | val loss=0.8551 map50=0.9097 map5095=0.6857 P=0.9378 R=0.8316 F1=0.8815
[INFO] val extras | mean_iou=0.8802 center_err_px(mean/med/p95)=2.28/1.76/5.65 center_err_norm_diag(mean/med/p95)=0.0028/0.0022/0.0071 fp/img=0.0547 small/med/large recall=0.7124/0.8565/0.9349 counts=233/223/215
[INFO] saved per-epoch checkpoint: /mnt/core/MLonMCU_proj/software/ball_detection/runs/20260527-233822-smallimg_size_v2_widthmult075_pruned_30/checkpoints/029_epoch.pt
[INFO] early stopping status: bad_epochs=10/30
[INFO] epoch 30/150 start | lr=0.000910664
[DEBUG] SimOTA train batch stats:
  images: 48
  empty_images: 3
  gt_count: 53
  candidate_count_mean/min/max: 96.42/45/236
  positives_total: 264
  positives_per_gt_mean/min/max: 4.98/4/5
  positives_stride8: 52
  positives_stride16: 147
  positives_stride32: 65
  unmatched_gt_count: 0
  fallback_count: 0
  conflict_count: 0
  dynamic_k_mean/min/max: 4.98/4/5
  nonfinite_cost_count: 0
[DEBUG] SimOTA train batch stats:
  images: 48
  empty_images: 3
  gt_count: 57
  candidate_count_mean/min/max: 100.75/45/306
  positives_total: 285
  positives_per_gt_mean/min/max: 5.00/5/5
  positives_stride8: 57
  positives_stride16: 158
  positives_stride32: 70
  unmatched_gt_count: 0
  fallback_count: 0
  conflict_count: 0
  dynamic_k_mean/min/max: 5.00/5/5
  nonfinite_cost_count: 0
[DEBUG] SimOTA train batch stats:
  images: 48
  empty_images: 6
  gt_count: 48
  candidate_count_mean/min/max: 100.77/60/285
  positives_total: 240
  positives_per_gt_mean/min/max: 5.00/5/5
  positives_stride8: 50
  positives_stride16: 120
  positives_stride32: 70
  unmatched_gt_count: 0
  fallback_count: 0
  conflict_count: 0
  dynamic_k_mean/min/max: 5.00/5/5
  nonfinite_cost_count: 0
[DEBUG] SimOTA train batch stats:
  images: 48
  empty_images: 7
  gt_count: 52
  candidate_count_mean/min/max: 111.94/42/412
  positives_total: 256
  positives_per_gt_mean/min/max: 4.92/1/5
  positives_stride8: 48
  positives_stride16: 136
  positives_stride32: 72
  unmatched_gt_count: 0
  fallback_count: 0
  conflict_count: 0
  dynamic_k_mean/min/max: 4.92/1/5
  nonfinite_cost_count: 0
[DEBUG] SimOTA val batch stats:
  images: 48
  empty_images: 3
  gt_count: 45
  candidate_count_mean/min/max: 127.73/47/177
  positives_total: 225
  positives_per_gt_mean/min/max: 5.00/5/5
  positives_stride8: 12
  positives_stride16: 146
  positives_stride32: 67
  unmatched_gt_count: 0
  fallback_count: 0
  conflict_count: 0
  dynamic_k_mean/min/max: 5.00/5/5
  nonfinite_cost_count: 0
[INFO] epoch summary | train loss=0.6571 obj=0.0007 box=0.1313 pos=257.19 | val loss=0.8614 map50=0.9144 map5095=0.6924 P=0.9535 R=0.8256 F1=0.8850
[INFO] val extras | mean_iou=0.8819 center_err_px(mean/med/p95)=2.49/1.80/6.18 center_err_norm_diag(mean/med/p95)=0.0031/0.0022/0.0077 fp/img=0.0399 small/med/large recall=0.6781/0.8655/0.9442 counts=233/223/215
[INFO] saved per-epoch checkpoint: /mnt/core/MLonMCU_proj/software/ball_detection/runs/20260527-233822-smallimg_size_v2_widthmult075_pruned_30/checkpoints/030_epoch.pt
[INFO] early stopping status: bad_epochs=11/30
[INFO] epoch 31/150 start | lr=0.000904604
[DEBUG] SimOTA train batch stats:
  images: 48
  empty_images: 6
  gt_count: 46
  candidate_count_mean/min/max: 96.50/60/287
  positives_total: 230
  positives_per_gt_mean/min/max: 5.00/5/5
  positives_stride8: 49
  positives_stride16: 117
  positives_stride32: 64
  unmatched_gt_count: 0
  fallback_count: 0
  conflict_count: 0
  dynamic_k_mean/min/max: 5.00/5/5
  nonfinite_cost_count: 0
[DEBUG] SimOTA train batch stats:
  images: 48
  empty_images: 5
  gt_count: 53
  candidate_count_mean/min/max: 105.55/50/290
  positives_total: 262
  positives_per_gt_mean/min/max: 4.94/3/5
  positives_stride8: 51
  positives_stride16: 145
  positives_stride32: 66
  unmatched_gt_count: 0
  fallback_count: 0
  conflict_count: 0
  dynamic_k_mean/min/max: 4.94/3/5
  nonfinite_cost_count: 0
[DEBUG] SimOTA train batch stats:
  images: 48
  empty_images: 8
  gt_count: 50
  candidate_count_mean/min/max: 110.94/42/570
  positives_total: 245
  positives_per_gt_mean/min/max: 4.90/1/5
  positives_stride8: 48
  positives_stride16: 136
  positives_stride32: 61
  unmatched_gt_count: 0
  fallback_count: 0
  conflict_count: 0
  dynamic_k_mean/min/max: 4.90/1/5
  nonfinite_cost_count: 0
[DEBUG] SimOTA train batch stats:
  images: 48
  empty_images: 10
  gt_count: 46
  candidate_count_mean/min/max: 100.20/50/212
  positives_total: 225
  positives_per_gt_mean/min/max: 4.89/0/5
  positives_stride8: 45
  positives_stride16: 122
  positives_stride32: 58
  unmatched_gt_count: 1
  fallback_count: 0
  conflict_count: 5
  dynamic_k_mean/min/max: 5.00/5/5
  nonfinite_cost_count: 0
[DEBUG] SimOTA val batch stats:
  images: 48
  empty_images: 6
  gt_count: 52
  candidate_count_mean/min/max: 96.88/38/284
  positives_total: 250
  positives_per_gt_mean/min/max: 4.81/0/5
  positives_stride8: 63
  positives_stride16: 125
  positives_stride32: 62
  unmatched_gt_count: 1
  fallback_count: 0
  conflict_count: 4
  dynamic_k_mean/min/max: 4.88/2/5
  nonfinite_cost_count: 0
[INFO] epoch summary | train loss=0.6553 obj=0.0006 box=0.1309 pos=256.21 | val loss=0.8688 map50=0.9097 map5095=0.6875 P=0.9257 R=0.8167 F1=0.8678
[INFO] val extras | mean_iou=0.8812 center_err_px(mean/med/p95)=2.41/1.83/5.60 center_err_norm_diag(mean/med/p95)=0.0030/0.0023/0.0070 fp/img=0.0651 small/med/large recall=0.6567/0.8610/0.9442 counts=233/223/215
[INFO] saved per-epoch checkpoint: /mnt/core/MLonMCU_proj/software/ball_detection/runs/20260527-233822-smallimg_size_v2_widthmult075_pruned_30/checkpoints/031_epoch.pt
[INFO] early stopping status: bad_epochs=12/30
[INFO] epoch 32/150 start | lr=0.000898367
[DEBUG] SimOTA train batch stats:
  images: 48
  empty_images: 9
  gt_count: 50
  candidate_count_mean/min/max: 85.24/50/165
  positives_total: 248
  positives_per_gt_mean/min/max: 4.96/4/5
  positives_stride8: 65
  positives_stride16: 118
  positives_stride32: 65
  unmatched_gt_count: 0
  fallback_count: 0
  conflict_count: 0
  dynamic_k_mean/min/max: 4.96/4/5
  nonfinite_cost_count: 0
[DEBUG] SimOTA train batch stats:
  images: 48
  empty_images: 6
  gt_count: 53
  candidate_count_mean/min/max: 93.13/36/330
  positives_total: 265
  positives_per_gt_mean/min/max: 5.00/5/5
  positives_stride8: 48
  positives_stride16: 134
  positives_stride32: 83
  unmatched_gt_count: 0
  fallback_count: 0
  conflict_count: 0
  dynamic_k_mean/min/max: 5.00/5/5
  nonfinite_cost_count: 0
[DEBUG] SimOTA train batch stats:
  images: 48
  empty_images: 8
  gt_count: 53
  candidate_count_mean/min/max: 96.47/45/244
  positives_total: 265
  positives_per_gt_mean/min/max: 5.00/5/5
  positives_stride8: 62
  positives_stride16: 129
  positives_stride32: 74
  unmatched_gt_count: 0
  fallback_count: 0
  conflict_count: 0
  dynamic_k_mean/min/max: 5.00/5/5
  nonfinite_cost_count: 0
[DEBUG] SimOTA train batch stats:
  images: 48
  empty_images: 7
  gt_count: 48
  candidate_count_mean/min/max: 88.65/45/188
  positives_total: 236
  positives_per_gt_mean/min/max: 4.92/3/5
  positives_stride8: 50
  positives_stride16: 119
  positives_stride32: 67
  unmatched_gt_count: 0
  fallback_count: 0
  conflict_count: 0
  dynamic_k_mean/min/max: 4.92/3/5
  nonfinite_cost_count: 0
[INFO] epoch summary | train loss=0.6675 obj=0.0007 box=0.1334 pos=257.24 | val loss=0.9007 map50=0.8947 map5095=0.6586 P=0.9394 R=0.8092 F1=0.8695
[INFO] val extras | mean_iou=0.8759 center_err_px(mean/med/p95)=2.31/1.84/5.50 center_err_norm_diag(mean/med/p95)=0.0029/0.0023/0.0069 fp/img=0.0518 small/med/large recall=0.7253/0.8386/0.8698 counts=233/223/215
[INFO] saved per-epoch checkpoint: /mnt/core/MLonMCU_proj/software/ball_detection/runs/20260527-233822-smallimg_size_v2_widthmult075_pruned_30/checkpoints/032_epoch.pt
[INFO] early stopping status: bad_epochs=13/30
[INFO] epoch 33/150 start | lr=0.000891955
[DEBUG] SimOTA train batch stats:
  images: 48
  empty_images: 6
  gt_count: 51
  candidate_count_mean/min/max: 111.67/70/420
  positives_total: 253
  positives_per_gt_mean/min/max: 4.96/3/5
  positives_stride8: 48
  positives_stride16: 136
  positives_stride32: 69
  unmatched_gt_count: 0
  fallback_count: 0
  conflict_count: 0
  dynamic_k_mean/min/max: 4.96/3/5
  nonfinite_cost_count: 0
[DEBUG] SimOTA train batch stats:
  images: 48
  empty_images: 5
  gt_count: 53
  candidate_count_mean/min/max: 99.04/36/451
  positives_total: 265
  positives_per_gt_mean/min/max: 5.00/5/5
  positives_stride8: 63
  positives_stride16: 129
  positives_stride32: 73
  unmatched_gt_count: 0
  fallback_count: 0
  conflict_count: 0
  dynamic_k_mean/min/max: 5.00/5/5
  nonfinite_cost_count: 0
[DEBUG] SimOTA train batch stats:
  images: 48
  empty_images: 4
  gt_count: 58
  candidate_count_mean/min/max: 95.34/47/306
  positives_total: 286
  positives_per_gt_mean/min/max: 4.93/2/5
  positives_stride8: 64
  positives_stride16: 138
  positives_stride32: 84
  unmatched_gt_count: 0
  fallback_count: 0
  conflict_count: 4
  dynamic_k_mean/min/max: 5.00/5/5
  nonfinite_cost_count: 0
[DEBUG] SimOTA train batch stats:
  images: 48
  empty_images: 4
  gt_count: 55
  candidate_count_mean/min/max: 102.76/50/369
  positives_total: 272
  positives_per_gt_mean/min/max: 4.95/3/5
  positives_stride8: 60
  positives_stride16: 140
  positives_stride32: 72
  unmatched_gt_count: 0
  fallback_count: 0
  conflict_count: 2
  dynamic_k_mean/min/max: 4.98/4/5
  nonfinite_cost_count: 0
[DEBUG] SimOTA val batch stats:
  images: 48
  empty_images: 12
  gt_count: 51
  candidate_count_mean/min/max: 77.57/45/150
  positives_total: 252
  positives_per_gt_mean/min/max: 4.94/3/5
  positives_stride8: 71
  positives_stride16: 110
  positives_stride32: 71
  unmatched_gt_count: 0
  fallback_count: 0
  conflict_count: 0
  dynamic_k_mean/min/max: 4.94/3/5
  nonfinite_cost_count: 0
[INFO] epoch summary | train loss=0.6597 obj=0.0007 box=0.1318 pos=256.71 | val loss=0.8581 map50=0.9205 map5095=0.6985 P=0.9480 R=0.8420 F1=0.8919
[INFO] val extras | mean_iou=0.8798 center_err_px(mean/med/p95)=2.30/1.73/5.70 center_err_norm_diag(mean/med/p95)=0.0029/0.0022/0.0071 fp/img=0.0459 small/med/large recall=0.7253/0.8655/0.9442 counts=233/223/215
[INFO] saved per-epoch checkpoint: /mnt/core/MLonMCU_proj/software/ball_detection/runs/20260527-233822-smallimg_size_v2_widthmult075_pruned_30/checkpoints/033_epoch.pt
[INFO] new best checkpoint at epoch 33: /mnt/core/MLonMCU_proj/software/ball_detection/runs/20260527-233822-smallimg_size_v2_widthmult075_pruned_30/checkpoints/best.pt
[INFO] epoch 34/150 start | lr=0.000885371
[DEBUG] SimOTA train batch stats:
  images: 48
  empty_images: 10
  gt_count: 48
  candidate_count_mean/min/max: 100.35/50/420
  positives_total: 234
  positives_per_gt_mean/min/max: 4.88/2/5
  positives_stride8: 61
  positives_stride16: 113
  positives_stride32: 60
  unmatched_gt_count: 0
  fallback_count: 0
  conflict_count: 0
  dynamic_k_mean/min/max: 4.88/2/5
  nonfinite_cost_count: 0
[DEBUG] SimOTA train batch stats:
  images: 48
  empty_images: 9
  gt_count: 53
  candidate_count_mean/min/max: 96.89/50/265
  positives_total: 253
  positives_per_gt_mean/min/max: 4.77/1/5
  positives_stride8: 57
  positives_stride16: 125
  positives_stride32: 71
  unmatched_gt_count: 0
  fallback_count: 0
  conflict_count: 5
  dynamic_k_mean/min/max: 4.87/1/5
  nonfinite_cost_count: 0
[DEBUG] SimOTA train batch stats:
  images: 48
  empty_images: 4
  gt_count: 58
  candidate_count_mean/min/max: 92.78/50/188
  positives_total: 290
  positives_per_gt_mean/min/max: 5.00/5/5
  positives_stride8: 62
  positives_stride16: 140
  positives_stride32: 88
  unmatched_gt_count: 0
  fallback_count: 0
  conflict_count: 0
  dynamic_k_mean/min/max: 5.00/5/5
  nonfinite_cost_count: 0
[DEBUG] SimOTA train batch stats:
  images: 48
  empty_images: 8
  gt_count: 55
  candidate_count_mean/min/max: 87.67/42/272
  positives_total: 269
  positives_per_gt_mean/min/max: 4.89/1/5
  positives_stride8: 71
  positives_stride16: 130
  positives_stride32: 68
  unmatched_gt_count: 0
  fallback_count: 0
  conflict_count: 0
  dynamic_k_mean/min/max: 4.89/1/5
  nonfinite_cost_count: 0
[DEBUG] SimOTA val batch stats:
  images: 48
  empty_images: 6
  gt_count: 44
  candidate_count_mean/min/max: 108.43/75/300
  positives_total: 220
  positives_per_gt_mean/min/max: 5.00/5/5
  positives_stride8: 28
  positives_stride16: 125
  positives_stride32: 67
  unmatched_gt_count: 0
  fallback_count: 0
  conflict_count: 0
  dynamic_k_mean/min/max: 5.00/5/5
  nonfinite_cost_count: 0
[INFO] epoch summary | train loss=0.6560 obj=0.0006 box=0.1311 pos=255.87 | val loss=0.8643 map50=0.9166 map5095=0.6948 P=0.9272 R=0.8539 F1=0.8891
[INFO] val extras | mean_iou=0.8785 center_err_px(mean/med/p95)=2.38/1.76/5.72 center_err_norm_diag(mean/med/p95)=0.0030/0.0022/0.0072 fp/img=0.0666 small/med/large recall=0.7597/0.8655/0.9442 counts=233/223/215
[INFO] saved per-epoch checkpoint: /mnt/core/MLonMCU_proj/software/ball_detection/runs/20260527-233822-smallimg_size_v2_widthmult075_pruned_30/checkpoints/034_epoch.pt
[INFO] early stopping status: bad_epochs=1/30
[INFO] epoch 35/150 start | lr=0.000878619
[DEBUG] SimOTA train batch stats:
  images: 48
  empty_images: 3
  gt_count: 59
  candidate_count_mean/min/max: 94.83/50/306
  positives_total: 287
  positives_per_gt_mean/min/max: 4.86/0/5
  positives_stride8: 52
  positives_stride16: 149
  positives_stride32: 86
  unmatched_gt_count: 1
  fallback_count: 0
  conflict_count: 2
  dynamic_k_mean/min/max: 4.90/2/5
  nonfinite_cost_count: 0
[DEBUG] SimOTA train batch stats:
  images: 48
  empty_images: 9
  gt_count: 49
  candidate_count_mean/min/max: 113.84/45/399
  positives_total: 245
  positives_per_gt_mean/min/max: 5.00/5/5
  positives_stride8: 40
  positives_stride16: 128
  positives_stride32: 77
  unmatched_gt_count: 0
  fallback_count: 0
  conflict_count: 0
  dynamic_k_mean/min/max: 5.00/5/5
  nonfinite_cost_count: 0
[DEBUG] SimOTA train batch stats:
  images: 48
  empty_images: 10
  gt_count: 46
  candidate_count_mean/min/max: 102.02/45/575
  positives_total: 230
  positives_per_gt_mean/min/max: 5.00/5/5
  positives_stride8: 46
  positives_stride16: 118
  positives_stride32: 66
  unmatched_gt_count: 0
  fallback_count: 0
  conflict_count: 0
  dynamic_k_mean/min/max: 5.00/5/5
  nonfinite_cost_count: 0
[DEBUG] SimOTA train batch stats:
  images: 48
  empty_images: 7
  gt_count: 52
  candidate_count_mean/min/max: 109.69/60/451
  positives_total: 260
  positives_per_gt_mean/min/max: 5.00/5/5
  positives_stride8: 49
  positives_stride16: 145
  positives_stride32: 66
  unmatched_gt_count: 0
  fallback_count: 0
  conflict_count: 0
  dynamic_k_mean/min/max: 5.00/5/5
  nonfinite_cost_count: 0
[INFO] epoch summary | train loss=0.6528 obj=0.0006 box=0.1304 pos=257.33 | val loss=0.8576 map50=0.9150 map5095=0.6872 P=0.9291 R=0.8599 F1=0.8932
[INFO] val extras | mean_iou=0.8783 center_err_px(mean/med/p95)=2.32/1.72/5.94 center_err_norm_diag(mean/med/p95)=0.0029/0.0022/0.0074 fp/img=0.0651 small/med/large recall=0.7768/0.8700/0.9395 counts=233/223/215
[INFO] saved per-epoch checkpoint: /mnt/core/MLonMCU_proj/software/ball_detection/runs/20260527-233822-smallimg_size_v2_widthmult075_pruned_30/checkpoints/035_epoch.pt
[INFO] early stopping status: bad_epochs=2/30
[INFO] epoch 36/150 start | lr=0.000871701
[DEBUG] SimOTA train batch stats:
  images: 48
  empty_images: 8
  gt_count: 47
  candidate_count_mean/min/max: 99.79/47/215
  positives_total: 230
  positives_per_gt_mean/min/max: 4.89/0/5
  positives_stride8: 47
  positives_stride16: 123
  positives_stride32: 60
  unmatched_gt_count: 1
  fallback_count: 0
  conflict_count: 2
  dynamic_k_mean/min/max: 4.94/2/5
  nonfinite_cost_count: 0
[DEBUG] SimOTA train batch stats:
  images: 48
  empty_images: 6
  gt_count: 50
  candidate_count_mean/min/max: 93.28/66/177
  positives_total: 250
  positives_per_gt_mean/min/max: 5.00/5/5
  positives_stride8: 50
  positives_stride16: 128
  positives_stride32: 72
  unmatched_gt_count: 0
  fallback_count: 0
  conflict_count: 0
  dynamic_k_mean/min/max: 5.00/5/5
  nonfinite_cost_count: 0
[DEBUG] SimOTA train batch stats:
  images: 48
  empty_images: 4
  gt_count: 60
  candidate_count_mean/min/max: 94.43/42/280
  positives_total: 281
  positives_per_gt_mean/min/max: 4.68/1/5
  positives_stride8: 58
  positives_stride16: 145
  positives_stride32: 78
  unmatched_gt_count: 0
  fallback_count: 0
  conflict_count: 15
  dynamic_k_mean/min/max: 4.93/1/5
  nonfinite_cost_count: 0
[DEBUG] SimOTA train batch stats:
  images: 48
  empty_images: 9
  gt_count: 47
  candidate_count_mean/min/max: 109.19/50/340
  positives_total: 235
  positives_per_gt_mean/min/max: 5.00/5/5
  positives_stride8: 38
  positives_stride16: 126
  positives_stride32: 71
  unmatched_gt_count: 0
  fallback_count: 0
  conflict_count: 0
  dynamic_k_mean/min/max: 5.00/5/5
  nonfinite_cost_count: 0
[DEBUG] SimOTA val batch stats:
  images: 48
  empty_images: 15
  gt_count: 37
  candidate_count_mean/min/max: 113.57/50/165
  positives_total: 180
  positives_per_gt_mean/min/max: 4.86/0/5
  positives_stride8: 21
  positives_stride16: 100
  positives_stride32: 59
  unmatched_gt_count: 1
  fallback_count: 0
  conflict_count: 5
  dynamic_k_mean/min/max: 5.00/5/5
  nonfinite_cost_count: 0
[INFO] epoch summary | train loss=0.6534 obj=0.0006 box=0.1306 pos=257.05 | val loss=0.8571 map50=0.9249 map5095=0.6897 P=0.9119 R=0.8644 F1=0.8875
[INFO] val extras | mean_iou=0.8761 center_err_px(mean/med/p95)=2.28/1.67/5.70 center_err_norm_diag(mean/med/p95)=0.0029/0.0021/0.0071 fp/img=0.0828 small/med/large recall=0.7897/0.8700/0.9395 counts=233/223/215
[INFO] saved per-epoch checkpoint: /mnt/core/MLonMCU_proj/software/ball_detection/runs/20260527-233822-smallimg_size_v2_widthmult075_pruned_30/checkpoints/036_epoch.pt
[INFO] early stopping status: bad_epochs=3/30
[INFO] epoch 37/150 start | lr=0.00086462
[DEBUG] SimOTA train batch stats:
  images: 48
  empty_images: 10
  gt_count: 46
  candidate_count_mean/min/max: 104.78/53/370
  positives_total: 230
  positives_per_gt_mean/min/max: 5.00/5/5
  positives_stride8: 29
  positives_stride16: 129
  positives_stride32: 72
  unmatched_gt_count: 0
  fallback_count: 0
  conflict_count: 0
  dynamic_k_mean/min/max: 5.00/5/5
  nonfinite_cost_count: 0
[DEBUG] SimOTA train batch stats:
  images: 48
  empty_images: 5
  gt_count: 63
  candidate_count_mean/min/max: 94.73/45/425
  positives_total: 299
  positives_per_gt_mean/min/max: 4.75/0/5
  positives_stride8: 79
  positives_stride16: 142
  positives_stride32: 78
  unmatched_gt_count: 2
  fallback_count: 0
  conflict_count: 15
  dynamic_k_mean/min/max: 4.98/4/5
  nonfinite_cost_count: 0
[DEBUG] SimOTA train batch stats:
  images: 48
  empty_images: 2
  gt_count: 59
  candidate_count_mean/min/max: 94.12/36/270
  positives_total: 292
  positives_per_gt_mean/min/max: 4.95/3/5
  positives_stride8: 58
  positives_stride16: 151
  positives_stride32: 83
  unmatched_gt_count: 0
  fallback_count: 0
  conflict_count: 0
  dynamic_k_mean/min/max: 4.95/3/5
  nonfinite_cost_count: 0
[DEBUG] SimOTA train batch stats:
  images: 48
  empty_images: 8
  gt_count: 47
  candidate_count_mean/min/max: 100.74/60/575
  positives_total: 235
  positives_per_gt_mean/min/max: 5.00/5/5
  positives_stride8: 52
  positives_stride16: 117
  positives_stride32: 66
  unmatched_gt_count: 0
  fallback_count: 0
  conflict_count: 0
  dynamic_k_mean/min/max: 5.00/5/5
  nonfinite_cost_count: 0
[DEBUG] SimOTA val batch stats:
  images: 48
  empty_images: 3
  gt_count: 62
  candidate_count_mean/min/max: 123.18/60/363
  positives_total: 304
  positives_per_gt_mean/min/max: 4.90/2/5
  positives_stride8: 52
  positives_stride16: 186
  positives_stride32: 66
  unmatched_gt_count: 0
  fallback_count: 0
  conflict_count: 1
  dynamic_k_mean/min/max: 4.92/3/5
  nonfinite_cost_count: 0
[INFO] epoch summary | train loss=0.6563 obj=0.0006 box=0.1311 pos=255.85 | val loss=0.8512 map50=0.9024 map5095=0.6838 P=0.9247 R=0.8420 F1=0.8814
[INFO] val extras | mean_iou=0.8788 center_err_px(mean/med/p95)=2.39/1.86/5.71 center_err_norm_diag(mean/med/p95)=0.0030/0.0023/0.0071 fp/img=0.0680 small/med/large recall=0.7339/0.8610/0.9395 counts=233/223/215
[INFO] saved per-epoch checkpoint: /mnt/core/MLonMCU_proj/software/ball_detection/runs/20260527-233822-smallimg_size_v2_widthmult075_pruned_30/checkpoints/037_epoch.pt
[INFO] early stopping status: bad_epochs=4/30
[INFO] epoch 38/150 start | lr=0.000857379
[DEBUG] SimOTA train batch stats:
  images: 48
  empty_images: 1
  gt_count: 66
  candidate_count_mean/min/max: 90.88/50/200
  positives_total: 316
  positives_per_gt_mean/min/max: 4.79/0/5
  positives_stride8: 80
  positives_stride16: 153
  positives_stride32: 83
  unmatched_gt_count: 1
  fallback_count: 0
  conflict_count: 14
  dynamic_k_mean/min/max: 5.00/5/5
  nonfinite_cost_count: 0
[DEBUG] SimOTA train batch stats:
  images: 48
  empty_images: 3
  gt_count: 55
  candidate_count_mean/min/max: 91.91/41/243
  positives_total: 272
  positives_per_gt_mean/min/max: 4.95/3/5
  positives_stride8: 51
  positives_stride16: 147
  positives_stride32: 74
  unmatched_gt_count: 0
  fallback_count: 0
  conflict_count: 0
  dynamic_k_mean/min/max: 4.95/3/5
  nonfinite_cost_count: 0
[DEBUG] SimOTA train batch stats:
  images: 48
  empty_images: 9
  gt_count: 51
  candidate_count_mean/min/max: 100.65/50/251
  positives_total: 255
  positives_per_gt_mean/min/max: 5.00/5/5
  positives_stride8: 48
  positives_stride16: 138
  positives_stride32: 69
  unmatched_gt_count: 0
  fallback_count: 0
  conflict_count: 0
  dynamic_k_mean/min/max: 5.00/5/5
  nonfinite_cost_count: 0
[DEBUG] SimOTA val batch stats:
  images: 48
  empty_images: 14
  gt_count: 34
  candidate_count_mean/min/max: 127.94/47/182
  positives_total: 170
  positives_per_gt_mean/min/max: 5.00/5/5
  positives_stride8: 10
  positives_stride16: 106
  positives_stride32: 54
  unmatched_gt_count: 0
  fallback_count: 0
  conflict_count: 0
  dynamic_k_mean/min/max: 5.00/5/5
  nonfinite_cost_count: 0
[INFO] epoch summary | train loss=0.6524 obj=0.0006 box=0.1303 pos=257.71 | val loss=0.8551 map50=0.9196 map5095=0.6937 P=0.9441 R=0.8301 F1=0.8834
[INFO] val extras | mean_iou=0.8819 center_err_px(mean/med/p95)=2.34/1.74/5.91 center_err_norm_diag(mean/med/p95)=0.0029/0.0022/0.0074 fp/img=0.0488 small/med/large recall=0.6996/0.8655/0.9349 counts=233/223/215
[INFO] saved per-epoch checkpoint: /mnt/core/MLonMCU_proj/software/ball_detection/runs/20260527-233822-smallimg_size_v2_widthmult075_pruned_30/checkpoints/038_epoch.pt
[INFO] early stopping status: bad_epochs=5/30
[INFO] epoch 39/150 start | lr=0.000849982
[DEBUG] SimOTA train batch stats:
  images: 48
  empty_images: 6
  gt_count: 47
  candidate_count_mean/min/max: 92.17/36/232
  positives_total: 235
  positives_per_gt_mean/min/max: 5.00/5/5
  positives_stride8: 53
  positives_stride16: 120
  positives_stride32: 62
  unmatched_gt_count: 0
  fallback_count: 0
  conflict_count: 0
  dynamic_k_mean/min/max: 5.00/5/5
  nonfinite_cost_count: 0
[DEBUG] SimOTA train batch stats:
  images: 48
  empty_images: 5
  gt_count: 52
  candidate_count_mean/min/max: 109.65/50/340
  positives_total: 249
  positives_per_gt_mean/min/max: 4.79/1/5
  positives_stride8: 44
  positives_stride16: 130
  positives_stride32: 75
  unmatched_gt_count: 0
  fallback_count: 0
  conflict_count: 10
  dynamic_k_mean/min/max: 4.98/4/5
  nonfinite_cost_count: 0
[DEBUG] SimOTA train batch stats:
  images: 48
  empty_images: 8
  gt_count: 51
  candidate_count_mean/min/max: 101.37/42/277
  positives_total: 251
  positives_per_gt_mean/min/max: 4.92/1/5
  positives_stride8: 53
  positives_stride16: 126
  positives_stride32: 72
  unmatched_gt_count: 0
  fallback_count: 0
  conflict_count: 0
  dynamic_k_mean/min/max: 4.92/1/5
  nonfinite_cost_count: 0
[DEBUG] SimOTA train batch stats:
  images: 48
  empty_images: 4
  gt_count: 54
  candidate_count_mean/min/max: 99.59/45/377
  positives_total: 270
  positives_per_gt_mean/min/max: 5.00/5/5
  positives_stride8: 58
  positives_stride16: 133
  positives_stride32: 79
  unmatched_gt_count: 0
  fallback_count: 0
  conflict_count: 0
  dynamic_k_mean/min/max: 5.00/5/5
  nonfinite_cost_count: 0
[DEBUG] SimOTA val batch stats:
  images: 48
  empty_images: 13
  gt_count: 35
  candidate_count_mean/min/max: 92.60/57/170
  positives_total: 164
  positives_per_gt_mean/min/max: 4.69/1/5
  positives_stride8: 43
  positives_stride16: 72
  positives_stride32: 49
  unmatched_gt_count: 0
  fallback_count: 0
  conflict_count: 0
  dynamic_k_mean/min/max: 4.69/1/5
  nonfinite_cost_count: 0
[INFO] epoch summary | train loss=0.6469 obj=0.0006 box=0.1293 pos=257.23 | val loss=0.8597 map50=0.9139 map5095=0.6739 P=0.9132 R=0.8629 F1=0.8874
[INFO] val extras | mean_iou=0.8714 center_err_px(mean/med/p95)=2.44/1.91/5.61 center_err_norm_diag(mean/med/p95)=0.0031/0.0024/0.0070 fp/img=0.0814 small/med/large recall=0.8069/0.8789/0.9070 counts=233/223/215
[INFO] saved per-epoch checkpoint: /mnt/core/MLonMCU_proj/software/ball_detection/runs/20260527-233822-smallimg_size_v2_widthmult075_pruned_30/checkpoints/039_epoch.pt
[INFO] early stopping status: bad_epochs=6/30
[INFO] epoch 40/150 start | lr=0.000842431
[DEBUG] SimOTA train batch stats:
  images: 48
  empty_images: 5
  gt_count: 49
  candidate_count_mean/min/max: 116.22/36/370
  positives_total: 243
  positives_per_gt_mean/min/max: 4.96/3/5
  positives_stride8: 38
  positives_stride16: 141
  positives_stride32: 64
  unmatched_gt_count: 0
  fallback_count: 0
  conflict_count: 0
  dynamic_k_mean/min/max: 4.96/3/5
  nonfinite_cost_count: 0
[DEBUG] SimOTA train batch stats:
  images: 48
  empty_images: 9
  gt_count: 49
  candidate_count_mean/min/max: 96.80/36/286
  positives_total: 243
  positives_per_gt_mean/min/max: 4.96/4/5
  positives_stride8: 51
  positives_stride16: 125
  positives_stride32: 67
  unmatched_gt_count: 0
  fallback_count: 0
  conflict_count: 0
  dynamic_k_mean/min/max: 4.96/4/5
  nonfinite_cost_count: 0
[DEBUG] SimOTA train batch stats:
  images: 48
  empty_images: 5
  gt_count: 58
  candidate_count_mean/min/max: 101.84/50/335
  positives_total: 290
  positives_per_gt_mean/min/max: 5.00/5/5
  positives_stride8: 57
  positives_stride16: 153
  positives_stride32: 80
  unmatched_gt_count: 0
  fallback_count: 0
  conflict_count: 0
  dynamic_k_mean/min/max: 5.00/5/5
  nonfinite_cost_count: 0
[DEBUG] SimOTA train batch stats:
  images: 48
  empty_images: 7
  gt_count: 56
  candidate_count_mean/min/max: 102.21/45/368
  positives_total: 280
  positives_per_gt_mean/min/max: 5.00/5/5
  positives_stride8: 65
  positives_stride16: 146
  positives_stride32: 69
  unmatched_gt_count: 0
  fallback_count: 0
  conflict_count: 0
  dynamic_k_mean/min/max: 5.00/5/5
  nonfinite_cost_count: 0
[DEBUG] SimOTA val batch stats:
  images: 4
  empty_images: 2
  gt_count: 3
  candidate_count_mean/min/max: 81.33/75/94
  positives_total: 15
  positives_per_gt_mean/min/max: 5.00/5/5
  positives_stride8: 3
  positives_stride16: 7
  positives_stride32: 5
  unmatched_gt_count: 0
  fallback_count: 0
  conflict_count: 0
  dynamic_k_mean/min/max: 5.00/5/5
  nonfinite_cost_count: 0
[INFO] epoch summary | train loss=0.6458 obj=0.0006 box=0.1290 pos=256.71 | val loss=0.8498 map50=0.9190 map5095=0.6897 P=0.9346 R=0.8525 F1=0.8917
[INFO] val extras | mean_iou=0.8755 center_err_px(mean/med/p95)=2.40/1.79/5.85 center_err_norm_diag(mean/med/p95)=0.0030/0.0022/0.0073 fp/img=0.0592 small/med/large recall=0.7554/0.8655/0.9442 counts=233/223/215
[INFO] saved per-epoch checkpoint: /mnt/core/MLonMCU_proj/software/ball_detection/runs/20260527-233822-smallimg_size_v2_widthmult075_pruned_30/checkpoints/040_epoch.pt
[INFO] early stopping status: bad_epochs=7/30
[INFO] epoch 41/150 start | lr=0.000834731
[DEBUG] SimOTA train batch stats:
  images: 48
  empty_images: 7
  gt_count: 50
  candidate_count_mean/min/max: 102.68/36/420
  positives_total: 250
  positives_per_gt_mean/min/max: 5.00/5/5
  positives_stride8: 45
  positives_stride16: 131
  positives_stride32: 74
  unmatched_gt_count: 0
  fallback_count: 0
  conflict_count: 0
  dynamic_k_mean/min/max: 5.00/5/5
  nonfinite_cost_count: 0
[DEBUG] SimOTA train batch stats:
  images: 48
  empty_images: 6
  gt_count: 55
  candidate_count_mean/min/max: 98.96/47/305
  positives_total: 275
  positives_per_gt_mean/min/max: 5.00/5/5
  positives_stride8: 60
  positives_stride16: 136
  positives_stride32: 79
  unmatched_gt_count: 0
  fallback_count: 0
  conflict_count: 0
  dynamic_k_mean/min/max: 5.00/5/5
  nonfinite_cost_count: 0
[DEBUG] SimOTA train batch stats:
  images: 48
  empty_images: 4
  gt_count: 56
  candidate_count_mean/min/max: 98.32/42/299
  positives_total: 274
  positives_per_gt_mean/min/max: 4.89/1/5
  positives_stride8: 54
  positives_stride16: 142
  positives_stride32: 78
  unmatched_gt_count: 0
  fallback_count: 0
  conflict_count: 0
  dynamic_k_mean/min/max: 4.89/1/5
  nonfinite_cost_count: 0
[DEBUG] SimOTA val batch stats:
  images: 48
  empty_images: 1
  gt_count: 47
  candidate_count_mean/min/max: 116.66/64/176
  positives_total: 235
  positives_per_gt_mean/min/max: 5.00/5/5
  positives_stride8: 37
  positives_stride16: 120
  positives_stride32: 78
  unmatched_gt_count: 0
  fallback_count: 0
  conflict_count: 0
  dynamic_k_mean/min/max: 5.00/5/5
  nonfinite_cost_count: 0
[INFO] epoch summary | train loss=0.6417 obj=0.0006 box=0.1282 pos=256.65 | val loss=0.8467 map50=0.9126 map5095=0.6912 P=0.9088 R=0.8614 F1=0.8845
[INFO] val extras | mean_iou=0.8795 center_err_px(mean/med/p95)=2.35/1.73/5.83 center_err_norm_diag(mean/med/p95)=0.0029/0.0022/0.0073 fp/img=0.0858 small/med/large recall=0.7768/0.8700/0.9442 counts=233/223/215
[INFO] saved per-epoch checkpoint: /mnt/core/MLonMCU_proj/software/ball_detection/runs/20260527-233822-smallimg_size_v2_widthmult075_pruned_30/checkpoints/041_epoch.pt
[INFO] early stopping status: bad_epochs=8/30
[INFO] epoch 42/150 start | lr=0.000826884
[DEBUG] SimOTA train batch stats:
  images: 48
  empty_images: 9
  gt_count: 48
  candidate_count_mean/min/max: 93.31/65/179
  positives_total: 238
  positives_per_gt_mean/min/max: 4.96/3/5
  positives_stride8: 43
  positives_stride16: 126
  positives_stride32: 69
  unmatched_gt_count: 0
  fallback_count: 0
  conflict_count: 0
  dynamic_k_mean/min/max: 4.96/3/5
  nonfinite_cost_count: 0
[DEBUG] SimOTA train batch stats:
  images: 48
  empty_images: 8
  gt_count: 50
  candidate_count_mean/min/max: 101.96/42/273
  positives_total: 246
  positives_per_gt_mean/min/max: 4.92/1/5
  positives_stride8: 49
  positives_stride16: 126
  positives_stride32: 71
  unmatched_gt_count: 0
  fallback_count: 0
  conflict_count: 0
  dynamic_k_mean/min/max: 4.92/1/5
  nonfinite_cost_count: 0
[DEBUG] SimOTA train batch stats:
  images: 48
  empty_images: 12
  gt_count: 40
  candidate_count_mean/min/max: 112.58/36/368
  positives_total: 200
  positives_per_gt_mean/min/max: 5.00/5/5
  positives_stride8: 29
  positives_stride16: 108
  positives_stride32: 63
  unmatched_gt_count: 0
  fallback_count: 0
  conflict_count: 0
  dynamic_k_mean/min/max: 5.00/5/5
  nonfinite_cost_count: 0
[DEBUG] SimOTA train batch stats:
  images: 48
  empty_images: 6
  gt_count: 53
  candidate_count_mean/min/max: 91.17/70/263
  positives_total: 264
  positives_per_gt_mean/min/max: 4.98/4/5
  positives_stride8: 54
  positives_stride16: 134
  positives_stride32: 76
  unmatched_gt_count: 0
  fallback_count: 0
  conflict_count: 0
  dynamic_k_mean/min/max: 4.98/4/5
  nonfinite_cost_count: 0
[DEBUG] SimOTA val batch stats:
  images: 48
  empty_images: 11
  gt_count: 37
  candidate_count_mean/min/max: 79.59/60/176
  positives_total: 182
  positives_per_gt_mean/min/max: 4.92/2/5
  positives_stride8: 59
  positives_stride16: 80
  positives_stride32: 43
  unmatched_gt_count: 0
  fallback_count: 0
  conflict_count: 0
  dynamic_k_mean/min/max: 4.92/2/5
  nonfinite_cost_count: 0
[INFO] epoch summary | train loss=0.6432 obj=0.0006 box=0.1285 pos=256.60 | val loss=0.8441 map50=0.9195 map5095=0.6946 P=0.9465 R=0.8435 F1=0.8920
[INFO] val extras | mean_iou=0.8785 center_err_px(mean/med/p95)=2.35/1.77/5.97 center_err_norm_diag(mean/med/p95)=0.0029/0.0022/0.0075 fp/img=0.0473 small/med/large recall=0.7382/0.8610/0.9395 counts=233/223/215
[INFO] saved per-epoch checkpoint: /mnt/core/MLonMCU_proj/software/ball_detection/runs/20260527-233822-smallimg_size_v2_widthmult075_pruned_30/checkpoints/042_epoch.pt
[INFO] early stopping status: bad_epochs=9/30
[INFO] epoch 43/150 start | lr=0.000818893
[DEBUG] SimOTA train batch stats:
  images: 48
  empty_images: 10
  gt_count: 49
  candidate_count_mean/min/max: 109.45/56/412
  positives_total: 245
  positives_per_gt_mean/min/max: 5.00/5/5
  positives_stride8: 45
  positives_stride16: 129
  positives_stride32: 71
  unmatched_gt_count: 0
  fallback_count: 0
  conflict_count: 0
  dynamic_k_mean/min/max: 5.00/5/5
  nonfinite_cost_count: 0
[DEBUG] SimOTA train batch stats:
  images: 48
  empty_images: 10
  gt_count: 44
  candidate_count_mean/min/max: 108.80/50/287
  positives_total: 219
  positives_per_gt_mean/min/max: 4.98/4/5
  positives_stride8: 31
  positives_stride16: 122
  positives_stride32: 66
  unmatched_gt_count: 0
  fallback_count: 0
  conflict_count: 0
  dynamic_k_mean/min/max: 4.98/4/5
  nonfinite_cost_count: 0
[DEBUG] SimOTA train batch stats:
  images: 48
  empty_images: 11
  gt_count: 49
  candidate_count_mean/min/max: 102.22/60/377
  positives_total: 245
  positives_per_gt_mean/min/max: 5.00/5/5
  positives_stride8: 58
  positives_stride16: 123
  positives_stride32: 64
  unmatched_gt_count: 0
  fallback_count: 0
  conflict_count: 0
  dynamic_k_mean/min/max: 5.00/5/5
  nonfinite_cost_count: 0
[DEBUG] SimOTA train batch stats:
  images: 48
  empty_images: 8
  gt_count: 51
  candidate_count_mean/min/max: 91.33/50/284
  positives_total: 255
  positives_per_gt_mean/min/max: 5.00/5/5
  positives_stride8: 62
  positives_stride16: 118
  positives_stride32: 75
  unmatched_gt_count: 0
  fallback_count: 0
  conflict_count: 0
  dynamic_k_mean/min/max: 5.00/5/5
  nonfinite_cost_count: 0
[INFO] epoch summary | train loss=0.6374 obj=0.0006 box=0.1274 pos=255.74 | val loss=0.8487 map50=0.9150 map5095=0.6879 P=0.9343 R=0.8480 F1=0.8891
[INFO] val extras | mean_iou=0.8776 center_err_px(mean/med/p95)=2.23/1.67/5.48 center_err_norm_diag(mean/med/p95)=0.0028/0.0021/0.0069 fp/img=0.0592 small/med/large recall=0.7597/0.8700/0.9209 counts=233/223/215
[INFO] saved per-epoch checkpoint: /mnt/core/MLonMCU_proj/software/ball_detection/runs/20260527-233822-smallimg_size_v2_widthmult075_pruned_30/checkpoints/043_epoch.pt
[INFO] early stopping status: bad_epochs=10/30
[INFO] epoch 44/150 start | lr=0.000810763
[DEBUG] SimOTA train batch stats:
  images: 48
  empty_images: 2
  gt_count: 59
  candidate_count_mean/min/max: 98.56/60/243
  positives_total: 290
  positives_per_gt_mean/min/max: 4.92/0/5
  positives_stride8: 61
  positives_stride16: 143
  positives_stride32: 86
  unmatched_gt_count: 1
  fallback_count: 0
  conflict_count: 2
  dynamic_k_mean/min/max: 4.95/2/5
  nonfinite_cost_count: 0
[DEBUG] SimOTA train batch stats:
  images: 48
  empty_images: 8
  gt_count: 50
  candidate_count_mean/min/max: 94.42/50/263
  positives_total: 250
  positives_per_gt_mean/min/max: 5.00/5/5
  positives_stride8: 48
  positives_stride16: 130
  positives_stride32: 72
  unmatched_gt_count: 0
  fallback_count: 0
  conflict_count: 0
  dynamic_k_mean/min/max: 5.00/5/5
  nonfinite_cost_count: 0
[DEBUG] SimOTA train batch stats:
  images: 48
  empty_images: 9
  gt_count: 47
  candidate_count_mean/min/max: 88.49/36/330
  positives_total: 230
  positives_per_gt_mean/min/max: 4.89/1/5
  positives_stride8: 43
  positives_stride16: 122
  positives_stride32: 65
  unmatched_gt_count: 0
  fallback_count: 0
  conflict_count: 5
  dynamic_k_mean/min/max: 5.00/5/5
  nonfinite_cost_count: 0
[DEBUG] SimOTA train batch stats:
  images: 48
  empty_images: 7
  gt_count: 55
  candidate_count_mean/min/max: 97.27/60/233
  positives_total: 275
  positives_per_gt_mean/min/max: 5.00/5/5
  positives_stride8: 56
  positives_stride16: 145
  positives_stride32: 74
  unmatched_gt_count: 0
  fallback_count: 0
  conflict_count: 0
  dynamic_k_mean/min/max: 5.00/5/5
  nonfinite_cost_count: 0
[DEBUG] SimOTA val batch stats:
  images: 48
  empty_images: 3
  gt_count: 75
  candidate_count_mean/min/max: 80.29/45/171
  positives_total: 369
  positives_per_gt_mean/min/max: 4.92/4/5
  positives_stride8: 118
  positives_stride16: 155
  positives_stride32: 96
  unmatched_gt_count: 0
  fallback_count: 0
  conflict_count: 0
  dynamic_k_mean/min/max: 4.92/4/5
  nonfinite_cost_count: 0
[INFO] epoch summary | train loss=0.6403 obj=0.0006 box=0.1279 pos=256.85 | val loss=0.8531 map50=0.9124 map5095=0.6907 P=0.9266 R=0.8465 F1=0.8847
[INFO] val extras | mean_iou=0.8808 center_err_px(mean/med/p95)=2.18/1.70/5.48 center_err_norm_diag(mean/med/p95)=0.0027/0.0021/0.0069 fp/img=0.0666 small/med/large recall=0.7597/0.8700/0.9163 counts=233/223/215
[INFO] saved per-epoch checkpoint: /mnt/core/MLonMCU_proj/software/ball_detection/runs/20260527-233822-smallimg_size_v2_widthmult075_pruned_30/checkpoints/044_epoch.pt
[INFO] early stopping status: bad_epochs=11/30
[INFO] epoch 45/150 start | lr=0.000802497
[DEBUG] SimOTA train batch stats:
  images: 48
  empty_images: 9
  gt_count: 46
  candidate_count_mean/min/max: 90.70/47/235
  positives_total: 230
  positives_per_gt_mean/min/max: 5.00/5/5
  positives_stride8: 48
  positives_stride16: 112
  positives_stride32: 70
  unmatched_gt_count: 0
  fallback_count: 0
  conflict_count: 0
  dynamic_k_mean/min/max: 5.00/5/5
  nonfinite_cost_count: 0
[DEBUG] SimOTA train batch stats:
  images: 48
  empty_images: 5
  gt_count: 56
  candidate_count_mean/min/max: 99.50/36/264
  positives_total: 280
  positives_per_gt_mean/min/max: 5.00/5/5
  positives_stride8: 57
  positives_stride16: 140
  positives_stride32: 83
  unmatched_gt_count: 0
  fallback_count: 0
  conflict_count: 0
  dynamic_k_mean/min/max: 5.00/5/5
  nonfinite_cost_count: 0
[DEBUG] SimOTA train batch stats:
  images: 48
  empty_images: 10
  gt_count: 51
  candidate_count_mean/min/max: 101.63/50/451
  positives_total: 254
  positives_per_gt_mean/min/max: 4.98/4/5
  positives_stride8: 51
  positives_stride16: 129
  positives_stride32: 74
  unmatched_gt_count: 0
  fallback_count: 0
  conflict_count: 1
  dynamic_k_mean/min/max: 5.00/5/5
  nonfinite_cost_count: 0
[DEBUG] SimOTA train batch stats:
  images: 48
  empty_images: 5
  gt_count: 51
  candidate_count_mean/min/max: 106.41/36/420
  positives_total: 255
  positives_per_gt_mean/min/max: 5.00/5/5
  positives_stride8: 49
  positives_stride16: 136
  positives_stride32: 70
  unmatched_gt_count: 0
  fallback_count: 0
  conflict_count: 0
  dynamic_k_mean/min/max: 5.00/5/5
  nonfinite_cost_count: 0
[DEBUG] SimOTA val batch stats:
  images: 48
  empty_images: 4
  gt_count: 48
  candidate_count_mean/min/max: 83.38/41/176
  positives_total: 230
  positives_per_gt_mean/min/max: 4.79/3/5
  positives_stride8: 69
  positives_stride16: 104
  positives_stride32: 57
  unmatched_gt_count: 0
  fallback_count: 0
  conflict_count: 0
  dynamic_k_mean/min/max: 4.79/3/5
  nonfinite_cost_count: 0
[INFO] epoch summary | train loss=0.6340 obj=0.0006 box=0.1267 pos=256.28 | val loss=0.8588 map50=0.9182 map5095=0.6888 P=0.9488 R=0.8569 F1=0.9005
[INFO] val extras | mean_iou=0.8783 center_err_px(mean/med/p95)=2.27/1.65/5.94 center_err_norm_diag(mean/med/p95)=0.0028/0.0021/0.0074 fp/img=0.0459 small/med/large recall=0.7811/0.8655/0.9302 counts=233/223/215
[INFO] saved per-epoch checkpoint: /mnt/core/MLonMCU_proj/software/ball_detection/runs/20260527-233822-smallimg_size_v2_widthmult075_pruned_30/checkpoints/045_epoch.pt
[INFO] early stopping status: bad_epochs=12/30
[INFO] epoch 46/150 start | lr=0.000794099
[DEBUG] SimOTA train batch stats:
  images: 48
  empty_images: 7
  gt_count: 52
  candidate_count_mean/min/max: 109.73/47/377
  positives_total: 260
  positives_per_gt_mean/min/max: 5.00/5/5
  positives_stride8: 52
  positives_stride16: 141
  positives_stride32: 67
  unmatched_gt_count: 0
  fallback_count: 0
  conflict_count: 0
  dynamic_k_mean/min/max: 5.00/5/5
  nonfinite_cost_count: 0
[DEBUG] SimOTA train batch stats:
  images: 48
  empty_images: 4
  gt_count: 62
  candidate_count_mean/min/max: 110.61/60/300
  positives_total: 310
  positives_per_gt_mean/min/max: 5.00/5/5
  positives_stride8: 63
  positives_stride16: 164
  positives_stride32: 83
  unmatched_gt_count: 0
  fallback_count: 0
  conflict_count: 0
  dynamic_k_mean/min/max: 5.00/5/5
  nonfinite_cost_count: 0
[DEBUG] SimOTA train batch stats:
  images: 48
  empty_images: 4
  gt_count: 54
  candidate_count_mean/min/max: 109.02/66/442
  positives_total: 270
  positives_per_gt_mean/min/max: 5.00/5/5
  positives_stride8: 44
  positives_stride16: 152
  positives_stride32: 74
  unmatched_gt_count: 0
  fallback_count: 0
  conflict_count: 0
  dynamic_k_mean/min/max: 5.00/5/5
  nonfinite_cost_count: 0
[DEBUG] SimOTA train batch stats:
  images: 48
  empty_images: 7
  gt_count: 49
  candidate_count_mean/min/max: 103.63/42/306
  positives_total: 241
  positives_per_gt_mean/min/max: 4.92/1/5
  positives_stride8: 45
  positives_stride16: 127
  positives_stride32: 69
  unmatched_gt_count: 0
  fallback_count: 0
  conflict_count: 0
  dynamic_k_mean/min/max: 4.92/1/5
  nonfinite_cost_count: 0
[INFO] epoch summary | train loss=0.6397 obj=0.0006 box=0.1278 pos=256.27 | val loss=0.8523 map50=0.9207 map5095=0.6883 P=0.9378 R=0.8539 F1=0.8939
[INFO] val extras | mean_iou=0.8765 center_err_px(mean/med/p95)=2.34/1.74/5.81 center_err_norm_diag(mean/med/p95)=0.0029/0.0022/0.0073 fp/img=0.0562 small/med/large recall=0.7768/0.8744/0.9163 counts=233/223/215
[INFO] saved per-epoch checkpoint: /mnt/core/MLonMCU_proj/software/ball_detection/runs/20260527-233822-smallimg_size_v2_widthmult075_pruned_30/checkpoints/046_epoch.pt
[INFO] early stopping status: bad_epochs=13/30
[INFO] epoch 47/150 start | lr=0.000785571
[DEBUG] SimOTA train batch stats:
  images: 48
  empty_images: 9
  gt_count: 46
  candidate_count_mean/min/max: 104.24/57/236
  positives_total: 230
  positives_per_gt_mean/min/max: 5.00/5/5
  positives_stride8: 36
  positives_stride16: 125
  positives_stride32: 69
  unmatched_gt_count: 0
  fallback_count: 0
  conflict_count: 0
  dynamic_k_mean/min/max: 5.00/5/5
  nonfinite_cost_count: 0
[DEBUG] SimOTA train batch stats:
  images: 48
  empty_images: 6
  gt_count: 54
  candidate_count_mean/min/max: 110.31/50/306
  positives_total: 270
  positives_per_gt_mean/min/max: 5.00/5/5
  positives_stride8: 44
  positives_stride16: 149
  positives_stride32: 77
  unmatched_gt_count: 0
  fallback_count: 0
  conflict_count: 0
  dynamic_k_mean/min/max: 5.00/5/5
  nonfinite_cost_count: 0
[DEBUG] SimOTA train batch stats:
  images: 48
  empty_images: 9
  gt_count: 51
  candidate_count_mean/min/max: 93.02/50/233
  positives_total: 255
  positives_per_gt_mean/min/max: 5.00/5/5
  positives_stride8: 61
  positives_stride16: 126
  positives_stride32: 68
  unmatched_gt_count: 0
  fallback_count: 0
  conflict_count: 0
  dynamic_k_mean/min/max: 5.00/5/5
  nonfinite_cost_count: 0
[DEBUG] SimOTA train batch stats:
  images: 48
  empty_images: 10
  gt_count: 48
  candidate_count_mean/min/max: 109.23/36/420
  positives_total: 236
  positives_per_gt_mean/min/max: 4.92/1/5
  positives_stride8: 54
  positives_stride16: 120
  positives_stride32: 62
  unmatched_gt_count: 0
  fallback_count: 0
  conflict_count: 0
  dynamic_k_mean/min/max: 4.92/1/5
  nonfinite_cost_count: 0
[DEBUG] SimOTA val batch stats:
  images: 48
  empty_images: 9
  gt_count: 43
  candidate_count_mean/min/max: 70.84/34/85
  positives_total: 215
  positives_per_gt_mean/min/max: 5.00/5/5
  positives_stride8: 75
  positives_stride16: 88
  positives_stride32: 52
  unmatched_gt_count: 0
  fallback_count: 0
  conflict_count: 0
  dynamic_k_mean/min/max: 5.00/5/5
  nonfinite_cost_count: 0
[INFO] epoch summary | train loss=0.6402 obj=0.0006 box=0.1279 pos=256.76 | val loss=0.8440 map50=0.9165 map5095=0.6923 P=0.9098 R=0.8569 F1=0.8826
[INFO] val extras | mean_iou=0.8793 center_err_px(mean/med/p95)=2.31/1.77/5.50 center_err_norm_diag(mean/med/p95)=0.0029/0.0022/0.0069 fp/img=0.0843 small/med/large recall=0.7725/0.8655/0.9395 counts=233/223/215
[INFO] saved per-epoch checkpoint: /mnt/core/MLonMCU_proj/software/ball_detection/runs/20260527-233822-smallimg_size_v2_widthmult075_pruned_30/checkpoints/047_epoch.pt
[INFO] early stopping status: bad_epochs=14/30
[INFO] epoch 48/150 start | lr=0.000776919
[DEBUG] SimOTA train batch stats:
  images: 48
  empty_images: 6
  gt_count: 54
  candidate_count_mean/min/max: 88.93/45/171
  positives_total: 267
  positives_per_gt_mean/min/max: 4.94/2/5
  positives_stride8: 57
  positives_stride16: 127
  positives_stride32: 83
  unmatched_gt_count: 0
  fallback_count: 0
  conflict_count: 1
  dynamic_k_mean/min/max: 4.96/3/5
  nonfinite_cost_count: 0
[DEBUG] SimOTA train batch stats:
  images: 48
  empty_images: 5
  gt_count: 53
  candidate_count_mean/min/max: 99.17/45/412
  positives_total: 263
  positives_per_gt_mean/min/max: 4.96/3/5
  positives_stride8: 58
  positives_stride16: 135
  positives_stride32: 70
  unmatched_gt_count: 0
  fallback_count: 0
  conflict_count: 0
  dynamic_k_mean/min/max: 4.96/3/5
  nonfinite_cost_count: 0
[DEBUG] SimOTA train batch stats:
  images: 48
  empty_images: 8
  gt_count: 53
  candidate_count_mean/min/max: 100.13/42/284
  positives_total: 261
  positives_per_gt_mean/min/max: 4.92/1/5
  positives_stride8: 53
  positives_stride16: 131
  positives_stride32: 77
  unmatched_gt_count: 0
  fallback_count: 0
  conflict_count: 0
  dynamic_k_mean/min/max: 4.92/1/5
  nonfinite_cost_count: 0
[DEBUG] SimOTA train batch stats:
  images: 48
  empty_images: 11
  gt_count: 53
  candidate_count_mean/min/max: 92.58/50/235
  positives_total: 265
  positives_per_gt_mean/min/max: 5.00/5/5
  positives_stride8: 55
  positives_stride16: 137
  positives_stride32: 73
  unmatched_gt_count: 0
  fallback_count: 0
  conflict_count: 0
  dynamic_k_mean/min/max: 5.00/5/5
  nonfinite_cost_count: 0
[DEBUG] SimOTA val batch stats:
  images: 48
  empty_images: 4
  gt_count: 58
  candidate_count_mean/min/max: 102.71/56/314
  positives_total: 286
  positives_per_gt_mean/min/max: 4.93/2/5
  positives_stride8: 57
  positives_stride16: 158
  positives_stride32: 71
  unmatched_gt_count: 0
  fallback_count: 0
  conflict_count: 0
  dynamic_k_mean/min/max: 4.93/2/5
  nonfinite_cost_count: 0
[INFO] epoch summary | train loss=0.6341 obj=0.0006 box=0.1267 pos=257.26 | val loss=0.8545 map50=0.9206 map5095=0.6916 P=0.9206 R=0.8644 F1=0.8916
[INFO] val extras | mean_iou=0.8756 center_err_px(mean/med/p95)=2.31/1.82/5.70 center_err_norm_diag(mean/med/p95)=0.0029/0.0023/0.0071 fp/img=0.0740 small/med/large recall=0.7811/0.8789/0.9395 counts=233/223/215
[INFO] saved per-epoch checkpoint: /mnt/core/MLonMCU_proj/software/ball_detection/runs/20260527-233822-smallimg_size_v2_widthmult075_pruned_30/checkpoints/048_epoch.pt
[INFO] early stopping status: bad_epochs=15/30
[INFO] epoch 49/150 start | lr=0.000768145
[DEBUG] SimOTA train batch stats:
  images: 48
  empty_images: 7
  gt_count: 52
  candidate_count_mean/min/max: 93.12/36/340
  positives_total: 250
  positives_per_gt_mean/min/max: 4.81/0/5
  positives_stride8: 66
  positives_stride16: 117
  positives_stride32: 67
  unmatched_gt_count: 2
  fallback_count: 0
  conflict_count: 5
  dynamic_k_mean/min/max: 4.90/2/5
  nonfinite_cost_count: 0
[DEBUG] SimOTA train batch stats:
  images: 48
  empty_images: 2
  gt_count: 55
  candidate_count_mean/min/max: 103.42/50/369
  positives_total: 267
  positives_per_gt_mean/min/max: 4.85/0/5
  positives_stride8: 43
  positives_stride16: 141
  positives_stride32: 83
  unmatched_gt_count: 1
  fallback_count: 0
  conflict_count: 2
  dynamic_k_mean/min/max: 4.89/2/5
  nonfinite_cost_count: 0
[DEBUG] SimOTA train batch stats:
  images: 48
  empty_images: 5
  gt_count: 59
  candidate_count_mean/min/max: 87.53/56/215
  positives_total: 295
  positives_per_gt_mean/min/max: 5.00/5/5
  positives_stride8: 64
  positives_stride16: 147
  positives_stride32: 84
  unmatched_gt_count: 0
  fallback_count: 0
  conflict_count: 0
  dynamic_k_mean/min/max: 5.00/5/5
  nonfinite_cost_count: 0
[DEBUG] SimOTA train batch stats:
  images: 48
  empty_images: 7
  gt_count: 48
  candidate_count_mean/min/max: 92.62/47/265
  positives_total: 238
  positives_per_gt_mean/min/max: 4.96/3/5
  positives_stride8: 48
  positives_stride16: 122
  positives_stride32: 68
  unmatched_gt_count: 0
  fallback_count: 0
  conflict_count: 0
  dynamic_k_mean/min/max: 4.96/3/5
  nonfinite_cost_count: 0
[INFO] epoch summary | train loss=0.6292 obj=0.0006 box=0.1257 pos=256.74 | val loss=0.8382 map50=0.9162 map5095=0.7042 P=0.9193 R=0.8659 F1=0.8918
[INFO] val extras | mean_iou=0.8826 center_err_px(mean/med/p95)=2.25/1.69/5.95 center_err_norm_diag(mean/med/p95)=0.0028/0.0021/0.0074 fp/img=0.0754 small/med/large recall=0.7983/0.8655/0.9395 counts=233/223/215
[INFO] saved per-epoch checkpoint: /mnt/core/MLonMCU_proj/software/ball_detection/runs/20260527-233822-smallimg_size_v2_widthmult075_pruned_30/checkpoints/049_epoch.pt
[INFO] new best checkpoint at epoch 49: /mnt/core/MLonMCU_proj/software/ball_detection/runs/20260527-233822-smallimg_size_v2_widthmult075_pruned_30/checkpoints/best.pt
[INFO] epoch 50/150 start | lr=0.000759254
[DEBUG] SimOTA train batch stats:
  images: 48
  empty_images: 3
  gt_count: 56
  candidate_count_mean/min/max: 88.98/45/220
  positives_total: 277
  positives_per_gt_mean/min/max: 4.95/2/5
  positives_stride8: 67
  positives_stride16: 131
  positives_stride32: 79
  unmatched_gt_count: 0
  fallback_count: 0
  conflict_count: 0
  dynamic_k_mean/min/max: 4.95/2/5
  nonfinite_cost_count: 0
[DEBUG] SimOTA train batch stats:
  images: 48
  empty_images: 5
  gt_count: 59
  candidate_count_mean/min/max: 89.93/50/212
  positives_total: 288
  positives_per_gt_mean/min/max: 4.88/1/5
  positives_stride8: 59
  positives_stride16: 146
  positives_stride32: 83
  unmatched_gt_count: 0
  fallback_count: 0
  conflict_count: 0
  dynamic_k_mean/min/max: 4.88/1/5
  nonfinite_cost_count: 0
[DEBUG] SimOTA train batch stats:
  images: 48
  empty_images: 4
  gt_count: 54
  candidate_count_mean/min/max: 89.94/50/280
  positives_total: 269
  positives_per_gt_mean/min/max: 4.98/4/5
  positives_stride8: 59
  positives_stride16: 134
  positives_stride32: 76
  unmatched_gt_count: 0
  fallback_count: 0
  conflict_count: 0
  dynamic_k_mean/min/max: 4.98/4/5
  nonfinite_cost_count: 0
[DEBUG] SimOTA train batch stats:
  images: 48
  empty_images: 8
  gt_count: 49
  candidate_count_mean/min/max: 97.78/36/232
  positives_total: 245
  positives_per_gt_mean/min/max: 5.00/5/5
  positives_stride8: 33
  positives_stride16: 139
  positives_stride32: 73
  unmatched_gt_count: 0
  fallback_count: 0
  conflict_count: 0
  dynamic_k_mean/min/max: 5.00/5/5
  nonfinite_cost_count: 0
[DEBUG] SimOTA val batch stats:
  images: 48
  empty_images: 3
  gt_count: 45
  candidate_count_mean/min/max: 127.73/47/177
  positives_total: 225
  positives_per_gt_mean/min/max: 5.00/5/5
  positives_stride8: 10
  positives_stride16: 148
  positives_stride32: 67
  unmatched_gt_count: 0
  fallback_count: 0
  conflict_count: 0
  dynamic_k_mean/min/max: 5.00/5/5
  nonfinite_cost_count: 0
[INFO] epoch summary | train loss=0.6325 obj=0.0006 box=0.1264 pos=257.44 | val loss=0.8431 map50=0.9167 map5095=0.7042 P=0.9324 R=0.8629 F1=0.8963
[INFO] val extras | mean_iou=0.8833 center_err_px(mean/med/p95)=2.11/1.55/5.48 center_err_norm_diag(mean/med/p95)=0.0026/0.0019/0.0068 fp/img=0.0621 small/med/large recall=0.7854/0.8744/0.9349 counts=233/223/215
[INFO] saved per-epoch checkpoint: /mnt/core/MLonMCU_proj/software/ball_detection/runs/20260527-233822-smallimg_size_v2_widthmult075_pruned_30/checkpoints/050_epoch.pt
[INFO] early stopping status: bad_epochs=1/30
[INFO] epoch 51/150 start | lr=0.00075025
[DEBUG] SimOTA train batch stats:
  images: 48
  empty_images: 9
  gt_count: 44
  candidate_count_mean/min/max: 95.89/50/251
  positives_total: 218
  positives_per_gt_mean/min/max: 4.95/3/5
  positives_stride8: 41
  positives_stride16: 116
  positives_stride32: 61
  unmatched_gt_count: 0
  fallback_count: 0
  conflict_count: 0
  dynamic_k_mean/min/max: 4.95/3/5
  nonfinite_cost_count: 0
[DEBUG] SimOTA train batch stats:
  images: 48
  empty_images: 5
  gt_count: 54
  candidate_count_mean/min/max: 93.94/45/280
  positives_total: 270
  positives_per_gt_mean/min/max: 5.00/5/5
  positives_stride8: 50
  positives_stride16: 138
  positives_stride32: 82
  unmatched_gt_count: 0
  fallback_count: 0
  conflict_count: 0
  dynamic_k_mean/min/max: 5.00/5/5
  nonfinite_cost_count: 0
[DEBUG] SimOTA train batch stats:
  images: 48
  empty_images: 11
  gt_count: 44
  candidate_count_mean/min/max: 107.30/60/356
  positives_total: 220
  positives_per_gt_mean/min/max: 5.00/5/5
  positives_stride8: 46
  positives_stride16: 115
  positives_stride32: 59
  unmatched_gt_count: 0
  fallback_count: 0
  conflict_count: 0
  dynamic_k_mean/min/max: 5.00/5/5
  nonfinite_cost_count: 0
[DEBUG] SimOTA train batch stats:
  images: 48
  empty_images: 6
  gt_count: 45
  candidate_count_mean/min/max: 93.51/60/200
  positives_total: 225
  positives_per_gt_mean/min/max: 5.00/5/5
  positives_stride8: 47
  positives_stride16: 113
  positives_stride32: 65
  unmatched_gt_count: 0
  fallback_count: 0
  conflict_count: 0
  dynamic_k_mean/min/max: 5.00/5/5
  nonfinite_cost_count: 0
[DEBUG] SimOTA val batch stats:
  images: 48
  empty_images: 6
  gt_count: 52
  candidate_count_mean/min/max: 96.88/38/284
  positives_total: 249
  positives_per_gt_mean/min/max: 4.79/0/5
  positives_stride8: 60
  positives_stride16: 127
  positives_stride32: 62
  unmatched_gt_count: 1
  fallback_count: 0
  conflict_count: 5
  dynamic_k_mean/min/max: 4.88/2/5
  nonfinite_cost_count: 0
[INFO] epoch summary | train loss=0.6202 obj=0.0006 box=0.1239 pos=256.09 | val loss=0.8377 map50=0.9240 map5095=0.6998 P=0.9268 R=0.8674 F1=0.8961
[INFO] val extras | mean_iou=0.8804 center_err_px(mean/med/p95)=2.34/1.71/5.74 center_err_norm_diag(mean/med/p95)=0.0029/0.0021/0.0072 fp/img=0.0680 small/med/large recall=0.7854/0.8789/0.9442 counts=233/223/215
[INFO] saved per-epoch checkpoint: /mnt/core/MLonMCU_proj/software/ball_detection/runs/20260527-233822-smallimg_size_v2_widthmult075_pruned_30/checkpoints/051_epoch.pt
[INFO] early stopping status: bad_epochs=2/30
[INFO] epoch 52/150 start | lr=0.000741136
[DEBUG] SimOTA train batch stats:
  images: 48
  empty_images: 8
  gt_count: 47
  candidate_count_mean/min/max: 91.28/60/261
  positives_total: 235
  positives_per_gt_mean/min/max: 5.00/5/5
  positives_stride8: 66
  positives_stride16: 107
  positives_stride32: 62
  unmatched_gt_count: 0
  fallback_count: 0
  conflict_count: 0
  dynamic_k_mean/min/max: 5.00/5/5
  nonfinite_cost_count: 0
[DEBUG] SimOTA train batch stats:
  images: 48
  empty_images: 4
  gt_count: 54
  candidate_count_mean/min/max: 96.44/66/280
  positives_total: 258
  positives_per_gt_mean/min/max: 4.78/0/5
  positives_stride8: 61
  positives_stride16: 131
  positives_stride32: 66
  unmatched_gt_count: 2
  fallback_count: 0
  conflict_count: 5
  dynamic_k_mean/min/max: 4.87/2/5
  nonfinite_cost_count: 0
[DEBUG] SimOTA train batch stats:
  images: 48
  empty_images: 6
  gt_count: 54
  candidate_count_mean/min/max: 105.13/66/306
  positives_total: 270
  positives_per_gt_mean/min/max: 5.00/5/5
  positives_stride8: 51
  positives_stride16: 137
  positives_stride32: 82
  unmatched_gt_count: 0
  fallback_count: 0
  conflict_count: 0
  dynamic_k_mean/min/max: 5.00/5/5
  nonfinite_cost_count: 0
[DEBUG] SimOTA train batch stats:
  images: 48
  empty_images: 3
  gt_count: 60
  candidate_count_mean/min/max: 96.73/50/277
  positives_total: 300
  positives_per_gt_mean/min/max: 5.00/5/5
  positives_stride8: 61
  positives_stride16: 154
  positives_stride32: 85
  unmatched_gt_count: 0
  fallback_count: 0
  conflict_count: 0
  dynamic_k_mean/min/max: 5.00/5/5
  nonfinite_cost_count: 0
[INFO] epoch summary | train loss=0.6252 obj=0.0006 box=0.1249 pos=257.08 | val loss=0.8424 map50=0.9243 map5095=0.6906 P=0.9101 R=0.8748 F1=0.8921
[INFO] val extras | mean_iou=0.8758 center_err_px(mean/med/p95)=2.33/1.63/5.73 center_err_norm_diag(mean/med/p95)=0.0029/0.0020/0.0072 fp/img=0.0858 small/med/large recall=0.8026/0.8834/0.9442 counts=233/223/215
[INFO] saved per-epoch checkpoint: /mnt/core/MLonMCU_proj/software/ball_detection/runs/20260527-233822-smallimg_size_v2_widthmult075_pruned_30/checkpoints/052_epoch.pt
[INFO] early stopping status: bad_epochs=3/30
[INFO] epoch 53/150 start | lr=0.000731916
[DEBUG] SimOTA train batch stats:
  images: 48
  empty_images: 6
  gt_count: 48
  candidate_count_mean/min/max: 91.75/57/177
  positives_total: 235
  positives_per_gt_mean/min/max: 4.90/0/5
  positives_stride8: 61
  positives_stride16: 107
  positives_stride32: 67
  unmatched_gt_count: 1
  fallback_count: 0
  conflict_count: 2
  dynamic_k_mean/min/max: 4.94/2/5
  nonfinite_cost_count: 0
[DEBUG] SimOTA train batch stats:
  images: 48
  empty_images: 3
  gt_count: 54
  candidate_count_mean/min/max: 99.93/36/287
  positives_total: 270
  positives_per_gt_mean/min/max: 5.00/5/5
  positives_stride8: 57
  positives_stride16: 138
  positives_stride32: 75
  unmatched_gt_count: 0
  fallback_count: 0
  conflict_count: 0
  dynamic_k_mean/min/max: 5.00/5/5
  nonfinite_cost_count: 0
[DEBUG] SimOTA train batch stats:
  images: 48
  empty_images: 8
  gt_count: 46
  candidate_count_mean/min/max: 102.83/47/368
  positives_total: 230
  positives_per_gt_mean/min/max: 5.00/5/5
  positives_stride8: 49
  positives_stride16: 119
  positives_stride32: 62
  unmatched_gt_count: 0
  fallback_count: 0
  conflict_count: 0
  dynamic_k_mean/min/max: 5.00/5/5
  nonfinite_cost_count: 0
[DEBUG] SimOTA train batch stats:
  images: 48
  empty_images: 9
  gt_count: 44
  candidate_count_mean/min/max: 102.09/60/305
  positives_total: 220
  positives_per_gt_mean/min/max: 5.00/5/5
  positives_stride8: 40
  positives_stride16: 116
  positives_stride32: 64
  unmatched_gt_count: 0
  fallback_count: 0
  conflict_count: 0
  dynamic_k_mean/min/max: 5.00/5/5
  nonfinite_cost_count: 0
[DEBUG] SimOTA val batch stats:
  images: 48
  empty_images: 12
  gt_count: 51
  candidate_count_mean/min/max: 77.57/45/150
  positives_total: 252
  positives_per_gt_mean/min/max: 4.94/3/5
  positives_stride8: 75
  positives_stride16: 107
  positives_stride32: 70
  unmatched_gt_count: 0
  fallback_count: 0
  conflict_count: 0
  dynamic_k_mean/min/max: 4.94/3/5
  nonfinite_cost_count: 0
[INFO] epoch summary | train loss=0.6268 obj=0.0006 box=0.1252 pos=256.49 | val loss=0.8400 map50=0.9153 map5095=0.6971 P=0.9237 R=0.8659 F1=0.8938
[INFO] val extras | mean_iou=0.8798 center_err_px(mean/med/p95)=2.31/1.75/5.68 center_err_norm_diag(mean/med/p95)=0.0029/0.0022/0.0071 fp/img=0.0710 small/med/large recall=0.7897/0.8655/0.9488 counts=233/223/215
[INFO] saved per-epoch checkpoint: /mnt/core/MLonMCU_proj/software/ball_detection/runs/20260527-233822-smallimg_size_v2_widthmult075_pruned_30/checkpoints/053_epoch.pt
[INFO] early stopping status: bad_epochs=4/30
[INFO] epoch 54/150 start | lr=0.000722595
[DEBUG] SimOTA train batch stats:
  images: 48
  empty_images: 6
  gt_count: 54
  candidate_count_mean/min/max: 95.78/50/370
  positives_total: 265
  positives_per_gt_mean/min/max: 4.91/2/5
  positives_stride8: 62
  positives_stride16: 133
  positives_stride32: 70
  unmatched_gt_count: 0
  fallback_count: 0
  conflict_count: 3
  dynamic_k_mean/min/max: 4.96/3/5
  nonfinite_cost_count: 0
[DEBUG] SimOTA train batch stats:
  images: 48
  empty_images: 7
  gt_count: 54
  candidate_count_mean/min/max: 96.87/50/345
  positives_total: 266
  positives_per_gt_mean/min/max: 4.93/3/5
  positives_stride8: 60
  positives_stride16: 136
  positives_stride32: 70
  unmatched_gt_count: 0
  fallback_count: 0
  conflict_count: 0
  dynamic_k_mean/min/max: 4.93/3/5
  nonfinite_cost_count: 0
[DEBUG] SimOTA train batch stats:
  images: 48
  empty_images: 4
  gt_count: 55
  candidate_count_mean/min/max: 89.75/50/160
  positives_total: 275
  positives_per_gt_mean/min/max: 5.00/5/5
  positives_stride8: 57
  positives_stride16: 133
  positives_stride32: 85
  unmatched_gt_count: 0
  fallback_count: 0
  conflict_count: 0
  dynamic_k_mean/min/max: 5.00/5/5
  nonfinite_cost_count: 0
[DEBUG] SimOTA train batch stats:
  images: 48
  empty_images: 5
  gt_count: 53
  candidate_count_mean/min/max: 102.70/50/345
  positives_total: 255
  positives_per_gt_mean/min/max: 4.81/0/5
  positives_stride8: 41
  positives_stride16: 138
  positives_stride32: 76
  unmatched_gt_count: 2
  fallback_count: 0
  conflict_count: 5
  dynamic_k_mean/min/max: 4.91/2/5
  nonfinite_cost_count: 0
[DEBUG] SimOTA val batch stats:
  images: 48
  empty_images: 6
  gt_count: 44
  candidate_count_mean/min/max: 108.43/75/300
  positives_total: 220
  positives_per_gt_mean/min/max: 5.00/5/5
  positives_stride8: 29
  positives_stride16: 121
  positives_stride32: 70
  unmatched_gt_count: 0
  fallback_count: 0
  conflict_count: 0
  dynamic_k_mean/min/max: 5.00/5/5
  nonfinite_cost_count: 0
[INFO] epoch summary | train loss=0.6228 obj=0.0006 box=0.1244 pos=257.69 | val loss=0.8424 map50=0.9249 map5095=0.7023 P=0.9245 R=0.8763 F1=0.8998
[INFO] val extras | mean_iou=0.8779 center_err_px(mean/med/p95)=2.26/1.63/5.71 center_err_norm_diag(mean/med/p95)=0.0028/0.0020/0.0071 fp/img=0.0710 small/med/large recall=0.8155/0.8789/0.9395 counts=233/223/215
[INFO] saved per-epoch checkpoint: /mnt/core/MLonMCU_proj/software/ball_detection/runs/20260527-233822-smallimg_size_v2_widthmult075_pruned_30/checkpoints/054_epoch.pt
[INFO] early stopping status: bad_epochs=5/30
[INFO] epoch 55/150 start | lr=0.000713177
[DEBUG] SimOTA train batch stats:
  images: 48
  empty_images: 8
  gt_count: 53
  candidate_count_mean/min/max: 98.94/42/299
  positives_total: 261
  positives_per_gt_mean/min/max: 4.92/1/5
  positives_stride8: 55
  positives_stride16: 131
  positives_stride32: 75
  unmatched_gt_count: 0
  fallback_count: 0
  conflict_count: 0
  dynamic_k_mean/min/max: 4.92/1/5
  nonfinite_cost_count: 0
[DEBUG] SimOTA train batch stats:
  images: 48
  empty_images: 10
  gt_count: 49
  candidate_count_mean/min/max: 103.31/65/290
  positives_total: 245
  positives_per_gt_mean/min/max: 5.00/5/5
  positives_stride8: 53
  positives_stride16: 122
  positives_stride32: 70
  unmatched_gt_count: 0
  fallback_count: 0
  conflict_count: 0
  dynamic_k_mean/min/max: 5.00/5/5
  nonfinite_cost_count: 0
[DEBUG] SimOTA train batch stats:
  images: 48
  empty_images: 7
  gt_count: 55
  candidate_count_mean/min/max: 93.45/60/263
  positives_total: 264
  positives_per_gt_mean/min/max: 4.80/0/5
  positives_stride8: 47
  positives_stride16: 131
  positives_stride32: 86
  unmatched_gt_count: 2
  fallback_count: 0
  conflict_count: 5
  dynamic_k_mean/min/max: 4.89/2/5
  nonfinite_cost_count: 0
[DEBUG] SimOTA train batch stats:
  images: 48
  empty_images: 9
  gt_count: 46
  candidate_count_mean/min/max: 94.28/50/420
  positives_total: 230
  positives_per_gt_mean/min/max: 5.00/5/5
  positives_stride8: 44
  positives_stride16: 119
  positives_stride32: 67
  unmatched_gt_count: 0
  fallback_count: 0
  conflict_count: 0
  dynamic_k_mean/min/max: 5.00/5/5
  nonfinite_cost_count: 0
[INFO] epoch summary | train loss=0.6229 obj=0.0006 box=0.1245 pos=256.97 | val loss=0.8384 map50=0.9196 map5095=0.6996 P=0.9314 R=0.8703 F1=0.8998
[INFO] val extras | mean_iou=0.8808 center_err_px(mean/med/p95)=2.23/1.59/5.88 center_err_norm_diag(mean/med/p95)=0.0028/0.0020/0.0073 fp/img=0.0636 small/med/large recall=0.7983/0.8744/0.9442 counts=233/223/215
[INFO] saved per-epoch checkpoint: /mnt/core/MLonMCU_proj/software/ball_detection/runs/20260527-233822-smallimg_size_v2_widthmult075_pruned_30/checkpoints/055_epoch.pt
[INFO] early stopping status: bad_epochs=6/30
[INFO] epoch 56/150 start | lr=0.000703665
[DEBUG] SimOTA train batch stats:
  images: 48
  empty_images: 4
  gt_count: 52
  candidate_count_mean/min/max: 107.73/54/377
  positives_total: 260
  positives_per_gt_mean/min/max: 5.00/5/5
  positives_stride8: 53
  positives_stride16: 137
  positives_stride32: 70
  unmatched_gt_count: 0
  fallback_count: 0
  conflict_count: 0
  dynamic_k_mean/min/max: 5.00/5/5
  nonfinite_cost_count: 0
[DEBUG] SimOTA train batch stats:
  images: 48
  empty_images: 3
  gt_count: 58
  candidate_count_mean/min/max: 98.10/36/256
  positives_total: 290
  positives_per_gt_mean/min/max: 5.00/5/5
  positives_stride8: 60
  positives_stride16: 153
  positives_stride32: 77
  unmatched_gt_count: 0
  fallback_count: 0
  conflict_count: 0
  dynamic_k_mean/min/max: 5.00/5/5
  nonfinite_cost_count: 0
[DEBUG] SimOTA train batch stats:
  images: 48
  empty_images: 11
  gt_count: 47
  candidate_count_mean/min/max: 99.70/52/287
  positives_total: 235
  positives_per_gt_mean/min/max: 5.00/5/5
  positives_stride8: 47
  positives_stride16: 119
  positives_stride32: 69
  unmatched_gt_count: 0
  fallback_count: 0
  conflict_count: 0
  dynamic_k_mean/min/max: 5.00/5/5
  nonfinite_cost_count: 0
[DEBUG] SimOTA train batch stats:
  images: 48
  empty_images: 2
  gt_count: 58
  candidate_count_mean/min/max: 104.71/50/287
  positives_total: 289
  positives_per_gt_mean/min/max: 4.98/4/5
  positives_stride8: 60
  positives_stride16: 151
  positives_stride32: 78
  unmatched_gt_count: 0
  fallback_count: 0
  conflict_count: 0
  dynamic_k_mean/min/max: 4.98/4/5
  nonfinite_cost_count: 0
[DEBUG] SimOTA val batch stats:
  images: 48
  empty_images: 15
  gt_count: 37
  candidate_count_mean/min/max: 113.57/50/165
  positives_total: 180
  positives_per_gt_mean/min/max: 4.86/0/5
  positives_stride8: 23
  positives_stride16: 95
  positives_stride32: 62
  unmatched_gt_count: 1
  fallback_count: 0
  conflict_count: 5
  dynamic_k_mean/min/max: 5.00/5/5
  nonfinite_cost_count: 0
[INFO] epoch summary | train loss=0.6184 obj=0.0006 box=0.1236 pos=257.04 | val loss=0.8295 map50=0.9239 map5095=0.6971 P=0.9189 R=0.8614 F1=0.8892
[INFO] val extras | mean_iou=0.8766 center_err_px(mean/med/p95)=2.32/1.71/5.75 center_err_norm_diag(mean/med/p95)=0.0029/0.0021/0.0072 fp/img=0.0754 small/med/large recall=0.7768/0.8655/0.9488 counts=233/223/215
[INFO] saved per-epoch checkpoint: /mnt/core/MLonMCU_proj/software/ball_detection/runs/20260527-233822-smallimg_size_v2_widthmult075_pruned_30/checkpoints/056_epoch.pt
[INFO] early stopping status: bad_epochs=7/30
[INFO] epoch 57/150 start | lr=0.000694064
[DEBUG] SimOTA train batch stats:
  images: 48
  empty_images: 5
  gt_count: 55
  candidate_count_mean/min/max: 93.49/50/227
  positives_total: 273
  positives_per_gt_mean/min/max: 4.96/3/5
  positives_stride8: 69
  positives_stride16: 126
  positives_stride32: 78
  unmatched_gt_count: 0
  fallback_count: 0
  conflict_count: 0
  dynamic_k_mean/min/max: 4.96/3/5
  nonfinite_cost_count: 0
[DEBUG] SimOTA train batch stats:
  images: 48
  empty_images: 5
  gt_count: 60
  candidate_count_mean/min/max: 88.53/45/287
  positives_total: 285
  positives_per_gt_mean/min/max: 4.75/0/5
  positives_stride8: 67
  positives_stride16: 141
  positives_stride32: 77
  unmatched_gt_count: 1
  fallback_count: 0
  conflict_count: 15
  dynamic_k_mean/min/max: 5.00/5/5
  nonfinite_cost_count: 0
[DEBUG] SimOTA train batch stats:
  images: 48
  empty_images: 13
  gt_count: 40
  candidate_count_mean/min/max: 102.35/50/425
  positives_total: 198
  positives_per_gt_mean/min/max: 4.95/4/5
  positives_stride8: 42
  positives_stride16: 100
  positives_stride32: 56
  unmatched_gt_count: 0
  fallback_count: 0
  conflict_count: 0
  dynamic_k_mean/min/max: 4.95/4/5
  nonfinite_cost_count: 0
[DEBUG] SimOTA train batch stats:
  images: 48
  empty_images: 3
  gt_count: 61
  candidate_count_mean/min/max: 96.44/45/285
  positives_total: 305
  positives_per_gt_mean/min/max: 5.00/5/5
  positives_stride8: 67
  positives_stride16: 155
  positives_stride32: 83
  unmatched_gt_count: 0
  fallback_count: 0
  conflict_count: 0
  dynamic_k_mean/min/max: 5.00/5/5
  nonfinite_cost_count: 0
[DEBUG] SimOTA val batch stats:
  images: 48
  empty_images: 3
  gt_count: 62
  candidate_count_mean/min/max: 123.18/60/363
  positives_total: 305
  positives_per_gt_mean/min/max: 4.92/2/5
  positives_stride8: 53
  positives_stride16: 181
  positives_stride32: 71
  unmatched_gt_count: 0
  fallback_count: 0
  conflict_count: 0
  dynamic_k_mean/min/max: 4.92/2/5
  nonfinite_cost_count: 0
[INFO] epoch summary | train loss=0.6144 obj=0.0006 box=0.1228 pos=258.17 | val loss=0.8318 map50=0.9188 map5095=0.6984 P=0.9204 R=0.8614 F1=0.8899
[INFO] val extras | mean_iou=0.8817 center_err_px(mean/med/p95)=2.26/1.67/6.05 center_err_norm_diag(mean/med/p95)=0.0028/0.0021/0.0076 fp/img=0.0740 small/med/large recall=0.7811/0.8655/0.9442 counts=233/223/215
[INFO] saved per-epoch checkpoint: /mnt/core/MLonMCU_proj/software/ball_detection/runs/20260527-233822-smallimg_size_v2_widthmult075_pruned_30/checkpoints/057_epoch.pt
[INFO] early stopping status: bad_epochs=8/30
[INFO] epoch 58/150 start | lr=0.000684378
[DEBUG] SimOTA train batch stats:
  images: 48
  empty_images: 2
  gt_count: 52
  candidate_count_mean/min/max: 102.48/66/570
  positives_total: 259
  positives_per_gt_mean/min/max: 4.98/4/5
  positives_stride8: 51
  positives_stride16: 132
  positives_stride32: 76
  unmatched_gt_count: 0
  fallback_count: 0
  conflict_count: 0
  dynamic_k_mean/min/max: 4.98/4/5
  nonfinite_cost_count: 0
[DEBUG] SimOTA train batch stats:
  images: 48
  empty_images: 4
  gt_count: 53
  candidate_count_mean/min/max: 108.60/47/305
  positives_total: 261
  positives_per_gt_mean/min/max: 4.92/3/5
  positives_stride8: 55
  positives_stride16: 138
  positives_stride32: 68
  unmatched_gt_count: 0
  fallback_count: 0
  conflict_count: 1
  dynamic_k_mean/min/max: 4.94/3/5
  nonfinite_cost_count: 0
[DEBUG] SimOTA train batch stats:
  images: 48
  empty_images: 7
  gt_count: 53
  candidate_count_mean/min/max: 112.55/58/330
  positives_total: 260
  positives_per_gt_mean/min/max: 4.91/2/5
  positives_stride8: 48
  positives_stride16: 137
  positives_stride32: 75
  unmatched_gt_count: 0
  fallback_count: 0
  conflict_count: 1
  dynamic_k_mean/min/max: 4.92/3/5
  nonfinite_cost_count: 0
[DEBUG] SimOTA val batch stats:
  images: 48
  empty_images: 14
  gt_count: 34
  candidate_count_mean/min/max: 127.94/47/182
  positives_total: 170
  positives_per_gt_mean/min/max: 5.00/5/5
  positives_stride8: 9
  positives_stride16: 107
  positives_stride32: 54
  unmatched_gt_count: 0
  fallback_count: 0
  conflict_count: 0
  dynamic_k_mean/min/max: 5.00/5/5
  nonfinite_cost_count: 0
[INFO] epoch summary | train loss=0.6179 obj=0.0006 box=0.1235 pos=256.90 | val loss=0.8595 map50=0.9194 map5095=0.6912 P=0.9151 R=0.8674 F1=0.8906
[INFO] val extras | mean_iou=0.8771 center_err_px(mean/med/p95)=2.37/1.76/6.13 center_err_norm_diag(mean/med/p95)=0.0030/0.0022/0.0077 fp/img=0.0799 small/med/large recall=0.7811/0.8789/0.9488 counts=233/223/215
[INFO] saved per-epoch checkpoint: /mnt/core/MLonMCU_proj/software/ball_detection/runs/20260527-233822-smallimg_size_v2_widthmult075_pruned_30/checkpoints/058_epoch.pt
[INFO] early stopping status: bad_epochs=9/30
[INFO] epoch 59/150 start | lr=0.000674612
[DEBUG] SimOTA train batch stats:
  images: 48
  empty_images: 6
  gt_count: 48
  candidate_count_mean/min/max: 99.77/45/233
  positives_total: 240
  positives_per_gt_mean/min/max: 5.00/5/5
  positives_stride8: 49
  positives_stride16: 126
  positives_stride32: 65
  unmatched_gt_count: 0
  fallback_count: 0
  conflict_count: 0
  dynamic_k_mean/min/max: 5.00/5/5
  nonfinite_cost_count: 0
[DEBUG] SimOTA train batch stats:
  images: 48
  empty_images: 6
  gt_count: 57
  candidate_count_mean/min/max: 89.86/45/229
  positives_total: 285
  positives_per_gt_mean/min/max: 5.00/5/5
  positives_stride8: 69
  positives_stride16: 136
  positives_stride32: 80
  unmatched_gt_count: 0
  fallback_count: 0
  conflict_count: 0
  dynamic_k_mean/min/max: 5.00/5/5
  nonfinite_cost_count: 0
[DEBUG] SimOTA train batch stats:
  images: 48
  empty_images: 6
  gt_count: 50
  candidate_count_mean/min/max: 93.34/50/195
  positives_total: 246
  positives_per_gt_mean/min/max: 4.92/3/5
  positives_stride8: 60
  positives_stride16: 118
  positives_stride32: 68
  unmatched_gt_count: 0
  fallback_count: 0
  conflict_count: 0
  dynamic_k_mean/min/max: 4.92/3/5
  nonfinite_cost_count: 0
[DEBUG] SimOTA train batch stats:
  images: 48
  empty_images: 8
  gt_count: 50
  candidate_count_mean/min/max: 98.98/34/251
  positives_total: 245
  positives_per_gt_mean/min/max: 4.90/1/5
  positives_stride8: 49
  positives_stride16: 133
  positives_stride32: 63
  unmatched_gt_count: 0
  fallback_count: 0
  conflict_count: 0
  dynamic_k_mean/min/max: 4.90/1/5
  nonfinite_cost_count: 0
[DEBUG] SimOTA val batch stats:
  images: 48
  empty_images: 13
  gt_count: 35
  candidate_count_mean/min/max: 92.60/57/170
  positives_total: 164
  positives_per_gt_mean/min/max: 4.69/1/5
  positives_stride8: 42
  positives_stride16: 72
  positives_stride32: 50
  unmatched_gt_count: 0
  fallback_count: 0
  conflict_count: 0
  dynamic_k_mean/min/max: 4.69/1/5
  nonfinite_cost_count: 0
[INFO] epoch summary | train loss=0.6156 obj=0.0006 box=0.1230 pos=257.10 | val loss=0.8356 map50=0.9199 map5095=0.6996 P=0.9173 R=0.8599 F1=0.8877
[INFO] val extras | mean_iou=0.8822 center_err_px(mean/med/p95)=2.20/1.61/5.76 center_err_norm_diag(mean/med/p95)=0.0028/0.0020/0.0072 fp/img=0.0769 small/med/large recall=0.7811/0.8700/0.9349 counts=233/223/215
[INFO] saved per-epoch checkpoint: /mnt/core/MLonMCU_proj/software/ball_detection/runs/20260527-233822-smallimg_size_v2_widthmult075_pruned_30/checkpoints/059_epoch.pt
[INFO] early stopping status: bad_epochs=10/30
[INFO] epoch 60/150 start | lr=0.000664769
[DEBUG] SimOTA train batch stats:
  images: 48
  empty_images: 6
  gt_count: 52
  candidate_count_mean/min/max: 102.12/36/369
  positives_total: 260
  positives_per_gt_mean/min/max: 5.00/5/5
  positives_stride8: 52
  positives_stride16: 134
  positives_stride32: 74
  unmatched_gt_count: 0
  fallback_count: 0
  conflict_count: 0
  dynamic_k_mean/min/max: 5.00/5/5
  nonfinite_cost_count: 0
[DEBUG] SimOTA train batch stats:
  images: 48
  empty_images: 13
  gt_count: 44
  candidate_count_mean/min/max: 109.32/50/425
  positives_total: 220
  positives_per_gt_mean/min/max: 5.00/5/5
  positives_stride8: 51
  positives_stride16: 114
  positives_stride32: 55
  unmatched_gt_count: 0
  fallback_count: 0
  conflict_count: 0
  dynamic_k_mean/min/max: 5.00/5/5
  nonfinite_cost_count: 0
[DEBUG] SimOTA train batch stats:
  images: 48
  empty_images: 7
  gt_count: 46
  candidate_count_mean/min/max: 94.89/50/200
  positives_total: 229
  positives_per_gt_mean/min/max: 4.98/4/5
  positives_stride8: 39
  positives_stride16: 118
  positives_stride32: 72
  unmatched_gt_count: 0
  fallback_count: 0
  conflict_count: 0
  dynamic_k_mean/min/max: 4.98/4/5
  nonfinite_cost_count: 0
[DEBUG] SimOTA train batch stats:
  images: 48
  empty_images: 6
  gt_count: 46
  candidate_count_mean/min/max: 109.41/56/399
  positives_total: 230
  positives_per_gt_mean/min/max: 5.00/5/5
  positives_stride8: 39
  positives_stride16: 128
  positives_stride32: 63
  unmatched_gt_count: 0
  fallback_count: 0
  conflict_count: 0
  dynamic_k_mean/min/max: 5.00/5/5
  nonfinite_cost_count: 0
[DEBUG] SimOTA val batch stats:
  images: 4
  empty_images: 2
  gt_count: 3
  candidate_count_mean/min/max: 81.33/75/94
  positives_total: 15
  positives_per_gt_mean/min/max: 5.00/5/5
  positives_stride8: 2
  positives_stride16: 8
  positives_stride32: 5
  unmatched_gt_count: 0
  fallback_count: 0
  conflict_count: 0
  dynamic_k_mean/min/max: 5.00/5/5
  nonfinite_cost_count: 0
[INFO] epoch summary | train loss=0.6117 obj=0.0006 box=0.1222 pos=257.45 | val loss=0.8269 map50=0.9275 map5095=0.7094 P=0.9431 R=0.8644 F1=0.9020
[INFO] val extras | mean_iou=0.8861 center_err_px(mean/med/p95)=2.17/1.65/5.63 center_err_norm_diag(mean/med/p95)=0.0027/0.0021/0.0070 fp/img=0.0518 small/med/large recall=0.7854/0.8789/0.9349 counts=233/223/215
[INFO] saved per-epoch checkpoint: /mnt/core/MLonMCU_proj/software/ball_detection/runs/20260527-233822-smallimg_size_v2_widthmult075_pruned_30/checkpoints/060_epoch.pt
[INFO] new best checkpoint at epoch 60: /mnt/core/MLonMCU_proj/software/ball_detection/runs/20260527-233822-smallimg_size_v2_widthmult075_pruned_30/checkpoints/best.pt
[INFO] epoch 61/150 start | lr=0.000654854
[DEBUG] SimOTA train batch stats:
  images: 48
  empty_images: 9
  gt_count: 48
  candidate_count_mean/min/max: 93.94/50/176
  positives_total: 240
  positives_per_gt_mean/min/max: 5.00/5/5
  positives_stride8: 51
  positives_stride16: 119
  positives_stride32: 70
  unmatched_gt_count: 0
  fallback_count: 0
  conflict_count: 0
  dynamic_k_mean/min/max: 5.00/5/5
  nonfinite_cost_count: 0
[DEBUG] SimOTA train batch stats:
  images: 48
  empty_images: 5
  gt_count: 57
  candidate_count_mean/min/max: 106.47/50/425
  positives_total: 284
  positives_per_gt_mean/min/max: 4.98/4/5
  positives_stride8: 56
  positives_stride16: 149
  positives_stride32: 79
  unmatched_gt_count: 0
  fallback_count: 0
  conflict_count: 1
  dynamic_k_mean/min/max: 5.00/5/5
  nonfinite_cost_count: 0
[DEBUG] SimOTA train batch stats:
  images: 48
  empty_images: 7
  gt_count: 51
  candidate_count_mean/min/max: 92.27/65/285
  positives_total: 255
  positives_per_gt_mean/min/max: 5.00/5/5
  positives_stride8: 53
  positives_stride16: 126
  positives_stride32: 76
  unmatched_gt_count: 0
  fallback_count: 0
  conflict_count: 0
  dynamic_k_mean/min/max: 5.00/5/5
  nonfinite_cost_count: 0
[DEBUG] SimOTA val batch stats:
  images: 48
  empty_images: 1
  gt_count: 47
  candidate_count_mean/min/max: 116.66/64/176
  positives_total: 235
  positives_per_gt_mean/min/max: 5.00/5/5
  positives_stride8: 39
  positives_stride16: 124
  positives_stride32: 72
  unmatched_gt_count: 0
  fallback_count: 0
  conflict_count: 0
  dynamic_k_mean/min/max: 5.00/5/5
  nonfinite_cost_count: 0
[INFO] epoch summary | train loss=0.6110 obj=0.0006 box=0.1221 pos=257.68 | val loss=0.8333 map50=0.9279 map5095=0.7045 P=0.9478 R=0.8659 F1=0.9050
[INFO] val extras | mean_iou=0.8800 center_err_px(mean/med/p95)=2.20/1.71/5.39 center_err_norm_diag(mean/med/p95)=0.0027/0.0021/0.0067 fp/img=0.0473 small/med/large recall=0.7940/0.8744/0.9349 counts=233/223/215
[INFO] saved per-epoch checkpoint: /mnt/core/MLonMCU_proj/software/ball_detection/runs/20260527-233822-smallimg_size_v2_widthmult075_pruned_30/checkpoints/061_epoch.pt
[INFO] early stopping status: bad_epochs=1/30
[INFO] epoch 62/150 start | lr=0.000644871
[DEBUG] SimOTA train batch stats:
  images: 48
  empty_images: 4
  gt_count: 55
  candidate_count_mean/min/max: 97.55/36/330
  positives_total: 273
  positives_per_gt_mean/min/max: 4.96/3/5
  positives_stride8: 60
  positives_stride16: 134
  positives_stride32: 79
  unmatched_gt_count: 0
  fallback_count: 0
  conflict_count: 0
  dynamic_k_mean/min/max: 4.96/3/5
  nonfinite_cost_count: 0
[DEBUG] SimOTA train batch stats:
  images: 48
  empty_images: 5
  gt_count: 59
  candidate_count_mean/min/max: 106.32/50/451
  positives_total: 295
  positives_per_gt_mean/min/max: 5.00/5/5
  positives_stride8: 56
  positives_stride16: 155
  positives_stride32: 84
  unmatched_gt_count: 0
  fallback_count: 0
  conflict_count: 0
  dynamic_k_mean/min/max: 5.00/5/5
  nonfinite_cost_count: 0
[DEBUG] SimOTA train batch stats:
  images: 48
  empty_images: 4
  gt_count: 60
  candidate_count_mean/min/max: 95.78/50/368
  positives_total: 290
  positives_per_gt_mean/min/max: 4.83/0/5
  positives_stride8: 74
  positives_stride16: 143
  positives_stride32: 73
  unmatched_gt_count: 1
  fallback_count: 0
  conflict_count: 2
  dynamic_k_mean/min/max: 4.87/2/5
  nonfinite_cost_count: 0
[DEBUG] SimOTA train batch stats:
  images: 48
  empty_images: 10
  gt_count: 46
  candidate_count_mean/min/max: 100.72/36/284
  positives_total: 226
  positives_per_gt_mean/min/max: 4.91/1/5
  positives_stride8: 49
  positives_stride16: 112
  positives_stride32: 65
  unmatched_gt_count: 0
  fallback_count: 0
  conflict_count: 0
  dynamic_k_mean/min/max: 4.91/1/5
  nonfinite_cost_count: 0
[DEBUG] SimOTA val batch stats:
  images: 48
  empty_images: 11
  gt_count: 37
  candidate_count_mean/min/max: 79.59/60/176
  positives_total: 182
  positives_per_gt_mean/min/max: 4.92/3/5
  positives_stride8: 60
  positives_stride16: 80
  positives_stride32: 42
  unmatched_gt_count: 0
  fallback_count: 0
  conflict_count: 0
  dynamic_k_mean/min/max: 4.92/3/5
  nonfinite_cost_count: 0
[INFO] epoch summary | train loss=0.6090 obj=0.0006 box=0.1217 pos=256.46 | val loss=0.8293 map50=0.9251 map5095=0.7018 P=0.9221 R=0.8644 F1=0.8923
[INFO] val extras | mean_iou=0.8801 center_err_px(mean/med/p95)=2.29/1.73/5.63 center_err_norm_diag(mean/med/p95)=0.0029/0.0022/0.0070 fp/img=0.0725 small/med/large recall=0.7854/0.8700/0.9442 counts=233/223/215
[INFO] saved per-epoch checkpoint: /mnt/core/MLonMCU_proj/software/ball_detection/runs/20260527-233822-smallimg_size_v2_widthmult075_pruned_30/checkpoints/062_epoch.pt
[INFO] early stopping status: bad_epochs=2/30
[INFO] epoch 63/150 start | lr=0.000634825
[DEBUG] SimOTA train batch stats:
  images: 48
  empty_images: 5
  gt_count: 56
  candidate_count_mean/min/max: 108.30/60/570
  positives_total: 280
  positives_per_gt_mean/min/max: 5.00/5/5
  positives_stride8: 62
  positives_stride16: 144
  positives_stride32: 74
  unmatched_gt_count: 0
  fallback_count: 0
  conflict_count: 0
  dynamic_k_mean/min/max: 5.00/5/5
  nonfinite_cost_count: 0
[DEBUG] SimOTA train batch stats:
  images: 48
  empty_images: 8
  gt_count: 49
  candidate_count_mean/min/max: 94.71/52/212
  positives_total: 241
  positives_per_gt_mean/min/max: 4.92/2/5
  positives_stride8: 55
  positives_stride16: 117
  positives_stride32: 69
  unmatched_gt_count: 0
  fallback_count: 0
  conflict_count: 0
  dynamic_k_mean/min/max: 4.92/2/5
  nonfinite_cost_count: 0
[DEBUG] SimOTA train batch stats:
  images: 48
  empty_images: 4
  gt_count: 57
  candidate_count_mean/min/max: 95.77/60/280
  positives_total: 285
  positives_per_gt_mean/min/max: 5.00/5/5
  positives_stride8: 58
  positives_stride16: 146
  positives_stride32: 81
  unmatched_gt_count: 0
  fallback_count: 0
  conflict_count: 0
  dynamic_k_mean/min/max: 5.00/5/5
  nonfinite_cost_count: 0
[DEBUG] SimOTA train batch stats:
  images: 48
  empty_images: 10
  gt_count: 44
  candidate_count_mean/min/max: 98.77/65/257
  positives_total: 218
  positives_per_gt_mean/min/max: 4.95/4/5
  positives_stride8: 51
  positives_stride16: 106
  positives_stride32: 61
  unmatched_gt_count: 0
  fallback_count: 0
  conflict_count: 0
  dynamic_k_mean/min/max: 4.95/4/5
  nonfinite_cost_count: 0
[INFO] epoch summary | train loss=0.6117 obj=0.0006 box=0.1222 pos=256.58 | val loss=0.8290 map50=0.9291 map5095=0.7071 P=0.9252 R=0.8659 F1=0.8945
[INFO] val extras | mean_iou=0.8809 center_err_px(mean/med/p95)=2.21/1.67/5.30 center_err_norm_diag(mean/med/p95)=0.0028/0.0021/0.0066 fp/img=0.0695 small/med/large recall=0.7940/0.8655/0.9442 counts=233/223/215
[INFO] saved per-epoch checkpoint: /mnt/core/MLonMCU_proj/software/ball_detection/runs/20260527-233822-smallimg_size_v2_widthmult075_pruned_30/checkpoints/063_epoch.pt
[INFO] early stopping status: bad_epochs=3/30
[INFO] epoch 64/150 start | lr=0.000624721
[DEBUG] SimOTA train batch stats:
  images: 48
  empty_images: 5
  gt_count: 53
  candidate_count_mean/min/max: 95.13/36/285
  positives_total: 261
  positives_per_gt_mean/min/max: 4.92/1/5
  positives_stride8: 58
  positives_stride16: 131
  positives_stride32: 72
  unmatched_gt_count: 0
  fallback_count: 0
  conflict_count: 2
  dynamic_k_mean/min/max: 4.96/3/5
  nonfinite_cost_count: 0
[DEBUG] SimOTA train batch stats:
  images: 48
  empty_images: 8
  gt_count: 50
  candidate_count_mean/min/max: 105.24/60/369
  positives_total: 250
  positives_per_gt_mean/min/max: 5.00/5/5
  positives_stride8: 49
  positives_stride16: 134
  positives_stride32: 67
  unmatched_gt_count: 0
  fallback_count: 0
  conflict_count: 0
  dynamic_k_mean/min/max: 5.00/5/5
  nonfinite_cost_count: 0
[DEBUG] SimOTA train batch stats:
  images: 48
  empty_images: 8
  gt_count: 47
  candidate_count_mean/min/max: 89.74/50/170
  positives_total: 235
  positives_per_gt_mean/min/max: 5.00/5/5
  positives_stride8: 63
  positives_stride16: 114
  positives_stride32: 58
  unmatched_gt_count: 0
  fallback_count: 0
  conflict_count: 0
  dynamic_k_mean/min/max: 5.00/5/5
  nonfinite_cost_count: 0
[DEBUG] SimOTA train batch stats:
  images: 48
  empty_images: 11
  gt_count: 48
  candidate_count_mean/min/max: 104.52/36/330
  positives_total: 240
  positives_per_gt_mean/min/max: 5.00/5/5
  positives_stride8: 44
  positives_stride16: 125
  positives_stride32: 71
  unmatched_gt_count: 0
  fallback_count: 0
  conflict_count: 0
  dynamic_k_mean/min/max: 5.00/5/5
  nonfinite_cost_count: 0
[DEBUG] SimOTA val batch stats:
  images: 48
  empty_images: 3
  gt_count: 75
  candidate_count_mean/min/max: 80.29/45/171
  positives_total: 369
  positives_per_gt_mean/min/max: 4.92/4/5
  positives_stride8: 120
  positives_stride16: 156
  positives_stride32: 93
  unmatched_gt_count: 0
  fallback_count: 0
  conflict_count: 0
  dynamic_k_mean/min/max: 4.92/4/5
  nonfinite_cost_count: 0
[INFO] epoch summary | train loss=0.6118 obj=0.0006 box=0.1222 pos=257.19 | val loss=0.8289 map50=0.9211 map5095=0.7039 P=0.8963 R=0.8763 F1=0.8862
[INFO] val extras | mean_iou=0.8826 center_err_px(mean/med/p95)=2.21/1.70/5.51 center_err_norm_diag(mean/med/p95)=0.0028/0.0021/0.0069 fp/img=0.1006 small/med/large recall=0.8026/0.8834/0.9488 counts=233/223/215
[INFO] saved per-epoch checkpoint: /mnt/core/MLonMCU_proj/software/ball_detection/runs/20260527-233822-smallimg_size_v2_widthmult075_pruned_30/checkpoints/064_epoch.pt
[INFO] early stopping status: bad_epochs=4/30
[INFO] epoch 65/150 start | lr=0.000614561
[DEBUG] SimOTA train batch stats:
  images: 48
  empty_images: 6
  gt_count: 52
  candidate_count_mean/min/max: 103.52/66/285
  positives_total: 250
  positives_per_gt_mean/min/max: 4.81/0/5
  positives_stride8: 51
  positives_stride16: 130
  positives_stride32: 69
  unmatched_gt_count: 2
  fallback_count: 0
  conflict_count: 5
  dynamic_k_mean/min/max: 4.90/2/5
  nonfinite_cost_count: 0
[DEBUG] SimOTA train batch stats:
  images: 48
  empty_images: 12
  gt_count: 51
  candidate_count_mean/min/max: 97.98/45/285
  positives_total: 253
  positives_per_gt_mean/min/max: 4.96/3/5
  positives_stride8: 53
  positives_stride16: 124
  positives_stride32: 76
  unmatched_gt_count: 0
  fallback_count: 0
  conflict_count: 0
  dynamic_k_mean/min/max: 4.96/3/5
  nonfinite_cost_count: 0
[DEBUG] SimOTA train batch stats:
  images: 48
  empty_images: 4
  gt_count: 53
  candidate_count_mean/min/max: 113.53/42/451
  positives_total: 261
  positives_per_gt_mean/min/max: 4.92/1/5
  positives_stride8: 57
  positives_stride16: 133
  positives_stride32: 71
  unmatched_gt_count: 0
  fallback_count: 0
  conflict_count: 0
  dynamic_k_mean/min/max: 4.92/1/5
  nonfinite_cost_count: 0
[DEBUG] SimOTA train batch stats:
  images: 48
  empty_images: 5
  gt_count: 54
  candidate_count_mean/min/max: 92.13/45/206
  positives_total: 270
  positives_per_gt_mean/min/max: 5.00/5/5
  positives_stride8: 59
  positives_stride16: 137
  positives_stride32: 74
  unmatched_gt_count: 0
  fallback_count: 0
  conflict_count: 0
  dynamic_k_mean/min/max: 5.00/5/5
  nonfinite_cost_count: 0
[DEBUG] SimOTA val batch stats:
  images: 48
  empty_images: 4
  gt_count: 48
  candidate_count_mean/min/max: 83.38/41/176
  positives_total: 229
  positives_per_gt_mean/min/max: 4.77/3/5
  positives_stride8: 69
  positives_stride16: 104
  positives_stride32: 56
  unmatched_gt_count: 0
  fallback_count: 0
  conflict_count: 0
  dynamic_k_mean/min/max: 4.77/3/5
  nonfinite_cost_count: 0
[INFO] epoch summary | train loss=0.6096 obj=0.0006 box=0.1218 pos=256.78 | val loss=0.8314 map50=0.9229 map5095=0.7028 P=0.9151 R=0.8674 F1=0.8906
[INFO] val extras | mean_iou=0.8829 center_err_px(mean/med/p95)=2.29/1.67/5.64 center_err_norm_diag(mean/med/p95)=0.0029/0.0021/0.0071 fp/img=0.0799 small/med/large recall=0.7811/0.8789/0.9488 counts=233/223/215
[INFO] saved per-epoch checkpoint: /mnt/core/MLonMCU_proj/software/ball_detection/runs/20260527-233822-smallimg_size_v2_widthmult075_pruned_30/checkpoints/065_epoch.pt
[INFO] early stopping status: bad_epochs=5/30
[INFO] epoch 66/150 start | lr=0.000604352
[DEBUG] SimOTA train batch stats:
  images: 48
  empty_images: 6
  gt_count: 52
  candidate_count_mean/min/max: 105.31/50/277
  positives_total: 260
  positives_per_gt_mean/min/max: 5.00/5/5
  positives_stride8: 60
  positives_stride16: 130
  positives_stride32: 70
  unmatched_gt_count: 0
  fallback_count: 0
  conflict_count: 0
  dynamic_k_mean/min/max: 5.00/5/5
  nonfinite_cost_count: 0
[DEBUG] SimOTA train batch stats:
  images: 48
  empty_images: 5
  gt_count: 58
  candidate_count_mean/min/max: 98.86/50/420
  positives_total: 280
  positives_per_gt_mean/min/max: 4.83/0/5
  positives_stride8: 64
  positives_stride16: 145
  positives_stride32: 71
  unmatched_gt_count: 2
  fallback_count: 0
  conflict_count: 10
  dynamic_k_mean/min/max: 5.00/5/5
  nonfinite_cost_count: 0
[DEBUG] SimOTA train batch stats:
  images: 48
  empty_images: 3
  gt_count: 53
  candidate_count_mean/min/max: 103.77/45/425
  positives_total: 263
  positives_per_gt_mean/min/max: 4.96/3/5
  positives_stride8: 52
  positives_stride16: 139
  positives_stride32: 72
  unmatched_gt_count: 0
  fallback_count: 0
  conflict_count: 0
  dynamic_k_mean/min/max: 4.96/3/5
  nonfinite_cost_count: 0
[DEBUG] SimOTA train batch stats:
  images: 48
  empty_images: 4
  gt_count: 53
  candidate_count_mean/min/max: 93.91/42/368
  positives_total: 258
  positives_per_gt_mean/min/max: 4.87/1/5
  positives_stride8: 66
  positives_stride16: 121
  positives_stride32: 71
  unmatched_gt_count: 0
  fallback_count: 0
  conflict_count: 0
  dynamic_k_mean/min/max: 4.87/1/5
  nonfinite_cost_count: 0
[INFO] epoch summary | train loss=0.6040 obj=0.0006 box=0.1207 pos=257.21 | val loss=0.8220 map50=0.9226 map5095=0.7073 P=0.9045 R=0.8614 F1=0.8824
[INFO] val extras | mean_iou=0.8821 center_err_px(mean/med/p95)=2.19/1.63/5.40 center_err_norm_diag(mean/med/p95)=0.0027/0.0020/0.0068 fp/img=0.0902 small/med/large recall=0.7811/0.8700/0.9395 counts=233/223/215
[INFO] saved per-epoch checkpoint: /mnt/core/MLonMCU_proj/software/ball_detection/runs/20260527-233822-smallimg_size_v2_widthmult075_pruned_30/checkpoints/066_epoch.pt
[INFO] early stopping status: bad_epochs=6/30
[INFO] epoch 67/150 start | lr=0.000594097
[DEBUG] SimOTA train batch stats:
  images: 48
  empty_images: 9
  gt_count: 53
  candidate_count_mean/min/max: 100.77/42/287
  positives_total: 261
  positives_per_gt_mean/min/max: 4.92/1/5
  positives_stride8: 46
  positives_stride16: 138
  positives_stride32: 77
  unmatched_gt_count: 0
  fallback_count: 0
  conflict_count: 0
  dynamic_k_mean/min/max: 4.92/1/5
  nonfinite_cost_count: 0
[DEBUG] SimOTA train batch stats:
  images: 48
  empty_images: 3
  gt_count: 55
  candidate_count_mean/min/max: 100.96/60/238
  positives_total: 275
  positives_per_gt_mean/min/max: 5.00/5/5
  positives_stride8: 60
  positives_stride16: 136
  positives_stride32: 79
  unmatched_gt_count: 0
  fallback_count: 0
  conflict_count: 0
  dynamic_k_mean/min/max: 5.00/5/5
  nonfinite_cost_count: 0
[DEBUG] SimOTA train batch stats:
  images: 48
  empty_images: 3
  gt_count: 56
  candidate_count_mean/min/max: 105.88/42/575
  positives_total: 276
  positives_per_gt_mean/min/max: 4.93/1/5
  positives_stride8: 69
  positives_stride16: 138
  positives_stride32: 69
  unmatched_gt_count: 0
  fallback_count: 0
  conflict_count: 0
  dynamic_k_mean/min/max: 4.93/1/5
  nonfinite_cost_count: 0
[DEBUG] SimOTA train batch stats:
  images: 48
  empty_images: 7
  gt_count: 46
  candidate_count_mean/min/max: 106.26/70/285
  positives_total: 230
  positives_per_gt_mean/min/max: 5.00/5/5
  positives_stride8: 42
  positives_stride16: 123
  positives_stride32: 65
  unmatched_gt_count: 0
  fallback_count: 0
  conflict_count: 0
  dynamic_k_mean/min/max: 5.00/5/5
  nonfinite_cost_count: 0
[DEBUG] SimOTA val batch stats:
  images: 48
  empty_images: 9
  gt_count: 43
  candidate_count_mean/min/max: 70.84/34/85
  positives_total: 215
  positives_per_gt_mean/min/max: 5.00/5/5
  positives_stride8: 77
  positives_stride16: 88
  positives_stride32: 50
  unmatched_gt_count: 0
  fallback_count: 0
  conflict_count: 0
  dynamic_k_mean/min/max: 5.00/5/5
  nonfinite_cost_count: 0
[INFO] epoch summary | train loss=0.6073 obj=0.0006 box=0.1213 pos=256.50 | val loss=0.8213 map50=0.9276 map5095=0.7064 P=0.9274 R=0.8763 F1=0.9011
[INFO] val extras | mean_iou=0.8805 center_err_px(mean/med/p95)=2.22/1.69/5.70 center_err_norm_diag(mean/med/p95)=0.0028/0.0021/0.0071 fp/img=0.0680 small/med/large recall=0.8112/0.8744/0.9488 counts=233/223/215
[INFO] saved per-epoch checkpoint: /mnt/core/MLonMCU_proj/software/ball_detection/runs/20260527-233822-smallimg_size_v2_widthmult075_pruned_30/checkpoints/067_epoch.pt
[INFO] early stopping status: bad_epochs=7/30
[INFO] epoch 68/150 start | lr=0.000583801
[DEBUG] SimOTA train batch stats:
  images: 48
  empty_images: 7
  gt_count: 52
  candidate_count_mean/min/max: 91.46/50/377
  positives_total: 257
  positives_per_gt_mean/min/max: 4.94/4/5
  positives_stride8: 69
  positives_stride16: 124
  positives_stride32: 64
  unmatched_gt_count: 0
  fallback_count: 0
  conflict_count: 0
  dynamic_k_mean/min/max: 4.94/4/5
  nonfinite_cost_count: 0
[DEBUG] SimOTA train batch stats:
  images: 48
  empty_images: 5
  gt_count: 52
  candidate_count_mean/min/max: 101.35/50/451
  positives_total: 260
  positives_per_gt_mean/min/max: 5.00/5/5
  positives_stride8: 62
  positives_stride16: 128
  positives_stride32: 70
  unmatched_gt_count: 0
  fallback_count: 0
  conflict_count: 0
  dynamic_k_mean/min/max: 5.00/5/5
  nonfinite_cost_count: 0
[DEBUG] SimOTA train batch stats:
  images: 48
  empty_images: 6
  gt_count: 49
  candidate_count_mean/min/max: 111.08/60/570
  positives_total: 243
  positives_per_gt_mean/min/max: 4.96/3/5
  positives_stride8: 50
  positives_stride16: 129
  positives_stride32: 64
  unmatched_gt_count: 0
  fallback_count: 0
  conflict_count: 0
  dynamic_k_mean/min/max: 4.96/3/5
  nonfinite_cost_count: 0
[DEBUG] SimOTA train batch stats:
  images: 48
  empty_images: 9
  gt_count: 48
  candidate_count_mean/min/max: 105.75/50/340
  positives_total: 238
  positives_per_gt_mean/min/max: 4.96/3/5
  positives_stride8: 53
  positives_stride16: 125
  positives_stride32: 60
  unmatched_gt_count: 0
  fallback_count: 0
  conflict_count: 0
  dynamic_k_mean/min/max: 4.96/3/5
  nonfinite_cost_count: 0
[DEBUG] SimOTA val batch stats:
  images: 48
  empty_images: 4
  gt_count: 58
  candidate_count_mean/min/max: 102.71/56/314
  positives_total: 286
  positives_per_gt_mean/min/max: 4.93/2/5
  positives_stride8: 59
  positives_stride16: 158
  positives_stride32: 69
  unmatched_gt_count: 0
  fallback_count: 0
  conflict_count: 0
  dynamic_k_mean/min/max: 4.93/2/5
  nonfinite_cost_count: 0
[INFO] epoch summary | train loss=0.6019 obj=0.0006 box=0.1203 pos=256.68 | val loss=0.8375 map50=0.9187 map5095=0.7016 P=0.9306 R=0.8599 F1=0.8939
[INFO] val extras | mean_iou=0.8830 center_err_px(mean/med/p95)=2.17/1.68/5.46 center_err_norm_diag(mean/med/p95)=0.0027/0.0021/0.0068 fp/img=0.0636 small/med/large recall=0.7768/0.8789/0.9302 counts=233/223/215
[INFO] saved per-epoch checkpoint: /mnt/core/MLonMCU_proj/software/ball_detection/runs/20260527-233822-smallimg_size_v2_widthmult075_pruned_30/checkpoints/068_epoch.pt
[INFO] early stopping status: bad_epochs=8/30
[INFO] epoch 69/150 start | lr=0.000573468
[DEBUG] SimOTA train batch stats:
  images: 48
  empty_images: 8
  gt_count: 49
  candidate_count_mean/min/max: 100.59/42/451
  positives_total: 241
  positives_per_gt_mean/min/max: 4.92/1/5
  positives_stride8: 46
  positives_stride16: 132
  positives_stride32: 63
  unmatched_gt_count: 0
  fallback_count: 0
  conflict_count: 0
  dynamic_k_mean/min/max: 4.92/1/5
  nonfinite_cost_count: 0
[DEBUG] SimOTA train batch stats:
  images: 48
  empty_images: 7
  gt_count: 50
  candidate_count_mean/min/max: 100.22/53/195
  positives_total: 250
  positives_per_gt_mean/min/max: 5.00/5/5
  positives_stride8: 55
  positives_stride16: 124
  positives_stride32: 71
  unmatched_gt_count: 0
  fallback_count: 0
  conflict_count: 0
  dynamic_k_mean/min/max: 5.00/5/5
  nonfinite_cost_count: 0
[DEBUG] SimOTA train batch stats:
  images: 48
  empty_images: 10
  gt_count: 51
  candidate_count_mean/min/max: 94.59/50/340
  positives_total: 254
  positives_per_gt_mean/min/max: 4.98/4/5
  positives_stride8: 55
  positives_stride16: 127
  positives_stride32: 72
  unmatched_gt_count: 0
  fallback_count: 0
  conflict_count: 1
  dynamic_k_mean/min/max: 5.00/5/5
  nonfinite_cost_count: 0
[DEBUG] SimOTA train batch stats:
  images: 48
  empty_images: 8
  gt_count: 48
  candidate_count_mean/min/max: 114.23/60/425
  positives_total: 237
  positives_per_gt_mean/min/max: 4.94/3/5
  positives_stride8: 44
  positives_stride16: 121
  positives_stride32: 72
  unmatched_gt_count: 0
  fallback_count: 0
  conflict_count: 0
  dynamic_k_mean/min/max: 4.94/3/5
  nonfinite_cost_count: 0
[INFO] epoch summary | train loss=0.6077 obj=0.0006 box=0.1214 pos=256.92 | val loss=0.8231 map50=0.9198 map5095=0.7038 P=0.9288 R=0.8554 F1=0.8906
[INFO] val extras | mean_iou=0.8845 center_err_px(mean/med/p95)=2.12/1.63/5.24 center_err_norm_diag(mean/med/p95)=0.0026/0.0020/0.0066 fp/img=0.0651 small/med/large recall=0.7682/0.8744/0.9302 counts=233/223/215
[INFO] saved per-epoch checkpoint: /mnt/core/MLonMCU_proj/software/ball_detection/runs/20260527-233822-smallimg_size_v2_widthmult075_pruned_30/checkpoints/069_epoch.pt
[INFO] early stopping status: bad_epochs=9/30
[INFO] epoch 70/150 start | lr=0.000563104
[DEBUG] SimOTA train batch stats:
  images: 48
  empty_images: 7
  gt_count: 47
  candidate_count_mean/min/max: 103.81/50/215
  positives_total: 235
  positives_per_gt_mean/min/max: 5.00/5/5
  positives_stride8: 37
  positives_stride16: 127
  positives_stride32: 71
  unmatched_gt_count: 0
  fallback_count: 0
  conflict_count: 0
  dynamic_k_mean/min/max: 5.00/5/5
  nonfinite_cost_count: 0
[DEBUG] SimOTA train batch stats:
  images: 48
  empty_images: 8
  gt_count: 52
  candidate_count_mean/min/max: 93.50/50/287
  positives_total: 257
  positives_per_gt_mean/min/max: 4.94/2/5
  positives_stride8: 73
  positives_stride16: 118
  positives_stride32: 66
  unmatched_gt_count: 0
  fallback_count: 0
  conflict_count: 1
  dynamic_k_mean/min/max: 4.96/3/5
  nonfinite_cost_count: 0
[DEBUG] SimOTA train batch stats:
  images: 48
  empty_images: 5
  gt_count: 51
  candidate_count_mean/min/max: 96.80/42/285
  positives_total: 251
  positives_per_gt_mean/min/max: 4.92/1/5
  positives_stride8: 53
  positives_stride16: 130
  positives_stride32: 68
  unmatched_gt_count: 0
  fallback_count: 0
  conflict_count: 0
  dynamic_k_mean/min/max: 4.92/1/5
  nonfinite_cost_count: 0
[DEBUG] SimOTA train batch stats:
  images: 48
  empty_images: 7
  gt_count: 52
  candidate_count_mean/min/max: 99.67/50/188
  positives_total: 260
  positives_per_gt_mean/min/max: 5.00/5/5
  positives_stride8: 50
  positives_stride16: 130
  positives_stride32: 80
  unmatched_gt_count: 0
  fallback_count: 0
  conflict_count: 0
  dynamic_k_mean/min/max: 5.00/5/5
  nonfinite_cost_count: 0
[DEBUG] SimOTA val batch stats:
  images: 48
  empty_images: 3
  gt_count: 45
  candidate_count_mean/min/max: 127.73/47/177
  positives_total: 225
  positives_per_gt_mean/min/max: 5.00/5/5
  positives_stride8: 12
  positives_stride16: 147
  positives_stride32: 66
  unmatched_gt_count: 0
  fallback_count: 0
  conflict_count: 0
  dynamic_k_mean/min/max: 5.00/5/5
  nonfinite_cost_count: 0
[INFO] epoch summary | train loss=0.6000 obj=0.0005 box=0.1199 pos=257.10 | val loss=0.8271 map50=0.9222 map5095=0.7064 P=0.9105 R=0.8644 F1=0.8869
[INFO] val extras | mean_iou=0.8806 center_err_px(mean/med/p95)=2.28/1.76/5.68 center_err_norm_diag(mean/med/p95)=0.0029/0.0022/0.0071 fp/img=0.0843 small/med/large recall=0.7983/0.8655/0.9349 counts=233/223/215
[INFO] saved per-epoch checkpoint: /mnt/core/MLonMCU_proj/software/ball_detection/runs/20260527-233822-smallimg_size_v2_widthmult075_pruned_30/checkpoints/070_epoch.pt
[INFO] early stopping status: bad_epochs=10/30
[INFO] epoch 71/150 start | lr=0.000552712
[DEBUG] SimOTA train batch stats:
  images: 48
  empty_images: 7
  gt_count: 55
  candidate_count_mean/min/max: 106.05/60/575
  positives_total: 275
  positives_per_gt_mean/min/max: 5.00/5/5
  positives_stride8: 58
  positives_stride16: 142
  positives_stride32: 75
  unmatched_gt_count: 0
  fallback_count: 0
  conflict_count: 0
  dynamic_k_mean/min/max: 5.00/5/5
  nonfinite_cost_count: 0
[DEBUG] SimOTA train batch stats:
  images: 48
  empty_images: 4
  gt_count: 53
  candidate_count_mean/min/max: 96.26/42/340
  positives_total: 259
  positives_per_gt_mean/min/max: 4.89/1/5
  positives_stride8: 59
  positives_stride16: 130
  positives_stride32: 70
  unmatched_gt_count: 0
  fallback_count: 0
  conflict_count: 1
  dynamic_k_mean/min/max: 4.91/1/5
  nonfinite_cost_count: 0
[DEBUG] SimOTA train batch stats:
  images: 48
  empty_images: 7
  gt_count: 51
  candidate_count_mean/min/max: 91.82/50/195
  positives_total: 255
  positives_per_gt_mean/min/max: 5.00/5/5
  positives_stride8: 62
  positives_stride16: 119
  positives_stride32: 74
  unmatched_gt_count: 0
  fallback_count: 0
  conflict_count: 0
  dynamic_k_mean/min/max: 5.00/5/5
  nonfinite_cost_count: 0
[DEBUG] SimOTA train batch stats:
  images: 48
  empty_images: 5
  gt_count: 53
  candidate_count_mean/min/max: 91.26/60/285
  positives_total: 264
  positives_per_gt_mean/min/max: 4.98/4/5
  positives_stride8: 68
  positives_stride16: 122
  positives_stride32: 74
  unmatched_gt_count: 0
  fallback_count: 0
  conflict_count: 0
  dynamic_k_mean/min/max: 4.98/4/5
  nonfinite_cost_count: 0
[DEBUG] SimOTA val batch stats:
  images: 48
  empty_images: 6
  gt_count: 52
  candidate_count_mean/min/max: 96.88/38/284
  positives_total: 251
  positives_per_gt_mean/min/max: 4.83/0/5
  positives_stride8: 66
  positives_stride16: 123
  positives_stride32: 62
  unmatched_gt_count: 1
  fallback_count: 0
  conflict_count: 4
  dynamic_k_mean/min/max: 4.90/2/5
  nonfinite_cost_count: 0
[INFO] epoch summary | train loss=0.5982 obj=0.0005 box=0.1195 pos=257.73 | val loss=0.8220 map50=0.9271 map5095=0.7032 P=0.9314 R=0.8703 F1=0.8998
[INFO] val extras | mean_iou=0.8807 center_err_px(mean/med/p95)=2.19/1.70/5.43 center_err_norm_diag(mean/med/p95)=0.0027/0.0021/0.0068 fp/img=0.0636 small/med/large recall=0.7983/0.8744/0.9442 counts=233/223/215
[INFO] saved per-epoch checkpoint: /mnt/core/MLonMCU_proj/software/ball_detection/runs/20260527-233822-smallimg_size_v2_widthmult075_pruned_30/checkpoints/071_epoch.pt
[INFO] early stopping status: bad_epochs=11/30
[INFO] epoch 72/150 start | lr=0.000542297
[DEBUG] SimOTA train batch stats:
  images: 48
  empty_images: 7
  gt_count: 49
  candidate_count_mean/min/max: 102.78/50/570
  positives_total: 245
  positives_per_gt_mean/min/max: 5.00/5/5
  positives_stride8: 63
  positives_stride16: 122
  positives_stride32: 60
  unmatched_gt_count: 0
  fallback_count: 0
  conflict_count: 0
  dynamic_k_mean/min/max: 5.00/5/5
  nonfinite_cost_count: 0
[DEBUG] SimOTA train batch stats:
  images: 48
  empty_images: 4
  gt_count: 53
  candidate_count_mean/min/max: 101.74/58/285
  positives_total: 265
  positives_per_gt_mean/min/max: 5.00/5/5
  positives_stride8: 54
  positives_stride16: 138
  positives_stride32: 73
  unmatched_gt_count: 0
  fallback_count: 0
  conflict_count: 0
  dynamic_k_mean/min/max: 5.00/5/5
  nonfinite_cost_count: 0
[DEBUG] SimOTA train batch stats:
  images: 48
  empty_images: 2
  gt_count: 60
  candidate_count_mean/min/max: 91.48/47/345
  positives_total: 300
  positives_per_gt_mean/min/max: 5.00/5/5
  positives_stride8: 68
  positives_stride16: 146
  positives_stride32: 86
  unmatched_gt_count: 0
  fallback_count: 0
  conflict_count: 0
  dynamic_k_mean/min/max: 5.00/5/5
  nonfinite_cost_count: 0
[DEBUG] SimOTA train batch stats:
  images: 48
  empty_images: 5
  gt_count: 58
  candidate_count_mean/min/max: 103.86/45/399
  positives_total: 290
  positives_per_gt_mean/min/max: 5.00/5/5
  positives_stride8: 71
  positives_stride16: 144
  positives_stride32: 75
  unmatched_gt_count: 0
  fallback_count: 0
  conflict_count: 0
  dynamic_k_mean/min/max: 5.00/5/5
  nonfinite_cost_count: 0
[INFO] epoch summary | train loss=0.6011 obj=0.0005 box=0.1201 pos=257.37 | val loss=0.8312 map50=0.9262 map5095=0.7030 P=0.9147 R=0.8793 F1=0.8967
[INFO] val extras | mean_iou=0.8787 center_err_px(mean/med/p95)=2.22/1.69/5.72 center_err_norm_diag(mean/med/p95)=0.0028/0.0021/0.0071 fp/img=0.0814 small/med/large recall=0.8069/0.8834/0.9535 counts=233/223/215
[INFO] saved per-epoch checkpoint: /mnt/core/MLonMCU_proj/software/ball_detection/runs/20260527-233822-smallimg_size_v2_widthmult075_pruned_30/checkpoints/072_epoch.pt
[INFO] early stopping status: bad_epochs=12/30
[INFO] epoch 73/150 start | lr=0.000531864
[DEBUG] SimOTA train batch stats:
  images: 48
  empty_images: 5
  gt_count: 53
  candidate_count_mean/min/max: 100.55/42/236
  positives_total: 261
  positives_per_gt_mean/min/max: 4.92/1/5
  positives_stride8: 53
  positives_stride16: 132
  positives_stride32: 76
  unmatched_gt_count: 0
  fallback_count: 0
  conflict_count: 0
  dynamic_k_mean/min/max: 4.92/1/5
  nonfinite_cost_count: 0
[DEBUG] SimOTA train batch stats:
  images: 48
  empty_images: 4
  gt_count: 58
  candidate_count_mean/min/max: 100.03/60/575
  positives_total: 274
  positives_per_gt_mean/min/max: 4.72/0/5
  positives_stride8: 60
  positives_stride16: 136
  positives_stride32: 78
  unmatched_gt_count: 2
  fallback_count: 0
  conflict_count: 15
  dynamic_k_mean/min/max: 4.98/4/5
  nonfinite_cost_count: 0
[DEBUG] SimOTA train batch stats:
  images: 48
  empty_images: 4
  gt_count: 55
  candidate_count_mean/min/max: 94.20/36/233
  positives_total: 271
  positives_per_gt_mean/min/max: 4.93/1/5
  positives_stride8: 60
  positives_stride16: 137
  positives_stride32: 74
  unmatched_gt_count: 0
  fallback_count: 0
  conflict_count: 0
  dynamic_k_mean/min/max: 4.93/1/5
  nonfinite_cost_count: 0
[DEBUG] SimOTA train batch stats:
  images: 48
  empty_images: 6
  gt_count: 57
  candidate_count_mean/min/max: 96.51/45/403
  positives_total: 282
  positives_per_gt_mean/min/max: 4.95/2/5
  positives_stride8: 68
  positives_stride16: 139
  positives_stride32: 75
  unmatched_gt_count: 0
  fallback_count: 0
  conflict_count: 1
  dynamic_k_mean/min/max: 4.96/3/5
  nonfinite_cost_count: 0
[DEBUG] SimOTA val batch stats:
  images: 48
  empty_images: 12
  gt_count: 51
  candidate_count_mean/min/max: 77.57/45/150
  positives_total: 252
  positives_per_gt_mean/min/max: 4.94/3/5
  positives_stride8: 79
  positives_stride16: 105
  positives_stride32: 68
  unmatched_gt_count: 0
  fallback_count: 0
  conflict_count: 0
  dynamic_k_mean/min/max: 4.94/3/5
  nonfinite_cost_count: 0
[INFO] epoch summary | train loss=0.6028 obj=0.0006 box=0.1205 pos=257.58 | val loss=0.8203 map50=0.9226 map5095=0.7059 P=0.9197 R=0.8703 F1=0.8943
[INFO] val extras | mean_iou=0.8838 center_err_px(mean/med/p95)=2.20/1.58/5.52 center_err_norm_diag(mean/med/p95)=0.0027/0.0020/0.0069 fp/img=0.0754 small/med/large recall=0.7854/0.8834/0.9488 counts=233/223/215
[INFO] saved per-epoch checkpoint: /mnt/core/MLonMCU_proj/software/ball_detection/runs/20260527-233822-smallimg_size_v2_widthmult075_pruned_30/checkpoints/073_epoch.pt
[INFO] early stopping status: bad_epochs=13/30
[INFO] epoch 74/150 start | lr=0.000521417
[DEBUG] SimOTA train batch stats:
  images: 48
  empty_images: 9
  gt_count: 47
  candidate_count_mean/min/max: 106.43/53/377
  positives_total: 234
  positives_per_gt_mean/min/max: 4.98/4/5
  positives_stride8: 50
  positives_stride16: 123
  positives_stride32: 61
  unmatched_gt_count: 0
  fallback_count: 0
  conflict_count: 0
  dynamic_k_mean/min/max: 4.98/4/5
  nonfinite_cost_count: 0
[DEBUG] SimOTA train batch stats:
  images: 48
  empty_images: 5
  gt_count: 50
  candidate_count_mean/min/max: 93.18/45/356
  positives_total: 245
  positives_per_gt_mean/min/max: 4.90/1/5
  positives_stride8: 60
  positives_stride16: 119
  positives_stride32: 66
  unmatched_gt_count: 0
  fallback_count: 0
  conflict_count: 0
  dynamic_k_mean/min/max: 4.90/1/5
  nonfinite_cost_count: 0
[DEBUG] SimOTA train batch stats:
  images: 48
  empty_images: 7
  gt_count: 51
  candidate_count_mean/min/max: 95.16/60/238
  positives_total: 249
  positives_per_gt_mean/min/max: 4.88/0/5
  positives_stride8: 48
  positives_stride16: 124
  positives_stride32: 77
  unmatched_gt_count: 1
  fallback_count: 0
  conflict_count: 2
  dynamic_k_mean/min/max: 4.92/2/5
  nonfinite_cost_count: 0
[DEBUG] SimOTA train batch stats:
  images: 48
  empty_images: 11
  gt_count: 49
  candidate_count_mean/min/max: 84.84/36/233
  positives_total: 245
  positives_per_gt_mean/min/max: 5.00/5/5
  positives_stride8: 55
  positives_stride16: 120
  positives_stride32: 70
  unmatched_gt_count: 0
  fallback_count: 0
  conflict_count: 0
  dynamic_k_mean/min/max: 5.00/5/5
  nonfinite_cost_count: 0
[DEBUG] SimOTA val batch stats:
  images: 48
  empty_images: 6
  gt_count: 44
  candidate_count_mean/min/max: 108.43/75/300
  positives_total: 220
  positives_per_gt_mean/min/max: 5.00/5/5
  positives_stride8: 31
  positives_stride16: 124
  positives_stride32: 65
  unmatched_gt_count: 0
  fallback_count: 0
  conflict_count: 0
  dynamic_k_mean/min/max: 5.00/5/5
  nonfinite_cost_count: 0
[INFO] epoch summary | train loss=0.5976 obj=0.0006 box=0.1194 pos=256.99 | val loss=0.8174 map50=0.9263 map5095=0.7081 P=0.9223 R=0.8674 F1=0.8940
[INFO] val extras | mean_iou=0.8826 center_err_px(mean/med/p95)=2.23/1.65/5.67 center_err_norm_diag(mean/med/p95)=0.0028/0.0021/0.0071 fp/img=0.0725 small/med/large recall=0.7811/0.8879/0.9395 counts=233/223/215
[INFO] saved per-epoch checkpoint: /mnt/core/MLonMCU_proj/software/ball_detection/runs/20260527-233822-smallimg_size_v2_widthmult075_pruned_30/checkpoints/074_epoch.pt
[INFO] early stopping status: bad_epochs=14/30
[INFO] epoch 75/150 start | lr=0.000510961
[DEBUG] SimOTA train batch stats:
  images: 48
  empty_images: 2
  gt_count: 56
  candidate_count_mean/min/max: 101.96/57/345
  positives_total: 279
  positives_per_gt_mean/min/max: 4.98/4/5
  positives_stride8: 59
  positives_stride16: 144
  positives_stride32: 76
  unmatched_gt_count: 0
  fallback_count: 0
  conflict_count: 0
  dynamic_k_mean/min/max: 4.98/4/5
  nonfinite_cost_count: 0
[DEBUG] SimOTA train batch stats:
  images: 48
  empty_images: 5
  gt_count: 54
  candidate_count_mean/min/max: 92.56/42/236
  positives_total: 267
  positives_per_gt_mean/min/max: 4.94/3/5
  positives_stride8: 63
  positives_stride16: 135
  positives_stride32: 69
  unmatched_gt_count: 0
  fallback_count: 0
  conflict_count: 0
  dynamic_k_mean/min/max: 4.94/3/5
  nonfinite_cost_count: 0
[DEBUG] SimOTA train batch stats:
  images: 48
  empty_images: 9
  gt_count: 45
  candidate_count_mean/min/max: 95.42/66/200
  positives_total: 225
  positives_per_gt_mean/min/max: 5.00/5/5
  positives_stride8: 49
  positives_stride16: 114
  positives_stride32: 62
  unmatched_gt_count: 0
  fallback_count: 0
  conflict_count: 0
  dynamic_k_mean/min/max: 5.00/5/5
  nonfinite_cost_count: 0
[DEBUG] SimOTA train batch stats:
  images: 48
  empty_images: 7
  gt_count: 46
  candidate_count_mean/min/max: 118.93/58/570
  positives_total: 230
  positives_per_gt_mean/min/max: 5.00/5/5
  positives_stride8: 34
  positives_stride16: 129
  positives_stride32: 67
  unmatched_gt_count: 0
  fallback_count: 0
  conflict_count: 0
  dynamic_k_mean/min/max: 5.00/5/5
  nonfinite_cost_count: 0
[INFO] epoch summary | train loss=0.5947 obj=0.0005 box=0.1188 pos=256.38 | val loss=0.8291 map50=0.9248 map5095=0.7057 P=0.9213 R=0.8718 F1=0.8959
[INFO] val extras | mean_iou=0.8837 center_err_px(mean/med/p95)=2.21/1.60/5.66 center_err_norm_diag(mean/med/p95)=0.0028/0.0020/0.0071 fp/img=0.0740 small/med/large recall=0.7940/0.8789/0.9488 counts=233/223/215
[INFO] saved per-epoch checkpoint: /mnt/core/MLonMCU_proj/software/ball_detection/runs/20260527-233822-smallimg_size_v2_widthmult075_pruned_30/checkpoints/075_epoch.pt
[INFO] early stopping status: bad_epochs=15/30
[INFO] epoch 76/150 start | lr=0.0005005
[DEBUG] SimOTA train batch stats:
  images: 48
  empty_images: 6
  gt_count: 51
  candidate_count_mean/min/max: 106.94/36/399
  positives_total: 253
  positives_per_gt_mean/min/max: 4.96/4/5
  positives_stride8: 59
  positives_stride16: 130
  positives_stride32: 64
  unmatched_gt_count: 0
  fallback_count: 0
  conflict_count: 0
  dynamic_k_mean/min/max: 4.96/4/5
  nonfinite_cost_count: 0
[DEBUG] SimOTA train batch stats:
  images: 48
  empty_images: 7
  gt_count: 47
  candidate_count_mean/min/max: 87.57/56/171
  positives_total: 234
  positives_per_gt_mean/min/max: 4.98/4/5
  positives_stride8: 51
  positives_stride16: 108
  positives_stride32: 75
  unmatched_gt_count: 0
  fallback_count: 0
  conflict_count: 0
  dynamic_k_mean/min/max: 4.98/4/5
  nonfinite_cost_count: 0
[DEBUG] SimOTA train batch stats:
  images: 48
  empty_images: 7
  gt_count: 59
  candidate_count_mean/min/max: 98.07/41/370
  positives_total: 285
  positives_per_gt_mean/min/max: 4.83/0/5
  positives_stride8: 62
  positives_stride16: 140
  positives_stride32: 83
  unmatched_gt_count: 2
  fallback_count: 0
  conflict_count: 5
  dynamic_k_mean/min/max: 4.92/2/5
  nonfinite_cost_count: 0
[DEBUG] SimOTA train batch stats:
  images: 48
  empty_images: 5
  gt_count: 53
  candidate_count_mean/min/max: 101.98/42/305
  positives_total: 263
  positives_per_gt_mean/min/max: 4.96/3/5
  positives_stride8: 52
  positives_stride16: 139
  positives_stride32: 72
  unmatched_gt_count: 0
  fallback_count: 0
  conflict_count: 0
  dynamic_k_mean/min/max: 4.96/3/5
  nonfinite_cost_count: 0
[DEBUG] SimOTA val batch stats:
  images: 48
  empty_images: 15
  gt_count: 37
  candidate_count_mean/min/max: 113.57/50/165
  positives_total: 180
  positives_per_gt_mean/min/max: 4.86/0/5
  positives_stride8: 23
  positives_stride16: 91
  positives_stride32: 66
  unmatched_gt_count: 1
  fallback_count: 0
  conflict_count: 5
  dynamic_k_mean/min/max: 5.00/5/5
  nonfinite_cost_count: 0
[INFO] epoch summary | train loss=0.5992 obj=0.0005 box=0.1197 pos=257.35 | val loss=0.8188 map50=0.9250 map5095=0.7057 P=0.9365 R=0.8793 F1=0.9070
[INFO] val extras | mean_iou=0.8820 center_err_px(mean/med/p95)=2.18/1.65/5.71 center_err_norm_diag(mean/med/p95)=0.0027/0.0021/0.0071 fp/img=0.0592 small/med/large recall=0.8155/0.8879/0.9395 counts=233/223/215
[INFO] saved per-epoch checkpoint: /mnt/core/MLonMCU_proj/software/ball_detection/runs/20260527-233822-smallimg_size_v2_widthmult075_pruned_30/checkpoints/076_epoch.pt
[INFO] early stopping status: bad_epochs=16/30
[INFO] epoch 77/150 start | lr=0.000490039
[DEBUG] SimOTA train batch stats:
  images: 48
  empty_images: 8
  gt_count: 49
  candidate_count_mean/min/max: 93.29/45/335
  positives_total: 244
  positives_per_gt_mean/min/max: 4.98/4/5
  positives_stride8: 65
  positives_stride16: 117
  positives_stride32: 62
  unmatched_gt_count: 0
  fallback_count: 0
  conflict_count: 0
  dynamic_k_mean/min/max: 4.98/4/5
  nonfinite_cost_count: 0
[DEBUG] SimOTA train batch stats:
  images: 48
  empty_images: 2
  gt_count: 55
  candidate_count_mean/min/max: 98.25/50/264
  positives_total: 270
  positives_per_gt_mean/min/max: 4.91/0/5
  positives_stride8: 50
  positives_stride16: 142
  positives_stride32: 78
  unmatched_gt_count: 1
  fallback_count: 0
  conflict_count: 2
  dynamic_k_mean/min/max: 4.95/2/5
  nonfinite_cost_count: 0
[DEBUG] SimOTA train batch stats:
  images: 48
  empty_images: 10
  gt_count: 50
  candidate_count_mean/min/max: 97.66/54/369
  positives_total: 250
  positives_per_gt_mean/min/max: 5.00/5/5
  positives_stride8: 60
  positives_stride16: 117
  positives_stride32: 73
  unmatched_gt_count: 0
  fallback_count: 0
  conflict_count: 0
  dynamic_k_mean/min/max: 5.00/5/5
  nonfinite_cost_count: 0
[DEBUG] SimOTA train batch stats:
  images: 48
  empty_images: 3
  gt_count: 60
  candidate_count_mean/min/max: 96.15/47/287
  positives_total: 298
  positives_per_gt_mean/min/max: 4.97/3/5
  positives_stride8: 67
  positives_stride16: 152
  positives_stride32: 79
  unmatched_gt_count: 0
  fallback_count: 0
  conflict_count: 0
  dynamic_k_mean/min/max: 4.97/3/5
  nonfinite_cost_count: 0
[DEBUG] SimOTA val batch stats:
  images: 48
  empty_images: 3
  gt_count: 62
  candidate_count_mean/min/max: 123.18/60/363
  positives_total: 305
  positives_per_gt_mean/min/max: 4.92/2/5
  positives_stride8: 52
  positives_stride16: 179
  positives_stride32: 74
  unmatched_gt_count: 0
  fallback_count: 0
  conflict_count: 1
  dynamic_k_mean/min/max: 4.94/3/5
  nonfinite_cost_count: 0
[INFO] epoch summary | train loss=0.5963 obj=0.0005 box=0.1192 pos=257.73 | val loss=0.8225 map50=0.9264 map5095=0.7045 P=0.9194 R=0.8838 F1=0.9012
[INFO] val extras | mean_iou=0.8816 center_err_px(mean/med/p95)=2.18/1.68/5.18 center_err_norm_diag(mean/med/p95)=0.0027/0.0021/0.0065 fp/img=0.0769 small/med/large recall=0.8240/0.8834/0.9488 counts=233/223/215
[INFO] saved per-epoch checkpoint: /mnt/core/MLonMCU_proj/software/ball_detection/runs/20260527-233822-smallimg_size_v2_widthmult075_pruned_30/checkpoints/077_epoch.pt
[INFO] early stopping status: bad_epochs=17/30
[INFO] epoch 78/150 start | lr=0.000479583
[DEBUG] SimOTA train batch stats:
  images: 48
  empty_images: 7
  gt_count: 50
  candidate_count_mean/min/max: 101.42/60/290
  positives_total: 250
  positives_per_gt_mean/min/max: 5.00/5/5
  positives_stride8: 55
  positives_stride16: 124
  positives_stride32: 71
  unmatched_gt_count: 0
  fallback_count: 0
  conflict_count: 0
  dynamic_k_mean/min/max: 5.00/5/5
  nonfinite_cost_count: 0
[DEBUG] SimOTA train batch stats:
  images: 48
  empty_images: 8
  gt_count: 54
  candidate_count_mean/min/max: 94.15/42/280
  positives_total: 265
  positives_per_gt_mean/min/max: 4.91/1/5
  positives_stride8: 60
  positives_stride16: 132
  positives_stride32: 73
  unmatched_gt_count: 0
  fallback_count: 0
  conflict_count: 0
  dynamic_k_mean/min/max: 4.91/1/5
  nonfinite_cost_count: 0
[DEBUG] SimOTA train batch stats:
  images: 48
  empty_images: 5
  gt_count: 52
  candidate_count_mean/min/max: 94.77/50/290
  positives_total: 260
  positives_per_gt_mean/min/max: 5.00/5/5
  positives_stride8: 58
  positives_stride16: 130
  positives_stride32: 72
  unmatched_gt_count: 0
  fallback_count: 0
  conflict_count: 0
  dynamic_k_mean/min/max: 5.00/5/5
  nonfinite_cost_count: 0
[DEBUG] SimOTA val batch stats:
  images: 48
  empty_images: 14
  gt_count: 34
  candidate_count_mean/min/max: 127.94/47/182
  positives_total: 170
  positives_per_gt_mean/min/max: 5.00/5/5
  positives_stride8: 9
  positives_stride16: 108
  positives_stride32: 53
  unmatched_gt_count: 0
  fallback_count: 0
  conflict_count: 0
  dynamic_k_mean/min/max: 5.00/5/5
  nonfinite_cost_count: 0
[INFO] epoch summary | train loss=0.5915 obj=0.0005 box=0.1182 pos=257.26 | val loss=0.8189 map50=0.9250 map5095=0.7054 P=0.9274 R=0.8763 F1=0.9011
[INFO] val extras | mean_iou=0.8818 center_err_px(mean/med/p95)=2.23/1.70/5.97 center_err_norm_diag(mean/med/p95)=0.0028/0.0021/0.0075 fp/img=0.0680 small/med/large recall=0.8069/0.8789/0.9488 counts=233/223/215
[INFO] saved per-epoch checkpoint: /mnt/core/MLonMCU_proj/software/ball_detection/runs/20260527-233822-smallimg_size_v2_widthmult075_pruned_30/checkpoints/078_epoch.pt
[INFO] early stopping status: bad_epochs=18/30
[INFO] epoch 79/150 start | lr=0.000469136
[DEBUG] SimOTA train batch stats:
  images: 48
  empty_images: 3
  gt_count: 57
  candidate_count_mean/min/max: 94.77/60/257
  positives_total: 281
  positives_per_gt_mean/min/max: 4.93/1/5
  positives_stride8: 63
  positives_stride16: 137
  positives_stride32: 81
  unmatched_gt_count: 0
  fallback_count: 0
  conflict_count: 0
  dynamic_k_mean/min/max: 4.93/1/5
  nonfinite_cost_count: 0
[DEBUG] SimOTA train batch stats:
  images: 48
  empty_images: 4
  gt_count: 58
  candidate_count_mean/min/max: 98.31/47/335
  positives_total: 281
  positives_per_gt_mean/min/max: 4.84/1/5
  positives_stride8: 66
  positives_stride16: 133
  positives_stride32: 82
  unmatched_gt_count: 0
  fallback_count: 0
  conflict_count: 9
  dynamic_k_mean/min/max: 5.00/5/5
  nonfinite_cost_count: 0
[DEBUG] SimOTA train batch stats:
  images: 48
  empty_images: 8
  gt_count: 54
  candidate_count_mean/min/max: 94.52/50/233
  positives_total: 270
  positives_per_gt_mean/min/max: 5.00/5/5
  positives_stride8: 56
  positives_stride16: 133
  positives_stride32: 81
  unmatched_gt_count: 0
  fallback_count: 0
  conflict_count: 0
  dynamic_k_mean/min/max: 5.00/5/5
  nonfinite_cost_count: 0
[DEBUG] SimOTA train batch stats:
  images: 48
  empty_images: 8
  gt_count: 51
  candidate_count_mean/min/max: 96.29/50/286
  positives_total: 255
  positives_per_gt_mean/min/max: 5.00/5/5
  positives_stride8: 57
  positives_stride16: 130
  positives_stride32: 68
  unmatched_gt_count: 0
  fallback_count: 0
  conflict_count: 0
  dynamic_k_mean/min/max: 5.00/5/5
  nonfinite_cost_count: 0
[DEBUG] SimOTA val batch stats:
  images: 48
  empty_images: 13
  gt_count: 35
  candidate_count_mean/min/max: 92.60/57/170
  positives_total: 166
  positives_per_gt_mean/min/max: 4.74/2/5
  positives_stride8: 45
  positives_stride16: 71
  positives_stride32: 50
  unmatched_gt_count: 0
  fallback_count: 0
  conflict_count: 0
  dynamic_k_mean/min/max: 4.74/2/5
  nonfinite_cost_count: 0
[INFO] epoch summary | train loss=0.5950 obj=0.0005 box=0.1189 pos=256.45 | val loss=0.8226 map50=0.9232 map5095=0.7070 P=0.9099 R=0.8733 F1=0.8913
[INFO] val extras | mean_iou=0.8819 center_err_px(mean/med/p95)=2.23/1.63/5.78 center_err_norm_diag(mean/med/p95)=0.0028/0.0020/0.0072 fp/img=0.0858 small/med/large recall=0.7940/0.8834/0.9488 counts=233/223/215
[INFO] saved per-epoch checkpoint: /mnt/core/MLonMCU_proj/software/ball_detection/runs/20260527-233822-smallimg_size_v2_widthmult075_pruned_30/checkpoints/079_epoch.pt
[INFO] early stopping status: bad_epochs=19/30
[INFO] epoch 80/150 start | lr=0.000458703
[DEBUG] SimOTA train batch stats:
  images: 48
  empty_images: 3
  gt_count: 55
  candidate_count_mean/min/max: 105.98/50/442
  positives_total: 273
  positives_per_gt_mean/min/max: 4.96/3/5
  positives_stride8: 59
  positives_stride16: 143
  positives_stride32: 71
  unmatched_gt_count: 0
  fallback_count: 0
  conflict_count: 0
  dynamic_k_mean/min/max: 4.96/3/5
  nonfinite_cost_count: 0
[DEBUG] SimOTA train batch stats:
  images: 48
  empty_images: 7
  gt_count: 50
  candidate_count_mean/min/max: 96.98/50/251
  positives_total: 250
  positives_per_gt_mean/min/max: 5.00/5/5
  positives_stride8: 51
  positives_stride16: 127
  positives_stride32: 72
  unmatched_gt_count: 0
  fallback_count: 0
  conflict_count: 0
  dynamic_k_mean/min/max: 5.00/5/5
  nonfinite_cost_count: 0
[DEBUG] SimOTA train batch stats:
  images: 48
  empty_images: 9
  gt_count: 46
  candidate_count_mean/min/max: 100.30/50/335
  positives_total: 230
  positives_per_gt_mean/min/max: 5.00/5/5
  positives_stride8: 45
  positives_stride16: 116
  positives_stride32: 69
  unmatched_gt_count: 0
  fallback_count: 0
  conflict_count: 0
  dynamic_k_mean/min/max: 5.00/5/5
  nonfinite_cost_count: 0
[DEBUG] SimOTA train batch stats:
  images: 48
  empty_images: 4
  gt_count: 52
  candidate_count_mean/min/max: 99.92/50/277
  positives_total: 257
  positives_per_gt_mean/min/max: 4.94/2/5
  positives_stride8: 61
  positives_stride16: 124
  positives_stride32: 72
  unmatched_gt_count: 0
  fallback_count: 0
  conflict_count: 1
  dynamic_k_mean/min/max: 4.96/3/5
  nonfinite_cost_count: 0
[DEBUG] SimOTA val batch stats:
  images: 4
  empty_images: 2
  gt_count: 3
  candidate_count_mean/min/max: 81.33/75/94
  positives_total: 15
  positives_per_gt_mean/min/max: 5.00/5/5
  positives_stride8: 2
  positives_stride16: 8
  positives_stride32: 5
  unmatched_gt_count: 0
  fallback_count: 0
  conflict_count: 0
  dynamic_k_mean/min/max: 5.00/5/5
  nonfinite_cost_count: 0
[INFO] epoch summary | train loss=0.5879 obj=0.0005 box=0.1175 pos=256.85 | val loss=0.8253 map50=0.9285 map5095=0.7075 P=0.9008 R=0.8793 F1=0.8899
[INFO] val extras | mean_iou=0.8808 center_err_px(mean/med/p95)=2.26/1.73/6.03 center_err_norm_diag(mean/med/p95)=0.0028/0.0022/0.0075 fp/img=0.0962 small/med/large recall=0.8026/0.8924/0.9488 counts=233/223/215
[INFO] saved per-epoch checkpoint: /mnt/core/MLonMCU_proj/software/ball_detection/runs/20260527-233822-smallimg_size_v2_widthmult075_pruned_30/checkpoints/080_epoch.pt
[INFO] early stopping status: bad_epochs=20/30
[INFO] epoch 81/150 start | lr=0.000448288
[DEBUG] SimOTA train batch stats:
  images: 48
  empty_images: 5
  gt_count: 57
  candidate_count_mean/min/max: 85.44/45/177
  positives_total: 270
  positives_per_gt_mean/min/max: 4.74/0/5
  positives_stride8: 58
  positives_stride16: 128
  positives_stride32: 84
  unmatched_gt_count: 3
  fallback_count: 0
  conflict_count: 15
  dynamic_k_mean/min/max: 5.00/5/5
  nonfinite_cost_count: 0
[DEBUG] SimOTA train batch stats:
  images: 48
  empty_images: 6
  gt_count: 51
  candidate_count_mean/min/max: 118.47/45/575
  positives_total: 253
  positives_per_gt_mean/min/max: 4.96/3/5
  positives_stride8: 54
  positives_stride16: 134
  positives_stride32: 65
  unmatched_gt_count: 0
  fallback_count: 0
  conflict_count: 0
  dynamic_k_mean/min/max: 4.96/3/5
  nonfinite_cost_count: 0
[DEBUG] SimOTA train batch stats:
  images: 48
  empty_images: 6
  gt_count: 54
  candidate_count_mean/min/max: 102.70/47/256
  positives_total: 270
  positives_per_gt_mean/min/max: 5.00/5/5
  positives_stride8: 52
  positives_stride16: 139
  positives_stride32: 79
  unmatched_gt_count: 0
  fallback_count: 0
  conflict_count: 0
  dynamic_k_mean/min/max: 5.00/5/5
  nonfinite_cost_count: 0
[DEBUG] SimOTA val batch stats:
  images: 48
  empty_images: 1
  gt_count: 47
  candidate_count_mean/min/max: 116.66/64/176
  positives_total: 235
  positives_per_gt_mean/min/max: 5.00/5/5
  positives_stride8: 38
  positives_stride16: 123
  positives_stride32: 74
  unmatched_gt_count: 0
  fallback_count: 0
  conflict_count: 0
  dynamic_k_mean/min/max: 5.00/5/5
  nonfinite_cost_count: 0
[INFO] epoch summary | train loss=0.5882 obj=0.0005 box=0.1175 pos=256.86 | val loss=0.8276 map50=0.9283 map5095=0.7069 P=0.9289 R=0.8763 F1=0.9018
[INFO] val extras | mean_iou=0.8812 center_err_px(mean/med/p95)=2.19/1.66/5.55 center_err_norm_diag(mean/med/p95)=0.0027/0.0021/0.0069 fp/img=0.0666 small/med/large recall=0.8069/0.8834/0.9442 counts=233/223/215
[INFO] saved per-epoch checkpoint: /mnt/core/MLonMCU_proj/software/ball_detection/runs/20260527-233822-smallimg_size_v2_widthmult075_pruned_30/checkpoints/081_epoch.pt
[INFO] early stopping status: bad_epochs=21/30
[INFO] epoch 82/150 start | lr=0.000437896
[DEBUG] SimOTA train batch stats:
  images: 48
  empty_images: 3
  gt_count: 55
  candidate_count_mean/min/max: 95.89/45/285
  positives_total: 275
  positives_per_gt_mean/min/max: 5.00/5/5
  positives_stride8: 62
  positives_stride16: 132
  positives_stride32: 81
  unmatched_gt_count: 0
  fallback_count: 0
  conflict_count: 0
  dynamic_k_mean/min/max: 5.00/5/5
  nonfinite_cost_count: 0
[DEBUG] SimOTA train batch stats:
  images: 48
  empty_images: 6
  gt_count: 55
  candidate_count_mean/min/max: 95.35/60/236
  positives_total: 275
  positives_per_gt_mean/min/max: 5.00/5/5
  positives_stride8: 64
  positives_stride16: 132
  positives_stride32: 79
  unmatched_gt_count: 0
  fallback_count: 0
  conflict_count: 0
  dynamic_k_mean/min/max: 5.00/5/5
  nonfinite_cost_count: 0
[DEBUG] SimOTA train batch stats:
  images: 48
  empty_images: 6
  gt_count: 51
  candidate_count_mean/min/max: 89.27/60/290
  positives_total: 255
  positives_per_gt_mean/min/max: 5.00/5/5
  positives_stride8: 68
  positives_stride16: 121
  positives_stride32: 66
  unmatched_gt_count: 0
  fallback_count: 0
  conflict_count: 0
  dynamic_k_mean/min/max: 5.00/5/5
  nonfinite_cost_count: 0
[DEBUG] SimOTA train batch stats:
  images: 48
  empty_images: 8
  gt_count: 49
  candidate_count_mean/min/max: 106.24/42/261
  positives_total: 240
  positives_per_gt_mean/min/max: 4.90/1/5
  positives_stride8: 47
  positives_stride16: 128
  positives_stride32: 65
  unmatched_gt_count: 0
  fallback_count: 0
  conflict_count: 0
  dynamic_k_mean/min/max: 4.90/1/5
  nonfinite_cost_count: 0
[DEBUG] SimOTA val batch stats:
  images: 48
  empty_images: 11
  gt_count: 37
  candidate_count_mean/min/max: 79.59/60/176
  positives_total: 184
  positives_per_gt_mean/min/max: 4.97/4/5
  positives_stride8: 58
  positives_stride16: 83
  positives_stride32: 43
  unmatched_gt_count: 0
  fallback_count: 0
  conflict_count: 0
  dynamic_k_mean/min/max: 4.97/4/5
  nonfinite_cost_count: 0
[INFO] epoch summary | train loss=0.5913 obj=0.0005 box=0.1182 pos=256.71 | val loss=0.8291 map50=0.9292 map5095=0.7074 P=0.9258 R=0.8733 F1=0.8988
[INFO] val extras | mean_iou=0.8821 center_err_px(mean/med/p95)=2.21/1.63/5.59 center_err_norm_diag(mean/med/p95)=0.0028/0.0020/0.0070 fp/img=0.0695 small/med/large recall=0.8026/0.8789/0.9442 counts=233/223/215
[INFO] saved per-epoch checkpoint: /mnt/core/MLonMCU_proj/software/ball_detection/runs/20260527-233822-smallimg_size_v2_widthmult075_pruned_30/checkpoints/082_epoch.pt
[INFO] early stopping status: bad_epochs=22/30
[INFO] epoch 83/150 start | lr=0.000427532
[DEBUG] SimOTA train batch stats:
  images: 48
  empty_images: 5
  gt_count: 55
  candidate_count_mean/min/max: 95.11/47/285
  positives_total: 275
  positives_per_gt_mean/min/max: 5.00/5/5
  positives_stride8: 63
  positives_stride16: 133
  positives_stride32: 79
  unmatched_gt_count: 0
  fallback_count: 0
  conflict_count: 0
  dynamic_k_mean/min/max: 5.00/5/5
  nonfinite_cost_count: 0
[DEBUG] SimOTA train batch stats:
  images: 48
  empty_images: 7
  gt_count: 52
  candidate_count_mean/min/max: 91.23/60/236
  positives_total: 260
  positives_per_gt_mean/min/max: 5.00/5/5
  positives_stride8: 57
  positives_stride16: 130
  positives_stride32: 73
  unmatched_gt_count: 0
  fallback_count: 0
  conflict_count: 0
  dynamic_k_mean/min/max: 5.00/5/5
  nonfinite_cost_count: 0
[DEBUG] SimOTA train batch stats:
  images: 48
  empty_images: 4
  gt_count: 55
  candidate_count_mean/min/max: 91.89/70/171
  positives_total: 274
  positives_per_gt_mean/min/max: 4.98/4/5
  positives_stride8: 66
  positives_stride16: 122
  positives_stride32: 86
  unmatched_gt_count: 0
  fallback_count: 0
  conflict_count: 0
  dynamic_k_mean/min/max: 4.98/4/5
  nonfinite_cost_count: 0
[DEBUG] SimOTA train batch stats:
  images: 48
  empty_images: 6
  gt_count: 53
  candidate_count_mean/min/max: 92.91/42/356
  positives_total: 261
  positives_per_gt_mean/min/max: 4.92/1/5
  positives_stride8: 58
  positives_stride16: 130
  positives_stride32: 73
  unmatched_gt_count: 0
  fallback_count: 0
  conflict_count: 0
  dynamic_k_mean/min/max: 4.92/1/5
  nonfinite_cost_count: 0
[INFO] epoch summary | train loss=0.5881 obj=0.0005 box=0.1175 pos=257.06 | val loss=0.8322 map50=0.9225 map5095=0.6953 P=0.9331 R=0.8733 F1=0.9022
[INFO] val extras | mean_iou=0.8785 center_err_px(mean/med/p95)=2.23/1.69/6.03 center_err_norm_diag(mean/med/p95)=0.0028/0.0021/0.0075 fp/img=0.0621 small/med/large recall=0.8069/0.8789/0.9395 counts=233/223/215
[INFO] saved per-epoch checkpoint: /mnt/core/MLonMCU_proj/software/ball_detection/runs/20260527-233822-smallimg_size_v2_widthmult075_pruned_30/checkpoints/083_epoch.pt
[INFO] early stopping status: bad_epochs=23/30
[INFO] epoch 84/150 start | lr=0.000417199
[DEBUG] SimOTA train batch stats:
  images: 48
  empty_images: 7
  gt_count: 52
  candidate_count_mean/min/max: 97.50/45/330
  positives_total: 259
  positives_per_gt_mean/min/max: 4.98/4/5
  positives_stride8: 54
  positives_stride16: 133
  positives_stride32: 72
  unmatched_gt_count: 0
  fallback_count: 0
  conflict_count: 0
  dynamic_k_mean/min/max: 4.98/4/5
  nonfinite_cost_count: 0
[DEBUG] SimOTA train batch stats:
  images: 48
  empty_images: 3
  gt_count: 62
  candidate_count_mean/min/max: 103.74/60/285
  positives_total: 305
  positives_per_gt_mean/min/max: 4.92/1/5
  positives_stride8: 50
  positives_stride16: 167
  positives_stride32: 88
  unmatched_gt_count: 0
  fallback_count: 0
  conflict_count: 5
  dynamic_k_mean/min/max: 5.00/5/5
  nonfinite_cost_count: 0
[DEBUG] SimOTA train batch stats:
  images: 48
  empty_images: 9
  gt_count: 51
  candidate_count_mean/min/max: 94.61/42/330
  positives_total: 250
  positives_per_gt_mean/min/max: 4.90/1/5
  positives_stride8: 54
  positives_stride16: 133
  positives_stride32: 63
  unmatched_gt_count: 0
  fallback_count: 0
  conflict_count: 0
  dynamic_k_mean/min/max: 4.90/1/5
  nonfinite_cost_count: 0
[DEBUG] SimOTA train batch stats:
  images: 48
  empty_images: 8
  gt_count: 48
  candidate_count_mean/min/max: 106.08/50/451
  positives_total: 240
  positives_per_gt_mean/min/max: 5.00/5/5
  positives_stride8: 44
  positives_stride16: 127
  positives_stride32: 69
  unmatched_gt_count: 0
  fallback_count: 0
  conflict_count: 0
  dynamic_k_mean/min/max: 5.00/5/5
  nonfinite_cost_count: 0
[DEBUG] SimOTA val batch stats:
  images: 48
  empty_images: 3
  gt_count: 75
  candidate_count_mean/min/max: 80.29/45/171
  positives_total: 368
  positives_per_gt_mean/min/max: 4.91/4/5
  positives_stride8: 121
  positives_stride16: 152
  positives_stride32: 95
  unmatched_gt_count: 0
  fallback_count: 0
  conflict_count: 0
  dynamic_k_mean/min/max: 4.91/4/5
  nonfinite_cost_count: 0
[INFO] epoch summary | train loss=0.5905 obj=0.0005 box=0.1180 pos=257.23 | val loss=0.8230 map50=0.9266 map5095=0.7045 P=0.9329 R=0.8703 F1=0.9005
[INFO] val extras | mean_iou=0.8821 center_err_px(mean/med/p95)=2.11/1.63/5.34 center_err_norm_diag(mean/med/p95)=0.0026/0.0020/0.0067 fp/img=0.0621 small/med/large recall=0.8069/0.8744/0.9349 counts=233/223/215
[INFO] saved per-epoch checkpoint: /mnt/core/MLonMCU_proj/software/ball_detection/runs/20260527-233822-smallimg_size_v2_widthmult075_pruned_30/checkpoints/084_epoch.pt
[INFO] early stopping status: bad_epochs=24/30
[INFO] epoch 85/150 start | lr=0.000406903
[DEBUG] SimOTA train batch stats:
  images: 48
  empty_images: 6
  gt_count: 57
  candidate_count_mean/min/max: 98.54/60/285
  positives_total: 285
  positives_per_gt_mean/min/max: 5.00/5/5
  positives_stride8: 57
  positives_stride16: 148
  positives_stride32: 80
  unmatched_gt_count: 0
  fallback_count: 0
  conflict_count: 0
  dynamic_k_mean/min/max: 5.00/5/5
  nonfinite_cost_count: 0
[DEBUG] SimOTA train batch stats:
  images: 48
  empty_images: 6
  gt_count: 53
  candidate_count_mean/min/max: 114.15/45/345
  positives_total: 260
  positives_per_gt_mean/min/max: 4.91/2/5
  positives_stride8: 38
  positives_stride16: 146
  positives_stride32: 76
  unmatched_gt_count: 0
  fallback_count: 0
  conflict_count: 5
  dynamic_k_mean/min/max: 5.00/5/5
  nonfinite_cost_count: 0
[DEBUG] SimOTA train batch stats:
  images: 48
  empty_images: 4
  gt_count: 54
  candidate_count_mean/min/max: 93.48/50/215
  positives_total: 270
  positives_per_gt_mean/min/max: 5.00/5/5
  positives_stride8: 62
  positives_stride16: 135
  positives_stride32: 73
  unmatched_gt_count: 0
  fallback_count: 0
  conflict_count: 0
  dynamic_k_mean/min/max: 5.00/5/5
  nonfinite_cost_count: 0
[DEBUG] SimOTA train batch stats:
  images: 48
  empty_images: 4
  gt_count: 54
  candidate_count_mean/min/max: 96.13/36/223
  positives_total: 265
  positives_per_gt_mean/min/max: 4.91/1/5
  positives_stride8: 59
  positives_stride16: 128
  positives_stride32: 78
  unmatched_gt_count: 0
  fallback_count: 0
  conflict_count: 5
  dynamic_k_mean/min/max: 5.00/5/5
  nonfinite_cost_count: 0
[DEBUG] SimOTA val batch stats:
  images: 48
  empty_images: 4
  gt_count: 48
  candidate_count_mean/min/max: 83.38/41/176
  positives_total: 229
  positives_per_gt_mean/min/max: 4.77/3/5
  positives_stride8: 64
  positives_stride16: 106
  positives_stride32: 59
  unmatched_gt_count: 0
  fallback_count: 0
  conflict_count: 0
  dynamic_k_mean/min/max: 4.77/3/5
  nonfinite_cost_count: 0
[INFO] epoch summary | train loss=0.5856 obj=0.0005 box=0.1170 pos=257.00 | val loss=0.8319 map50=0.9255 map5095=0.7014 P=0.9246 R=0.8778 F1=0.9006
[INFO] val extras | mean_iou=0.8790 center_err_px(mean/med/p95)=2.26/1.75/5.89 center_err_norm_diag(mean/med/p95)=0.0028/0.0022/0.0074 fp/img=0.0710 small/med/large recall=0.8112/0.8834/0.9442 counts=233/223/215
[INFO] saved per-epoch checkpoint: /mnt/core/MLonMCU_proj/software/ball_detection/runs/20260527-233822-smallimg_size_v2_widthmult075_pruned_30/checkpoints/085_epoch.pt
[INFO] early stopping status: bad_epochs=25/30
[INFO] epoch 86/150 start | lr=0.000396648
[DEBUG] SimOTA train batch stats:
  images: 48
  empty_images: 7
  gt_count: 49
  candidate_count_mean/min/max: 96.10/45/261
  positives_total: 245
  positives_per_gt_mean/min/max: 5.00/5/5
  positives_stride8: 50
  positives_stride16: 126
  positives_stride32: 69
  unmatched_gt_count: 0
  fallback_count: 0
  conflict_count: 0
  dynamic_k_mean/min/max: 5.00/5/5
  nonfinite_cost_count: 0
[DEBUG] SimOTA train batch stats:
  images: 48
  empty_images: 6
  gt_count: 50
  candidate_count_mean/min/max: 104.68/47/403
  positives_total: 239
  positives_per_gt_mean/min/max: 4.78/0/5
  positives_stride8: 53
  positives_stride16: 123
  positives_stride32: 63
  unmatched_gt_count: 2
  fallback_count: 0
  conflict_count: 5
  dynamic_k_mean/min/max: 4.88/2/5
  nonfinite_cost_count: 0
[DEBUG] SimOTA train batch stats:
  images: 48
  empty_images: 3
  gt_count: 55
  candidate_count_mean/min/max: 109.67/50/575
  positives_total: 272
  positives_per_gt_mean/min/max: 4.95/3/5
  positives_stride8: 58
  positives_stride16: 139
  positives_stride32: 75
  unmatched_gt_count: 0
  fallback_count: 0
  conflict_count: 0
  dynamic_k_mean/min/max: 4.95/3/5
  nonfinite_cost_count: 0
[DEBUG] SimOTA train batch stats:
  images: 48
  empty_images: 3
  gt_count: 58
  candidate_count_mean/min/max: 95.97/50/244
  positives_total: 290
  positives_per_gt_mean/min/max: 5.00/5/5
  positives_stride8: 71
  positives_stride16: 137
  positives_stride32: 82
  unmatched_gt_count: 0
  fallback_count: 0
  conflict_count: 0
  dynamic_k_mean/min/max: 5.00/5/5
  nonfinite_cost_count: 0
[INFO] epoch summary | train loss=0.5865 obj=0.0005 box=0.1172 pos=257.94 | val loss=0.8293 map50=0.9214 map5095=0.7025 P=0.9074 R=0.8763 F1=0.8916
[INFO] val extras | mean_iou=0.8815 center_err_px(mean/med/p95)=2.24/1.65/5.84 center_err_norm_diag(mean/med/p95)=0.0028/0.0021/0.0073 fp/img=0.0888 small/med/large recall=0.8155/0.8744/0.9442 counts=233/223/215
[INFO] saved per-epoch checkpoint: /mnt/core/MLonMCU_proj/software/ball_detection/runs/20260527-233822-smallimg_size_v2_widthmult075_pruned_30/checkpoints/086_epoch.pt
[INFO] early stopping status: bad_epochs=26/30
[INFO] epoch 87/150 start | lr=0.000386439
[DEBUG] SimOTA train batch stats:
  images: 48
  empty_images: 5
  gt_count: 52
  candidate_count_mean/min/max: 95.37/47/215
  positives_total: 259
  positives_per_gt_mean/min/max: 4.98/4/5
  positives_stride8: 58
  positives_stride16: 126
  positives_stride32: 75
  unmatched_gt_count: 0
  fallback_count: 0
  conflict_count: 0
  dynamic_k_mean/min/max: 4.98/4/5
  nonfinite_cost_count: 0
[DEBUG] SimOTA train batch stats:
  images: 48
  empty_images: 5
  gt_count: 51
  candidate_count_mean/min/max: 85.71/36/165
  positives_total: 255
  positives_per_gt_mean/min/max: 5.00/5/5
  positives_stride8: 64
  positives_stride16: 118
  positives_stride32: 73
  unmatched_gt_count: 0
  fallback_count: 0
  conflict_count: 0
  dynamic_k_mean/min/max: 5.00/5/5
  nonfinite_cost_count: 0
[DEBUG] SimOTA train batch stats:
  images: 48
  empty_images: 8
  gt_count: 55
  candidate_count_mean/min/max: 94.80/42/244
  positives_total: 260
  positives_per_gt_mean/min/max: 4.73/1/5
  positives_stride8: 58
  positives_stride16: 134
  positives_stride32: 68
  unmatched_gt_count: 0
  fallback_count: 0
  conflict_count: 10
  dynamic_k_mean/min/max: 4.91/1/5
  nonfinite_cost_count: 0
[DEBUG] SimOTA train batch stats:
  images: 48
  empty_images: 7
  gt_count: 54
  candidate_count_mean/min/max: 95.70/57/377
  positives_total: 264
  positives_per_gt_mean/min/max: 4.89/0/5
  positives_stride8: 62
  positives_stride16: 129
  positives_stride32: 73
  unmatched_gt_count: 1
  fallback_count: 0
  conflict_count: 2
  dynamic_k_mean/min/max: 4.93/2/5
  nonfinite_cost_count: 0
[DEBUG] SimOTA val batch stats:
  images: 48
  empty_images: 9
  gt_count: 43
  candidate_count_mean/min/max: 70.84/34/85
  positives_total: 215
  positives_per_gt_mean/min/max: 5.00/5/5
  positives_stride8: 76
  positives_stride16: 87
  positives_stride32: 52
  unmatched_gt_count: 0
  fallback_count: 0
  conflict_count: 0
  dynamic_k_mean/min/max: 5.00/5/5
  nonfinite_cost_count: 0
[INFO] epoch summary | train loss=0.5846 obj=0.0005 box=0.1168 pos=256.96 | val loss=0.8240 map50=0.9269 map5095=0.7063 P=0.9189 R=0.8778 F1=0.8979
[INFO] val extras | mean_iou=0.8798 center_err_px(mean/med/p95)=2.18/1.69/5.57 center_err_norm_diag(mean/med/p95)=0.0027/0.0021/0.0070 fp/img=0.0769 small/med/large recall=0.8112/0.8834/0.9442 counts=233/223/215
[INFO] saved per-epoch checkpoint: /mnt/core/MLonMCU_proj/software/ball_detection/runs/20260527-233822-smallimg_size_v2_widthmult075_pruned_30/checkpoints/087_epoch.pt
[INFO] early stopping status: bad_epochs=27/30
[INFO] epoch 88/150 start | lr=0.000376279
[DEBUG] SimOTA train batch stats:
  images: 48
  empty_images: 5
  gt_count: 53
  candidate_count_mean/min/max: 103.42/50/412
  positives_total: 265
  positives_per_gt_mean/min/max: 5.00/5/5
  positives_stride8: 58
  positives_stride16: 131
  positives_stride32: 76
  unmatched_gt_count: 0
  fallback_count: 0
  conflict_count: 0
  dynamic_k_mean/min/max: 5.00/5/5
  nonfinite_cost_count: 0
[DEBUG] SimOTA train batch stats:
  images: 48
  empty_images: 5
  gt_count: 54
  candidate_count_mean/min/max: 94.48/36/220
  positives_total: 268
  positives_per_gt_mean/min/max: 4.96/3/5
  positives_stride8: 58
  positives_stride16: 135
  positives_stride32: 75
  unmatched_gt_count: 0
  fallback_count: 0
  conflict_count: 0
  dynamic_k_mean/min/max: 4.96/3/5
  nonfinite_cost_count: 0
[DEBUG] SimOTA train batch stats:
  images: 48
  empty_images: 7
  gt_count: 48
  candidate_count_mean/min/max: 86.77/50/165
  positives_total: 240
  positives_per_gt_mean/min/max: 5.00/5/5
  positives_stride8: 51
  positives_stride16: 118
  positives_stride32: 71
  unmatched_gt_count: 0
  fallback_count: 0
  conflict_count: 0
  dynamic_k_mean/min/max: 5.00/5/5
  nonfinite_cost_count: 0
[DEBUG] SimOTA train batch stats:
  images: 48
  empty_images: 6
  gt_count: 54
  candidate_count_mean/min/max: 101.87/52/287
  positives_total: 269
  positives_per_gt_mean/min/max: 4.98/4/5
  positives_stride8: 55
  positives_stride16: 146
  positives_stride32: 68
  unmatched_gt_count: 0
  fallback_count: 0
  conflict_count: 0
  dynamic_k_mean/min/max: 4.98/4/5
  nonfinite_cost_count: 0
[DEBUG] SimOTA val batch stats:
  images: 48
  empty_images: 4
  gt_count: 58
  candidate_count_mean/min/max: 102.71/56/314
  positives_total: 286
  positives_per_gt_mean/min/max: 4.93/2/5
  positives_stride8: 59
  positives_stride16: 157
  positives_stride32: 70
  unmatched_gt_count: 0
  fallback_count: 0
  conflict_count: 0
  dynamic_k_mean/min/max: 4.93/2/5
  nonfinite_cost_count: 0
[INFO] epoch summary | train loss=0.5856 obj=0.0005 box=0.1170 pos=255.58 | val loss=0.8217 map50=0.9276 map5095=0.7078 P=0.9250 R=0.8823 F1=0.9031
[INFO] val extras | mean_iou=0.8810 center_err_px(mean/med/p95)=2.19/1.66/5.89 center_err_norm_diag(mean/med/p95)=0.0027/0.0021/0.0074 fp/img=0.0710 small/med/large recall=0.8240/0.8879/0.9395 counts=233/223/215
[INFO] saved per-epoch checkpoint: /mnt/core/MLonMCU_proj/software/ball_detection/runs/20260527-233822-smallimg_size_v2_widthmult075_pruned_30/checkpoints/088_epoch.pt
[INFO] early stopping status: bad_epochs=28/30
[INFO] epoch 89/150 start | lr=0.000366175
[DEBUG] SimOTA train batch stats:
  images: 48
  empty_images: 8
  gt_count: 51
  candidate_count_mean/min/max: 98.88/45/285
  positives_total: 255
  positives_per_gt_mean/min/max: 5.00/5/5
  positives_stride8: 49
  positives_stride16: 130
  positives_stride32: 76
  unmatched_gt_count: 0
  fallback_count: 0
  conflict_count: 0
  dynamic_k_mean/min/max: 5.00/5/5
  nonfinite_cost_count: 0
[DEBUG] SimOTA train batch stats:
  images: 48
  empty_images: 4
  gt_count: 53
  candidate_count_mean/min/max: 102.47/36/236
  positives_total: 265
  positives_per_gt_mean/min/max: 5.00/5/5
  positives_stride8: 49
  positives_stride16: 139
  positives_stride32: 77
  unmatched_gt_count: 0
  fallback_count: 0
  conflict_count: 0
  dynamic_k_mean/min/max: 5.00/5/5
  nonfinite_cost_count: 0
[DEBUG] SimOTA train batch stats:
  images: 48
  empty_images: 7
  gt_count: 50
  candidate_count_mean/min/max: 115.32/50/570
  positives_total: 246
  positives_per_gt_mean/min/max: 4.92/1/5
  positives_stride8: 51
  positives_stride16: 127
  positives_stride32: 68
  unmatched_gt_count: 0
  fallback_count: 0
  conflict_count: 0
  dynamic_k_mean/min/max: 4.92/1/5
  nonfinite_cost_count: 0
[DEBUG] SimOTA train batch stats:
  images: 48
  empty_images: 7
  gt_count: 51
  candidate_count_mean/min/max: 94.39/58/420
  positives_total: 253
  positives_per_gt_mean/min/max: 4.96/3/5
  positives_stride8: 62
  positives_stride16: 122
  positives_stride32: 69
  unmatched_gt_count: 0
  fallback_count: 0
  conflict_count: 0
  dynamic_k_mean/min/max: 4.96/3/5
  nonfinite_cost_count: 0
[INFO] epoch summary | train loss=0.5839 obj=0.0005 box=0.1167 pos=256.85 | val loss=0.8218 map50=0.9268 map5095=0.7079 P=0.9150 R=0.8823 F1=0.8983
[INFO] val extras | mean_iou=0.8810 center_err_px(mean/med/p95)=2.20/1.72/5.73 center_err_norm_diag(mean/med/p95)=0.0028/0.0022/0.0072 fp/img=0.0814 small/med/large recall=0.8283/0.8789/0.9442 counts=233/223/215
[INFO] saved per-epoch checkpoint: /mnt/core/MLonMCU_proj/software/ball_detection/runs/20260527-233822-smallimg_size_v2_widthmult075_pruned_30/checkpoints/089_epoch.pt
[INFO] early stopping status: bad_epochs=29/30
[INFO] epoch 90/150 start | lr=0.000356129
[DEBUG] SimOTA train batch stats:
  images: 48
  empty_images: 10
  gt_count: 47
  candidate_count_mean/min/max: 119.43/50/420
  positives_total: 221
  positives_per_gt_mean/min/max: 4.70/0/5
  positives_stride8: 42
  positives_stride16: 121
  positives_stride32: 58
  unmatched_gt_count: 2
  fallback_count: 0
  conflict_count: 7
  dynamic_k_mean/min/max: 4.85/2/5
  nonfinite_cost_count: 0
[DEBUG] SimOTA train batch stats:
  images: 48
  empty_images: 10
  gt_count: 48
  candidate_count_mean/min/max: 93.71/45/204
  positives_total: 240
  positives_per_gt_mean/min/max: 5.00/5/5
  positives_stride8: 45
  positives_stride16: 122
  positives_stride32: 73
  unmatched_gt_count: 0
  fallback_count: 0
  conflict_count: 0
  dynamic_k_mean/min/max: 5.00/5/5
  nonfinite_cost_count: 0
[DEBUG] SimOTA train batch stats:
  images: 48
  empty_images: 5
  gt_count: 56
  candidate_count_mean/min/max: 92.71/56/287
  positives_total: 265
  positives_per_gt_mean/min/max: 4.73/0/5
  positives_stride8: 54
  positives_stride16: 135
  positives_stride32: 76
  unmatched_gt_count: 1
  fallback_count: 0
  conflict_count: 15
  dynamic_k_mean/min/max: 5.00/5/5
  nonfinite_cost_count: 0
[DEBUG] SimOTA train batch stats:
  images: 48
  empty_images: 12
  gt_count: 41
  candidate_count_mean/min/max: 109.63/60/305
  positives_total: 205
  positives_per_gt_mean/min/max: 5.00/5/5
  positives_stride8: 39
  positives_stride16: 113
  positives_stride32: 53
  unmatched_gt_count: 0
  fallback_count: 0
  conflict_count: 0
  dynamic_k_mean/min/max: 5.00/5/5
  nonfinite_cost_count: 0
[DEBUG] SimOTA val batch stats:
  images: 48
  empty_images: 3
  gt_count: 45
  candidate_count_mean/min/max: 127.73/47/177
  positives_total: 225
  positives_per_gt_mean/min/max: 5.00/5/5
  positives_stride8: 13
  positives_stride16: 144
  positives_stride32: 68
  unmatched_gt_count: 0
  fallback_count: 0
  conflict_count: 0
  dynamic_k_mean/min/max: 5.00/5/5
  nonfinite_cost_count: 0
[INFO] epoch summary | train loss=0.5804 obj=0.0005 box=0.1160 pos=257.36 | val loss=0.8213 map50=0.9255 map5095=0.7073 P=0.9134 R=0.8808 F1=0.8968
[INFO] val extras | mean_iou=0.8808 center_err_px(mean/med/p95)=2.20/1.70/5.77 center_err_norm_diag(mean/med/p95)=0.0028/0.0021/0.0072 fp/img=0.0828 small/med/large recall=0.8197/0.8834/0.9442 counts=233/223/215
[INFO] saved per-epoch checkpoint: /mnt/core/MLonMCU_proj/software/ball_detection/runs/20260527-233822-smallimg_size_v2_widthmult075_pruned_30/checkpoints/090_epoch.pt
[INFO] early stopping status: bad_epochs=30/30
[INFO] early stopping triggered at epoch 90
[INFO] Loading best checkpoint for export: /mnt/core/MLonMCU_proj/software/ball_detection/runs/20260527-233822-smallimg_size_v2_widthmult075_pruned_30/checkpoints/best.pt
[INFO] Running final confidence-threshold sweep on best checkpoint
[DEBUG] SimOTA val batch stats:
  images: 48
  empty_images: 4
  gt_count: 48
  candidate_count_mean/min/max: 83.38/41/176
  positives_total: 228
  positives_per_gt_mean/min/max: 4.75/2/5
  positives_stride8: 66
  positives_stride16: 105
  positives_stride32: 57
  unmatched_gt_count: 0
  fallback_count: 0
  conflict_count: 0
  dynamic_k_mean/min/max: 4.75/2/5
  nonfinite_cost_count: 0
[INFO] final sweep on best.pt | best_conf=0.50 P=0.9431 R=0.8644 F1=0.9020 fp/img=0.0518 -> /mnt/core/MLonMCU_proj/software/ball_detection/runs/20260527-233822-smallimg_size_v2_widthmult075_pruned_30/threshold_sweeps/best.csv
[INFO] Exported FP32 ONNX using legacy_dynamo_false: /mnt/core/MLonMCU_proj/software/ball_detection/runs/20260527-233822-smallimg_size_v2_widthmult075_pruned_30/exports/fp32.onnx
[INFO] ONNX checker passed
[INFO] ONNX parity | p8:max=2.47955e-05,mean=1.27193e-06 p16:max=1.88053e-05,mean=1.05063e-06 p32:max=7.39098e-06,mean=6.88422e-07
[INFO] Exported INT8 QDQ ONNX: /mnt/core/MLonMCU_proj/software/ball_detection/runs/20260527-233822-smallimg_size_v2_widthmult075_pruned_30/exports/int8_ptq_qdq.onnx
[INFO] Saved calibration report: /mnt/core/MLonMCU_proj/software/ball_detection/runs/20260527-233822-smallimg_size_v2_widthmult075_pruned_30/exports/calibration_report.json
[INFO] Training pipeline finished.
